DateTime,load_PJME_MW,solar_G_i__POA,solar_T2m,wind_Energy_scaled_MW,eta_eff,eta_eff_pct,P_150MW_adj_MW,P_110MW_adj_MW,CF_150MW,CF_110MW,CF_Wind,season,day_night,wind_Energy_smoothed_MW
2018-06-01 00:00:00,2141.84,0.0,12.55,37.61989995224015,0.19285122999999998,19.285123,0.0,0.0,0.0,0.0,0.18809949976120074,summer,night,37.61989995224015
2018-06-01 01:00:00,1969.04,0.0,12.37,24.01733223853256,0.19299260199999999,19.2992602,0.0,0.0,0.0,0.0,0.1200866611926628,summer,night,24.01733223853256
2018-06-01 02:00:00,1856.48,0.0,11.98,22.22219343806268,0.193298908,19.329890799999998,0.0,0.0,0.0,0.0,0.1111109671903134,summer,night,22.22219343806268
2018-06-01 17:00:00,2784.4,0.0,17.98,148.75297157951738,0.18858650799999999,18.8586508,0.0,0.0,0.0,0.0,0.7437648578975868,summer,night,148.75297157951738
2018-06-01 18:00:00,2808.64,0.0,17.19,178.05947567946657,0.18920697400000003,18.9206974,0.0,0.0,0.0,0.0,0.8902973783973329,summer,night,178.05947567946657
2018-06-01 19:00:00,2761.44,0.0,16.28,178.8298805435461,0.189921688,18.9921688,0.0,0.0,0.0,0.0,0.8941494027177305,summer,night,178.8298805435461
2018-06-01 20:00:00,2686.64,0.0,15.1,178.6534572235314,0.19084846000000003,19.084846000000002,0.0,0.0,0.0,0.0,0.893267286117657,summer,night,178.6534572235314
2018-06-01 21:00:00,2638.88,0.0,14.11,178.23620206984504,0.191626006,19.162600599999998,0.0,0.0,0.0,0.0,0.8911810103492251,summer,night,178.23620206984504
2018-06-01 22:00:00,2570.64,0.0,13.06,88.53321160176364,0.192450676,19.2450676,0.0,0.0,0.0,0.0,0.4426660580088182,summer,night,88.53321160176364
2018-06-01 23:00:00,2344.96,0.0,12.06,81.12999060380247,0.19323607599999998,19.3236076,0.0,0.0,0.0,0.0,0.40564995301901235,summer,night,81.12999060380247
2018-06-02 00:00:00,2119.92,0.0,11.04,56.769825170050886,0.19403718399999997,19.4037184,0.0,0.0,0.0,0.0,0.28384912585025446,summer,night,56.769825170050886
2018-06-02 01:00:00,1939.52,0.0,10.09,44.01579386013983,0.19478331399999999,19.4783314,0.0,0.0,0.0,0.0,0.22007896930069915,summer,night,44.01579386013983
2018-06-02 02:00:00,1827.04,0.0,9.33,37.25622157741792,0.195380218,19.5380218,0.0,0.0,0.0,0.0,0.1862811078870896,summer,night,37.25622157741792
2018-06-02 17:00:00,2627.76,0.0,19.85,68.97865714161074,0.18711781,18.711781,0.0,0.0,0.0,0.0,0.3448932857080537,summer,night,68.97865714161074
2018-06-02 18:00:00,2628.4,0.0,17.89,116.37802552265583,0.18865719399999997,18.865719399999996,0.0,0.0,0.0,0.0,0.5818901276132792,summer,night,116.37802552265583
2018-06-02 19:00:00,2573.44,0.0,16.86,111.72395579222659,0.189466156,18.9466156,0.0,0.0,0.0,0.0,0.5586197789611329,summer,night,111.72395579222659
2018-06-02 20:00:00,2489.12,0.0,15.98,50.564083669633824,0.19015730799999997,19.015730799999996,0.0,0.0,0.0,0.0,0.2528204183481691,summer,night,50.564083669633824
2018-06-02 21:00:00,2428.7200000000003,0.0,15.05,11.090897079302437,0.19088773,19.088773,0.0,0.0,0.0,0.0,0.05545448539651218,summer,night,11.090897079302437
2018-06-02 22:00:00,2378.32,0.0,14.04,3.6586078450999553,0.191680984,19.168098399999998,0.0,0.0,0.0,0.0,0.018293039225499776,summer,night,3.6586078450999553
2018-06-02 23:00:00,2211.92,0.0,12.93,17.992666188210517,0.192552778,19.2552778,0.0,0.0,0.0,0.0,0.08996333094105259,summer,night,17.992666188210517
2018-06-03 00:00:00,2024.56,0.0,11.66,16.581240228943727,0.19355023600000001,19.355023600000003,0.0,0.0,0.0,0.0,0.08290620114471864,summer,night,16.581240228943727
2018-06-03 01:00:00,1860.96,0.0,10.61,51.48488417090882,0.19437490600000001,19.4374906,0.0,0.0,0.0,0.0,0.2574244208545441,summer,night,51.48488417090882
2018-06-03 02:00:00,1748.24,0.0,9.81,87.57387873447027,0.19500322599999997,19.500322599999997,0.0,0.0,0.0,0.0,0.43786939367235134,summer,night,87.57387873447027
2018-06-03 17:00:00,2229.36,0.0,19.92,17.960842284688624,0.18706283199999998,18.706283199999998,0.0,0.0,0.0,0.0,0.08980421142344312,summer,night,17.960842284688624
2018-06-03 18:00:00,2290.96,0.0,19.39,19.520431767923508,0.18747909399999999,18.747909399999998,0.0,0.0,0.0,0.0,0.09760215883961754,summer,night,19.520431767923508
2018-06-03 19:00:00,2312.32,0.0,18.79,7.794730324265635,0.187950334,18.7950334,0.0,0.0,0.0,0.0,0.038973651621328174,summer,night,7.794730324265635
2018-06-03 20:00:00,2286.08,0.0,17.86,0.7614596475906232,0.188680756,18.8680756,0.0,0.0,0.0,0.0,0.003807298237953116,summer,night,0.7614596475906232
2018-06-03 21:00:00,2259.04,0.0,17.0,4.237078626797321,0.1893562,18.93562,0.0,0.0,0.0,0.0,0.021185393133986607,summer,night,4.237078626797321
2018-06-03 22:00:00,2236.4,0.0,15.92,0.13408560961522095,0.190204432,19.0204432,0.0,0.0,0.0,0.0,0.0006704280480761048,summer,night,0.13408560961522095
2018-06-03 23:00:00,2102.4,0.0,14.5,5.032573928597116,0.19131969999999998,19.13197,0.0,0.0,0.0,0.0,0.02516286964298558,summer,night,5.032573928597116
2018-06-04 00:00:00,1947.76,0.0,13.35,12.865950649105574,0.19222291,19.222291,0.0,0.0,0.0,0.0,0.06432975324552787,summer,night,12.865950649105574
2018-06-04 01:00:00,1797.2,0.0,12.72,3.029449113360029,0.19271771199999999,19.2717712,0.0,0.0,0.0,0.0,0.015147245566800145,summer,night,3.029449113360029
2018-06-04 02:00:00,1701.68,0.0,12.11,0.0,0.19319680600000003,19.3196806,0.0,0.0,0.0,0.0,0.0,summer,night,9.401528320350831
2018-06-04 17:00:00,2388.4,0.0,20.42,0.0,0.18667013200000002,18.667013200000003,0.0,0.0,0.0,0.0,0.0,summer,night,25.728688752357836
2018-06-04 18:00:00,2434.08,0.0,18.3,0.0,0.18833518,18.833517999999998,0.0,0.0,0.0,0.0,0.0,summer,night,0.0
2018-06-04 19:00:00,2445.68,0.0,16.9,0.0,0.18943474000000002,18.943474000000002,0.0,0.0,0.0,0.0,0.0,summer,night,20.030697700823556
2018-06-04 20:00:00,2431.68,0.0,15.4,0.5745287833627978,0.19061283999999998,19.061283999999997,0.0,0.0,0.0,0.0,0.0028726439168139887,summer,night,0.5745287833627978
2018-06-04 21:00:00,2462.88,0.0,14.56,1.256618848801781,0.19127257599999997,19.127257599999997,0.0,0.0,0.0,0.0,0.0062830942440089054,summer,night,1.256618848801781
2018-06-04 22:00:00,2427.36,0.0,14.99,9.745518486682647,0.19093485400000001,19.093485400000002,0.0,0.0,0.0,0.0,0.048727592433413236,summer,night,9.745518486682647
2018-06-04 23:00:00,2254.4,0.0,15.71,6.681305119017553,0.190369366,19.0369366,0.0,0.0,0.0,0.0,0.03340652559508776,summer,night,6.681305119017553
2018-06-05 00:00:00,2081.44,0.0,15.02,6.760157208523503,0.19091129199999998,19.091129199999997,0.0,0.0,0.0,0.0,0.03380078604261751,summer,night,6.760157208523503
2018-06-05 01:00:00,1944.32,0.0,14.42,18.54712432616789,0.191382532,19.1382532,0.0,0.0,0.0,0.0,0.09273562163083944,summer,night,18.54712432616789
2018-06-05 02:00:00,1856.24,0.0,13.85,13.776008821345446,0.19183021,19.183021,0.0,0.0,0.0,0.0,0.06888004410672723,summer,night,13.776008821345446
2018-06-05 17:00:00,2608.48,0.0,19.33,13.106400614118751,0.18752621800000002,18.752621800000004,0.0,0.0,0.0,0.0,0.06553200307059376,summer,night,13.106400614118751
2018-06-05 18:00:00,2620.8,0.0,18.09,6.673817008010803,0.188500114,18.8500114,0.0,0.0,0.0,0.0,0.033369085040054015,summer,night,6.673817008010803
2018-06-05 19:00:00,2590.7200000000003,0.0,16.39,4.60687788644891,0.18983529399999996,18.983529399999995,0.0,0.0,0.0,0.0,0.023034389432244548,summer,night,4.60687788644891
2018-06-05 20:00:00,2567.36,0.0,15.3,35.48129302413967,0.19069138,19.069138,0.0,0.0,0.0,0.0,0.17740646512069833,summer,night,35.48129302413967
2018-06-05 21:00:00,2577.68,0.0,14.65,33.585890970656784,0.19120188999999999,19.120189,0.0,0.0,0.0,0.0,0.16792945485328392,summer,night,33.585890970656784
2018-06-05 22:00:00,2505.84,0.0,14.03,40.615183754101054,0.191688838,19.1688838,0.0,0.0,0.0,0.0,0.20307591877050526,summer,night,40.615183754101054
2018-06-05 23:00:00,2309.36,0.0,13.86,23.376743018613304,0.191822356,19.1822356,0.0,0.0,0.0,0.0,0.11688371509306653,summer,night,23.376743018613304
2018-06-06 00:00:00,2106.56,0.0,13.75,29.69016996524611,0.19190875000000002,19.190875000000002,0.0,0.0,0.0,0.0,0.14845084982623055,summer,night,29.69016996524611
2018-06-06 01:00:00,1947.92,0.0,13.23,32.05308230009475,0.19231715800000002,19.2317158,0.0,0.0,0.0,0.0,0.16026541150047374,summer,night,32.05308230009475
2018-06-06 02:00:00,1847.68,0.0,13.03,26.21604711183086,0.192474238,19.2474238,0.0,0.0,0.0,0.0,0.1310802355591543,summer,night,26.21604711183086
2018-06-06 17:00:00,2524.16,0.0,19.98,0.0,0.18701570799999997,18.7015708,0.0,0.0,0.0,0.0,0.0,summer,night,38.93022769964242
2018-06-06 18:00:00,2530.48,0.0,18.07,2.107582751500312,0.18851582199999997,18.851582199999996,0.0,0.0,0.0,0.0,0.010537913757501561,summer,night,2.107582751500312
2018-06-06 19:00:00,2493.52,0.0,17.5,165.94434700290137,0.18896349999999998,18.896349999999998,0.0,0.0,0.0,0.0,0.8297217350145069,summer,night,165.94434700290137
2018-06-06 20:00:00,2458.4,0.0,17.26,46.97706104439874,0.18915199600000002,18.9151996,0.0,0.0,0.0,0.0,0.2348853052219937,summer,night,46.97706104439874
2018-06-06 21:00:00,2454.96,0.0,16.63,18.0398375749413,0.189646798,18.9646798,0.0,0.0,0.0,0.0,0.09019918787470649,summer,night,18.0398375749413
2018-06-06 22:00:00,2380.16,0.0,16.05,1.16345899685284,0.19010233,19.010233000000003,0.0,0.0,0.0,0.0,0.005817294984264199,summer,night,1.16345899685284
2018-06-06 23:00:00,2189.36,0.0,15.31,0.0,0.190683526,19.0683526,0.0,0.0,0.0,0.0,0.0,summer,night,31.96273702472809
2018-06-07 00:00:00,1996.64,0.0,14.93,0.0,0.190981978,19.0981978,0.0,0.0,0.0,0.0,0.0,summer,night,1.2627998741563797
2018-06-07 01:00:00,1852.32,0.0,14.25,0.0,0.19151605,19.151605,0.0,0.0,0.0,0.0,0.0,summer,night,19.959715590982423
2018-06-07 02:00:00,1758.8,0.0,13.42,0.0,0.19216793199999999,19.216793199999998,0.0,0.0,0.0,0.0,0.0,summer,night,0.0
2018-06-07 17:00:00,2353.52,0.0,19.18,48.136017268035,0.18764402800000002,18.764402800000003,0.0,0.0,0.0,0.0,0.240680086340175,summer,night,48.136017268035
2018-06-07 18:00:00,2352.64,0.0,18.23,36.50590421703278,0.188390158,18.8390158,0.0,0.0,0.0,0.0,0.1825295210851639,summer,night,36.50590421703278
2018-06-07 19:00:00,2328.7200000000003,0.0,17.91,15.529736087343277,0.188641486,18.8641486,0.0,0.0,0.0,0.0,0.07764868043671638,summer,night,15.529736087343277
2018-06-07 20:00:00,2315.2000000000003,0.0,16.74,8.383440717032627,0.189560404,18.9560404,0.0,0.0,0.0,0.0,0.04191720358516313,summer,night,8.383440717032627
2018-06-07 21:00:00,2332.16,0.0,15.61,5.209072637365,0.19044790599999997,19.0447906,0.0,0.0,0.0,0.0,0.026045363186825,summer,night,5.209072637365
2018-06-07 22:00:00,2308.32,0.0,14.76,0.0,0.191115496,19.1115496,0.0,0.0,0.0,0.0,0.0,summer,night,0.0
2018-06-07 23:00:00,2133.12,0.0,14.38,0.0,0.19141394799999997,19.141394799999997,0.0,0.0,0.0,0.0,0.0,summer,night,0.0
2018-06-08 00:00:00,1951.8400000000001,0.0,13.96,3.2329409734741943,0.191743816,19.1743816,0.0,0.0,0.0,0.0,0.016164704867370972,summer,night,3.2329409734741943
2018-06-08 01:00:00,1813.68,0.0,13.41,31.00588933441545,0.19217578600000002,19.217578600000003,0.0,0.0,0.0,0.0,0.15502944667207724,summer,night,31.00588933441545
2018-06-08 02:00:00,1730.32,0.0,12.64,23.021271789235275,0.19278054400000003,19.278054400000002,0.0,0.0,0.0,0.0,0.11510635894617638,summer,night,23.021271789235275
2018-06-08 17:00:00,2406.56,0.0,22.47,39.364709372791296,0.185060062,18.506006199999998,0.0,0.0,0.0,0.0,0.19682354686395648,summer,night,39.364709372791296
2018-06-08 18:00:00,2416.7200000000003,0.0,20.53,17.920362691584465,0.186583738,18.6583738,0.0,0.0,0.0,0.0,0.08960181345792233,summer,night,17.920362691584465
2018-06-08 19:00:00,2390.16,0.0,19.55,5.666529695934732,0.18735343,18.735343,0.0,0.0,0.0,0.0,0.02833264847967366,summer,night,5.666529695934732
2018-06-08 20:00:00,2362.7200000000003,0.0,18.34,11.503162937129026,0.188303764,18.830376400000002,0.0,0.0,0.0,0.0,0.05751581468564513,summer,night,11.503162937129026
2018-06-08 21:00:00,2370.96,0.0,17.0,9.95735179029585,0.1893562,18.93562,0.0,0.0,0.0,0.0,0.04978675895147924,summer,night,9.95735179029585
2018-06-08 22:00:00,2347.84,0.0,15.62,11.569035280641112,0.190440052,19.0440052,0.0,0.0,0.0,0.0,0.05784517640320556,summer,night,11.569035280641112
2018-06-08 23:00:00,2167.68,0.0,14.82,0.046553386599962075,0.191068372,19.106837199999998,0.0,0.0,0.0,0.0,0.00023276693299981039,summer,night,0.046553386599962075
2018-06-09 00:00:00,1967.3600000000001,0.0,14.28,0.0,0.191492488,19.1492488,0.0,0.0,0.0,0.0,0.0,summer,night,19.520431767923508
2018-06-09 01:00:00,1818.32,0.0,13.87,0.0,0.19181450200000003,19.181450200000004,0.0,0.0,0.0,0.0,0.0,summer,night,0.0
2018-06-09 02:00:00,1732.0,0.0,13.48,0.0,0.19212080800000003,19.212080800000003,0.0,0.0,0.0,0.0,0.0,summer,night,0.0
2018-06-09 17:00:00,2696.88,0.0,23.91,23.756826592213162,0.183929086,18.3929086,0.0,0.0,0.0,0.0,0.11878413296106581,summer,night,23.756826592213162
2018-06-09 18:00:00,2735.52,0.0,23.47,0.0,0.18427466199999998,18.427466199999998,0.0,0.0,0.0,0.0,0.0,summer,night,61.35119438167809
2018-06-09 19:00:00,2705.2000000000003,0.0,23.03,0.0,0.184620238,18.4620238,0.0,0.0,0.0,0.0,0.0,summer,night,8.383440717032627
2018-06-09 20:00:00,2634.2400000000002,0.0,22.26,0.0,0.18522499599999998,18.522499599999996,0.0,0.0,0.0,0.0,0.0,summer,night,22.372892145621652
2018-06-09 21:00:00,2572.64,0.0,18.75,0.0,0.18798174999999998,18.798174999999997,0.0,0.0,0.0,0.0,0.0,summer,night,54.121869096900426
2018-06-09 22:00:00,2521.68,0.0,16.21,0.0,0.18997666600000002,18.997666600000002,0.0,0.0,0.0,0.0,0.0,summer,night,9.745518486682647
2018-06-09 23:00:00,2345.92,0.0,15.51,0.0,0.190526446,19.052644599999997,0.0,0.0,0.0,0.0,0.0,summer,night,0.0
2018-06-10 00:00:00,2148.2400000000002,0.0,15.02,0.0,0.19091129199999998,19.091129199999997,0.0,0.0,0.0,0.0,0.0,summer,night,2.107582751500312
2018-06-10 01:00:00,1979.8400000000001,0.0,14.44,0.0,0.19136682400000002,19.1366824,0.0,0.0,0.0,0.0,0.0,summer,night,42.80377910796131
2018-06-10 02:00:00,1852.16,0.0,13.71,0.0,0.191940166,19.1940166,0.0,0.0,0.0,0.0,0.0,summer,night,17.036989864852924
2018-06-10 17:00:00,2933.92,0.0,22.36,168.3328930290972,0.185146456,18.514645599999998,0.0,0.0,0.0,0.0,0.841664465145486,summer,night,168.3328930290972
2018-06-10 18:00:00,2987.92,0.0,20.51,176.62246148940739,0.186599446,18.6599446,0.0,0.0,0.0,0.0,0.883112307447037,summer,night,176.62246148940739
2018-06-10 19:00:00,2975.2000000000003,0.0,19.28,144.06711582936168,0.18756548799999997,18.756548799999997,0.0,0.0,0.0,0.0,0.7203355791468085,summer,night,144.06711582936168
2018-06-10 20:00:00,2895.28,0.0,19.27,161.7889128801719,0.187573342,18.7573342,0.0,0.0,0.0,0.0,0.8089445644008595,summer,night,161.7889128801719
2018-06-10 21:00:00,2821.12,0.0,18.95,153.83119434510658,0.18782467,18.782467,0.0,0.0,0.0,0.0,0.769155971725533,summer,night,153.83119434510658
2018-06-10 22:00:00,2772.4,0.0,17.55,132.76260339270823,0.18892422999999997,18.892422999999997,0.0,0.0,0.0,0.0,0.6638130169635411,summer,night,132.76260339270823
2018-06-10 23:00:00,2599.28,0.0,17.9,127.00977024354235,0.18864934,18.864933999999998,0.0,0.0,0.0,0.0,0.6350488512177117,summer,night,127.00977024354235
2018-06-11 00:00:00,2399.2000000000003,0.0,16.94,160.0110051452202,0.189403324,18.940332400000003,0.0,0.0,0.0,0.0,0.800055025726101,summer,night,160.0110051452202
2018-06-11 01:00:00,2204.08,0.0,15.51,155.32963483644468,0.190526446,19.052644599999997,0.0,0.0,0.0,0.0,0.7766481741822234,summer,night,155.32963483644468
2018-06-11 02:00:00,2058.88,0.0,14.98,160.27130621904425,0.19094270800000002,19.0942708,0.0,0.0,0.0,0.0,0.8013565310952212,summer,night,160.27130621904425
2018-06-11 17:00:00,3485.6,0.0,23.56,178.95570323566722,0.184203976,18.420397599999998,0.0,0.0,0.0,0.0,0.894778516178336,summer,night,178.95570323566722
2018-06-11 18:00:00,3555.12,0.0,22.1,178.29509470288514,0.18535066,18.535066,0.0,0.0,0.0,0.0,0.8914754735144257,summer,night,178.29509470288514
2018-06-11 19:00:00,3551.6800000000003,0.0,20.6,177.7539443845904,0.18652876000000002,18.652876000000003,0.0,0.0,0.0,0.0,0.888769721922952,summer,night,177.7539443845904
2018-06-11 20:00:00,3473.92,0.0,19.61,176.53958992920522,0.187306306,18.7306306,0.0,0.0,0.0,0.0,0.8826979496460261,summer,night,176.53958992920522
2018-06-11 21:00:00,3372.0,0.0,18.38,178.9548061473912,0.188272348,18.8272348,0.0,0.0,0.0,0.0,0.8947740307369559,summer,night,178.9548061473912
2018-06-11 22:00:00,3279.6800000000003,0.0,17.15,178.90599969604918,0.18923839,18.923839,0.0,0.0,0.0,0.0,0.894529998480246,summer,night,178.90599969604918
2018-06-11 23:00:00,3023.28,0.0,16.08,178.91547973702023,0.190078768,19.007876800000002,0.0,0.0,0.0,0.0,0.8945773986851012,summer,night,178.91547973702023
2018-06-12 00:00:00,2740.4,0.0,15.26,178.90673918773595,0.190722796,19.0722796,0.0,0.0,0.0,0.0,0.8945336959386797,summer,night,178.90673918773595
2018-06-12 01:00:00,2503.36,0.0,14.5,178.90991536514568,0.19131969999999998,19.13197,0.0,0.0,0.0,0.0,0.8945495768257284,summer,night,178.90991536514568
2018-06-12 02:00:00,2334.88,0.0,13.82,178.90455708111855,0.191853772,19.1853772,0.0,0.0,0.0,0.0,0.8945227854055928,summer,night,178.90455708111855
2018-06-12 17:00:00,4073.28,0.0,22.75,146.08152755319315,0.18484015,18.484015,0.0,0.0,0.0,0.0,0.7304076377659657,summer,night,146.08152755319315
2018-06-12 18:00:00,4102.56,0.0,20.69,102.1941142990426,0.186458074,18.6458074,0.0,0.0,0.0,0.0,0.510970571495213,summer,night,102.1941142990426
2018-06-12 19:00:00,4041.84,0.0,19.17,54.121869096900426,0.18765188200000002,18.7651882,0.0,0.0,0.0,0.0,0.2706093454845021,summer,night,54.121869096900426
2018-06-12 20:00:00,3921.44,0.0,17.84,73.18215822399547,0.188696464,18.8696464,0.0,0.0,0.0,0.0,0.3659107911199774,summer,night,73.18215822399547
2018-06-12 21:00:00,3768.8,0.0,16.86,39.264626446644556,0.189466156,18.9466156,0.0,0.0,0.0,0.0,0.19632313223322279,summer,night,39.264626446644556
2018-06-12 22:00:00,3619.76,0.0,16.03,82.73732427675534,0.19011803800000002,19.011803800000003,0.0,0.0,0.0,0.0,0.4136866213837767,summer,night,82.73732427675534
2018-06-12 23:00:00,3289.84,0.0,15.03,47.30532564724314,0.190903438,19.0903438,0.0,0.0,0.0,0.0,0.23652662823621567,summer,night,47.30532564724314
2018-06-13 00:00:00,2972.4,0.0,13.74,29.281312891333258,0.191916604,19.1916604,0.0,0.0,0.0,0.0,0.14640656445666628,summer,night,29.281312891333258
2018-06-13 01:00:00,2707.52,0.0,12.48,41.31670375525511,0.192906208,19.2906208,0.0,0.0,0.0,0.0,0.20658351877627557,summer,night,41.31670375525511
2018-06-13 02:00:00,2527.6,0.0,11.49,53.98933642693074,0.19368375399999999,19.368375399999998,0.0,0.0,0.0,0.0,0.2699466821346537,summer,night,53.98933642693074
2018-06-13 07:00:00,2606.8,0.0,21.49,16.460772790146347,0.18582975399999999,18.5829754,0.0,0.0,0.0,0.0,0.08230386395073173,summer,night,16.460772790146347
2018-06-13 17:00:00,4263.84,0.0,24.34,56.37814309363932,0.18359136399999998,18.359136399999997,0.0,0.0,0.0,0.0,0.2818907154681966,summer,night,56.37814309363932
2018-06-13 18:00:00,4295.84,0.0,23.45,18.422241152173964,0.18429037,18.429037,0.0,0.0,0.0,0.0,0.09211120576086981,summer,night,18.422241152173964
2018-06-13 19:00:00,4246.4800000000005,0.0,20.51,0.0,0.186599446,18.6599446,0.0,0.0,0.0,0.0,0.0,summer,night,5.032573928597116
2018-06-13 20:00:00,4098.16,0.0,18.24,0.0,0.188382304,18.8382304,0.0,0.0,0.0,0.0,0.0,summer,night,0.0
2018-06-13 21:00:00,3961.6,0.0,17.02,0.0,0.18934049199999997,18.934049199999997,0.0,0.0,0.0,0.0,0.0,summer,night,32.98510246622745
2018-06-13 22:00:00,3808.2400000000002,0.0,16.16,0.0,0.190015936,19.0015936,0.0,0.0,0.0,0.0,0.0,summer,night,28.92834502315796
2018-06-13 23:00:00,3489.52,0.0,14.88,0.0,0.19102124799999998,19.1021248,0.0,0.0,0.0,0.0,0.0,summer,night,13.489354264061145
2018-06-14 00:00:00,3167.04,0.0,13.6,0.0,0.19202655999999999,19.202655999999998,0.0,0.0,0.0,0.0,0.0,summer,night,18.008059131973944
2018-06-14 01:00:00,2898.96,0.0,12.9,0.0,0.19257633999999998,19.257634,0.0,0.0,0.0,0.0,0.0,summer,night,53.14788580823388
2018-06-14 02:00:00,2706.32,0.0,12.3,0.0,0.19304758,19.304758,0.0,0.0,0.0,0.0,0.0,summer,night,46.12576063888721
2018-06-14 17:00:00,3720.7200000000003,0.0,25.46,0.0,0.182711716,18.2711716,0.0,0.0,0.0,0.0,0.0,summer,night,53.658783642841975
2018-06-14 18:00:00,3726.64,0.0,22.96,4.902921184757245,0.184675216,18.4675216,0.0,0.0,0.0,0.0,0.024514605923786226,summer,night,4.902921184757245
2018-06-14 19:00:00,3630.88,0.0,21.24,19.952093371339817,0.186026104,18.6026104,0.0,0.0,0.0,0.0,0.09976046685669909,summer,night,19.952093371339817
2018-06-14 20:00:00,3465.12,0.0,19.91,14.921396584806715,0.18707068599999999,18.7070686,0.0,0.0,0.0,0.0,0.07460698292403357,summer,night,14.921396584806715
2018-06-14 21:00:00,3307.6,0.0,18.81,82.38408364525299,0.187934626,18.793462599999998,0.0,0.0,0.0,0.0,0.4119204182262649,summer,night,82.38408364525299
2018-06-14 22:00:00,3173.84,0.0,17.49,73.09814105781881,0.188971354,18.8971354,0.0,0.0,0.0,0.0,0.36549070528909405,summer,night,73.09814105781881
2018-06-14 23:00:00,2881.6,0.0,16.69,41.53626004940688,0.18959967400000002,18.959967400000004,0.0,0.0,0.0,0.0,0.20768130024703438,summer,night,41.53626004940688
2018-06-15 00:00:00,2591.04,0.0,16.03,68.09032759908365,0.19011803800000002,19.011803800000003,0.0,0.0,0.0,0.0,0.3404516379954183,summer,night,68.09032759908365
2018-06-15 01:00:00,2355.84,0.0,15.4,82.78603980698816,0.19061283999999998,19.061283999999997,0.0,0.0,0.0,0.0,0.41393019903494077,summer,night,82.78603980698816
2018-06-15 02:00:00,2197.84,0.0,14.91,66.21709211198933,0.19099768599999997,19.099768599999997,0.0,0.0,0.0,0.0,0.33108546055994664,summer,night,66.21709211198933
2018-06-15 17:00:00,3278.0,0.0,22.02,0.0,0.18541349199999999,18.5413492,0.0,0.0,0.0,0.0,0.0,summer,night,0.0
2018-06-15 18:00:00,3272.64,0.0,21.06,0.0,0.186167476,18.6167476,0.0,0.0,0.0,0.0,0.0,summer,night,13.184119978141002
2018-06-15 19:00:00,3187.76,0.0,19.13,0.0,0.187683298,18.7683298,0.0,0.0,0.0,0.0,0.0,summer,night,0.0
2018-06-15 20:00:00,3044.2400000000002,0.0,17.53,32.41155695677532,0.18893993800000003,18.893993800000004,0.0,0.0,0.0,0.0,0.1620577847838766,summer,night,32.41155695677532
2018-06-15 21:00:00,2940.08,0.0,16.77,165.33522406347507,0.18953684199999998,18.953684199999998,0.0,0.0,0.0,0.0,0.8266761203173754,summer,night,165.33522406347507
2018-06-15 22:00:00,2847.52,0.0,16.22,17.686269627446247,0.189968812,18.996881199999997,0.0,0.0,0.0,0.0,0.08843134813723123,summer,night,17.686269627446247
2018-06-15 23:00:00,2620.96,0.0,15.03,97.98425480043124,0.190903438,19.0903438,0.0,0.0,0.0,0.0,0.48992127400215624,summer,night,97.98425480043124
2018-06-16 00:00:00,2382.4,0.0,14.58,160.1716930519612,0.191256868,19.1256868,0.0,0.0,0.0,0.0,0.800858465259806,summer,night,160.1716930519612
2018-06-16 01:00:00,2185.92,0.0,15.46,103.00373646816197,0.19056571600000002,19.0565716,0.0,0.0,0.0,0.0,0.5150186823408098,summer,night,103.00373646816197
2018-06-16 02:00:00,2061.52,0.0,16.27,48.51893454953382,0.18992954199999998,18.992954199999996,0.0,0.0,0.0,0.0,0.24259467274766908,summer,night,48.51893454953382
2018-06-16 17:00:00,3007.12,0.0,16.74,93.32711193651573,0.189560404,18.9560404,0.0,0.0,0.0,0.0,0.4666355596825787,summer,night,93.32711193651573
2018-06-16 18:00:00,3010.16,0.0,15.99,0.4872384099056971,0.190149454,19.0149454,0.0,0.0,0.0,0.0,0.0024361920495284857,summer,night,0.4872384099056971
2018-06-16 19:00:00,2945.92,0.0,15.17,0.0,0.19079348200000001,19.079348200000002,0.0,0.0,0.0,0.0,0.0,summer,night,0.0
2018-06-16 20:00:00,2861.12,0.0,14.79,0.31273852121738877,0.191091934,19.1091934,0.0,0.0,0.0,0.0,0.0015636926060869439,summer,night,0.31273852121738877
2018-06-16 21:00:00,2825.52,0.0,14.04,0.0,0.191680984,19.168098399999998,0.0,0.0,0.0,0.0,0.0,summer,night,46.97706104439874
2018-06-16 22:00:00,2768.96,0.0,13.18,0.0,0.19235642799999997,19.235642799999997,0.0,0.0,0.0,0.0,0.0,summer,night,0.0
2018-06-16 23:00:00,2600.2400000000002,0.0,12.53,0.0,0.19286693800000002,19.286693800000002,0.0,0.0,0.0,0.0,0.0,summer,night,19.52878893319773
2018-06-17 00:00:00,2403.6,0.0,12.0,0.42143591464146796,0.19328320000000002,19.32832,0.0,0.0,0.0,0.0,0.00210717957320734,summer,night,0.42143591464146796
2018-06-17 01:00:00,2224.4,0.0,11.52,0.0,0.193660192,19.3660192,0.0,0.0,0.0,0.0,0.0,summer,night,45.830545859185165
2018-06-17 02:00:00,2101.52,0.0,11.26,6.872780428636965,0.193864396,19.3864396,0.0,0.0,0.0,0.0,0.03436390214318483,summer,night,6.872780428636965
2018-06-17 17:00:00,2947.28,0.0,18.15,2.754453862379506,0.18845299,18.845298999999997,0.0,0.0,0.0,0.0,0.013772269311897529,summer,night,2.754453862379506
2018-06-17 18:00:00,2981.44,0.0,17.33,0.5415339864333164,0.189097018,18.9097018,0.0,0.0,0.0,0.0,0.002707669932166582,summer,night,0.5415339864333164
2018-06-17 19:00:00,2971.52,0.0,16.45,0.0,0.18978816999999998,18.978817,0.0,0.0,0.0,0.0,0.0,summer,night,0.0
2018-06-17 20:00:00,2911.28,0.0,15.72,0.0,0.19036151199999998,19.0361512,0.0,0.0,0.0,0.0,0.0,summer,night,0.0
2018-06-17 21:00:00,2872.88,0.0,14.83,0.0,0.19106051799999998,19.1060518,0.0,0.0,0.0,0.0,0.0,summer,night,0.0
2018-06-17 22:00:00,2846.32,0.0,14.11,0.0,0.191626006,19.162600599999998,0.0,0.0,0.0,0.0,0.0,summer,night,0.0
2018-06-17 23:00:00,2699.68,0.0,13.43,0.0,0.19216007799999996,19.216007799999996,0.0,0.0,0.0,0.0,0.0,summer,night,32.98510246622745
2018-06-18 00:00:00,2515.28,0.0,12.88,0.0,0.192592048,19.2592048,0.0,0.0,0.0,0.0,0.0,summer,night,0.0
2018-06-18 01:00:00,2332.48,0.0,12.6,0.0,0.19281196,19.281196,0.0,0.0,0.0,0.0,0.0,summer,night,10.196415966071825
2018-06-18 02:00:00,2204.32,0.0,12.35,0.0,0.19300831000000002,19.300831000000002,0.0,0.0,0.0,0.0,0.0,summer,night,0.0
2018-06-18 17:00:00,3525.12,0.0,19.93,18.008059131973944,0.187054978,18.7054978,0.0,0.0,0.0,0.0,0.09004029565986972,summer,night,18.008059131973944
2018-06-18 18:00:00,3560.56,0.0,18.79,17.315505467524787,0.187950334,18.7950334,0.0,0.0,0.0,0.0,0.08657752733762393,summer,night,17.315505467524787
2018-06-18 19:00:00,3535.36,0.0,18.55,32.74944707436526,0.18813882999999998,18.813882999999997,0.0,0.0,0.0,0.0,0.16374723537182628,summer,night,32.74944707436526
2018-06-18 20:00:00,3460.48,0.0,17.49,31.320864301819302,0.188971354,18.8971354,0.0,0.0,0.0,0.0,0.1566043215090965,summer,night,31.320864301819302
2018-06-18 21:00:00,3404.4,0.0,16.8,13.414504976381487,0.18951327999999998,18.951327999999997,0.0,0.0,0.0,0.0,0.06707252488190743,summer,night,13.414504976381487
2018-06-18 22:00:00,3366.32,0.0,15.82,0.0,0.19028297199999997,19.028297199999997,0.0,0.0,0.0,0.0,0.0,summer,night,0.0
2018-06-18 23:00:00,3164.2400000000002,0.0,15.11,2.7977446225243345,0.190840606,19.0840606,0.0,0.0,0.0,0.0,0.013988723112621672,summer,night,2.7977446225243345
2018-06-19 00:00:00,2923.76,0.0,14.77,5.374588076158751,0.19110764199999997,19.1107642,0.0,0.0,0.0,0.0,0.026872940380793752,summer,night,5.374588076158751
2018-06-19 01:00:00,2722.16,0.0,14.39,13.184119978141002,0.191406094,19.1406094,0.0,0.0,0.0,0.0,0.065920599890705,summer,night,13.184119978141002
2018-06-19 02:00:00,2571.28,0.0,13.83,42.219453385678584,0.191845918,19.1845918,0.0,0.0,0.0,0.0,0.21109726692839292,summer,night,42.219453385678584
2018-06-19 17:00:00,3658.0,0.0,19.46,167.56180928740335,0.187424116,18.7424116,0.0,0.0,0.0,0.0,0.8378090464370167,summer,night,167.56180928740335
2018-06-19 18:00:00,3471.6,0.0,18.29,143.2338541718869,0.188343034,18.8343034,0.0,0.0,0.0,0.0,0.7161692708594345,summer,night,143.2338541718869
2018-06-19 19:00:00,3312.8,0.0,18.11,111.44713132218297,0.188484406,18.8484406,0.0,0.0,0.0,0.0,0.5572356566109149,summer,night,111.44713132218297
2018-06-19 20:00:00,3198.08,0.0,17.4,102.14182859992708,0.18904204,18.904204,0.0,0.0,0.0,0.0,0.5107091429996354,summer,night,102.14182859992708
2018-06-19 21:00:00,3115.76,0.0,16.66,125.744560581158,0.18962323599999997,18.962323599999998,0.0,0.0,0.0,0.0,0.62872280290579,summer,night,125.744560581158
2018-06-19 22:00:00,3020.96,0.0,16.05,110.39534380979289,0.19010233,19.010233000000003,0.0,0.0,0.0,0.0,0.5519767190489645,summer,night,110.39534380979289
2018-06-19 23:00:00,2796.56,0.0,15.52,67.32425057979549,0.190518592,19.0518592,0.0,0.0,0.0,0.0,0.33662125289897743,summer,night,67.32425057979549
2018-06-20 00:00:00,2568.88,0.0,15.07,98.17369196185581,0.19087202199999997,19.087202199999997,0.0,0.0,0.0,0.0,0.49086845980927907,summer,night,98.17369196185581
2018-06-20 01:00:00,2376.08,0.0,14.52,103.93512018653149,0.19130399199999998,19.1303992,0.0,0.0,0.0,0.0,0.5196756009326574,summer,night,103.93512018653149
2018-06-20 02:00:00,2253.28,0.0,14.19,73.56221452126248,0.191563174,19.1563174,0.0,0.0,0.0,0.0,0.3678110726063124,summer,night,73.56221452126248
2018-06-20 17:00:00,3457.92,0.0,17.89,69.27703597590823,0.18865719399999997,18.865719399999996,0.0,0.0,0.0,0.0,0.34638517987954115,summer,night,69.27703597590823
2018-06-20 18:00:00,3478.48,0.0,17.24,52.29023910931028,0.189167704,18.9167704,0.0,0.0,0.0,0.0,0.2614511955465514,summer,night,52.29023910931028
2018-06-20 19:00:00,3418.7200000000003,0.0,17.04,78.76775108516108,0.189324784,18.9324784,0.0,0.0,0.0,0.0,0.3938387554258054,summer,night,78.76775108516108
2018-06-20 20:00:00,3300.56,0.0,16.38,41.25687463479173,0.189843148,18.9843148,0.0,0.0,0.0,0.0,0.20628437317395865,summer,night,41.25687463479173
2018-06-20 21:00:00,3173.52,0.0,16.13,87.26994158970585,0.190039498,19.0039498,0.0,0.0,0.0,0.0,0.43634970794852923,summer,night,87.26994158970585
2018-06-20 22:00:00,3092.4,0.0,15.54,90.78978866886582,0.19050288399999998,19.0502884,0.0,0.0,0.0,0.0,0.4539489433443291,summer,night,90.78978866886582
2018-06-20 23:00:00,2842.56,0.0,15.32,105.86287803202401,0.19067567199999996,19.067567199999996,0.0,0.0,0.0,0.0,0.52931439016012,summer,night,105.86287803202401
2018-06-21 00:00:00,2583.2000000000003,0.0,15.19,46.04023115159694,0.190777774,19.077777400000002,0.0,0.0,0.0,0.0,0.23020115575798472,summer,night,46.04023115159694
2018-06-21 01:00:00,2367.44,0.0,14.49,0.0,0.19132755399999998,19.132755399999997,0.0,0.0,0.0,0.0,0.0,summer,night,11.503162937129026
2018-06-21 02:00:00,2219.6,0.0,14.28,0.5225607872270431,0.191492488,19.1492488,0.0,0.0,0.0,0.0,0.0026128039361352157,summer,night,0.5225607872270431
2018-06-21 17:00:00,3520.16,0.0,20.77,0.0,0.18639524200000002,18.6395242,0.0,0.0,0.0,0.0,0.0,summer,night,47.33933923414151
2018-06-21 18:00:00,3437.28,0.0,19.14,5.045250983065435,0.187675444,18.7675444,0.0,0.0,0.0,0.0,0.025226254915327172,summer,night,5.045250983065435
2018-06-21 19:00:00,3330.88,0.0,17.42,1.3331804840353667,0.18902633200000002,18.9026332,0.0,0.0,0.0,0.0,0.006665902420176834,summer,night,1.3331804840353667
2018-06-21 20:00:00,3196.16,0.0,16.68,0.0,0.189607528,18.960752799999998,0.0,0.0,0.0,0.0,0.0,summer,night,0.0
2018-06-21 21:00:00,3083.28,0.0,16.18,0.0,0.19000022799999997,19.000022799999996,0.0,0.0,0.0,0.0,0.0,summer,night,0.0
2018-06-21 22:00:00,3002.08,0.0,15.68,0.0,0.190392928,19.0392928,0.0,0.0,0.0,0.0,0.0,summer,night,47.881632127706986
2018-06-21 23:00:00,2764.08,0.0,15.18,0.0,0.19078562799999998,19.0785628,0.0,0.0,0.0,0.0,0.0,summer,night,0.0
2018-06-22 00:00:00,2510.48,0.0,14.8,0.0,0.19108408000000002,19.108408,0.0,0.0,0.0,0.0,0.0,summer,night,2.8486729452489667
2018-06-22 01:00:00,2304.88,0.0,14.51,0.0,0.191311846,19.1311846,0.0,0.0,0.0,0.0,0.0,summer,night,0.0
2018-06-22 02:00:00,2169.28,0.0,14.23,0.0,0.19153175800000002,19.153175800000003,0.0,0.0,0.0,0.0,0.0,summer,night,2.1545291084861837
2018-06-22 17:00:00,3740.08,0.0,20.3,16.92022139984235,0.18676437999999998,18.676437999999997,0.0,0.0,0.0,0.0,0.08460110699921175,summer,night,16.92022139984235
2018-06-22 18:00:00,3742.32,0.0,18.87,65.57728632895956,0.18788750199999998,18.7887502,0.0,0.0,0.0,0.0,0.3278864316447978,summer,night,65.57728632895956
2018-06-22 19:00:00,3660.32,0.0,17.78,65.82148830507315,0.188743588,18.8743588,0.0,0.0,0.0,0.0,0.32910744152536575,summer,night,65.82148830507315
2018-06-22 20:00:00,3549.44,0.0,16.41,93.607858137063,0.18981958599999998,18.9819586,0.0,0.0,0.0,0.0,0.468039290685315,summer,night,93.607858137063
2018-06-22 21:00:00,3486.48,0.0,15.61,61.5542818322758,0.19044790599999997,19.0447906,0.0,0.0,0.0,0.0,0.307771409161379,summer,night,61.5542818322758
2018-06-22 22:00:00,3398.0,0.0,14.83,48.9010002033111,0.19106051799999998,19.1060518,0.0,0.0,0.0,0.0,0.2445050010165555,summer,night,48.9010002033111
2018-06-22 23:00:00,3153.12,0.0,14.08,32.98510246622745,0.191649568,19.1649568,0.0,0.0,0.0,0.0,0.16492551233113725,summer,night,32.98510246622745
2018-06-23 00:00:00,2891.84,0.0,13.68,15.267119555941935,0.19196372799999997,19.1963728,0.0,0.0,0.0,0.0,0.07633559777970968,summer,night,15.267119555941935
2018-06-23 01:00:00,2662.48,0.0,13.12,12.564957075247007,0.19240355199999998,19.240355199999996,0.0,0.0,0.0,0.0,0.06282478537623504,summer,night,12.564957075247007
2018-06-23 02:00:00,2507.52,0.0,12.86,24.317050643836556,0.19260775599999996,19.260775599999995,0.0,0.0,0.0,0.0,0.12158525321918277,summer,night,24.317050643836556
2018-06-23 17:00:00,3634.8,0.0,21.09,80.98545028603056,0.186143914,18.6143914,0.0,0.0,0.0,0.0,0.4049272514301528,summer,night,80.98545028603056
2018-06-23 18:00:00,3644.88,0.0,20.01,74.60815277563665,0.186992146,18.6992146,0.0,0.0,0.0,0.0,0.37304076387818325,summer,night,74.60815277563665
2018-06-23 19:00:00,3575.76,0.0,18.88,49.37794809579704,0.187879648,18.7879648,0.0,0.0,0.0,0.0,0.24688974047898518,summer,night,49.37794809579704
2018-06-23 20:00:00,3469.92,0.0,17.81,75.3811822290642,0.188720026,18.872002600000002,0.0,0.0,0.0,0.0,0.37690591114532096,summer,night,75.3811822290642
2018-06-23 21:00:00,3379.84,0.0,16.91,104.90090845256783,0.189426886,18.9426886,0.0,0.0,0.0,0.0,0.5245045422628392,summer,night,104.90090845256783
2018-06-23 22:00:00,3306.4,0.0,16.16,101.35141503044777,0.190015936,19.0015936,0.0,0.0,0.0,0.0,0.5067570751522389,summer,night,101.35141503044777
2018-06-23 23:00:00,3107.04,0.0,15.53,71.47988472896476,0.190510738,19.0510738,0.0,0.0,0.0,0.0,0.3573994236448238,summer,night,71.47988472896476
2018-06-24 00:00:00,2890.4,0.0,15.06,60.15962475622282,0.190879876,19.0879876,0.0,0.0,0.0,0.0,0.3007981237811141,summer,night,60.15962475622282
2018-06-24 01:00:00,2698.32,0.0,14.76,54.01600055751377,0.191115496,19.1115496,0.0,0.0,0.0,0.0,0.27008000278756883,summer,night,54.01600055751377
2018-06-24 02:00:00,2542.0,0.0,14.29,59.64370807639475,0.191484634,19.148463399999997,0.0,0.0,0.0,0.0,0.29821854038197376,summer,night,59.64370807639475
2018-06-24 17:00:00,3284.56,0.0,22.11,149.56581841730465,0.185342806,18.5342806,0.0,0.0,0.0,0.0,0.7478290920865233,summer,night,149.56581841730465
2018-06-24 18:00:00,3298.2400000000002,0.0,20.27,167.916292507396,0.186787942,18.678794200000002,0.0,0.0,0.0,0.0,0.8395814625369801,summer,night,167.916292507396
2018-06-24 19:00:00,3266.16,0.0,19.97,121.31512660417319,0.187023562,18.7023562,0.0,0.0,0.0,0.0,0.6065756330208659,summer,night,121.31512660417319
2018-06-24 20:00:00,3148.0,0.0,19.25,138.32421126530463,0.18758905,18.758905000000002,0.0,0.0,0.0,0.0,0.6916210563265232,summer,night,138.32421126530463
2018-06-24 21:00:00,3015.68,0.0,18.43,155.6292017065672,0.188233078,18.8233078,0.0,0.0,0.0,0.0,0.7781460085328359,summer,night,155.6292017065672
2018-06-24 22:00:00,2936.8,0.0,17.68,130.67396367544205,0.18882212799999998,18.882212799999998,0.0,0.0,0.0,0.0,0.6533698183772103,summer,night,130.67396367544205
2018-06-24 23:00:00,2748.56,0.0,16.87,137.68967890660042,0.18945830200000002,18.945830200000003,0.0,0.0,0.0,0.0,0.6884483945330021,summer,night,137.68967890660042
2018-06-25 00:00:00,2532.8,0.0,16.3,117.80089238814543,0.18990597999999997,18.990598,0.0,0.0,0.0,0.0,0.5890044619407271,summer,night,117.80089238814543
2018-06-25 01:00:00,2323.36,0.0,15.7,87.55019075485717,0.19037721999999999,19.037722,0.0,0.0,0.0,0.0,0.43775095377428586,summer,night,87.55019075485717
2018-06-25 02:00:00,2164.16,0.0,15.06,72.55019590197396,0.190879876,19.0879876,0.0,0.0,0.0,0.0,0.36275097950986984,summer,night,72.55019590197396
2018-06-25 17:00:00,3081.52,0.0,22.54,103.95314681175371,0.185005084,18.500508399999998,0.0,0.0,0.0,0.0,0.5197657340587686,summer,night,103.95314681175371
2018-06-25 18:00:00,3115.84,0.0,21.5,112.79442456182457,0.18582189999999998,18.582189999999997,0.0,0.0,0.0,0.0,0.5639721228091229,summer,night,112.79442456182457
2018-06-25 19:00:00,3089.36,0.0,19.7,130.4735614282653,0.18723562,18.723561999999998,0.0,0.0,0.0,0.0,0.6523678071413265,summer,night,130.4735614282653
2018-06-25 20:00:00,2986.0,0.0,19.04,141.76530854120685,0.187753984,18.7753984,0.0,0.0,0.0,0.0,0.7088265427060343,summer,night,141.76530854120685
2018-06-25 21:00:00,2872.0,0.0,18.51,158.20813653512892,0.188170246,18.8170246,0.0,0.0,0.0,0.0,0.7910406826756445,summer,night,158.20813653512892
2018-06-25 22:00:00,2806.88,0.0,17.94,73.24884582678519,0.18861792400000002,18.861792400000002,0.0,0.0,0.0,0.0,0.3662442291339259,summer,night,73.24884582678519
2018-06-25 23:00:00,2595.6,0.0,17.43,121.78144278830668,0.189018478,18.9018478,0.0,0.0,0.0,0.0,0.6089072139415334,summer,night,121.78144278830668
2018-06-26 00:00:00,2359.84,0.0,16.67,150.9207611529214,0.189615382,18.9615382,0.0,0.0,0.0,0.0,0.754603805764607,summer,night,150.9207611529214
2018-06-26 01:00:00,2158.64,0.0,15.98,132.84061370427972,0.19015730799999997,19.015730799999996,0.0,0.0,0.0,0.0,0.6642030685213985,summer,night,132.84061370427972
2018-06-26 02:00:00,2018.4,0.0,15.47,146.22527988802014,0.190557862,19.0557862,0.0,0.0,0.0,0.0,0.7311263994401007,summer,night,146.22527988802014
2018-06-26 17:00:00,3098.48,0.0,24.56,0.0,0.183418576,18.3418576,0.0,0.0,0.0,0.0,0.0,summer,night,16.581240228943727
2018-06-26 18:00:00,3130.96,0.0,22.5,0.0,0.18503650000000002,18.50365,0.0,0.0,0.0,0.0,0.0,summer,night,52.44422309960986
2018-06-26 19:00:00,3094.7200000000003,0.0,23.54,3.480147892242127,0.184219684,18.4219684,0.0,0.0,0.0,0.0,0.017400739461210634,summer,night,3.480147892242127
2018-06-26 20:00:00,2982.7200000000003,0.0,22.14,46.40410652215545,0.185319244,18.5319244,0.0,0.0,0.0,0.0,0.23202053261077726,summer,night,46.40410652215545
2018-06-26 21:00:00,2859.44,0.0,20.31,21.98286634874638,0.186756526,18.6756526,0.0,0.0,0.0,0.0,0.1099143317437319,summer,night,21.98286634874638
2018-06-26 22:00:00,2773.6,0.0,18.69,50.7924956798079,0.18802887399999998,18.8028874,0.0,0.0,0.0,0.0,0.2539624783990395,summer,night,50.7924956798079
2018-06-26 23:00:00,2548.4,0.0,17.13,44.97017455769335,0.18925409799999998,18.925409799999997,0.0,0.0,0.0,0.0,0.22485087278846674,summer,night,44.97017455769335
2018-06-27 00:00:00,2313.04,0.0,16.43,28.92834502315796,0.18980387799999998,18.9803878,0.0,0.0,0.0,0.0,0.1446417251157898,summer,night,28.92834502315796
2018-06-27 01:00:00,2127.28,0.0,16.3,27.809200122474248,0.18990597999999997,18.990598,0.0,0.0,0.0,0.0,0.13904600061237124,summer,night,27.809200122474248
2018-06-27 02:00:00,2002.64,0.0,16.54,28.474363802819894,0.189717484,18.9717484,0.0,0.0,0.0,0.0,0.14237181901409948,summer,night,28.474363802819894
2018-06-27 17:00:00,2974.2400000000002,0.0,25.37,44.129502829830585,0.18278240199999998,18.2782402,0.0,0.0,0.0,0.0,0.22064751414915293,summer,night,44.129502829830585
2018-06-27 18:00:00,2985.36,0.0,23.53,95.23833426297486,0.184227538,18.4227538,0.0,0.0,0.0,0.0,0.4761916713148743,summer,night,95.23833426297486
2018-06-27 19:00:00,2923.36,0.0,21.52,0.0,0.185806192,18.5806192,0.0,0.0,0.0,0.0,0.0,summer,night,0.0
2018-06-27 20:00:00,2809.36,0.0,20.09,0.0,0.18692931399999999,18.6929314,0.0,0.0,0.0,0.0,0.0,summer,night,0.0
2018-06-27 21:00:00,2716.48,0.0,18.76,136.69032256709986,0.18797389600000003,18.797389600000002,0.0,0.0,0.0,0.0,0.6834516128354993,summer,night,136.69032256709986
2018-06-27 22:00:00,2652.48,0.0,17.66,164.55891538871433,0.18883783599999998,18.883783599999997,0.0,0.0,0.0,0.0,0.8227945769435716,summer,night,164.55891538871433
2018-06-27 23:00:00,2441.76,0.0,17.13,153.4167638072085,0.18925409799999998,18.925409799999997,0.0,0.0,0.0,0.0,0.7670838190360425,summer,night,153.4167638072085
2018-06-28 00:00:00,2214.8,0.0,16.69,122.41433856704809,0.18959967400000002,18.959967400000004,0.0,0.0,0.0,0.0,0.6120716928352404,summer,night,122.41433856704809
2018-06-28 01:00:00,2026.8,0.0,16.62,73.06159683338514,0.18965465200000003,18.965465200000004,0.0,0.0,0.0,0.0,0.36530798416692567,summer,night,73.06159683338514
2018-06-28 02:00:00,1903.76,0.0,16.13,53.84414753858077,0.190039498,19.0039498,0.0,0.0,0.0,0.0,0.26922073769290383,summer,night,53.84414753858077
2018-06-28 17:00:00,2973.28,0.0,25.0,54.31030612612548,0.18307299999999999,18.307299999999998,0.0,0.0,0.0,0.0,0.2715515306306274,summer,night,54.31030612612548
2018-06-28 18:00:00,3020.32,0.0,23.21,42.38656638412605,0.184478866,18.4478866,0.0,0.0,0.0,0.0,0.21193283192063025,summer,night,42.38656638412605
2018-06-28 19:00:00,2970.32,0.0,22.24,45.232063720222236,0.185240704,18.5240704,0.0,0.0,0.0,0.0,0.2261603186011112,summer,night,45.232063720222236
2018-06-28 20:00:00,2857.44,0.0,21.04,30.406491922954704,0.18618318399999997,18.618318399999996,0.0,0.0,0.0,0.0,0.15203245961477352,summer,night,30.406491922954704
2018-06-28 21:00:00,2780.7200000000003,0.0,20.06,63.22358733316217,0.186952876,18.6952876,0.0,0.0,0.0,0.0,0.31611793666581084,summer,night,63.22358733316217
2018-06-28 22:00:00,2719.6,0.0,18.99,48.07184817996594,0.18779325400000002,18.7793254,0.0,0.0,0.0,0.0,0.2403592408998297,summer,night,48.07184817996594
2018-06-28 23:00:00,2516.48,0.0,17.83,35.71390558955207,0.188704318,18.870431800000002,0.0,0.0,0.0,0.0,0.17856952794776035,summer,night,35.71390558955207
2018-06-29 00:00:00,2294.64,0.0,17.01,74.75115955736925,0.189348346,18.9348346,0.0,0.0,0.0,0.0,0.37375579778684626,summer,night,74.75115955736925
2018-06-29 01:00:00,2099.84,0.0,16.2,116.08605965725079,0.18998452,18.998452,0.0,0.0,0.0,0.0,0.5804302982862539,summer,night,116.08605965725079
2018-06-29 02:00:00,1985.68,0.0,15.55,91.70657045712086,0.19049503,19.049503,0.0,0.0,0.0,0.0,0.4585328522856043,summer,night,91.70657045712086
2018-06-29 17:00:00,3525.36,0.0,23.29,41.64501988006134,0.18441603399999998,18.441603399999998,0.0,0.0,0.0,0.0,0.2082250994003067,summer,night,41.64501988006134
2018-06-29 18:00:00,3561.76,0.0,21.41,104.02787184058433,0.185892586,18.5892586,0.0,0.0,0.0,0.0,0.5201393592029216,summer,night,104.02787184058433
2018-06-29 19:00:00,3498.8,0.0,20.23,157.2040159295135,0.186819358,18.681935799999998,0.0,0.0,0.0,0.0,0.7860200796475675,summer,night,157.2040159295135
2018-06-29 20:00:00,3364.4,0.0,19.15,115.90620558072072,0.18766759000000002,18.766759000000004,0.0,0.0,0.0,0.0,0.5795310279036037,summer,night,115.90620558072072
2018-06-29 21:00:00,3270.32,0.0,17.8,121.96109077698976,0.18872788,18.872788,0.0,0.0,0.0,0.0,0.6098054538849488,summer,night,121.96109077698976
2018-06-29 22:00:00,3196.48,0.0,18.2,163.14459510747585,0.18841372,18.841372,0.0,0.0,0.0,0.0,0.8157229755373793,summer,night,163.14459510747585
2018-06-29 23:00:00,2966.56,0.0,18.49,148.47887474274575,0.18818595400000002,18.818595400000003,0.0,0.0,0.0,0.0,0.7423943737137287,summer,night,148.47887474274575
2018-06-30 00:00:00,2708.56,0.0,17.97,162.41903253438315,0.188594362,18.859436199999998,0.0,0.0,0.0,0.0,0.8120951626719157,summer,night,162.41903253438315
2018-06-30 01:00:00,2482.48,0.0,17.43,131.91832209681593,0.189018478,18.9018478,0.0,0.0,0.0,0.0,0.6595916104840797,summer,night,131.91832209681593
2018-06-30 02:00:00,2328.08,0.0,16.93,157.84128804430395,0.18941117799999999,18.941117799999997,0.0,0.0,0.0,0.0,0.7892064402215198,summer,night,157.84128804430395
2018-06-30 17:00:00,3962.48,0.0,22.58,53.272865964744284,0.184973668,18.4973668,0.0,0.0,0.0,0.0,0.26636432982372144,summer,night,53.272865964744284
2018-06-30 18:00:00,3951.28,0.0,21.24,92.94183676758898,0.186026104,18.6026104,0.0,0.0,0.0,0.0,0.4647091838379449,summer,night,92.94183676758898
2018-06-30 19:00:00,3833.6,0.0,20.12,82.508318248669,0.186905752,18.6905752,0.0,0.0,0.0,0.0,0.412541591243345,summer,night,82.508318248669
2018-06-30 20:00:00,3663.6,0.0,18.83,80.22840476357518,0.18791891800000002,18.791891800000002,0.0,0.0,0.0,0.0,0.40114202381787595,summer,night,80.22840476357518
2018-06-30 21:00:00,3522.8,0.0,17.65,98.55349974142486,0.18884569,18.884569000000003,0.0,0.0,0.0,0.0,0.4927674987071243,summer,night,98.55349974142486
2018-06-30 22:00:00,3419.12,0.0,16.4,96.33541261049005,0.18982744000000001,18.982744,0.0,0.0,0.0,0.0,0.4816770630524503,summer,night,96.33541261049005
2018-06-30 23:00:00,3171.2000000000003,0.0,16.94,66.40205595484802,0.189403324,18.940332400000003,0.0,0.0,0.0,0.0,0.33201027977424014,summer,night,66.40205595484802
2018-07-01 00:00:00,2899.12,0.0,17.49,73.18364326877662,0.188971354,18.8971354,0.0,0.0,0.0,0.0,0.3659182163438831,summer,night,73.18364326877662
2018-07-01 01:00:00,2681.6,0.0,16.18,86.22479737968374,0.19000022799999997,19.000022799999996,0.0,0.0,0.0,0.0,0.4311239868984187,summer,night,86.22479737968374
2018-07-01 02:00:00,2510.88,0.0,15.66,76.87113068881696,0.190408636,19.040863599999998,0.0,0.0,0.0,0.0,0.3843556534440848,summer,night,76.87113068881696
2018-07-01 17:00:00,3408.32,0.0,24.35,27.280002899316663,0.18358350999999998,18.358351,0.0,0.0,0.0,0.0,0.13640001449658332,summer,night,27.280002899316663
2018-07-01 18:00:00,3376.48,0.0,22.8,22.225093821441597,0.18480087999999997,18.480088,0.0,0.0,0.0,0.0,0.11112546910720798,summer,night,22.225093821441597
2018-07-01 19:00:00,3274.16,0.0,22.09,18.717534730170502,0.185358514,18.5358514,0.0,0.0,0.0,0.0,0.09358767365085251,summer,night,18.717534730170502
2018-07-01 20:00:00,3136.08,0.0,20.7,11.824326601356075,0.18645022000000003,18.645022000000004,0.0,0.0,0.0,0.0,0.059121633006780375,summer,night,11.824326601356075
2018-07-01 21:00:00,3020.48,0.0,19.49,13.489354264061145,0.187400554,18.7400554,0.0,0.0,0.0,0.0,0.06744677132030573,summer,night,13.489354264061145
2018-07-01 22:00:00,2954.8,0.0,18.52,19.52878893319773,0.188162392,18.816239200000002,0.0,0.0,0.0,0.0,0.09764394466598865,summer,night,19.52878893319773
2018-07-01 23:00:00,2787.28,0.0,17.87,20.58109469590965,0.18867290199999998,18.8672902,0.0,0.0,0.0,0.0,0.10290547347954825,summer,night,20.58109469590965
2018-07-02 00:00:00,2592.96,0.0,17.3,34.54760294030398,0.18912057999999998,18.912058,0.0,0.0,0.0,0.0,0.17273801470151992,summer,night,34.54760294030398
2018-07-02 01:00:00,2400.0,0.0,16.76,52.60902670188714,0.189544696,18.954469600000003,0.0,0.0,0.0,0.0,0.2630451335094357,summer,night,52.60902670188714
2018-07-02 02:00:00,2255.28,0.0,16.17,33.132464369084026,0.190008082,19.000808199999998,0.0,0.0,0.0,0.0,0.16566232184542012,summer,night,33.132464369084026
2018-07-02 17:00:00,3539.84,0.0,25.48,65.05352618812373,0.182696008,18.2696008,0.0,0.0,0.0,0.0,0.3252676309406186,summer,night,65.05352618812373
2018-07-02 18:00:00,3580.2400000000002,0.0,23.55,113.46625882087113,0.18421183000000002,18.421183000000003,0.0,0.0,0.0,0.0,0.5673312941043557,summer,night,113.46625882087113
2018-07-02 19:00:00,3531.6,0.0,22.45,108.85126092170773,0.18507577,18.507577,0.0,0.0,0.0,0.0,0.5442563046085387,summer,night,108.85126092170773
2018-07-02 20:00:00,3410.56,0.0,21.32,115.83529923847027,0.18596327199999999,18.596327199999998,0.0,0.0,0.0,0.0,0.5791764961923513,summer,night,115.83529923847027
2018-07-02 21:00:00,3288.8,0.0,20.49,92.17098942077831,0.186615154,18.6615154,0.0,0.0,0.0,0.0,0.4608549471038916,summer,night,92.17098942077831
2018-07-02 22:00:00,3217.52,0.0,19.71,64.40413732019944,0.187227766,18.7227766,0.0,0.0,0.0,0.0,0.3220206866009972,summer,night,64.40413732019944
2018-07-02 23:00:00,3012.16,0.0,18.9,53.69940113296143,0.18786394,18.786394,0.0,0.0,0.0,0.0,0.2684970056648071,summer,night,53.69940113296143
2018-07-03 00:00:00,2776.96,0.0,18.16,46.59126762515008,0.18844513599999999,18.8445136,0.0,0.0,0.0,0.0,0.2329563381257504,summer,night,46.59126762515008
2018-07-03 01:00:00,2546.08,0.0,17.46,8.071547217549902,0.18899491599999999,18.899491599999998,0.0,0.0,0.0,0.0,0.040357736087749514,summer,night,8.071547217549902
2018-07-03 02:00:00,2378.88,0.0,16.83,19.959715590982423,0.189489718,18.9489718,0.0,0.0,0.0,0.0,0.09979857795491212,summer,night,19.959715590982423
2018-07-03 17:00:00,3761.84,0.0,26.46,55.34829787556792,0.18192631599999998,18.1926316,0.0,0.0,0.0,0.0,0.2767414893778396,summer,night,55.34829787556792
2018-07-03 18:00:00,3762.2400000000002,0.0,24.08,82.23948271340814,0.183795568,18.3795568,0.0,0.0,0.0,0.0,0.4111974135670407,summer,night,82.23948271340814
2018-07-03 19:00:00,3679.76,0.0,22.68,68.06545158364555,0.184895128,18.4895128,0.0,0.0,0.0,0.0,0.34032725791822777,summer,night,68.06545158364555
2018-07-03 20:00:00,3532.56,0.0,21.37,45.830545859185165,0.185924002,18.5924002,0.0,0.0,0.0,0.0,0.2291527292959258,summer,night,45.830545859185165
2018-07-03 21:00:00,3365.44,0.0,20.53,54.28160536269958,0.186583738,18.6583738,0.0,0.0,0.0,0.0,0.2714080268134979,summer,night,54.28160536269958
2018-07-03 22:00:00,3247.52,0.0,19.72,60.56828483439939,0.18721991200000002,18.7219912,0.0,0.0,0.0,0.0,0.30284142417199694,summer,night,60.56828483439939
2018-07-03 23:00:00,3011.04,0.0,18.87,63.840305215898276,0.18788750199999998,18.7887502,0.0,0.0,0.0,0.0,0.31920152607949137,summer,night,63.840305215898276
2018-07-04 00:00:00,2769.6,0.0,18.05,62.76368411792061,0.18853153,18.853153,0.0,0.0,0.0,0.0,0.3138184205896031,summer,night,62.76368411792061
2018-07-04 01:00:00,2536.64,0.0,17.25,82.31937812264036,0.18915985,18.915985,0.0,0.0,0.0,0.0,0.4115968906132018,summer,night,82.31937812264036
2018-07-04 02:00:00,2365.28,0.0,16.5,105.44542891330548,0.1897489,18.97489,0.0,0.0,0.0,0.0,0.5272271445665274,summer,night,105.44542891330548
2018-07-04 17:00:00,3404.64,0.0,25.14,33.67062641359465,0.182963044,18.2963044,0.0,0.0,0.0,0.0,0.16835313206797323,summer,night,33.67062641359465
2018-07-04 18:00:00,3392.16,0.0,22.89,30.89310169862981,0.18473019400000001,18.473019400000002,0.0,0.0,0.0,0.0,0.15446550849314905,summer,night,30.89310169862981
2018-07-04 19:00:00,3292.64,0.0,21.18,44.20935580921205,0.186073228,18.607322800000002,0.0,0.0,0.0,0.0,0.22104677904606024,summer,night,44.20935580921205
2018-07-04 20:00:00,3144.64,0.0,19.87,37.611729175239525,0.18710210199999996,18.710210199999995,0.0,0.0,0.0,0.0,0.1880586458761976,summer,night,37.611729175239525
2018-07-04 21:00:00,3020.64,0.0,18.93,26.14346782117399,0.187840378,18.7840378,0.0,0.0,0.0,0.0,0.13071733910586994,summer,night,26.14346782117399
2018-07-04 22:00:00,2920.48,0.0,18.08,22.190151323879046,0.188507968,18.8507968,0.0,0.0,0.0,0.0,0.11095075661939523,summer,night,22.190151323879046
2018-07-04 23:00:00,2776.88,0.0,17.23,17.803068399493196,0.18917555799999997,18.917555799999995,0.0,0.0,0.0,0.0,0.08901534199746598,summer,night,17.803068399493196
2018-07-05 00:00:00,2581.36,0.0,16.34,42.80377910796131,0.189874564,18.9874564,0.0,0.0,0.0,0.0,0.21401889553980655,summer,night,42.80377910796131
2018-07-05 01:00:00,2381.04,0.0,15.38,46.9021268970173,0.190628548,19.0628548,0.0,0.0,0.0,0.0,0.2345106344850865,summer,night,46.9021268970173
2018-07-05 02:00:00,2236.96,0.0,14.35,17.036989864852924,0.19143751,19.143751,0.0,0.0,0.0,0.0,0.08518494932426462,summer,night,17.036989864852924
2018-07-05 17:00:00,3478.48,0.0,23.95,79.23545533155941,0.18389766999999999,18.389767,0.0,0.0,0.0,0.0,0.39617727665779706,summer,night,79.23545533155941
2018-07-05 18:00:00,3485.04,0.0,21.86,54.24521267344755,0.18553915599999998,18.5539156,0.0,0.0,0.0,0.0,0.27122606336723776,summer,night,54.24521267344755
2018-07-05 19:00:00,3396.4,0.0,20.36,46.519400549847504,0.186717256,18.6717256,0.0,0.0,0.0,0.0,0.23259700274923753,summer,night,46.519400549847504
2018-07-05 20:00:00,3263.76,0.0,19.01,51.868074215735035,0.187777546,18.777754599999998,0.0,0.0,0.0,0.0,0.2593403710786752,summer,night,51.868074215735035
2018-07-05 21:00:00,3158.0,0.0,17.88,14.212049791514673,0.188665048,18.8665048,0.0,0.0,0.0,0.0,0.07106024895757336,summer,night,14.212049791514673
2018-07-05 22:00:00,3064.8,0.0,16.87,16.429450468076062,0.18945830200000002,18.945830200000003,0.0,0.0,0.0,0.0,0.08214725234038031,summer,night,16.429450468076062
2018-07-05 23:00:00,2837.36,0.0,16.01,8.460753209091823,0.190133746,19.0133746,0.0,0.0,0.0,0.0,0.042303766045459115,summer,night,8.460753209091823
2018-07-06 00:00:00,2595.76,0.0,15.22,5.731379176969891,0.19075421199999998,19.075421199999997,0.0,0.0,0.0,0.0,0.028656895884849452,summer,night,5.731379176969891
2018-07-06 01:00:00,2387.12,0.0,14.44,2.6823522863831393,0.19136682400000002,19.1366824,0.0,0.0,0.0,0.0,0.013411761431915697,summer,night,2.6823522863831393
2018-07-06 02:00:00,2250.64,0.0,13.63,0.0,0.19200299799999998,19.200299799999996,0.0,0.0,0.0,0.0,0.0,summer,night,5.666529695934732
2018-07-06 17:00:00,3034.64,0.0,25.56,17.226323982354014,0.18263317599999998,18.263317599999997,0.0,0.0,0.0,0.0,0.08613161991177007,summer,night,17.226323982354014
2018-07-06 18:00:00,3031.76,0.0,23.44,32.9261370963001,0.184298224,18.429822400000003,0.0,0.0,0.0,0.0,0.1646306854815005,summer,night,32.9261370963001
2018-07-06 19:00:00,2988.4,0.0,21.82,12.00629307831987,0.18557057200000002,18.557057200000003,0.0,0.0,0.0,0.0,0.06003146539159934,summer,night,12.00629307831987
2018-07-06 20:00:00,2930.64,0.0,20.5,1.9256605985771742,0.1866073,18.66073,0.0,0.0,0.0,0.0,0.00962830299288587,summer,night,1.9256605985771742
2018-07-06 21:00:00,2920.8,0.0,19.47,0.0,0.18741626200000003,18.741626200000002,0.0,0.0,0.0,0.0,0.0,summer,night,14.112735148739446
2018-07-06 22:00:00,2866.64,0.0,18.71,0.0,0.18801316599999998,18.8013166,0.0,0.0,0.0,0.0,0.0,summer,night,44.20935580921205
2018-07-06 23:00:00,2687.12,0.0,18.09,2.6330870622783484,0.188500114,18.8500114,0.0,0.0,0.0,0.0,0.013165435311391742,summer,night,2.6330870622783484
2018-07-07 00:00:00,2488.8,0.0,17.47,2.279906666010633,0.188987062,18.8987062,0.0,0.0,0.0,0.0,0.011399533330053164,summer,night,2.279906666010633
2018-07-07 01:00:00,2316.64,0.0,16.78,0.0,0.189528988,18.9528988,0.0,0.0,0.0,0.0,0.0,summer,night,0.0
2018-07-07 02:00:00,2202.56,0.0,16.13,13.975900394959922,0.190039498,19.0039498,0.0,0.0,0.0,0.0,0.06987950197479961,summer,night,13.975900394959922
2018-07-07 17:00:00,3499.76,0.0,26.84,73.90850878003307,0.181627864,18.1627864,0.0,0.0,0.0,0.0,0.3695425439001654,summer,night,73.90850878003307
2018-07-07 18:00:00,3566.32,0.0,24.77,90.29368066799822,0.183253642,18.3253642,0.0,0.0,0.0,0.0,0.4514684033399911,summer,night,90.29368066799822
2018-07-07 19:00:00,3513.28,0.0,22.49,85.84578364446726,0.18504435400000002,18.504435400000002,0.0,0.0,0.0,0.0,0.42922891822233633,summer,night,85.84578364446726
2018-07-07 20:00:00,3373.28,0.0,20.85,79.92118839747756,0.18633241,18.633241,0.0,0.0,0.0,0.0,0.3996059419873878,summer,night,79.92118839747756
2018-07-07 21:00:00,3222.7200000000003,0.0,19.56,71.63868147663736,0.187345576,18.734557600000002,0.0,0.0,0.0,0.0,0.3581934073831868,summer,night,71.63868147663736
2018-07-07 22:00:00,3098.64,0.0,18.5,20.336527520008023,0.1881781,18.817809999999998,0.0,0.0,0.0,0.0,0.10168263760004011,summer,night,20.336527520008023
2018-07-07 23:00:00,2867.84,0.0,17.69,35.83840083348073,0.188814274,18.8814274,0.0,0.0,0.0,0.0,0.17919200416740366,summer,night,35.83840083348073
2018-07-08 00:00:00,2629.12,0.0,17.05,55.38225994050462,0.18931692999999997,18.931692999999996,0.0,0.0,0.0,0.0,0.2769112997025231,summer,night,55.38225994050462
2018-07-08 01:00:00,2407.2000000000003,0.0,16.42,72.38553777347067,0.189811732,18.9811732,0.0,0.0,0.0,0.0,0.3619276888673534,summer,night,72.38553777347067
2018-07-08 02:00:00,2243.36,0.0,15.79,132.8731877069511,0.19030653399999997,19.0306534,0.0,0.0,0.0,0.0,0.6643659385347555,summer,night,132.8731877069511
2018-07-08 17:00:00,3348.32,0.0,27.5,38.93022769964242,0.1811095,18.11095,0.0,0.0,0.0,0.0,0.1946511384982121,summer,night,38.93022769964242
2018-07-08 18:00:00,3341.44,0.0,25.48,52.44422309960986,0.182696008,18.2696008,0.0,0.0,0.0,0.0,0.2622211154980493,summer,night,52.44422309960986
2018-07-08 19:00:00,3256.56,0.0,24.15,36.00912643066142,0.18374059,18.374059000000003,0.0,0.0,0.0,0.0,0.1800456321533071,summer,night,36.00912643066142
2018-07-08 20:00:00,3118.4,0.0,22.87,2.911997982355614,0.184745902,18.474590199999998,0.0,0.0,0.0,0.0,0.01455998991177807,summer,night,2.911997982355614
2018-07-08 21:00:00,2974.48,0.0,21.73,0.0,0.185641258,18.5641258,0.0,0.0,0.0,0.0,0.0,summer,night,14.496901080135991
2018-07-08 22:00:00,2890.4,0.0,20.69,10.119977074335436,0.186458074,18.6458074,0.0,0.0,0.0,0.0,0.05059988537167718,summer,night,10.119977074335436
2018-07-08 23:00:00,2698.4,0.0,19.67,3.2576404504255434,0.187259182,18.7259182,0.0,0.0,0.0,0.0,0.016288202252127716,summer,night,3.2576404504255434
2018-07-09 00:00:00,2482.88,0.0,18.68,2.8255246203019313,0.188036728,18.803672799999998,0.0,0.0,0.0,0.0,0.014127623101509657,summer,night,2.8255246203019313
2018-07-09 01:00:00,2278.16,0.0,17.56,7.087250444412856,0.188916376,18.8916376,0.0,0.0,0.0,0.0,0.03543625222206428,summer,night,7.087250444412856
2018-07-09 02:00:00,2121.92,0.0,17.06,4.13690326418972,0.189309076,18.930907599999998,0.0,0.0,0.0,0.0,0.0206845163209486,summer,night,4.13690326418972
2018-07-09 17:00:00,3041.28,0.0,27.24,22.47400399565257,0.181313704,18.131370399999998,0.0,0.0,0.0,0.0,0.11237001997826285,summer,night,22.47400399565257
2018-07-09 18:00:00,3113.04,0.0,25.78,45.59844851339072,0.182460388,18.2460388,0.0,0.0,0.0,0.0,0.2279922425669536,summer,night,45.59844851339072
2018-07-09 19:00:00,3104.2400000000002,0.0,23.98,33.76250825570438,0.183874108,18.3874108,0.0,0.0,0.0,0.0,0.1688125412785219,summer,night,33.76250825570438
2018-07-09 20:00:00,3012.7200000000003,0.0,22.75,0.484653835316508,0.18484015,18.484015,0.0,0.0,0.0,0.0,0.0024232691765825403,summer,night,0.484653835316508
2018-07-09 21:00:00,2884.16,0.0,21.84,0.0,0.185554864,18.555486400000003,0.0,0.0,0.0,0.0,0.0,summer,night,29.236012964097224
2018-07-09 22:00:00,2801.12,0.0,20.96,0.0,0.186246016,18.6246016,0.0,0.0,0.0,0.0,0.0,summer,night,55.879210476982934
2018-07-09 23:00:00,2594.88,0.0,20.05,0.0,0.18696073,18.696073,0.0,0.0,0.0,0.0,0.0,summer,night,64.17845294329734
2018-07-10 00:00:00,2358.64,0.0,19.2,0.0,0.18762832,18.762832,0.0,0.0,0.0,0.0,0.0,summer,night,19.661959566282253
2018-07-10 01:00:00,2163.6,0.0,18.44,0.0,0.188225224,18.8225224,0.0,0.0,0.0,0.0,0.0,summer,night,62.76368411792061
2018-07-10 02:00:00,2038.24,0.0,17.71,0.0,0.18879856599999997,18.879856599999997,0.0,0.0,0.0,0.0,0.0,summer,night,53.88938382104058
2018-07-10 17:00:00,3687.52,0.0,29.72,13.63946653046672,0.17936591200000002,17.936591200000002,0.0,0.0,0.0,0.0,0.0681973326523336,summer,night,13.63946653046672
2018-07-10 18:00:00,3727.04,0.0,27.6,27.61921440369162,0.18103096000000002,18.103096,0.0,0.0,0.0,0.0,0.13809607201845808,summer,night,27.61921440369162
2018-07-10 19:00:00,3670.0,0.0,25.81,16.65114037758704,0.182436826,18.2436826,0.0,0.0,0.0,0.0,0.0832557018879352,summer,night,16.65114037758704
2018-07-10 20:00:00,3546.2400000000002,0.0,23.99,7.702029434498447,0.183866254,18.3866254,0.0,0.0,0.0,0.0,0.03851014717249223,summer,night,7.702029434498447
2018-07-10 21:00:00,3446.48,0.0,22.96,1.5508681599770247,0.184675216,18.4675216,0.0,0.0,0.0,0.0,0.007754340799885124,summer,night,1.5508681599770247
2018-07-10 22:00:00,3335.28,0.0,22.17,0.3308058951973031,0.185295682,18.5295682,0.0,0.0,0.0,0.0,0.0016540294759865154,summer,night,0.3308058951973031
2018-07-10 23:00:00,3083.12,0.0,21.52,4.336057997982872,0.185806192,18.5806192,0.0,0.0,0.0,0.0,0.021680289989914357,summer,night,4.336057997982872
2018-07-11 00:00:00,2811.6,0.0,20.6,2.8486729452489667,0.18652876000000002,18.652876000000003,0.0,0.0,0.0,0.0,0.014243364726244833,summer,night,2.8486729452489667
2018-07-11 01:00:00,2590.32,0.0,19.65,8.486082314723422,0.18727489000000003,18.727489000000002,0.0,0.0,0.0,0.0,0.04243041157361711,summer,night,8.486082314723422
2018-07-11 02:00:00,2446.0,0.0,18.72,13.11894772716867,0.188005312,18.8005312,0.0,0.0,0.0,0.0,0.06559473863584335,summer,night,13.11894772716867
2018-07-11 03:00:00,2351.6,0.0,18.03,13.723632201121148,0.18854723799999998,18.8547238,0.0,0.0,0.0,0.0,0.06861816100560575,summer,night,13.723632201121148
2018-07-11 04:00:00,2295.2000000000003,0.0,19.83,36.697711388700235,0.18713351800000003,18.7133518,0.0,0.0,0.0,0.0,0.18348855694350116,summer,night,36.697711388700235
2018-07-11 05:00:00,2303.76,0.0,22.4,47.281258829675664,0.18511504,18.511504000000002,0.0,0.0,0.0,0.0,0.23640629414837833,summer,night,47.281258829675664
2018-07-11 06:00:00,2398.08,0.0,24.73,61.35119438167809,0.18328505799999997,18.3285058,0.0,0.0,0.0,0.0,0.30675597190839043,summer,night,61.35119438167809
2018-07-11 07:00:00,2569.44,0.0,27.41,49.037142441309975,0.181180186,18.1180186,0.0,0.0,0.0,0.0,0.24518571220654986,summer,night,49.037142441309975
2018-07-11 17:00:00,3874.08,0.0,30.16,112.00818730195451,0.179020336,17.9020336,0.0,0.0,0.0,0.0,0.5600409365097725,summer,night,112.00818730195451
2018-07-11 18:00:00,3914.88,0.0,28.0,93.56957428874257,0.1807168,18.07168,0.0,0.0,0.0,0.0,0.46784787144371287,summer,night,93.56957428874257
2018-07-11 19:00:00,3856.48,0.0,26.95,131.83266228926934,0.18154146999999998,18.154147,0.0,0.0,0.0,0.0,0.6591633114463467,summer,night,131.83266228926934
2018-07-11 20:00:00,3750.64,0.0,25.54,137.7502081196038,0.182648884,18.2648884,0.0,0.0,0.0,0.0,0.688751040598019,summer,night,137.7502081196038
2018-07-11 21:00:00,3650.4,0.0,24.36,129.84705437278723,0.183575656,18.3575656,0.0,0.0,0.0,0.0,0.6492352718639361,summer,night,129.84705437278723
2018-07-11 22:00:00,3522.96,0.0,23.21,116.04235691083028,0.184478866,18.4478866,0.0,0.0,0.0,0.0,0.5802117845541513,summer,night,116.04235691083028
2018-07-11 23:00:00,3246.0,0.0,22.24,132.44724049523907,0.185240704,18.5240704,0.0,0.0,0.0,0.0,0.6622362024761954,summer,night,132.44724049523907
2018-07-12 00:00:00,2970.64,0.0,21.37,106.68773857902166,0.185924002,18.5924002,0.0,0.0,0.0,0.0,0.5334386928951083,summer,night,106.68773857902166
2018-07-12 01:00:00,2732.96,0.0,20.65,125.99208420845581,0.18648948999999998,18.648948999999998,0.0,0.0,0.0,0.0,0.629960421042279,summer,night,125.99208420845581
2018-07-12 02:00:00,2575.84,0.0,20.09,104.03725489903906,0.18692931399999999,18.6929314,0.0,0.0,0.0,0.0,0.5201862744951953,summer,night,104.03725489903906
2018-07-12 17:00:00,4039.92,0.0,26.57,45.416136536212534,0.181839922,18.1839922,0.0,0.0,0.0,0.0,0.22708068268106266,summer,night,45.416136536212534
2018-07-12 18:00:00,4068.2400000000002,0.0,25.25,85.88098829789428,0.18287665,18.287665,0.0,0.0,0.0,0.0,0.4294049414894714,summer,night,85.88098829789428
2018-07-12 19:00:00,4023.36,0.0,23.54,86.39988112869227,0.184219684,18.4219684,0.0,0.0,0.0,0.0,0.43199940564346134,summer,night,86.39988112869227
2018-07-12 20:00:00,3923.6800000000003,0.0,22.44,59.29905039758743,0.18508362399999997,18.508362399999996,0.0,0.0,0.0,0.0,0.29649525198793714,summer,night,59.29905039758743
2018-07-12 21:00:00,3818.0,0.0,21.59,78.92550527078266,0.185751214,18.5751214,0.0,0.0,0.0,0.0,0.39462752635391335,summer,night,78.92550527078266
2018-07-12 22:00:00,3698.48,0.0,20.83,24.20052008906137,0.18634811799999998,18.634811799999998,0.0,0.0,0.0,0.0,0.12100260044530685,summer,night,24.20052008906137
2018-07-12 23:00:00,3414.7200000000003,0.0,20.1,29.181805798877182,0.18692146,18.692146,0.0,0.0,0.0,0.0,0.1459090289943859,summer,night,29.181805798877182
2018-07-13 00:00:00,3121.76,0.0,19.37,67.35950372448067,0.187494802,18.749480199999997,0.0,0.0,0.0,0.0,0.33679751862240337,summer,night,67.35950372448067
2018-07-13 01:00:00,2877.04,0.0,18.65,80.33169114346437,0.18806029,18.806029,0.0,0.0,0.0,0.0,0.40165845571732184,summer,night,80.33169114346437
2018-07-13 02:00:00,2714.7200000000003,0.0,17.85,83.47391254967268,0.18868861000000003,18.868861000000003,0.0,0.0,0.0,0.0,0.4173695627483634,summer,night,83.47391254967268
2018-07-13 17:00:00,4114.32,0.0,27.88,135.37664589218065,0.180811048,18.0811048,0.0,0.0,0.0,0.0,0.6768832294609033,summer,night,135.37664589218065
2018-07-13 18:00:00,4010.8,0.0,25.02,77.27462644799908,0.18305729199999998,18.3057292,0.0,0.0,0.0,0.0,0.3863731322399954,summer,night,77.27462644799908
2018-07-13 19:00:00,3885.28,0.0,24.12,73.50997731340512,0.18376415200000001,18.3764152,0.0,0.0,0.0,0.0,0.3675498865670256,summer,night,73.50997731340512
2018-07-13 20:00:00,3755.84,0.0,22.45,54.80109827281698,0.18507577,18.507577,0.0,0.0,0.0,0.0,0.2740054913640849,summer,night,54.80109827281698
2018-07-13 21:00:00,3655.76,0.0,21.41,51.01673744177988,0.185892586,18.5892586,0.0,0.0,0.0,0.0,0.2550836872088994,summer,night,51.01673744177988
2018-07-13 22:00:00,3526.88,0.0,20.52,34.274351669846574,0.186591592,18.6591592,0.0,0.0,0.0,0.0,0.17137175834923288,summer,night,34.274351669846574
2018-07-13 23:00:00,3265.6800000000003,0.0,20.06,25.06028221912251,0.186952876,18.6952876,0.0,0.0,0.0,0.0,0.12530141109561255,summer,night,25.06028221912251
2018-07-14 00:00:00,2993.36,0.0,19.42,28.86771579693482,0.18745553199999998,18.745553199999996,0.0,0.0,0.0,0.0,0.14433857898467412,summer,night,28.86771579693482
2018-07-14 01:00:00,2763.36,0.0,18.82,39.509877046215955,0.18792677199999996,18.792677199999996,0.0,0.0,0.0,0.0,0.1975493852310798,summer,night,39.509877046215955
2018-07-14 02:00:00,2600.7200000000003,0.0,18.17,59.62985169937466,0.188437282,18.8437282,0.0,0.0,0.0,0.0,0.2981492584968733,summer,night,59.62985169937466
2018-07-14 17:00:00,3384.8,0.0,21.48,60.68239082626628,0.185837608,18.5837608,0.0,0.0,0.0,0.0,0.3034119541313314,summer,night,60.68239082626628
2018-07-14 18:00:00,3297.44,0.0,20.76,64.28799469548967,0.186403096,18.6403096,0.0,0.0,0.0,0.0,0.32143997347744835,summer,night,64.28799469548967
2018-07-14 19:00:00,3195.28,0.0,20.33,73.30068298176242,0.186740818,18.6740818,0.0,0.0,0.0,0.0,0.3665034149088121,summer,night,73.30068298176242
2018-07-14 20:00:00,3096.88,0.0,19.39,65.54987664528264,0.18747909399999999,18.747909399999998,0.0,0.0,0.0,0.0,0.32774938322641317,summer,night,65.54987664528264
2018-07-14 21:00:00,3038.7200000000003,0.0,18.54,66.8192565558691,0.18814668399999998,18.8146684,0.0,0.0,0.0,0.0,0.3340962827793455,summer,night,66.8192565558691
2018-07-14 22:00:00,2973.52,0.0,17.78,61.50512381931236,0.188743588,18.8743588,0.0,0.0,0.0,0.0,0.3075256190965618,summer,night,61.50512381931236
2018-07-14 23:00:00,2801.36,0.0,17.15,31.136570244463638,0.18923839,18.923839,0.0,0.0,0.0,0.0,0.15568285122231817,summer,night,31.136570244463638
2018-07-15 00:00:00,2609.2000000000003,0.0,16.76,39.43701893082464,0.189544696,18.954469600000003,0.0,0.0,0.0,0.0,0.1971850946541232,summer,night,39.43701893082464
2018-07-15 01:00:00,2426.48,0.0,16.35,15.535430779473915,0.18986671,18.986671,0.0,0.0,0.0,0.0,0.07767715389736957,summer,night,15.535430779473915
2018-07-15 02:00:00,2301.52,0.0,15.89,0.0,0.19022799399999996,19.022799399999997,0.0,0.0,0.0,0.0,0.0,summer,night,0.0
2018-07-15 17:00:00,3354.64,0.0,23.74,23.725817947969137,0.18406260400000002,18.4062604,0.0,0.0,0.0,0.0,0.11862908973984569,summer,night,23.725817947969137
2018-07-15 18:00:00,3362.32,0.0,21.69,25.222465778107228,0.18567267399999998,18.5672674,0.0,0.0,0.0,0.0,0.12611232889053614,summer,night,25.222465778107228
2018-07-15 19:00:00,3316.16,0.0,20.56,43.63786814752827,0.186560176,18.6560176,0.0,0.0,0.0,0.0,0.21818934073764137,summer,night,43.63786814752827
2018-07-15 20:00:00,3190.64,0.0,19.42,36.86547295772562,0.18745553199999998,18.745553199999996,0.0,0.0,0.0,0.0,0.1843273647886281,summer,night,36.86547295772562
2018-07-15 21:00:00,3063.92,0.0,18.46,30.797355709385112,0.18820951599999997,18.820951599999997,0.0,0.0,0.0,0.0,0.15398677854692555,summer,night,30.797355709385112
2018-07-15 22:00:00,2979.28,0.0,17.63,11.550618452325638,0.188861398,18.886139800000002,0.0,0.0,0.0,0.0,0.05775309226162819,summer,night,11.550618452325638
2018-07-15 23:00:00,2785.12,0.0,16.88,1.5702565182265806,0.189450448,18.945044799999998,0.0,0.0,0.0,0.0,0.007851282591132902,summer,night,1.5702565182265806
2018-07-16 00:00:00,2554.8,0.0,16.06,7.348078102993519,0.190094476,19.0094476,0.0,0.0,0.0,0.0,0.036740390514967594,summer,night,7.348078102993519
2018-07-16 01:00:00,2346.4,0.0,15.18,2.700817984794738,0.19078562799999998,19.0785628,0.0,0.0,0.0,0.0,0.01350408992397369,summer,night,2.700817984794738
2018-07-16 02:00:00,2190.48,0.0,14.44,0.0,0.19136682400000002,19.1366824,0.0,0.0,0.0,0.0,0.0,summer,night,29.236012964097224
2018-07-16 17:00:00,3386.8,0.0,23.13,16.133018860864485,0.184541698,18.4541698,0.0,0.0,0.0,0.0,0.08066509430432242,summer,night,16.133018860864485
2018-07-16 18:00:00,3455.52,0.0,21.43,0.0,0.185876878,18.5876878,0.0,0.0,0.0,0.0,0.0,summer,night,6.681305119017553
2018-07-16 19:00:00,3445.6,0.0,20.3,1.762425006593048,0.18676437999999998,18.676437999999997,0.0,0.0,0.0,0.0,0.00881212503296524,summer,night,1.762425006593048
2018-07-16 20:00:00,3351.6800000000003,0.0,19.17,0.0,0.18765188200000002,18.7651882,0.0,0.0,0.0,0.0,0.0,summer,night,2.51577894260172
2018-07-16 21:00:00,3239.84,0.0,18.23,0.0,0.188390158,18.8390158,0.0,0.0,0.0,0.0,0.0,summer,night,2.6818607441372975
2018-07-16 22:00:00,3150.08,0.0,17.35,0.0,0.18908131,18.908131,0.0,0.0,0.0,0.0,0.0,summer,night,0.0
2018-07-16 23:00:00,2931.84,0.0,16.17,0.0,0.190008082,19.000808199999998,0.0,0.0,0.0,0.0,0.0,summer,night,64.17845294329734
2018-07-17 00:00:00,2685.52,0.0,14.91,0.0,0.19099768599999997,19.099768599999997,0.0,0.0,0.0,0.0,0.0,summer,night,21.28500895293557
2018-07-17 01:00:00,2478.0,0.0,15.54,0.0,0.19050288399999998,19.0502884,0.0,0.0,0.0,0.0,0.0,summer,night,56.549105085703424
2018-07-17 02:00:00,2320.32,0.0,15.69,0.0,0.190385074,19.0385074,0.0,0.0,0.0,0.0,0.0,summer,night,13.489354264061145
2018-07-17 07:00:00,2458.56,0.0,21.58,19.185652667615173,0.185759068,18.5759068,0.0,0.0,0.0,0.0,0.09592826333807586,summer,night,19.185652667615173
2018-07-17 17:00:00,3833.44,0.0,25.32,15.907064751338703,0.182821672,18.2821672,0.0,0.0,0.0,0.0,0.07953532375669352,summer,night,15.907064751338703
2018-07-17 18:00:00,3769.44,0.0,24.02,0.0,0.183842692,18.3842692,0.0,0.0,0.0,0.0,0.0,summer,night,15.535430779473915
2018-07-17 19:00:00,3657.28,0.0,22.15,10.748585165108667,0.18531139,18.531139,0.0,0.0,0.0,0.0,0.05374292582554333,summer,night,10.748585165108667
2018-07-17 20:00:00,3526.64,0.0,21.62,8.027021635092678,0.185727652,18.5727652,0.0,0.0,0.0,0.0,0.04013510817546339,summer,night,8.027021635092678
2018-07-17 21:00:00,3419.76,0.0,22.27,13.546825497096329,0.18521714199999997,18.521714199999998,0.0,0.0,0.0,0.0,0.06773412748548165,summer,night,13.546825497096329
2018-07-17 22:00:00,3300.2400000000002,0.0,21.3,39.28671724544185,0.18597898,18.597897999999997,0.0,0.0,0.0,0.0,0.19643358622720924,summer,night,39.28671724544185
2018-07-17 23:00:00,3039.84,0.0,20.71,1.2627998741563797,0.186442366,18.6442366,0.0,0.0,0.0,0.0,0.006313999370781899,summer,night,1.2627998741563797
2018-07-18 00:00:00,2778.16,0.0,20.19,21.404508081921485,0.186850774,18.6850774,0.0,0.0,0.0,0.0,0.10702254040960742,summer,night,21.404508081921485
2018-07-18 01:00:00,2561.12,0.0,19.64,46.12576063888721,0.187282744,18.7282744,0.0,0.0,0.0,0.0,0.23062880319443604,summer,night,46.12576063888721
2018-07-18 02:00:00,2398.8,0.0,19.27,99.14976037462341,0.187573342,18.7573342,0.0,0.0,0.0,0.0,0.49574880187311704,summer,night,99.14976037462341
2018-07-18 17:00:00,4057.36,0.0,23.52,0.0,0.184235392,18.4235392,0.0,0.0,0.0,0.0,0.0,summer,night,61.5542818322758
2018-07-18 18:00:00,4052.96,0.0,22.52,0.0,0.185020792,18.502079199999997,0.0,0.0,0.0,0.0,0.0,summer,night,0.0
2018-07-18 19:00:00,3986.0,0.0,20.88,0.33343022409433254,0.186308848,18.6308848,0.0,0.0,0.0,0.0,0.0016671511204716628,summer,night,0.33343022409433254
2018-07-18 20:00:00,3849.28,0.0,20.06,20.030697700823556,0.186952876,18.6952876,0.0,0.0,0.0,0.0,0.10015348850411777,summer,night,20.030697700823556
2018-07-18 21:00:00,3722.2400000000002,0.0,19.08,25.96658989561374,0.18772256800000003,18.772256800000005,0.0,0.0,0.0,0.0,0.1298329494780687,summer,night,25.96658989561374
2018-07-18 22:00:00,3592.7200000000003,0.0,18.71,34.18516109256493,0.18801316599999998,18.8013166,0.0,0.0,0.0,0.0,0.17092580546282465,summer,night,34.18516109256493
2018-07-18 23:00:00,3308.32,0.0,17.91,13.89329856738128,0.188641486,18.8641486,0.0,0.0,0.0,0.0,0.0694664928369064,summer,night,13.89329856738128
2018-07-19 00:00:00,3010.48,0.0,17.23,13.419892052093116,0.18917555799999997,18.917555799999995,0.0,0.0,0.0,0.0,0.06709946026046558,summer,night,13.419892052093116
2018-07-19 01:00:00,2771.04,0.0,16.44,26.708791031663708,0.189796024,18.9796024,0.0,0.0,0.0,0.0,0.13354395515831854,summer,night,26.708791031663708
2018-07-19 02:00:00,2599.12,0.0,15.64,26.764249877485035,0.19042434399999997,19.042434399999998,0.0,0.0,0.0,0.0,0.13382124938742518,summer,night,26.764249877485035
2018-07-19 17:00:00,4287.84,0.0,23.53,17.736679321011284,0.184227538,18.4227538,0.0,0.0,0.0,0.0,0.08868339660505642,summer,night,17.736679321011284
2018-07-19 18:00:00,4310.96,0.0,21.79,11.062956264813186,0.185594134,18.5594134,0.0,0.0,0.0,0.0,0.055314781324065934,summer,night,11.062956264813186
2018-07-19 19:00:00,4255.84,0.0,20.4,0.0,0.18668584,18.668584,0.0,0.0,0.0,0.0,0.0,summer,night,0.0
2018-07-19 20:00:00,4115.2,0.0,19.58,2.269228171170821,0.187329868,18.732986800000003,0.0,0.0,0.0,0.0,0.011346140855854106,summer,night,2.269228171170821
2018-07-19 21:00:00,3982.48,0.0,18.81,4.517475159912789,0.187934626,18.793462599999998,0.0,0.0,0.0,0.0,0.022587375799563946,summer,night,4.517475159912789
2018-07-19 22:00:00,3836.8,0.0,17.78,16.02867931146205,0.188743588,18.8743588,0.0,0.0,0.0,0.0,0.08014339655731025,summer,night,16.02867931146205
2018-07-19 23:00:00,3532.88,0.0,16.81,20.27883807631115,0.189505426,18.950542600000002,0.0,0.0,0.0,0.0,0.10139419038155575,summer,night,20.27883807631115
2018-07-20 00:00:00,3235.2000000000003,0.0,16.16,17.445933313819427,0.190015936,19.0015936,0.0,0.0,0.0,0.0,0.08722966656909714,summer,night,17.445933313819427
2018-07-20 01:00:00,2974.8,0.0,15.38,18.774980202224793,0.190628548,19.0628548,0.0,0.0,0.0,0.0,0.09387490101112396,summer,night,18.774980202224793
2018-07-20 02:00:00,2788.48,0.0,15.11,29.303243062837893,0.190840606,19.0840606,0.0,0.0,0.0,0.0,0.14651621531418946,summer,night,29.303243062837893
2018-07-20 17:00:00,4417.4400000000005,0.0,23.73,11.621496002891291,0.18407045800000002,18.407045800000002,0.0,0.0,0.0,0.0,0.05810748001445645,summer,night,11.621496002891291
2018-07-20 18:00:00,4399.28,0.0,22.34,17.563163961134364,0.185162164,18.516216399999998,0.0,0.0,0.0,0.0,0.08781581980567182,summer,night,17.563163961134364
2018-07-20 19:00:00,4330.08,0.0,21.26,2.6850713958008843,0.18601039600000002,18.601039600000004,0.0,0.0,0.0,0.0,0.013425356979004422,summer,night,2.6850713958008843
2018-07-20 20:00:00,4188.56,0.0,20.23,9.401528320350831,0.186819358,18.681935799999998,0.0,0.0,0.0,0.0,0.047007641601754156,summer,night,9.401528320350831
2018-07-20 21:00:00,4040.4,0.0,19.28,47.1852521999183,0.18756548799999997,18.756548799999997,0.0,0.0,0.0,0.0,0.23592626099959152,summer,night,47.1852521999183
2018-07-20 22:00:00,3837.6,0.0,18.47,50.53409182645944,0.188201662,18.8201662,0.0,0.0,0.0,0.0,0.2526704591322972,summer,night,50.53409182645944
2018-07-20 23:00:00,3522.64,0.0,17.59,28.95241790213268,0.188892814,18.889281399999998,0.0,0.0,0.0,0.0,0.1447620895106634,summer,night,28.95241790213268
2018-07-21 00:00:00,3233.2000000000003,0.0,16.84,5.304246581298549,0.18948186399999997,18.948186399999997,0.0,0.0,0.0,0.0,0.026521232906492744,summer,night,5.304246581298549
2018-07-21 01:00:00,2990.64,0.0,16.15,0.0,0.19002379,19.002379,0.0,0.0,0.0,0.0,0.0,summer,night,5.374588076158751
2018-07-21 02:00:00,2804.48,0.0,15.56,3.4397910426351905,0.190487176,19.0487176,0.0,0.0,0.0,0.0,0.01719895521317595,summer,night,3.4397910426351905
2018-07-21 17:00:00,4233.68,0.0,26.38,16.580893213377475,0.181989148,18.198914799999997,0.0,0.0,0.0,0.0,0.08290446606688738,summer,night,16.580893213377475
2018-07-21 18:00:00,4253.6,0.0,24.12,14.112735148739446,0.18376415200000001,18.3764152,0.0,0.0,0.0,0.0,0.07056367574369724,summer,night,14.112735148739446
2018-07-21 19:00:00,4173.52,0.0,22.62,6.0677971302690255,0.18494225199999997,18.4942252,0.0,0.0,0.0,0.0,0.030338985651345126,summer,night,6.0677971302690255
2018-07-21 20:00:00,4022.96,0.0,21.3,13.580442061818475,0.18597898,18.597897999999997,0.0,0.0,0.0,0.0,0.06790221030909238,summer,night,13.580442061818475
2018-07-21 21:00:00,3912.96,0.0,20.29,9.118598497834236,0.186772234,18.677223400000003,0.0,0.0,0.0,0.0,0.04559299248917118,summer,night,9.118598497834236
2018-07-21 22:00:00,3780.56,0.0,19.62,2.6818607441372975,0.18729845199999998,18.729845199999996,0.0,0.0,0.0,0.0,0.013409303720686487,summer,night,2.6818607441372975
2018-07-21 23:00:00,3531.44,0.0,18.98,3.6918334490531604,0.187801108,18.7801108,0.0,0.0,0.0,0.0,0.018459167245265803,summer,night,3.6918334490531604
2018-07-22 00:00:00,3273.28,0.0,18.29,0.0,0.188343034,18.8343034,0.0,0.0,0.0,0.0,0.0,summer,night,6.673817008010803
2018-07-22 01:00:00,3032.32,0.0,17.59,0.0,0.188892814,18.889281399999998,0.0,0.0,0.0,0.0,0.0,summer,night,0.0
2018-07-22 02:00:00,2844.7200000000003,0.0,16.9,0.0,0.18943474000000002,18.943474000000002,0.0,0.0,0.0,0.0,0.0,summer,night,0.0
2018-07-22 17:00:00,3733.76,0.0,24.78,0.0,0.18324578800000002,18.3245788,0.0,0.0,0.0,0.0,0.0,summer,night,18.774980202224793
2018-07-22 18:00:00,3657.28,0.0,23.17,0.0,0.184510282,18.4510282,0.0,0.0,0.0,0.0,0.0,summer,night,17.920362691584465
2018-07-22 19:00:00,3510.96,0.0,22.48,0.0,0.185052208,18.5052208,0.0,0.0,0.0,0.0,0.0,summer,night,0.0
2018-07-22 20:00:00,3362.32,0.0,21.28,0.0,0.185994688,18.5994688,0.0,0.0,0.0,0.0,0.0,summer,night,7.4231569664735515
2018-07-22 21:00:00,3301.2000000000003,0.0,20.31,0.0,0.186756526,18.6756526,0.0,0.0,0.0,0.0,0.0,summer,night,8.460753209091823
2018-07-22 22:00:00,3203.84,0.0,19.2,0.0,0.18762832,18.762832,0.0,0.0,0.0,0.0,0.0,summer,night,0.5225607872270431
2018-07-22 23:00:00,3020.32,0.0,17.93,0.0,0.188625778,18.8625778,0.0,0.0,0.0,0.0,0.0,summer,night,26.14346782117399
2018-07-23 00:00:00,2806.8,0.0,16.95,0.0,0.18939546999999998,18.939546999999997,0.0,0.0,0.0,0.0,0.0,summer,night,46.59126762515008
2018-07-23 01:00:00,2614.2400000000002,0.0,16.39,0.0,0.18983529399999996,18.983529399999995,0.0,0.0,0.0,0.0,0.0,summer,night,32.41155695677532
2018-07-23 02:00:00,2472.16,0.0,16.27,0.0,0.18992954199999998,18.992954199999996,0.0,0.0,0.0,0.0,0.0,summer,night,31.136570244463638
2018-07-23 17:00:00,3385.44,0.0,26.83,2.192556862349435,0.181635718,18.1635718,0.0,0.0,0.0,0.0,0.010962784311747176,summer,night,2.192556862349435
2018-07-23 18:00:00,3368.16,0.0,25.55,0.0,0.18264103,18.264103000000002,0.0,0.0,0.0,0.0,0.0,summer,night,58.11765787493943
2018-07-23 19:00:00,3279.52,0.0,24.14,0.0,0.18374844399999998,18.374844399999997,0.0,0.0,0.0,0.0,0.0,summer,night,24.01733223853256
2018-07-23 20:00:00,3179.44,0.0,22.59,0.0,0.184965814,18.4965814,0.0,0.0,0.0,0.0,0.0,summer,night,5.731379176969891
2018-07-23 21:00:00,3125.04,0.0,21.68,0.6405833952856842,0.185680528,18.5680528,0.0,0.0,0.0,0.0,0.003202916976428421,summer,night,0.6405833952856842
2018-07-23 22:00:00,3030.7200000000003,0.0,21.13,0.0,0.186112498,18.6112498,0.0,0.0,0.0,0.0,0.0,summer,night,8.383440717032627
2018-07-23 23:00:00,2855.68,0.0,20.97,13.284696908980251,0.18623816199999998,18.6238162,0.0,0.0,0.0,0.0,0.06642348454490125,summer,night,13.284696908980251
2018-07-24 00:00:00,2652.64,0.0,20.88,0.0,0.186308848,18.6308848,0.0,0.0,0.0,0.0,0.0,summer,night,26.14346782117399
2018-07-24 01:00:00,2469.52,0.0,19.9,4.278948176356201,0.18707854000000002,18.707854,0.0,0.0,0.0,0.0,0.021394740881781008,summer,night,4.278948176356201
2018-07-24 02:00:00,2347.76,0.0,19.69,20.515395102504808,0.18724347399999997,18.724347399999996,0.0,0.0,0.0,0.0,0.10257697551252404,summer,night,20.515395102504808
2018-07-24 17:00:00,3623.44,0.0,25.86,5.234252859680506,0.182397556,18.2397556,0.0,0.0,0.0,0.0,0.02617126429840253,summer,night,5.234252859680506
2018-07-24 18:00:00,3647.36,0.0,24.57,7.109564757603278,0.183410722,18.3410722,0.0,0.0,0.0,0.0,0.03554782378801639,summer,night,7.109564757603278
2018-07-24 19:00:00,3567.36,0.0,22.85,0.41586756496863486,0.18476161,18.476160999999998,0.0,0.0,0.0,0.0,0.0020793378248431743,summer,night,0.41586756496863486
2018-07-24 20:00:00,3419.6800000000003,0.0,21.92,2.1545291084861837,0.185492032,18.5492032,0.0,0.0,0.0,0.0,0.010772645542430919,summer,night,2.1545291084861837
2018-07-24 21:00:00,3284.2400000000002,0.0,20.8,0.0,0.18637168,18.637168000000003,0.0,0.0,0.0,0.0,0.0,summer,night,0.0
2018-07-24 22:00:00,3133.52,0.0,19.99,0.0,0.187007854,18.7007854,0.0,0.0,0.0,0.0,0.0,summer,night,1.9256605985771742
2018-07-24 23:00:00,2875.36,0.0,19.05,0.0,0.18774612999999998,18.774613,0.0,0.0,0.0,0.0,0.0,summer,night,51.868074215735035
2018-07-25 00:00:00,2620.64,0.0,18.4,0.0,0.18825664,18.825664,0.0,0.0,0.0,0.0,0.0,summer,night,65.54987664528264
2018-07-25 01:00:00,2407.76,0.0,18.4,0.0,0.18825664,18.825664,0.0,0.0,0.0,0.0,0.0,summer,night,14.112735148739446
2018-07-25 02:00:00,2262.16,0.0,19.15,2.936805617542943,0.18766759000000002,18.766759000000004,0.0,0.0,0.0,0.0,0.014684028087714716,summer,night,2.936805617542943
2018-07-25 17:00:00,3039.92,0.0,23.13,0.0,0.184541698,18.4541698,0.0,0.0,0.0,0.0,0.0,summer,night,56.05106349591592
2018-07-25 18:00:00,3036.88,0.0,21.85,0.0,0.18554700999999998,18.554700999999998,0.0,0.0,0.0,0.0,0.0,summer,night,30.406491922954704
2018-07-25 19:00:00,2974.32,0.0,21.41,0.0,0.185892586,18.5892586,0.0,0.0,0.0,0.0,0.0,summer,night,5.731379176969891
2018-07-25 20:00:00,2894.0,0.0,20.39,0.0,0.186693694,18.6693694,0.0,0.0,0.0,0.0,0.0,summer,night,20.27883807631115
2018-07-25 21:00:00,2868.4,0.0,19.62,2.2607387914505415,0.18729845199999998,18.729845199999996,0.0,0.0,0.0,0.0,0.011303693957252708,summer,night,2.2607387914505415
2018-07-25 22:00:00,2785.36,0.0,19.03,5.016962395334023,0.18776183799999996,18.776183799999995,0.0,0.0,0.0,0.0,0.025084811976670115,summer,night,5.016962395334023
2018-07-25 23:00:00,2579.68,0.0,18.37,0.0,0.18828020199999998,18.828020199999997,0.0,0.0,0.0,0.0,0.0,summer,night,7.702029434498447
2018-07-26 00:00:00,2367.12,0.0,17.85,2.2174747393814958,0.18868861000000003,18.868861000000003,0.0,0.0,0.0,0.0,0.011087373696907479,summer,night,2.2174747393814958
2018-07-26 01:00:00,2188.7200000000003,0.0,17.36,0.0,0.189073456,18.9073456,0.0,0.0,0.0,0.0,0.0,summer,night,22.22219343806268
2018-07-26 02:00:00,2073.52,0.0,17.47,0.0,0.188987062,18.8987062,0.0,0.0,0.0,0.0,0.0,summer,night,50.7924956798079
2018-07-26 17:00:00,3200.2400000000002,0.0,25.19,10.45157317815088,0.18292377399999998,18.2923774,0.0,0.0,0.0,0.0,0.0522578658907544,summer,night,10.45157317815088
2018-07-26 18:00:00,3226.48,0.0,23.5,3.4276424671133086,0.18425109999999997,18.425109999999997,0.0,0.0,0.0,0.0,0.017138212335566543,summer,night,3.4276424671133086
2018-07-26 19:00:00,3164.0,0.0,22.21,0.0,0.185264266,18.5264266,0.0,0.0,0.0,0.0,0.0,summer,night,2.6818607441372975
2018-07-26 20:00:00,3043.28,0.0,21.15,0.0,0.18609679,18.609679,0.0,0.0,0.0,0.0,0.0,summer,night,61.50512381931236
2018-07-26 21:00:00,2976.08,0.0,20.21,28.96845335506678,0.186835066,18.6835066,0.0,0.0,0.0,0.0,0.1448422667753339,summer,night,28.96845335506678
2018-07-26 22:00:00,2882.08,0.0,19.21,13.50979787543273,0.18762046599999999,18.762046599999998,0.0,0.0,0.0,0.0,0.06754898937716365,summer,night,13.50979787543273
2018-07-26 23:00:00,2660.08,0.0,18.35,31.719044206825224,0.18829591,18.829591,0.0,0.0,0.0,0.0,0.15859522103412613,summer,night,31.719044206825224
2018-07-27 00:00:00,2430.16,0.0,18.17,3.3911857542469788,0.188437282,18.8437282,0.0,0.0,0.0,0.0,0.016955928771234894,summer,night,3.3911857542469788
2018-07-27 01:00:00,2242.16,0.0,18.49,0.0,0.18818595400000002,18.818595400000003,0.0,0.0,0.0,0.0,0.0,summer,night,0.0
2018-07-27 02:00:00,2122.56,0.0,18.32,0.0,0.188319472,18.8319472,0.0,0.0,0.0,0.0,0.0,summer,night,0.0
2018-07-27 17:00:00,3291.36,0.0,25.23,0.0,0.18289235799999998,18.289235799999997,0.0,0.0,0.0,0.0,0.0,summer,night,0.0
2018-07-27 18:00:00,3323.92,0.0,23.61,0.0,0.18416470599999998,18.416470599999997,0.0,0.0,0.0,0.0,0.0,summer,night,54.615043376649105
2018-07-27 19:00:00,3282.64,0.0,23.16,12.049979155870092,0.18451813600000003,18.4518136,0.0,0.0,0.0,0.0,0.060249895779350464,summer,night,12.049979155870092
2018-07-27 20:00:00,3224.16,0.0,22.22,0.0,0.185256412,18.525641200000003,0.0,0.0,0.0,0.0,0.0,summer,night,36.697711388700235
2018-07-27 21:00:00,3200.96,0.0,21.49,0.0,0.18582975399999999,18.5829754,0.0,0.0,0.0,0.0,0.0,summer,night,0.0
2018-07-27 22:00:00,3114.56,0.0,20.41,0.0,0.186677986,18.667798599999998,0.0,0.0,0.0,0.0,0.0,summer,night,0.0
2018-07-27 23:00:00,2893.44,0.0,19.32,0.0,0.187534072,18.753407199999998,0.0,0.0,0.0,0.0,0.0,summer,night,0.0
2018-07-28 00:00:00,2654.16,0.0,18.37,0.0,0.18828020199999998,18.828020199999997,0.0,0.0,0.0,0.0,0.0,summer,night,0.0
2018-07-28 01:00:00,2451.04,0.0,17.76,0.0,0.18875929600000002,18.875929600000003,0.0,0.0,0.0,0.0,0.0,summer,night,0.0
2018-07-28 02:00:00,2308.88,0.0,17.35,0.0,0.18908131,18.908131,0.0,0.0,0.0,0.0,0.0,summer,night,0.0
2018-07-28 17:00:00,3383.52,0.0,24.23,0.0,0.183677758,18.3677758,0.0,0.0,0.0,0.0,0.0,summer,night,13.580442061818475
2018-07-28 18:00:00,3321.84,0.0,23.09,7.119922944952669,0.18457311399999998,18.4573114,0.0,0.0,0.0,0.0,0.03559961472476334,summer,night,7.119922944952669
2018-07-28 19:00:00,3208.88,0.0,22.32,2.51577894260172,0.18517787200000002,18.5177872,0.0,0.0,0.0,0.0,0.012578894713008599,summer,night,2.51577894260172
2018-07-28 20:00:00,3105.12,0.0,21.26,0.0,0.18601039600000002,18.601039600000004,0.0,0.0,0.0,0.0,0.0,summer,night,46.59126762515008
2018-07-28 21:00:00,3059.92,0.0,20.34,0.0,0.186732964,18.6732964,0.0,0.0,0.0,0.0,0.0,summer,night,0.0
2018-07-28 22:00:00,2952.16,0.0,19.37,0.0,0.187494802,18.749480199999997,0.0,0.0,0.0,0.0,0.0,summer,night,0.0
2018-07-28 23:00:00,2767.12,0.0,18.31,0.0,0.18832732600000002,18.8327326,0.0,0.0,0.0,0.0,0.0,summer,night,1.256618848801781
2018-07-29 00:00:00,2566.2400000000002,0.0,17.49,0.0,0.188971354,18.8971354,0.0,0.0,0.0,0.0,0.0,summer,night,0.0
2018-07-29 01:00:00,2375.12,0.0,16.92,0.0,0.189419032,18.9419032,0.0,0.0,0.0,0.0,0.0,summer,night,0.0
2018-07-29 02:00:00,2235.36,0.0,16.53,0.0,0.189725338,18.9725338,0.0,0.0,0.0,0.0,0.0,summer,night,18.692052574005352
2018-07-29 17:00:00,2474.48,0.0,27.03,5.983661766650973,0.181478638,18.1478638,0.0,0.0,0.0,0.0,0.029918308833254862,summer,night,5.983661766650973
2018-07-29 18:00:00,2511.6,0.0,25.49,10.196415966071825,0.182688154,18.268815399999998,0.0,0.0,0.0,0.0,0.05098207983035913,summer,night,10.196415966071825
2018-07-29 19:00:00,2499.04,0.0,23.92,14.496901080135991,0.183921232,18.3921232,0.0,0.0,0.0,0.0,0.07248450540067995,summer,night,14.496901080135991
2018-07-29 20:00:00,2455.04,0.0,22.78,9.376775048409952,0.184816588,18.4816588,0.0,0.0,0.0,0.0,0.04688387524204976,summer,night,9.376775048409952
2018-07-29 21:00:00,2444.32,0.0,21.81,2.4714211853583055,0.185578426,18.5578426,0.0,0.0,0.0,0.0,0.012357105926791527,summer,night,2.4714211853583055
2018-07-29 22:00:00,2412.08,0.0,21.05,0.0,0.18617533,18.617533,0.0,0.0,0.0,0.0,0.0,summer,night,5.304246581298549
2018-07-29 23:00:00,2275.76,0.0,20.4,0.0,0.18668584,18.668584,0.0,0.0,0.0,0.0,0.0,summer,night,3.2329409734741943
2018-07-30 00:00:00,2109.84,0.0,19.82,0.20461449903730275,0.187141372,18.7141372,0.0,0.0,0.0,0.0,0.0010230724951865138,summer,night,0.20461449903730275
2018-07-30 01:00:00,1952.32,0.0,19.24,0.0,0.187596904,18.7596904,0.0,0.0,0.0,0.0,0.0,summer,night,10.748585165108667
2018-07-30 02:00:00,1841.92,0.0,18.36,3.6766454566230764,0.18828805599999998,18.8288056,0.0,0.0,0.0,0.0,0.01838322728311538,summer,night,3.6766454566230764
2018-07-30 17:00:00,2772.2400000000002,0.0,28.14,38.799664987036024,0.180606844,18.0606844,0.0,0.0,0.0,0.0,0.19399832493518013,summer,night,38.799664987036024
2018-07-30 18:00:00,2863.92,0.0,26.46,60.16300096007235,0.18192631599999998,18.1926316,0.0,0.0,0.0,0.0,0.3008150048003618,summer,night,60.16300096007235
2018-07-30 19:00:00,2881.36,0.0,24.98,53.14788580823388,0.183088708,18.308870799999998,0.0,0.0,0.0,0.0,0.26573942904116943,summer,night,53.14788580823388
2018-07-30 20:00:00,2801.92,0.0,24.03,43.26938004603689,0.183834838,18.3834838,0.0,0.0,0.0,0.0,0.21634690023018446,summer,night,43.26938004603689
2018-07-30 21:00:00,2732.96,0.0,23.16,34.672549759074286,0.18451813600000003,18.4518136,0.0,0.0,0.0,0.0,0.17336274879537142,summer,night,34.672549759074286
2018-07-30 22:00:00,2652.8,0.0,22.41,5.5973902539038765,0.185107186,18.5107186,0.0,0.0,0.0,0.0,0.027986951269519382,summer,night,5.5973902539038765
2018-07-30 23:00:00,2457.92,0.0,21.71,0.0,0.18565696599999998,18.5656966,0.0,0.0,0.0,0.0,0.0,summer,night,1.2627998741563797
2018-07-31 00:00:00,2243.76,0.0,21.08,25.410270905624348,0.186151768,18.6151768,0.0,0.0,0.0,0.0,0.12705135452812175,summer,night,25.410270905624348
2018-07-31 01:00:00,2066.88,0.0,20.38,53.88938382104058,0.186701548,18.6701548,0.0,0.0,0.0,0.0,0.2694469191052029,summer,night,53.88938382104058
2018-07-31 02:00:00,1956.48,0.0,19.69,86.81390555230311,0.18724347399999997,18.724347399999996,0.0,0.0,0.0,0.0,0.4340695277615156,summer,night,86.81390555230311
2018-07-31 17:00:00,3628.16,0.0,24.7,40.17311016834591,0.18330861999999998,18.330861999999996,0.0,0.0,0.0,0.0,0.20086555084172952,summer,night,40.17311016834591
2018-07-31 18:00:00,3698.32,0.0,23.38,53.658783642841975,0.184345348,18.434534799999998,0.0,0.0,0.0,0.0,0.2682939182142099,summer,night,53.658783642841975
2018-07-31 19:00:00,3659.36,0.0,19.45,33.43688642642993,0.18743197,18.743197000000002,0.0,0.0,0.0,0.0,0.16718443213214965,summer,night,33.43688642642993
2018-07-31 20:00:00,3519.36,0.0,19.32,12.569336441999974,0.187534072,18.753407199999998,0.0,0.0,0.0,0.0,0.06284668220999987,summer,night,12.569336441999974
2018-07-31 21:00:00,3390.48,0.0,19.06,14.109005867916308,0.187738276,18.7738276,0.0,0.0,0.0,0.0,0.07054502933958154,summer,night,14.109005867916308
2018-07-31 22:00:00,3230.32,0.0,18.87,31.200199867285644,0.18788750199999998,18.7887502,0.0,0.0,0.0,0.0,0.15600099933642822,summer,night,31.200199867285644
2018-07-31 23:00:00,2947.28,0.0,19.05,36.990653140675825,0.18774612999999998,18.774613,0.0,0.0,0.0,0.0,0.1849532657033791,summer,night,36.990653140675825
2018-08-01 00:00:00,2667.36,0.0,18.88,54.45808323538009,0.187879648,18.7879648,0.0,0.0,0.0,0.0,0.2722904161769004,summer,night,54.45808323538009
2018-08-01 01:00:00,2431.68,0.0,18.28,54.91103401648177,0.18835088799999997,18.835088799999998,0.0,0.0,0.0,0.0,0.2745551700824089,summer,night,54.91103401648177
2018-08-01 02:00:00,2275.44,0.0,17.67,55.05344678030211,0.188829982,18.8829982,0.0,0.0,0.0,0.0,0.27526723390151053,summer,night,55.05344678030211
2018-08-01 17:00:00,3917.36,0.0,26.5,56.549105085703424,0.1818949,18.18949,0.0,0.0,0.0,0.0,0.2827455254285171,summer,night,56.549105085703424
2018-08-01 18:00:00,3906.64,0.0,24.66,53.04912123816874,0.18334003599999998,18.3340036,0.0,0.0,0.0,0.0,0.2652456061908437,summer,night,53.04912123816874
2018-08-01 19:00:00,3783.76,0.0,23.39,71.7415617422393,0.184337494,18.4337494,0.0,0.0,0.0,0.0,0.3587078087111965,summer,night,71.7415617422393
2018-08-01 20:00:00,3607.2000000000003,0.0,22.2,27.997421971741243,0.18527211999999998,18.527212,0.0,0.0,0.0,0.0,0.13998710985870622,summer,night,27.997421971741243
2018-08-01 21:00:00,3507.44,0.0,21.47,58.982650999474885,0.18584546200000002,18.584546200000002,0.0,0.0,0.0,0.0,0.2949132549973744,summer,night,58.982650999474885
2018-08-01 22:00:00,3348.0,0.0,20.72,64.8034143399213,0.18643451199999997,18.643451199999998,0.0,0.0,0.0,0.0,0.32401707169960653,summer,night,64.8034143399213
2018-08-01 23:00:00,3077.84,0.0,20.07,67.35757013556126,0.186945022,18.6945022,0.0,0.0,0.0,0.0,0.3367878506778063,summer,night,67.35757013556126
2018-08-02 00:00:00,2810.08,0.0,19.47,92.73263941846211,0.18741626200000003,18.741626200000002,0.0,0.0,0.0,0.0,0.4636631970923106,summer,night,92.73263941846211
2018-08-02 01:00:00,2581.04,0.0,18.86,62.709610303660675,0.18789535599999999,18.789535599999997,0.0,0.0,0.0,0.0,0.3135480515183034,summer,night,62.709610303660675
2018-08-02 02:00:00,2421.28,0.0,18.37,55.879210476982934,0.18828020199999998,18.828020199999997,0.0,0.0,0.0,0.0,0.27939605238491466,summer,night,55.879210476982934
2018-08-02 17:00:00,3470.08,0.0,24.24,162.46466280831544,0.18366990399999997,18.366990399999995,0.0,0.0,0.0,0.0,0.8123233140415772,summer,night,162.46466280831544
2018-08-02 18:00:00,3384.64,0.0,23.52,176.71739525007806,0.184235392,18.4235392,0.0,0.0,0.0,0.0,0.8835869762503903,summer,night,176.71739525007806
2018-08-02 19:00:00,3269.84,0.0,22.17,23.71567872895739,0.185295682,18.5295682,0.0,0.0,0.0,0.0,0.11857839364478695,summer,night,23.71567872895739
2018-08-02 20:00:00,3148.16,0.0,21.62,127.0211414435818,0.185727652,18.5727652,0.0,0.0,0.0,0.0,0.6351057072179089,summer,night,127.0211414435818
2018-08-02 21:00:00,3095.92,0.0,21.2,150.30921365058688,0.18605751999999998,18.605752,0.0,0.0,0.0,0.0,0.7515460682529345,summer,night,150.30921365058688
2018-08-02 22:00:00,2987.68,0.0,20.84,127.81502819942746,0.186340264,18.6340264,0.0,0.0,0.0,0.0,0.6390751409971372,summer,night,127.81502819942746
2018-08-02 23:00:00,2764.4,0.0,20.38,101.24992282711065,0.186701548,18.6701548,0.0,0.0,0.0,0.0,0.5062496141355532,summer,night,101.24992282711065
2018-08-03 00:00:00,2531.68,0.0,19.73,91.44235371419985,0.187212058,18.7212058,0.0,0.0,0.0,0.0,0.45721176857099927,summer,night,91.44235371419985
2018-08-03 01:00:00,2335.12,0.0,19.36,118.16570424612752,0.18750265600000002,18.750265600000002,0.0,0.0,0.0,0.0,0.5908285212306376,summer,night,118.16570424612752
2018-08-03 02:00:00,2206.7200000000003,0.0,19.07,69.49144613528723,0.18773042199999998,18.7730422,0.0,0.0,0.0,0.0,0.3474572306764362,summer,night,69.49144613528723
2018-08-03 17:00:00,3799.2000000000003,0.0,25.64,172.791324778464,0.182570344,18.2570344,0.0,0.0,0.0,0.0,0.86395662389232,summer,night,172.791324778464
2018-08-03 18:00:00,3714.88,0.0,24.16,162.6818551536317,0.18373273599999998,18.373273599999997,0.0,0.0,0.0,0.0,0.8134092757681585,summer,night,162.6818551536317
2018-08-03 19:00:00,3554.32,0.0,22.84,0.0,0.184769464,18.4769464,0.0,0.0,0.0,0.0,0.0,summer,night,23.021271789235275
2018-08-03 20:00:00,3380.48,0.0,22.05,176.22259045177324,0.18538992999999998,18.538992999999998,0.0,0.0,0.0,0.0,0.8811129522588662,summer,night,176.22259045177324
2018-08-03 21:00:00,3296.8,0.0,21.41,0.0,0.185892586,18.5892586,0.0,0.0,0.0,0.0,0.0,summer,night,19.520431767923508
2018-08-03 22:00:00,3162.0,0.0,20.77,171.89997059370882,0.18639524200000002,18.6395242,0.0,0.0,0.0,0.0,0.859499852968544,summer,night,171.89997059370882
2018-08-03 23:00:00,2919.2000000000003,0.0,20.07,172.81332768685567,0.186945022,18.6945022,0.0,0.0,0.0,0.0,0.8640666384342783,summer,night,172.81332768685567
2018-08-04 00:00:00,2683.12,0.0,19.47,162.7485427564219,0.18741626200000003,18.741626200000002,0.0,0.0,0.0,0.0,0.8137427137821095,summer,night,162.7485427564219
2018-08-04 01:00:00,2462.48,0.0,18.8,155.53798964996082,0.18794248,18.794248,0.0,0.0,0.0,0.0,0.7776899482498041,summer,night,155.53798964996082
2018-08-04 02:00:00,2321.2000000000003,0.0,18.21,175.8957593717483,0.18840586599999998,18.840586599999998,0.0,0.0,0.0,0.0,0.8794787968587415,summer,night,175.8957593717483
2018-08-04 17:00:00,3848.0,0.0,25.83,140.74048216835544,0.182421118,18.2421118,0.0,0.0,0.0,0.0,0.7037024108417772,summer,night,140.74048216835544
2018-08-04 18:00:00,3825.52,0.0,24.53,156.87638474372886,0.183442138,18.344213800000002,0.0,0.0,0.0,0.0,0.7843819237186443,summer,night,156.87638474372886
2018-08-04 19:00:00,3691.28,0.0,23.06,159.39702095716325,0.18459667600000002,18.459667600000003,0.0,0.0,0.0,0.0,0.7969851047858163,summer,night,159.39702095716325
2018-08-04 20:00:00,3488.48,0.0,21.41,173.99655075449957,0.185892586,18.5892586,0.0,0.0,0.0,0.0,0.8699827537724978,summer,night,173.99655075449957
2018-08-04 21:00:00,3349.04,0.0,20.63,164.14523646531777,0.18650519799999998,18.650519799999998,0.0,0.0,0.0,0.0,0.8207261823265888,summer,night,164.14523646531777
2018-08-04 22:00:00,3200.4,0.0,20.08,153.50729698620057,0.186937168,18.693716799999997,0.0,0.0,0.0,0.0,0.7675364849310029,summer,night,153.50729698620057
2018-08-04 23:00:00,2973.92,0.0,19.52,164.38820191434817,0.187376992,18.737699199999998,0.0,0.0,0.0,0.0,0.8219410095717409,summer,night,164.38820191434817
2018-08-05 00:00:00,2744.8,0.0,18.79,164.07259656058818,0.187950334,18.7950334,0.0,0.0,0.0,0.0,0.820362982802941,summer,night,164.07259656058818
2018-08-05 01:00:00,2537.6,0.0,17.98,171.17097726410128,0.18858650799999999,18.8586508,0.0,0.0,0.0,0.0,0.8558548863205064,summer,night,171.17097726410128
2018-08-05 02:00:00,2398.8,0.0,17.4,177.64887595096343,0.18904204,18.904204,0.0,0.0,0.0,0.0,0.8882443797548172,summer,night,177.64887595096343
2018-08-05 17:00:00,2819.28,0.0,26.5,135.4342898753233,0.1818949,18.18949,0.0,0.0,0.0,0.0,0.6771714493766164,summer,night,135.4342898753233
2018-08-05 18:00:00,2833.12,0.0,25.04,126.01240204562649,0.183041584,18.304158400000002,0.0,0.0,0.0,0.0,0.6300620102281325,summer,night,126.01240204562649
2018-08-05 19:00:00,2774.88,0.0,23.13,143.41441137166032,0.184541698,18.4541698,0.0,0.0,0.0,0.0,0.7170720568583016,summer,night,143.41441137166032
2018-08-05 20:00:00,2654.48,0.0,21.89,177.414263121152,0.185515594,18.551559400000002,0.0,0.0,0.0,0.0,0.88707131560576,summer,night,177.414263121152
2018-08-05 21:00:00,2593.2000000000003,0.0,20.94,178.9779486003497,0.18626172400000002,18.6261724,0.0,0.0,0.0,0.0,0.8948897430017485,summer,night,178.9779486003497
2018-08-05 22:00:00,2516.48,0.0,20.28,148.57991840194458,0.186780088,18.6780088,0.0,0.0,0.0,0.0,0.7428995920097229,summer,night,148.57991840194458
2018-08-05 23:00:00,2360.96,0.0,19.65,157.90821810338497,0.18727489000000003,18.727489000000002,0.0,0.0,0.0,0.0,0.7895410905169249,summer,night,157.90821810338497
2018-08-06 00:00:00,2182.88,0.0,19.06,121.8800982530412,0.187738276,18.7738276,0.0,0.0,0.0,0.0,0.609400491265206,summer,night,121.8800982530412
2018-08-06 01:00:00,2024.32,0.0,18.46,110.538538495151,0.18820951599999997,18.820951599999997,0.0,0.0,0.0,0.0,0.552692692475755,summer,night,110.538538495151
2018-08-06 02:00:00,1904.32,0.0,17.91,114.28685213715036,0.188641486,18.8641486,0.0,0.0,0.0,0.0,0.5714342606857518,summer,night,114.28685213715036
2018-08-06 03:00:00,1828.48,0.88,17.28,123.97669053664627,0.18909789066666666,18.909789066666665,0.0,0.0,0.0,0.0,0.6198834526832314,summer,night,123.97669053664627
2018-08-06 17:00:00,2597.84,0.0,26.4,84.67144053847497,0.18197344000000001,18.197344,0.0,0.0,0.0,0.0,0.42335720269237487,summer,night,84.67144053847497
2018-08-06 18:00:00,2641.28,0.0,25.01,76.04119674393354,0.18306514599999998,18.3065146,0.0,0.0,0.0,0.0,0.3802059837196677,summer,night,76.04119674393354
2018-08-06 19:00:00,2637.2000000000003,0.0,23.46,104.25027699615323,0.184282516,18.4282516,0.0,0.0,0.0,0.0,0.5212513849807662,summer,night,104.25027699615323
2018-08-06 20:00:00,2586.64,0.0,22.58,104.38524029043825,0.184973668,18.4973668,0.0,0.0,0.0,0.0,0.5219262014521913,summer,night,104.38524029043825
2018-08-06 21:00:00,2610.2400000000002,0.0,21.84,112.87942973738596,0.185554864,18.555486400000003,0.0,0.0,0.0,0.0,0.5643971486869298,summer,night,112.87942973738596
2018-08-06 22:00:00,2549.52,0.0,21.11,107.20629197101252,0.186128206,18.6128206,0.0,0.0,0.0,0.0,0.5360314598550626,summer,night,107.20629197101252
2018-08-06 23:00:00,2395.68,0.0,20.5,104.99346614158851,0.1866073,18.66073,0.0,0.0,0.0,0.0,0.5249673307079425,summer,night,104.99346614158851
2018-08-07 00:00:00,2216.88,0.0,19.66,106.34403254115568,0.187267036,18.7267036,0.0,0.0,0.0,0.0,0.5317201627057784,summer,night,106.34403254115568
2018-08-07 01:00:00,2065.84,0.0,18.97,125.68332824491173,0.18780896200000002,18.7808962,0.0,0.0,0.0,0.0,0.6284166412245586,summer,night,125.68332824491173
2018-08-07 02:00:00,1970.96,0.0,18.5,110.11811928686967,0.1881781,18.817809999999998,0.0,0.0,0.0,0.0,0.5505905964343484,summer,night,110.11811928686967
2018-08-07 03:00:00,1918.64,0.88,18.07,112.09086489712402,0.18847742466666664,18.847742466666663,0.0,0.0,0.0,0.0,0.5604543244856202,summer,night,112.09086489712402
2018-08-07 06:00:00,2069.76,0.0,22.17,68.88928169140746,0.185295682,18.5295682,0.0,0.0,0.0,0.0,0.34444640845703733,summer,night,68.88928169140746
2018-08-07 17:00:00,2688.96,0.0,23.98,126.04943724404944,0.183874108,18.3874108,0.0,0.0,0.0,0.0,0.6302471862202472,summer,night,126.04943724404944
2018-08-07 18:00:00,2703.68,0.0,22.94,108.08498993738641,0.18469092399999998,18.469092399999997,0.0,0.0,0.0,0.0,0.540424949686932,summer,night,108.08498993738641
2018-08-07 19:00:00,2679.12,0.0,22.11,150.78470680532817,0.185342806,18.5342806,0.0,0.0,0.0,0.0,0.7539235340266408,summer,night,150.78470680532817
2018-08-07 20:00:00,2655.12,0.0,21.09,173.19576611718034,0.186143914,18.6143914,0.0,0.0,0.0,0.0,0.8659788305859017,summer,night,173.19576611718034
2018-08-07 21:00:00,2666.0,0.0,20.43,150.87397921160797,0.186662278,18.666227799999998,0.0,0.0,0.0,0.0,0.7543698960580398,summer,night,150.87397921160797
2018-08-07 22:00:00,2583.04,0.0,20.09,125.665362233762,0.18692931399999999,18.6929314,0.0,0.0,0.0,0.0,0.62832681116881,summer,night,125.665362233762
2018-08-07 23:00:00,2406.16,0.0,19.67,126.01394164307344,0.187259182,18.7259182,0.0,0.0,0.0,0.0,0.6300697082153672,summer,night,126.01394164307344
2018-08-08 00:00:00,2233.2000000000003,0.0,18.91,124.94416387390405,0.187856086,18.7856086,0.0,0.0,0.0,0.0,0.6247208193695202,summer,night,124.94416387390405
2018-08-08 01:00:00,2077.52,0.0,18.33,111.04562370458558,0.18831161800000001,18.8311618,0.0,0.0,0.0,0.0,0.5552281185229279,summer,night,111.04562370458558
2018-08-08 02:00:00,1982.88,0.0,17.65,113.53065521171284,0.18884569,18.884569000000003,0.0,0.0,0.0,0.0,0.5676532760585642,summer,night,113.53065521171284
2018-08-08 17:00:00,2983.36,0.0,25.27,119.393381674693,0.182860942,18.2860942,0.0,0.0,0.0,0.0,0.596966908373465,summer,night,119.393381674693
2018-08-08 18:00:00,3040.32,0.0,23.67,94.33823346752821,0.18411758199999997,18.411758199999998,0.0,0.0,0.0,0.0,0.47169116733764105,summer,night,94.33823346752821
2018-08-08 19:00:00,3028.08,0.0,22.06,157.11830763070873,0.18538207599999998,18.538207599999996,0.0,0.0,0.0,0.0,0.7855915381535437,summer,night,157.11830763070873
2018-08-08 20:00:00,2921.2000000000003,0.0,21.13,146.57450180650252,0.186112498,18.6112498,0.0,0.0,0.0,0.0,0.7328725090325127,summer,night,146.57450180650252
2018-08-08 21:00:00,2866.4,0.0,20.12,106.70218897395452,0.186905752,18.6905752,0.0,0.0,0.0,0.0,0.5335109448697726,summer,night,106.70218897395452
2018-08-08 22:00:00,2752.2400000000002,0.0,19.2,129.36436026620862,0.18762832,18.762832,0.0,0.0,0.0,0.0,0.6468218013310431,summer,night,129.36436026620862
2018-08-08 23:00:00,2528.88,0.0,18.3,107.43902576457033,0.18833518,18.833517999999998,0.0,0.0,0.0,0.0,0.5371951288228517,summer,night,107.43902576457033
2018-08-09 00:00:00,2297.44,0.0,17.36,141.3687227863131,0.189073456,18.9073456,0.0,0.0,0.0,0.0,0.7068436139315655,summer,night,141.3687227863131
2018-08-09 01:00:00,2114.56,0.0,16.43,151.53503628852783,0.18980387799999998,18.9803878,0.0,0.0,0.0,0.0,0.7576751814426391,summer,night,151.53503628852783
2018-08-09 02:00:00,1991.8400000000001,0.0,15.54,105.80339138107166,0.19050288399999998,19.0502884,0.0,0.0,0.0,0.0,0.5290169569053583,summer,night,105.80339138107166
2018-08-09 03:00:00,1913.68,0.88,14.97,141.87276516929813,0.19091216466666666,19.091216466666665,0.0,0.0,0.0,0.0,0.7093638258464907,summer,night,141.87276516929813
2018-08-09 17:00:00,3317.84,0.0,24.57,158.77459929018522,0.183410722,18.3410722,0.0,0.0,0.0,0.0,0.7938729964509261,summer,night,158.77459929018522
2018-08-09 18:00:00,3364.56,0.0,22.85,161.54351074541898,0.18476161,18.476160999999998,0.0,0.0,0.0,0.0,0.807717553727095,summer,night,161.54351074541898
2018-08-09 19:00:00,3295.04,0.0,21.3,173.9759419697799,0.18597898,18.597897999999997,0.0,0.0,0.0,0.0,0.8698797098488995,summer,night,173.9759419697799
2018-08-09 20:00:00,3142.64,0.0,20.57,177.9374231826679,0.186552322,18.6552322,0.0,0.0,0.0,0.0,0.8896871159133396,summer,night,177.9374231826679
2018-08-09 21:00:00,3059.6,0.0,20.06,161.67609796805348,0.186952876,18.6952876,0.0,0.0,0.0,0.0,0.8083804898402674,summer,night,161.67609796805348
2018-08-09 22:00:00,2913.92,0.0,19.43,157.14387464657594,0.187447678,18.7447678,0.0,0.0,0.0,0.0,0.7857193732328797,summer,night,157.14387464657594
2018-08-09 23:00:00,2657.76,0.0,18.75,130.03023010050148,0.18798174999999998,18.798174999999997,0.0,0.0,0.0,0.0,0.6501511505025074,summer,night,130.03023010050148
2018-08-10 00:00:00,2407.68,0.0,18.03,172.77900799889036,0.18854723799999998,18.8547238,0.0,0.0,0.0,0.0,0.8638950399944518,summer,night,172.77900799889036
2018-08-10 01:00:00,2203.28,0.0,17.42,172.23727578549716,0.18902633200000002,18.9026332,0.0,0.0,0.0,0.0,0.8611863789274858,summer,night,172.23727578549716
2018-08-10 02:00:00,2069.6,0.0,16.83,178.1129615372214,0.189489718,18.9489718,0.0,0.0,0.0,0.0,0.890564807686107,summer,night,178.1129615372214
2018-08-10 03:00:00,1985.04,0.88,16.3,174.8840862526741,0.18986758266666667,18.986758266666666,0.0,0.0,0.0,0.0,0.8744204312633705,summer,night,174.8840862526741
2018-08-10 17:00:00,3357.6800000000003,0.0,24.85,171.2065819704084,0.18319081,18.319081,0.0,0.0,0.0,0.0,0.856032909852042,summer,night,171.2065819704084
2018-08-10 18:00:00,3327.12,0.0,23.35,177.60518532735773,0.18436891,18.436891,0.0,0.0,0.0,0.0,0.8880259266367887,summer,night,177.60518532735773
2018-08-10 19:00:00,3220.2400000000002,0.0,21.86,177.49315839818473,0.18553915599999998,18.5539156,0.0,0.0,0.0,0.0,0.8874657919909237,summer,night,177.49315839818473
2018-08-10 20:00:00,3084.88,0.0,20.7,178.94904781048396,0.18645022000000003,18.645022000000004,0.0,0.0,0.0,0.0,0.8947452390524198,summer,night,178.94904781048396
2018-08-10 21:00:00,3042.0,0.0,19.39,178.9326092739664,0.18747909399999999,18.747909399999998,0.0,0.0,0.0,0.0,0.894663046369832,summer,night,178.9326092739664
2018-08-10 22:00:00,2912.88,0.0,18.11,178.93177279976334,0.188484406,18.8484406,0.0,0.0,0.0,0.0,0.8946588639988167,summer,night,178.93177279976334
2018-08-10 23:00:00,2676.96,0.0,16.92,178.8566355952383,0.189419032,18.9419032,0.0,0.0,0.0,0.0,0.8942831779761914,summer,night,178.8566355952383
2018-08-11 00:00:00,2435.2000000000003,0.0,15.84,178.45915275206852,0.190267264,19.026726399999998,0.0,0.0,0.0,0.0,0.8922957637603426,summer,night,178.45915275206852
2018-08-11 01:00:00,2242.4,0.0,14.88,178.79894312083752,0.19102124799999998,19.1021248,0.0,0.0,0.0,0.0,0.8939947156041876,summer,night,178.79894312083752
2018-08-11 02:00:00,2119.04,0.0,14.09,178.92029249439275,0.19164171399999996,19.164171399999997,0.0,0.0,0.0,0.0,0.8946014624719638,summer,night,178.92029249439275
2018-08-11 03:00:00,2040.96,0.88,13.45,178.84978620502238,0.19210597266666668,19.210597266666667,0.0,0.0,0.0,0.0,0.8942489310251119,summer,night,178.84978620502238
2018-08-11 17:00:00,3247.6,0.0,24.27,176.9185006204982,0.183646342,18.364634199999998,0.0,0.0,0.0,0.0,0.884592503102491,summer,night,176.9185006204982
2018-08-11 18:00:00,3219.12,0.0,22.45,178.45577048681133,0.18507577,18.507577,0.0,0.0,0.0,0.0,0.8922788524340567,summer,night,178.45577048681133
2018-08-11 19:00:00,3109.44,0.0,20.85,177.55686378859735,0.18633241,18.633241,0.0,0.0,0.0,0.0,0.8877843189429868,summer,night,177.55686378859735
2018-08-11 20:00:00,3016.32,0.0,19.43,173.6871522817846,0.187447678,18.7447678,0.0,0.0,0.0,0.0,0.868435761408923,summer,night,173.6871522817846
2018-08-11 21:00:00,2977.12,0.0,18.38,178.43719833493455,0.188272348,18.8272348,0.0,0.0,0.0,0.0,0.8921859916746727,summer,night,178.43719833493455
2018-08-11 22:00:00,2856.2400000000002,0.0,17.53,178.96672287408472,0.18893993800000003,18.893993800000004,0.0,0.0,0.0,0.0,0.8948336143704236,summer,night,178.96672287408472
2018-08-11 23:00:00,2668.7200000000003,0.0,16.74,178.92660848076886,0.189560404,18.9560404,0.0,0.0,0.0,0.0,0.8946330424038443,summer,night,178.92660848076886
2018-08-12 00:00:00,2473.28,0.0,15.95,178.95187242627227,0.19018087,19.018087,0.0,0.0,0.0,0.0,0.8947593621313614,summer,night,178.95187242627227
2018-08-12 01:00:00,2296.88,0.0,15.19,178.07775688379436,0.190777774,19.077777400000002,0.0,0.0,0.0,0.0,0.8903887844189718,summer,night,178.07775688379436
2018-08-12 02:00:00,2165.28,0.0,14.29,178.32274684285338,0.191484634,19.148463399999997,0.0,0.0,0.0,0.0,0.8916137342142669,summer,night,178.32274684285338
2018-08-12 03:00:00,2075.52,0.0,13.4,178.32954774181061,0.19218364,19.218363999999998,0.0,0.0,0.0,0.0,0.8916477387090531,summer,night,178.32954774181061
2018-08-12 17:00:00,3011.28,0.0,24.2,161.99627362289564,0.18370132,18.370132,0.0,0.0,0.0,0.0,0.8099813681144782,summer,night,161.99627362289564
2018-08-12 18:00:00,3024.2400000000002,0.0,22.38,130.29723509076643,0.18513074799999998,18.5130748,0.0,0.0,0.0,0.0,0.6514861754538321,summer,night,130.29723509076643
2018-08-12 19:00:00,2976.32,0.0,20.77,171.85026705409078,0.18639524200000002,18.6395242,0.0,0.0,0.0,0.0,0.8592513352704539,summer,night,171.85026705409078
2018-08-12 20:00:00,2914.08,0.0,19.55,177.28500967251603,0.18735343,18.735343,0.0,0.0,0.0,0.0,0.8864250483625802,summer,night,177.28500967251603
2018-08-12 21:00:00,2881.12,0.0,18.65,169.97702550558884,0.18806029,18.806029,0.0,0.0,0.0,0.0,0.8498851275279442,summer,night,169.97702550558884
2018-08-12 22:00:00,2793.92,0.0,18.02,169.98974233804256,0.188555092,18.8555092,0.0,0.0,0.0,0.0,0.8499487116902128,summer,night,169.98974233804256
2018-08-12 23:00:00,2640.32,0.0,17.4,170.89708651517708,0.18904204,18.904204,0.0,0.0,0.0,0.0,0.8544854325758854,summer,night,170.89708651517708
2018-08-13 00:00:00,2465.52,0.0,16.69,176.57469760011588,0.18959967400000002,18.959967400000004,0.0,0.0,0.0,0.0,0.8828734880005794,summer,night,176.57469760011588
2018-08-13 01:00:00,2300.48,0.0,15.96,169.06124384953378,0.190173016,19.0173016,0.0,0.0,0.0,0.0,0.8453062192476689,summer,night,169.06124384953378
2018-08-13 02:00:00,2180.32,0.0,15.26,178.27796516593895,0.190722796,19.0722796,0.0,0.0,0.0,0.0,0.8913898258296947,summer,night,178.27796516593895
2018-08-13 03:00:00,2083.36,0.0,14.64,165.2378536170819,0.19120974400000001,19.1209744,0.0,0.0,0.0,0.0,0.8261892680854095,summer,night,165.2378536170819
2018-08-13 17:00:00,3107.36,0.0,23.99,126.8179509490606,0.183866254,18.3866254,0.0,0.0,0.0,0.0,0.634089754745303,summer,night,126.8179509490606
2018-08-13 18:00:00,3155.04,0.0,22.39,143.64281732042724,0.185122894,18.5122894,0.0,0.0,0.0,0.0,0.7182140866021363,summer,night,143.64281732042724
2018-08-13 19:00:00,3117.6,0.0,21.07,146.03727928011858,0.186159622,18.6159622,0.0,0.0,0.0,0.0,0.7301863964005929,summer,night,146.03727928011858
2018-08-13 20:00:00,2998.56,0.0,19.94,152.03293240454036,0.18704712399999998,18.7047124,0.0,0.0,0.0,0.0,0.7601646620227018,summer,night,152.03293240454036
2018-08-13 21:00:00,2949.28,0.0,18.82,106.77071924455495,0.18792677199999996,18.792677199999996,0.0,0.0,0.0,0.0,0.5338535962227747,summer,night,106.77071924455495
2018-08-13 22:00:00,2813.44,0.0,17.73,143.14169653574632,0.18878285799999997,18.878285799999997,0.0,0.0,0.0,0.0,0.7157084826787316,summer,night,143.14169653574632
2018-08-13 23:00:00,2603.76,0.0,16.75,145.07998910707522,0.18955255,18.955254999999998,0.0,0.0,0.0,0.0,0.7253999455353761,summer,night,145.07998910707522
2018-08-14 00:00:00,2377.04,0.0,15.91,146.42508811728464,0.19021228599999998,19.021228599999997,0.0,0.0,0.0,0.0,0.7321254405864233,summer,night,146.42508811728464
2018-08-14 01:00:00,2185.28,0.0,15.14,142.5008966819247,0.19081704400000002,19.081704400000003,0.0,0.0,0.0,0.0,0.7125044834096235,summer,night,142.5008966819247
2018-08-14 02:00:00,2056.08,0.0,14.45,103.01738675733513,0.19135897,19.135897,0.0,0.0,0.0,0.0,0.5150869337866757,summer,night,103.01738675733513
2018-08-14 03:00:00,1980.16,0.0,13.81,110.00301316280277,0.19186162599999998,19.1861626,0.0,0.0,0.0,0.0,0.5500150658140138,summer,night,110.00301316280277
2018-08-14 07:00:00,2235.92,0.0,21.04,2.3709213480427516,0.18618318399999997,18.618318399999996,0.0,0.0,0.0,0.0,0.011854606740213759,summer,night,2.3709213480427516
2018-08-14 17:00:00,3122.8,0.0,25.04,113.78191266588928,0.183041584,18.304158400000002,0.0,0.0,0.0,0.0,0.5689095633294464,summer,night,113.78191266588928
2018-08-14 18:00:00,3115.04,0.0,23.24,116.9393239587177,0.18445530400000001,18.445530400000003,0.0,0.0,0.0,0.0,0.5846966197935884,summer,night,116.9393239587177
2018-08-14 19:00:00,3057.6,0.0,21.12,141.09263780795672,0.186120352,18.612035199999998,0.0,0.0,0.0,0.0,0.7054631890397836,summer,night,141.09263780795672
2018-08-14 20:00:00,3014.16,0.0,19.26,129.76581939254785,0.18758119599999998,18.758119599999997,0.0,0.0,0.0,0.0,0.6488290969627393,summer,night,129.76581939254785
2018-08-14 21:00:00,3024.0,0.0,18.08,92.83239805932011,0.188507968,18.8507968,0.0,0.0,0.0,0.0,0.46416199029660055,summer,night,92.83239805932011
2018-08-14 22:00:00,2910.88,0.0,17.74,108.25977667743834,0.18877500400000002,18.877500400000002,0.0,0.0,0.0,0.0,0.5412988833871917,summer,night,108.25977667743834
2018-08-14 23:00:00,2691.84,0.0,17.43,74.57984600368371,0.189018478,18.9018478,0.0,0.0,0.0,0.0,0.37289923001841857,summer,night,74.57984600368371
2018-08-15 00:00:00,2473.12,0.0,16.75,22.854872521493913,0.18955255,18.955254999999998,0.0,0.0,0.0,0.0,0.11427436260746957,summer,night,22.854872521493913
2018-08-15 01:00:00,2300.4,0.0,15.82,68.78932302410965,0.19028297199999997,19.028297199999997,0.0,0.0,0.0,0.0,0.34394661512054825,summer,night,68.78932302410965
2018-08-15 02:00:00,2182.0,0.0,14.89,66.70098031579961,0.19101339400000003,19.101339400000004,0.0,0.0,0.0,0.0,0.33350490157899804,summer,night,66.70098031579961
2018-08-15 03:00:00,2113.12,0.0,13.99,42.9789355938567,0.19172025399999998,19.1720254,0.0,0.0,0.0,0.0,0.2148946779692835,summer,night,42.9789355938567
2018-08-15 07:00:00,2406.2400000000002,0.0,23.4,29.957744727794715,0.18432964,18.432964,0.0,0.0,0.0,0.0,0.14978872363897358,summer,night,29.957744727794715
2018-08-15 17:00:00,3062.96,0.0,26.87,73.5420057894224,0.181604302,18.1604302,0.0,0.0,0.0,0.0,0.367710028947112,summer,night,73.5420057894224
2018-08-15 18:00:00,3090.0,0.0,24.54,75.10539425966445,0.183434284,18.3434284,0.0,0.0,0.0,0.0,0.37552697129832224,summer,night,75.10539425966445
2018-08-15 19:00:00,3078.16,0.0,23.94,58.469910497057064,0.183905524,18.390552399999997,0.0,0.0,0.0,0.0,0.2923495524852853,summer,night,58.469910497057064
2018-08-15 20:00:00,3034.96,0.0,21.73,28.259508130006406,0.185641258,18.5641258,0.0,0.0,0.0,0.0,0.14129754065003203,summer,night,28.259508130006406
2018-08-15 21:00:00,3047.12,0.0,20.49,28.184319403519595,0.186615154,18.6615154,0.0,0.0,0.0,0.0,0.140921597017598,summer,night,28.184319403519595
2018-08-15 22:00:00,2931.52,0.0,19.18,35.27502636542849,0.18764402800000002,18.764402800000003,0.0,0.0,0.0,0.0,0.17637513182714243,summer,night,35.27502636542849
2018-08-15 23:00:00,2724.16,0.0,17.49,37.95160743441418,0.188971354,18.8971354,0.0,0.0,0.0,0.0,0.1897580371720709,summer,night,37.95160743441418
2018-08-16 00:00:00,2494.0,0.0,16.47,41.62118036526647,0.189772462,18.9772462,0.0,0.0,0.0,0.0,0.20810590182633235,summer,night,41.62118036526647
2018-08-16 01:00:00,2308.96,0.0,15.71,51.21451509960864,0.190369366,19.0369366,0.0,0.0,0.0,0.0,0.2560725754980432,summer,night,51.21451509960864
2018-08-16 02:00:00,2183.52,0.0,14.95,35.9382473647439,0.19096627,19.096626999999998,0.0,0.0,0.0,0.0,0.1796912368237195,summer,night,35.9382473647439
2018-08-16 03:00:00,2105.12,0.0,14.41,42.003303602412835,0.19139038599999997,19.139038599999996,0.0,0.0,0.0,0.0,0.21001651801206417,summer,night,42.003303602412835
2018-08-16 17:00:00,3742.32,0.0,27.6,35.9951942860502,0.18103096000000002,18.103096,0.0,0.0,0.0,0.0,0.179975971430251,summer,night,35.9951942860502
2018-08-16 18:00:00,3747.92,0.0,25.97,20.96023572067893,0.182311162,18.2311162,0.0,0.0,0.0,0.0,0.10480117860339465,summer,night,20.96023572067893
2018-08-16 19:00:00,3649.28,0.0,24.15,1.0288108957461286,0.18374059,18.374059000000003,0.0,0.0,0.0,0.0,0.005144054478730643,summer,night,1.0288108957461286
2018-08-16 20:00:00,3493.6,0.0,22.73,4.214580956036982,0.18485585799999998,18.4855858,0.0,0.0,0.0,0.0,0.02107290478018491,summer,night,4.214580956036982
2018-08-16 21:00:00,3403.92,0.0,21.78,10.683671281621226,0.185601988,18.5601988,0.0,0.0,0.0,0.0,0.05341835640810613,summer,night,10.683671281621226
2018-08-16 22:00:00,3226.0,0.0,20.88,8.330602672179817,0.186308848,18.6308848,0.0,0.0,0.0,0.0,0.041653013360899084,summer,night,8.330602672179817
2018-08-16 23:00:00,2953.68,0.0,19.99,18.692052574005352,0.187007854,18.7007854,0.0,0.0,0.0,0.0,0.09346026287002676,summer,night,18.692052574005352
2018-08-17 00:00:00,2674.16,0.0,19.35,42.96994046546729,0.18751051,18.751051,0.0,0.0,0.0,0.0,0.21484970232733644,summer,night,42.96994046546729
2018-08-17 01:00:00,2452.2400000000002,0.0,18.49,43.45311645392367,0.18818595400000002,18.818595400000003,0.0,0.0,0.0,0.0,0.21726558226961834,summer,night,43.45311645392367
2018-08-17 02:00:00,2294.48,0.0,17.36,63.177508515091645,0.189073456,18.9073456,0.0,0.0,0.0,0.0,0.3158875425754582,summer,night,63.177508515091645
2018-08-17 03:00:00,2194.88,0.0,16.45,77.59375954079023,0.18978816999999998,18.978817,0.0,0.0,0.0,0.0,0.38796879770395115,summer,night,77.59375954079023
2018-08-17 17:00:00,3770.08,0.0,29.41,25.53753318197198,0.17960938599999998,17.9609386,0.0,0.0,0.0,0.0,0.12768766590985992,summer,night,25.53753318197198
2018-08-17 18:00:00,3765.76,0.0,27.52,31.96273702472809,0.181093792,18.1093792,0.0,0.0,0.0,0.0,0.15981368512364044,summer,night,31.96273702472809
2018-08-17 19:00:00,3661.44,0.0,25.84,59.440766099571526,0.182413264,18.2413264,0.0,0.0,0.0,0.0,0.29720383049785765,summer,night,59.440766099571526
2018-08-17 20:00:00,3526.8,0.0,24.77,58.32169090507135,0.183253642,18.3253642,0.0,0.0,0.0,0.0,0.2916084545253568,summer,night,58.32169090507135
2018-08-17 21:00:00,3479.84,0.0,24.23,47.33933923414151,0.183677758,18.3677758,0.0,0.0,0.0,0.0,0.23669669617070757,summer,night,47.33933923414151
2018-08-17 22:00:00,3323.44,0.0,23.23,87.29456908744599,0.18446315800000002,18.4463158,0.0,0.0,0.0,0.0,0.43647284543723,summer,night,87.29456908744599
2018-08-17 23:00:00,3081.36,0.0,22.21,98.43070775293947,0.185264266,18.5264266,0.0,0.0,0.0,0.0,0.49215353876469736,summer,night,98.43070775293947
2018-08-18 00:00:00,2834.64,0.0,21.36,111.65885627814153,0.185931856,18.5931856,0.0,0.0,0.0,0.0,0.5582942813907077,summer,night,111.65885627814153
2018-08-18 01:00:00,2628.88,0.0,20.59,113.54382058830437,0.18653661400000002,18.6536614,0.0,0.0,0.0,0.0,0.5677191029415218,summer,night,113.54382058830437
2018-08-18 02:00:00,2485.28,0.0,19.96,154.3273447758252,0.18703141599999998,18.7031416,0.0,0.0,0.0,0.0,0.771636723879126,summer,night,154.3273447758252
2018-08-18 03:00:00,2396.7200000000003,0.0,19.39,110.29577913396753,0.18747909399999999,18.747909399999998,0.0,0.0,0.0,0.0,0.5514788956698377,summer,night,110.29577913396753
2018-08-18 17:00:00,3874.96,0.0,25.26,93.66645376114697,0.182868796,18.2868796,0.0,0.0,0.0,0.0,0.46833226880573486,summer,night,93.66645376114697
2018-08-18 18:00:00,3794.7200000000003,0.0,24.07,146.65490031253833,0.183803422,18.3803422,0.0,0.0,0.0,0.0,0.7332745015626917,summer,night,146.65490031253833
2018-08-18 19:00:00,3605.6,0.0,22.96,91.96780498766427,0.184675216,18.4675216,0.0,0.0,0.0,0.0,0.45983902493832135,summer,night,91.96780498766427
2018-08-18 20:00:00,3412.32,0.0,22.15,156.99675216930655,0.18531139,18.531139,0.0,0.0,0.0,0.0,0.7849837608465328,summer,night,156.99675216930655
2018-08-18 21:00:00,3308.88,0.0,21.44,178.97467544042362,0.185869024,18.5869024,0.0,0.0,0.0,0.0,0.8948733772021181,summer,night,178.97467544042362
2018-08-18 22:00:00,3167.6800000000003,0.0,20.63,178.97482091419812,0.18650519799999998,18.650519799999998,0.0,0.0,0.0,0.0,0.8948741045709906,summer,night,178.97482091419812
2018-08-18 23:00:00,2957.52,0.0,19.89,178.6404373207144,0.187086394,18.7086394,0.0,0.0,0.0,0.0,0.893202186603572,summer,night,178.6404373207144
2018-08-19 00:00:00,2736.88,0.0,19.21,178.93995569957823,0.18762046599999999,18.762046599999998,0.0,0.0,0.0,0.0,0.8946997784978912,summer,night,178.93995569957823
2018-08-19 01:00:00,2544.0,0.0,18.62,178.91964998522235,0.188083852,18.8083852,0.0,0.0,0.0,0.0,0.8945982499261117,summer,night,178.91964998522235
2018-08-19 02:00:00,2422.96,0.0,18.1,178.932863853072,0.18849226000000002,18.849226,0.0,0.0,0.0,0.0,0.89466431926536,summer,night,178.932863853072
2018-08-19 03:00:00,2310.0,0.0,17.5,178.9115034538508,0.18896349999999998,18.896349999999998,0.0,0.0,0.0,0.0,0.894557517269254,summer,night,178.9115034538508
2018-08-19 17:00:00,3535.12,0.0,25.69,129.28675000751724,0.182531074,18.253107399999998,0.0,0.0,0.0,0.0,0.6464337500375862,summer,night,129.28675000751724
2018-08-19 18:00:00,3545.28,0.0,23.98,176.03583849376915,0.183874108,18.3874108,0.0,0.0,0.0,0.0,0.8801791924688458,summer,night,176.03583849376915
2018-08-19 19:00:00,3461.12,0.0,22.55,164.1965280936404,0.18499722999999998,18.499723,0.0,0.0,0.0,0.0,0.820982640468202,summer,night,164.1965280936404
2018-08-19 20:00:00,3309.6800000000003,0.0,21.7,175.36499830551497,0.18566481999999998,18.566481999999997,0.0,0.0,0.0,0.0,0.8768249915275749,summer,night,175.36499830551497
2018-08-19 21:00:00,3219.6800000000003,0.0,20.92,149.1771731059355,0.186277432,18.627743199999998,0.0,0.0,0.0,0.0,0.7458858655296775,summer,night,149.1771731059355
2018-08-19 22:00:00,3056.16,0.0,19.99,170.68321582104502,0.187007854,18.7007854,0.0,0.0,0.0,0.0,0.8534160791052251,summer,night,170.68321582104502
2018-08-19 23:00:00,2816.7200000000003,0.0,19.11,168.1639737312831,0.187699006,18.7699006,0.0,0.0,0.0,0.0,0.8408198686564156,summer,night,168.1639737312831
2018-08-20 00:00:00,2585.92,0.0,18.31,173.7510031459717,0.18832732600000002,18.8327326,0.0,0.0,0.0,0.0,0.8687550157298586,summer,night,173.7510031459717
2018-08-20 01:00:00,2375.68,0.0,17.59,172.53336340784617,0.188892814,18.889281399999998,0.0,0.0,0.0,0.0,0.8626668170392309,summer,night,172.53336340784617
2018-08-20 02:00:00,2209.44,0.0,16.82,150.89498804920726,0.189497572,18.9497572,0.0,0.0,0.0,0.0,0.7544749402460362,summer,night,150.89498804920726
2018-08-20 03:00:00,2087.52,0.0,15.99,162.00326848688556,0.190149454,19.0149454,0.0,0.0,0.0,0.0,0.8100163424344278,summer,night,162.00326848688556
2018-08-20 17:00:00,3224.8,0.0,25.38,136.1524090402873,0.182774548,18.2774548,0.0,0.0,0.0,0.0,0.6807620452014365,summer,night,136.1524090402873
2018-08-20 18:00:00,3285.04,0.0,24.4,128.999839355776,0.18354424000000003,18.354424,0.0,0.0,0.0,0.0,0.6449991967788801,summer,night,128.999839355776
2018-08-20 19:00:00,3240.2400000000002,0.0,21.26,157.80618037339326,0.18601039600000002,18.601039600000004,0.0,0.0,0.0,0.0,0.7890309018669663,summer,night,157.80618037339326
2018-08-20 20:00:00,3108.8,0.0,19.5,155.60328312907856,0.1873927,18.73927,0.0,0.0,0.0,0.0,0.7780164156453928,summer,night,155.60328312907856
2018-08-20 21:00:00,3054.96,0.0,18.37,166.50534236859994,0.18828020199999998,18.828020199999997,0.0,0.0,0.0,0.0,0.8325267118429998,summer,night,166.50534236859994
2018-08-20 22:00:00,2899.84,0.0,17.48,126.77957011822384,0.18897920799999998,18.897920799999998,0.0,0.0,0.0,0.0,0.6338978505911192,summer,night,126.77957011822384
2018-08-20 23:00:00,2678.0,0.0,16.88,138.8930137235676,0.189450448,18.945044799999998,0.0,0.0,0.0,0.0,0.6944650686178381,summer,night,138.8930137235676
2018-08-21 00:00:00,2457.92,0.0,16.03,123.88904258751494,0.19011803800000002,19.011803800000003,0.0,0.0,0.0,0.0,0.6194452129375747,summer,night,123.88904258751494
2018-08-21 01:00:00,2268.88,0.0,15.46,142.76387689776203,0.19056571600000002,19.0565716,0.0,0.0,0.0,0.0,0.7138193844888101,summer,night,142.76387689776203
2018-08-21 02:00:00,2142.4,0.0,15.03,136.84464599620657,0.190903438,19.0903438,0.0,0.0,0.0,0.0,0.6842232299810328,summer,night,136.84464599620657
2018-08-21 03:00:00,2069.12,0.0,14.56,143.5771237884294,0.19127257599999997,19.127257599999997,0.0,0.0,0.0,0.0,0.717885618942147,summer,night,143.5771237884294
2018-08-21 17:00:00,3712.48,0.0,26.26,55.33355047167895,0.182083396,18.208339600000002,0.0,0.0,0.0,0.0,0.27666775235839475,summer,night,55.33355047167895
2018-08-21 18:00:00,3736.7200000000003,0.0,25.07,65.84716442627095,0.183018022,18.3018022,0.0,0.0,0.0,0.0,0.32923582213135477,summer,night,65.84716442627095
2018-08-21 19:00:00,3644.0,0.0,23.35,88.34889632948253,0.18436891,18.436891,0.0,0.0,0.0,0.0,0.44174448164741265,summer,night,88.34889632948253
2018-08-21 20:00:00,3530.88,0.0,22.37,82.29236849184306,0.18513860199999999,18.5138602,0.0,0.0,0.0,0.0,0.4114618424592153,summer,night,82.29236849184306
2018-08-21 21:00:00,3484.56,0.0,21.52,74.41563641931869,0.185806192,18.5806192,0.0,0.0,0.0,0.0,0.37207818209659344,summer,night,74.41563641931869
2018-08-21 22:00:00,3304.96,0.0,20.75,63.130884170367025,0.18641095,18.641095,0.0,0.0,0.0,0.0,0.31565442085183515,summer,night,63.130884170367025
2018-08-21 23:00:00,3037.28,0.0,20.1,48.44192133945857,0.18692146,18.692146,0.0,0.0,0.0,0.0,0.24220960669729283,summer,night,48.44192133945857
2018-08-22 00:00:00,2776.4,0.0,19.4,54.615043376649105,0.18747124,18.747124,0.0,0.0,0.0,0.0,0.27307521688324554,summer,night,54.615043376649105
2018-08-22 01:00:00,2568.16,0.0,18.71,88.75641080168509,0.18801316599999998,18.8013166,0.0,0.0,0.0,0.0,0.44378205400842546,summer,night,88.75641080168509
2018-08-22 02:00:00,2425.52,0.0,18.06,105.97806901579246,0.188523676,18.8523676,0.0,0.0,0.0,0.0,0.5298903450789623,summer,night,105.97806901579246
2018-08-22 03:00:00,2333.6,0.0,17.51,106.78969144931133,0.188955646,18.8955646,0.0,0.0,0.0,0.0,0.5339484572465567,summer,night,106.78969144931133
2018-08-22 17:00:00,4234.4800000000005,0.0,26.87,177.10252494523036,0.181604302,18.1604302,0.0,0.0,0.0,0.0,0.8855126247261518,summer,night,177.10252494523036
2018-08-22 18:00:00,4221.4400000000005,0.0,25.2,174.7848731384707,0.18291592,18.291592,0.0,0.0,0.0,0.0,0.8739243656923534,summer,night,174.7848731384707
2018-08-22 19:00:00,4107.92,0.0,23.64,178.90524808154765,0.184141144,18.4141144,0.0,0.0,0.0,0.0,0.8945262404077383,summer,night,178.90524808154765
2018-08-22 20:00:00,3973.6800000000003,0.0,22.49,178.9488538454513,0.18504435400000002,18.504435400000002,0.0,0.0,0.0,0.0,0.8947442692272566,summer,night,178.9488538454513
2018-08-22 21:00:00,3885.2000000000003,0.0,21.69,178.96906257729137,0.18567267399999998,18.5672674,0.0,0.0,0.0,0.0,0.8948453128864569,summer,night,178.96906257729137
2018-08-22 22:00:00,3663.36,0.0,20.74,178.36699511592795,0.186418804,18.641880399999998,0.0,0.0,0.0,0.0,0.8918349755796398,summer,night,178.36699511592795
2018-08-22 23:00:00,3348.88,0.0,19.73,177.03330367420133,0.187212058,18.7212058,0.0,0.0,0.0,0.0,0.8851665183710067,summer,night,177.03330367420133
2018-08-23 00:00:00,3020.32,0.0,18.81,175.37264780149007,0.187934626,18.793462599999998,0.0,0.0,0.0,0.0,0.8768632390074503,summer,night,175.37264780149007
2018-08-23 01:00:00,2772.16,0.0,17.95,177.79516195402974,0.18861007000000002,18.861007,0.0,0.0,0.0,0.0,0.8889758097701487,summer,night,177.79516195402974
2018-08-23 02:00:00,2603.12,0.0,17.04,177.07660636774173,0.189324784,18.9324784,0.0,0.0,0.0,0.0,0.8853830318387087,summer,night,177.07660636774173
2018-08-23 03:00:00,2492.0,0.0,16.15,178.7153199461338,0.19002379,19.002379,0.0,0.0,0.0,0.0,0.893576599730669,summer,night,178.7153199461338
2018-08-23 17:00:00,3466.2400000000002,0.0,26.14,170.11267980030243,0.18217764399999997,18.217764399999997,0.0,0.0,0.0,0.0,0.8505633990015121,summer,night,170.11267980030243
2018-08-23 18:00:00,3459.6800000000003,0.0,24.44,166.97775632844778,0.183512824,18.3512824,0.0,0.0,0.0,0.0,0.8348887816422389,summer,night,166.97775632844778
2018-08-23 19:00:00,3354.0,0.0,23.25,173.89247639166499,0.18444744999999999,18.444744999999998,0.0,0.0,0.0,0.0,0.8694623819583249,summer,night,173.89247639166499
2018-08-23 20:00:00,3194.0,0.0,22.02,172.1159142891276,0.18541349199999999,18.5413492,0.0,0.0,0.0,0.0,0.860579571445638,summer,night,172.1159142891276
2018-08-23 21:00:00,3114.88,0.0,21.15,167.87225032216884,0.18609679,18.609679,0.0,0.0,0.0,0.0,0.8393612516108442,summer,night,167.87225032216884
2018-08-23 22:00:00,2930.88,0.0,20.32,148.9156355050283,0.186748672,18.6748672,0.0,0.0,0.0,0.0,0.7445781775251414,summer,night,148.9156355050283
2018-08-23 23:00:00,2670.8,0.0,19.42,134.30617712258265,0.18745553199999998,18.745553199999996,0.0,0.0,0.0,0.0,0.6715308856129133,summer,night,134.30617712258265
2018-08-24 00:00:00,2422.64,0.0,18.49,133.12438454705506,0.18818595400000002,18.818595400000003,0.0,0.0,0.0,0.0,0.6656219227352753,summer,night,133.12438454705506
2018-08-24 01:00:00,2227.6,0.0,17.65,134.02900109091757,0.18884569,18.884569000000003,0.0,0.0,0.0,0.0,0.6701450054545879,summer,night,134.02900109091757
2018-08-24 02:00:00,2084.64,0.0,16.85,158.98394817449375,0.18947401,18.947401,0.0,0.0,0.0,0.0,0.7949197408724687,summer,night,158.98394817449375
2018-08-24 03:00:00,2000.48,0.0,16.05,147.01742095857193,0.19010233,19.010233000000003,0.0,0.0,0.0,0.0,0.7350871047928597,summer,night,147.01742095857193
2018-08-24 17:00:00,3163.84,0.0,28.06,113.0647875717176,0.180669676,18.0669676,0.0,0.0,0.0,0.0,0.565323937858588,summer,night,113.0647875717176
2018-08-24 18:00:00,3155.6800000000003,0.0,25.31,77.43640540804826,0.182829526,18.282952599999998,0.0,0.0,0.0,0.0,0.3871820270402413,summer,night,77.43640540804826
2018-08-24 19:00:00,3061.04,0.0,23.76,81.6612002141741,0.184046896,18.404689599999998,0.0,0.0,0.0,0.0,0.4083060010708705,summer,night,81.6612002141741
2018-08-24 20:00:00,2928.16,0.0,22.57,80.96091977080675,0.184981522,18.4981522,0.0,0.0,0.0,0.0,0.40480459885403375,summer,night,80.96091977080675
2018-08-24 21:00:00,2891.76,0.0,21.47,23.040825889089884,0.18584546200000002,18.584546200000002,0.0,0.0,0.0,0.0,0.11520412944544942,summer,night,23.040825889089884
2018-08-24 22:00:00,2729.28,0.0,20.36,59.18474437928073,0.186717256,18.6717256,0.0,0.0,0.0,0.0,0.29592372189640365,summer,night,59.18474437928073
2018-08-24 23:00:00,2505.2000000000003,0.0,19.35,25.728688752357836,0.18751051,18.751051,0.0,0.0,0.0,0.0,0.12864344376178918,summer,night,25.728688752357836
2018-08-25 00:00:00,2291.68,0.0,18.51,54.34774743883519,0.188170246,18.8170246,0.0,0.0,0.0,0.0,0.27173873719417596,summer,night,54.34774743883519
2018-08-25 01:00:00,2118.4,0.0,17.83,38.84899878081053,0.188704318,18.870431800000002,0.0,0.0,0.0,0.0,0.19424499390405267,summer,night,38.84899878081053
2018-08-25 02:00:00,2006.24,0.0,17.23,48.86147073579657,0.18917555799999997,18.917555799999995,0.0,0.0,0.0,0.0,0.24430735367898287,summer,night,48.86147073579657
2018-08-25 03:00:00,1939.04,0.0,16.66,9.732206120964785,0.18962323599999997,18.962323599999998,0.0,0.0,0.0,0.0,0.04866103060482392,summer,night,9.732206120964785
2018-08-25 17:00:00,2950.32,0.0,29.53,58.11765787493943,0.17951513800000002,17.9515138,0.0,0.0,0.0,0.0,0.29058828937469716,summer,night,58.11765787493943
2018-08-25 18:00:00,2908.7200000000003,0.0,27.42,27.360171071876195,0.18117233200000002,18.1172332,0.0,0.0,0.0,0.0,0.13680085535938097,summer,night,27.360171071876195
2018-08-25 19:00:00,2807.04,0.0,25.17,0.0,0.18293948200000001,18.293948200000003,0.0,0.0,0.0,0.0,0.0,summer,night,33.132464369084026
2018-08-25 20:00:00,2723.36,0.0,23.31,0.0,0.184400326,18.440032600000002,0.0,0.0,0.0,0.0,0.0,summer,night,10.196415966071825
2018-08-25 21:00:00,2711.6,0.0,21.82,0.0,0.18557057200000002,18.557057200000003,0.0,0.0,0.0,0.0,0.0,summer,night,37.25622157741792
2018-08-25 22:00:00,2597.36,0.0,20.95,0.0,0.18625387,18.625387,0.0,0.0,0.0,0.0,0.0,summer,night,38.84899878081053
2018-08-25 23:00:00,2426.8,0.0,20.23,0.0,0.186819358,18.681935799999998,0.0,0.0,0.0,0.0,0.0,summer,night,22.173412747701573
2018-08-26 00:00:00,2232.96,0.0,20.43,0.0,0.186662278,18.666227799999998,0.0,0.0,0.0,0.0,0.0,summer,night,0.0
2018-08-26 01:00:00,2064.8,0.0,20.07,0.0,0.186945022,18.6945022,0.0,0.0,0.0,0.0,0.0,summer,night,17.992666188210517
2018-08-26 02:00:00,1951.44,0.0,19.15,0.0,0.18766759000000002,18.766759000000004,0.0,0.0,0.0,0.0,0.0,summer,night,0.0
2018-08-26 03:00:00,1868.8,0.0,18.05,0.0,0.18853153,18.853153,0.0,0.0,0.0,0.0,0.0,summer,night,59.440766099571526
2018-08-26 17:00:00,2644.32,0.0,28.32,42.4345333305611,0.180465472,18.0465472,0.0,0.0,0.0,0.0,0.2121726666528055,summer,night,42.4345333305611
2018-08-26 18:00:00,2657.04,0.0,26.45,21.28500895293557,0.18193417,18.193417,0.0,0.0,0.0,0.0,0.10642504476467785,summer,night,21.28500895293557
2018-08-26 19:00:00,2610.7200000000003,0.0,25.55,0.37518003718224635,0.18264103,18.264103000000002,0.0,0.0,0.0,0.0,0.0018759001859112317,summer,night,0.37518003718224635
2018-08-26 20:00:00,2530.48,0.0,24.43,0.0,0.183520678,18.3520678,0.0,0.0,0.0,0.0,0.0,summer,night,30.406491922954704
2018-08-26 21:00:00,2514.64,0.0,23.68,0.0,0.18410972799999997,18.410972799999996,0.0,0.0,0.0,0.0,0.0,summer,night,9.95735179029585
2018-08-26 22:00:00,2398.48,0.0,22.86,0.0,0.184753756,18.4753756,0.0,0.0,0.0,0.0,0.0,summer,night,44.129502829830585
2018-08-26 23:00:00,2241.6,0.0,22.14,0.0,0.185319244,18.5319244,0.0,0.0,0.0,0.0,0.0,summer,night,59.64370807639475
2018-08-27 00:00:00,2098.56,0.0,21.44,0.0,0.185869024,18.5869024,0.0,0.0,0.0,0.0,0.0,summer,night,22.47400399565257
2018-08-27 01:00:00,1934.4,0.0,20.58,0.0,0.186544468,18.6544468,0.0,0.0,0.0,0.0,0.0,summer,night,22.225093821441597
2018-08-27 02:00:00,1844.16,0.0,19.23,1.4974249214920745,0.18760475799999998,18.7604758,0.0,0.0,0.0,0.0,0.007487124607460372,summer,night,1.4974249214920745
2018-08-27 03:00:00,1775.1200000000001,0.0,18.2,19.661959566282253,0.18841372,18.841372,0.0,0.0,0.0,0.0,0.09830979783141126,summer,night,19.661959566282253
2018-08-27 17:00:00,2504.96,0.0,29.2,46.282508630902136,0.17977432,17.977432,0.0,0.0,0.0,0.0,0.23141254315451068,summer,night,46.282508630902136
2018-08-27 18:00:00,2539.92,0.0,27.54,41.19953372201287,0.181078084,18.1078084,0.0,0.0,0.0,0.0,0.20599766861006436,summer,night,41.19953372201287
2018-08-27 19:00:00,2510.4,0.0,26.15,18.8949581823851,0.18216979,18.216979,0.0,0.0,0.0,0.0,0.0944747909119255,summer,night,18.8949581823851
2018-08-27 20:00:00,2488.08,0.0,25.07,29.236012964097224,0.183018022,18.3018022,0.0,0.0,0.0,0.0,0.14618006482048612,summer,night,29.236012964097224
2018-08-27 21:00:00,2512.88,0.0,23.69,21.86046077497425,0.184101874,18.410187399999998,0.0,0.0,0.0,0.0,0.10930230387487125,summer,night,21.86046077497425
2018-08-27 22:00:00,2393.36,0.0,22.6,0.0,0.18495796,18.495796000000002,0.0,0.0,0.0,0.0,0.0,summer,night,30.406491922954704
2018-08-27 23:00:00,2222.7200000000003,0.0,21.65,7.4231569664735515,0.18570409000000002,18.570409,0.0,0.0,0.0,0.0,0.03711578483236776,summer,night,7.4231569664735515
2018-08-28 00:00:00,2054.96,0.0,20.84,2.4627821646460384,0.186340264,18.6340264,0.0,0.0,0.0,0.0,0.012313910823230191,summer,night,2.4627821646460384
2018-08-28 01:00:00,1917.04,0.0,20.1,22.173412747701573,0.18692146,18.692146,0.0,0.0,0.0,0.0,0.11086706373850787,summer,night,22.173412747701573
2018-08-28 02:00:00,1828.8,0.0,19.3,47.182518505239344,0.18754977999999997,18.754977999999998,0.0,0.0,0.0,0.0,0.23591259252619673,summer,night,47.182518505239344
2018-08-28 03:00:00,1776.16,0.0,18.27,45.699289115446305,0.188358742,18.8358742,0.0,0.0,0.0,0.0,0.22849644557723153,summer,night,45.699289115446305
2018-08-28 17:00:00,2716.96,0.0,29.41,165.81811213508632,0.17960938599999998,17.9609386,0.0,0.0,0.0,0.0,0.8290905606754316,summer,night,165.81811213508632
2018-08-28 18:00:00,2707.92,0.0,27.77,156.36692346264425,0.180897442,18.0897442,0.0,0.0,0.0,0.0,0.7818346173132212,summer,night,156.36692346264425
2018-08-28 19:00:00,2639.6,0.0,25.44,66.15472629258286,0.182727424,18.2727424,0.0,0.0,0.0,0.0,0.33077363146291433,summer,night,66.15472629258286
2018-08-28 20:00:00,2620.88,0.0,24.45,88.80135007518828,0.18350497,18.350496999999997,0.0,0.0,0.0,0.0,0.4440067503759414,summer,night,88.80135007518828
2018-08-28 21:00:00,2632.48,0.0,23.69,128.62936614340353,0.184101874,18.410187399999998,0.0,0.0,0.0,0.0,0.6431468307170176,summer,night,128.62936614340353
2018-08-28 22:00:00,2490.08,0.0,23.02,22.372892145621652,0.184628092,18.4628092,0.0,0.0,0.0,0.0,0.11186446072810825,summer,night,22.372892145621652
2018-08-28 23:00:00,2290.16,0.0,22.27,20.27105219867217,0.18521714199999997,18.521714199999998,0.0,0.0,0.0,0.0,0.10135526099336084,summer,night,20.27105219867217
2018-08-29 00:00:00,2103.68,0.0,21.53,9.550696522574018,0.18579833799999998,18.5798338,0.0,0.0,0.0,0.0,0.04775348261287009,summer,night,9.550696522574018
2018-08-29 01:00:00,1955.2,0.0,20.79,45.84224134451359,0.18637953399999999,18.637953399999997,0.0,0.0,0.0,0.0,0.22921120672256795,summer,night,45.84224134451359
2018-08-29 02:00:00,1866.64,0.0,20.0,84.0732463163575,0.187,18.7,0.0,0.0,0.0,0.0,0.4203662315817875,summer,night,84.0732463163575
2018-08-29 03:00:00,1814.48,0.0,19.2,77.61158613957264,0.18762832,18.762832,0.0,0.0,0.0,0.0,0.3880579306978632,summer,night,77.61158613957264
2018-08-29 17:00:00,2525.52,0.0,22.86,81.9911589803506,0.184753756,18.4753756,0.0,0.0,0.0,0.0,0.40995579490175305,summer,night,81.9911589803506
2018-08-29 18:00:00,2520.16,0.0,23.01,110.31549083041118,0.18463594599999997,18.463594599999997,0.0,0.0,0.0,0.0,0.551577454152056,summer,night,110.31549083041118
2018-08-29 19:00:00,2493.36,0.0,23.1,121.44819873938982,0.18456525999999998,18.456525999999997,0.0,0.0,0.0,0.0,0.6072409936969492,summer,night,121.44819873938982
2018-08-29 20:00:00,2492.64,0.0,22.15,127.43089257506705,0.18531139,18.531139,0.0,0.0,0.0,0.0,0.6371544628753353,summer,night,127.43089257506705
2018-08-29 21:00:00,2482.0,0.0,21.31,81.2361076608871,0.185971126,18.5971126,0.0,0.0,0.0,0.0,0.4061805383044355,summer,night,81.2361076608871
2018-08-29 22:00:00,2361.36,0.0,20.5,76.49072282992802,0.1866073,18.66073,0.0,0.0,0.0,0.0,0.3824536141496401,summer,night,76.49072282992802
2018-08-29 23:00:00,2186.88,0.0,19.8,64.89820262681751,0.18715707999999998,18.715708,0.0,0.0,0.0,0.0,0.3244910131340875,summer,night,64.89820262681751
2018-08-30 00:00:00,2020.8,0.0,19.15,52.435931094463825,0.18766759000000002,18.766759000000004,0.0,0.0,0.0,0.0,0.26217965547231914,summer,night,52.435931094463825
2018-08-30 01:00:00,1893.52,0.0,18.58,68.73748586913241,0.188115268,18.8115268,0.0,0.0,0.0,0.0,0.34368742934566204,summer,night,68.73748586913241
2018-08-30 02:00:00,1811.8400000000001,0.0,18.03,64.17845294329734,0.18854723799999998,18.8547238,0.0,0.0,0.0,0.0,0.32089226471648674,summer,night,64.17845294329734
2018-08-30 03:00:00,1765.68,0.0,17.51,87.26179505833431,0.188955646,18.8955646,0.0,0.0,0.0,0.0,0.43630897529167156,summer,night,87.26179505833431
2018-08-30 17:00:00,2792.56,0.0,23.83,47.881632127706986,0.183991918,18.3991918,0.0,0.0,0.0,0.0,0.23940816063853493,summer,night,47.881632127706986
2018-08-30 18:00:00,2814.48,0.0,23.05,61.172237393424076,0.18460453,18.460452999999998,0.0,0.0,0.0,0.0,0.3058611869671204,summer,night,61.172237393424076
2018-08-30 19:00:00,2756.16,0.0,22.88,56.05106349591592,0.18473804800000002,18.4738048,0.0,0.0,0.0,0.0,0.2802553174795796,summer,night,56.05106349591592
2018-08-30 20:00:00,2713.68,0.0,22.04,148.68633246798535,0.185397784,18.5397784,0.0,0.0,0.0,0.0,0.7434316623399267,summer,night,148.68633246798535
2018-08-30 21:00:00,2719.84,0.0,21.23,122.83958265551672,0.186033958,18.6033958,0.0,0.0,0.0,0.0,0.6141979132775837,summer,night,122.83958265551672
2018-08-30 22:00:00,2584.08,0.0,20.65,164.24058240168236,0.18648948999999998,18.648948999999998,0.0,0.0,0.0,0.0,0.8212029120084118,summer,night,164.24058240168236
2018-08-30 23:00:00,2374.48,0.0,19.85,178.96965659520365,0.18711781,18.711781,0.0,0.0,0.0,0.0,0.8948482829760183,summer,night,178.96965659520365
2018-08-31 00:00:00,2175.92,0.0,19.26,124.9513648257414,0.18758119599999998,18.758119599999997,0.0,0.0,0.0,0.0,0.6247568241287069,summer,night,124.9513648257414
2018-08-31 01:00:00,2033.04,0.0,18.54,119.69707030175894,0.18814668399999998,18.8146684,0.0,0.0,0.0,0.0,0.5984853515087947,summer,night,119.69707030175894
2018-08-31 02:00:00,1922.08,0.0,18.0,71.26691112310876,0.18857079999999998,18.85708,0.0,0.0,0.0,0.0,0.3563345556155438,summer,night,71.26691112310876
2018-08-31 03:00:00,1862.08,0.0,17.43,102.73148229920055,0.189018478,18.9018478,0.0,0.0,0.0,0.0,0.5136574114960027,summer,night,102.73148229920055
2018-08-31 17:00:00,3094.7200000000003,0.0,26.72,174.72608961076122,0.181722112,18.1722112,0.0,0.0,0.0,0.0,0.8736304480538061,summer,night,174.72608961076122
2018-08-31 18:00:00,3079.92,0.0,25.23,177.3560614885405,0.18289235799999998,18.289235799999997,0.0,0.0,0.0,0.0,0.8867803074427024,summer,night,177.3560614885405
2018-08-31 19:00:00,2974.48,0.0,24.02,177.58293996267528,0.183842692,18.3842692,0.0,0.0,0.0,0.0,0.8879146998133765,summer,night,177.58293996267528
2018-08-31 20:00:00,2912.7200000000003,0.0,23.01,178.96235866085,0.18463594599999997,18.463594599999997,0.0,0.0,0.0,0.0,0.89481179330425,summer,night,178.96235866085
2018-08-31 21:00:00,2872.32,0.0,22.38,178.97029910437456,0.18513074799999998,18.5130748,0.0,0.0,0.0,0.0,0.8948514955218728,summer,night,178.97029910437456
2018-08-31 22:00:00,2707.04,0.0,21.71,176.81407469604218,0.18565696599999998,18.5656966,0.0,0.0,0.0,0.0,0.8840703734802109,summer,night,176.81407469604218
2018-08-31 23:00:00,2480.64,0.0,20.94,169.21511873450277,0.18626172400000002,18.6261724,0.0,0.0,0.0,0.0,0.8460755936725138,summer,night,169.21511873450277
