DateTime,load_PJME_MW,solar_G_i__POA,solar_T2m,wind_Energy_scaled_MW,eta_eff,eta_eff_pct,P_150MW_adj_MW,P_110MW_adj_MW,CF_150MW,CF_110MW,CF_Wind,season,day_night,wind_Energy_smoothed_MW
2018-01-01 00:00:00,2253.68,0.0,-0.29,18.871291417697428,0.202935766,20.293576599999998,0.0,0.0,0.0,0.0,0.09435645708848714,winter,night,18.871291417697428
2018-01-01 01:00:00,2150.32,0.0,-1.11,22.22588331973862,0.20357979399999998,20.357979399999998,0.0,0.0,0.0,0.0,0.1111294165986931,winter,night,22.22588331973862
2018-01-01 02:00:00,2067.84,0.0,-1.55,35.284245765886894,0.20392537000000002,20.392537,0.0,0.0,0.0,0.0,0.17642122882943448,winter,night,35.284245765886894
2018-01-01 03:00:00,2003.1200000000001,0.0,-2.18,36.578283481249706,0.204420172,20.442017200000002,0.0,0.0,0.0,0.0,0.18289141740624854,winter,night,36.578283481249706
2018-01-01 04:00:00,1970.96,0.0,-2.17,74.17510765601075,0.20441231799999998,20.441231799999997,0.0,0.0,0.0,0.0,0.37087553828005376,winter,night,74.17510765601075
2018-01-01 05:00:00,1969.2,0.0,-1.85,57.84281548507339,0.20416098999999996,20.416098999999996,0.0,0.0,0.0,0.0,0.2892140774253669,winter,night,57.84281548507339
2018-01-01 15:00:00,2067.68,0.0,0.67,80.28456370193618,0.202181782,20.2181782,0.0,0.0,0.0,0.0,0.40142281850968087,winter,night,80.28456370193618
2018-01-01 16:00:00,2100.0,0.0,0.39,139.643852364978,0.20240169400000002,20.240169400000003,0.0,0.0,0.0,0.0,0.6982192618248899,winter,night,139.643852364978
2018-01-01 17:00:00,2228.32,0.0,-0.11,105.18875256102896,0.20279439400000002,20.2794394,0.0,0.0,0.0,0.0,0.5259437628051448,winter,night,105.18875256102896
2018-01-01 18:00:00,2469.44,0.0,-0.53,97.23119162255246,0.20312426199999997,20.312426199999997,0.0,0.0,0.0,0.0,0.4861559581127623,winter,night,97.23119162255246
2018-01-01 19:00:00,2515.36,0.0,-0.65,128.3416675087169,0.20321851,20.321851,0.0,0.0,0.0,0.0,0.6417083375435846,winter,night,128.3416675087169
2018-01-01 20:00:00,2515.84,0.0,-1.07,159.34394727510283,0.203548378,20.3548378,0.0,0.0,0.0,0.0,0.7967197363755142,winter,night,159.34394727510283
2018-01-01 21:00:00,2499.68,0.0,-1.02,178.96721990948114,0.20350910800000002,20.3509108,0.0,0.0,0.0,0.0,0.8948360995474057,winter,night,178.96721990948114
2018-01-01 22:00:00,2442.08,0.0,-1.2,172.77017046708974,0.20365048,20.365047999999998,0.0,0.0,0.0,0.0,0.8638508523354487,winter,night,172.77017046708974
2018-01-01 23:00:00,2336.7200000000003,0.0,-1.36,177.27245043665158,0.203776144,20.3776144,0.0,0.0,0.0,0.0,0.8863622521832579,winter,night,177.27245043665158
2018-01-02 00:00:00,2209.36,0.0,-1.01,167.71736924359323,0.203501254,20.3501254,0.0,0.0,0.0,0.0,0.8385868462179661,winter,night,167.71736924359323
2018-01-02 01:00:00,2097.28,0.0,-0.94,172.19417917980422,0.20344627599999998,20.3446276,0.0,0.0,0.0,0.0,0.8609708958990211,winter,night,172.19417917980422
2018-01-02 02:00:00,2030.48,0.0,-1.1,178.9655348382597,0.20357193999999998,20.357193999999996,0.0,0.0,0.0,0.0,0.8948276741912986,winter,night,178.9655348382597
2018-01-02 03:00:00,1996.96,0.0,-1.17,168.59045434683492,0.203626918,20.3626918,0.0,0.0,0.0,0.0,0.8429522717341746,winter,night,168.59045434683492
2018-01-02 04:00:00,1989.8400000000001,0.0,-1.85,174.48014194935374,0.20416098999999996,20.416098999999996,0.0,0.0,0.0,0.0,0.8724007097467686,winter,night,174.48014194935374
2018-01-02 05:00:00,2025.04,0.0,-2.97,176.53883831470367,0.20504063799999997,20.504063799999997,0.0,0.0,0.0,0.0,0.8826941915735184,winter,night,176.53883831470367
2018-01-02 15:00:00,2580.32,0.0,4.49,163.80018479503747,0.19918155399999998,19.9181554,0.0,0.0,0.0,0.0,0.8190009239751873,winter,night,163.80018479503747
2018-01-02 16:00:00,2594.2400000000002,0.0,3.08,173.49369640733954,0.20028896799999998,20.0288968,0.0,0.0,0.0,0.0,0.8674684820366977,winter,night,173.49369640733954
2018-01-02 17:00:00,2699.36,0.0,2.01,178.8891611066515,0.20112934600000001,20.112934600000003,0.0,0.0,0.0,0.0,0.8944458055332575,winter,night,178.8891611066515
2018-01-02 18:00:00,2843.04,0.0,1.16,174.56778989848505,0.201796936,20.1796936,0.0,0.0,0.0,0.0,0.8728389494924252,winter,night,174.56778989848505
2018-01-02 19:00:00,2814.2400000000002,0.0,0.65,152.0306048241485,0.20219748999999998,20.219748999999997,0.0,0.0,0.0,0.0,0.7601530241207425,winter,night,152.0306048241485
2018-01-02 20:00:00,2768.0,0.0,0.38,115.03326595125354,0.202409548,20.2409548,0.0,0.0,0.0,0.0,0.5751663297562677,winter,night,115.03326595125354
2018-01-02 21:00:00,2693.92,0.0,-0.11,178.31589745263747,0.20279439400000002,20.2794394,0.0,0.0,0.0,0.0,0.8915794872631874,winter,night,178.31589745263747
2018-01-02 22:00:00,2562.8,0.0,0.11,80.72699188001678,0.20262160599999998,20.262160599999998,0.0,0.0,0.0,0.0,0.4036349594000839,winter,night,80.72699188001678
2018-01-02 23:00:00,2389.6,0.0,0.41,64.7063348410771,0.202385986,20.2385986,0.0,0.0,0.0,0.0,0.3235316742053855,winter,night,64.7063348410771
2018-01-03 00:00:00,2221.68,0.0,0.0,138.16855432659838,0.20270800000000003,20.2708,0.0,0.0,0.0,0.0,0.6908427716329919,winter,night,138.16855432659838
2018-01-03 01:00:00,2099.44,0.0,0.21,63.50319398914259,0.20254306600000002,20.254306600000003,0.0,0.0,0.0,0.0,0.31751596994571296,winter,night,63.50319398914259
2018-01-03 02:00:00,2027.2,0.0,0.34,36.61805540505505,0.202440964,20.2440964,0.0,0.0,0.0,0.0,0.18309027702527525,winter,night,36.61805540505505
2018-01-03 03:00:00,2001.76,0.0,0.17,22.07681361538357,0.202574482,20.2574482,0.0,0.0,0.0,0.0,0.11038406807691786,winter,night,22.07681361538357
2018-01-03 04:00:00,2009.8400000000001,0.0,0.34,60.287484081186825,0.202440964,20.2440964,0.0,0.0,0.0,0.0,0.30143742040593413,winter,night,60.287484081186825
2018-01-03 05:00:00,2074.0,0.0,0.01,57.25917470181225,0.202700146,20.2700146,0.0,0.0,0.0,0.0,0.28629587350906127,winter,night,57.25917470181225
2018-01-03 15:00:00,2662.2400000000002,0.0,6.34,24.497595720795434,0.197728564,19.7728564,0.0,0.0,0.0,0.0,0.12248797860397717,winter,night,24.497595720795434
2018-01-03 16:00:00,2662.08,0.0,5.4,0.0,0.19846684,19.846684,0.0,0.0,0.0,0.0,0.0,winter,night,6.297411950948207
2018-01-03 17:00:00,2758.7200000000003,0.0,5.13,0.0,0.198678898,19.8678898,0.0,0.0,0.0,0.0,0.0,winter,night,21.645206564632726
2018-01-03 18:00:00,2908.48,0.0,4.88,13.049441569997914,0.19887524799999998,19.887524799999998,0.0,0.0,0.0,0.0,0.06524720784998957,winter,night,13.049441569997914
2018-01-03 19:00:00,2888.48,0.0,4.49,57.3602183610116,0.19918155399999998,19.9181554,0.0,0.0,0.0,0.0,0.286801091805058,winter,night,57.3602183610116
2018-01-03 20:00:00,2824.48,0.0,4.32,79.66790037186539,0.19931507199999998,19.9315072,0.0,0.0,0.0,0.0,0.3983395018593269,winter,night,79.66790037186539
2018-01-03 21:00:00,2745.76,0.0,4.36,87.4138878895655,0.199283656,19.9283656,0.0,0.0,0.0,0.0,0.4370694394478275,winter,night,87.4138878895655
2018-01-03 22:00:00,2606.4,0.0,4.03,84.05055240753678,0.199542838,19.9542838,0.0,0.0,0.0,0.0,0.4202527620376839,winter,night,84.05055240753678
2018-01-03 23:00:00,2411.76,0.0,3.8,49.38605219731766,0.19972347999999998,19.972347999999997,0.0,0.0,0.0,0.0,0.2469302609865883,winter,night,49.38605219731766
2018-01-04 00:00:00,2231.12,0.0,3.46,55.67160121656168,0.199990516,19.9990516,0.0,0.0,0.0,0.0,0.2783580060828084,winter,night,55.67160121656168
2018-01-04 01:00:00,2097.76,0.0,3.13,55.439218984625306,0.200249698,20.0249698,0.0,0.0,0.0,0.0,0.2771960949231265,winter,night,55.439218984625306
2018-01-04 02:00:00,2023.04,0.0,2.77,66.64894313438256,0.20053244199999998,20.053244199999998,0.0,0.0,0.0,0.0,0.33324471567191283,winter,night,66.64894313438256
2018-01-04 03:00:00,1991.44,0.0,2.4,55.72959676132575,0.20082304,20.082304,0.0,0.0,0.0,0.0,0.27864798380662875,winter,night,55.72959676132575
2018-01-04 04:00:00,1992.72,0.0,1.98,66.2885439808939,0.20115290800000002,20.1152908,0.0,0.0,0.0,0.0,0.33144271990446955,winter,night,66.2885439808939
2018-01-04 05:00:00,2040.24,0.0,1.25,14.065254630237897,0.20172625000000002,20.172625000000004,0.0,0.0,0.0,0.0,0.07032627315118949,winter,night,14.065254630237897
2018-01-04 15:00:00,2435.68,0.0,3.59,0.0,0.199888414,19.9888414,0.0,0.0,0.0,0.0,0.0,winter,night,0.0
2018-01-04 16:00:00,2477.04,0.0,2.34,16.815686370055445,0.20087016399999996,20.087016399999996,0.0,0.0,0.0,0.0,0.08407843185027723,winter,night,16.815686370055445
2018-01-04 17:00:00,2605.12,0.0,1.37,50.28447701365342,0.201632002,20.163200200000002,0.0,0.0,0.0,0.0,0.2514223850682671,winter,night,50.28447701365342
2018-01-04 18:00:00,2865.92,0.0,0.86,43.27493229509666,0.20203255599999997,20.2032556,0.0,0.0,0.0,0.0,0.21637466147548332,winter,night,43.27493229509666
2018-01-04 19:00:00,2912.88,0.0,0.13,59.13002805584988,0.20260589799999998,20.260589799999998,0.0,0.0,0.0,0.0,0.2956501402792494,winter,night,59.13002805584988
2018-01-04 20:00:00,2906.2400000000002,0.0,-0.14,22.97886163791548,0.20281795600000002,20.281795600000002,0.0,0.0,0.0,0.0,0.1148943081895774,winter,night,22.97886163791548
2018-01-04 21:00:00,2868.16,0.0,-0.54,34.94335525169803,0.20313211599999997,20.3132116,0.0,0.0,0.0,0.0,0.17471677625849014,winter,night,34.94335525169803
2018-01-04 22:00:00,2762.08,0.0,-0.7,23.347808891007602,0.20325778,20.325778,0.0,0.0,0.0,0.0,0.11673904445503801,winter,night,23.347808891007602
2018-01-04 23:00:00,2599.36,0.0,0.08,34.20417572717245,0.202645168,20.2645168,0.0,0.0,0.0,0.0,0.17102087863586224,winter,night,34.20417572717245
2018-01-05 00:00:00,2444.56,0.0,0.87,41.96869599760194,0.202024702,20.2024702,0.0,0.0,0.0,0.0,0.2098434799880097,winter,night,41.96869599760194
2018-01-05 01:00:00,2344.56,0.0,1.14,46.34917501876663,0.201812644,20.1812644,0.0,0.0,0.0,0.0,0.23174587509383315,winter,night,46.34917501876663
2018-01-05 02:00:00,2299.84,0.0,1.05,35.907512999178884,0.20188333,20.188333,0.0,0.0,0.0,0.0,0.17953756499589443,winter,night,35.907512999178884
2018-01-05 03:00:00,2282.32,0.0,1.25,6.493246927746938,0.20172625000000002,20.172625000000004,0.0,0.0,0.0,0.0,0.03246623463873469,winter,night,6.493246927746938
2018-01-05 04:00:00,2307.76,0.0,1.29,9.120142641336423,0.201694834,20.169483399999997,0.0,0.0,0.0,0.0,0.04560071320668212,winter,night,9.120142641336423
2018-01-05 05:00:00,2394.88,0.0,1.37,21.601256815866222,0.201632002,20.163200200000002,0.0,0.0,0.0,0.0,0.1080062840793311,winter,night,21.601256815866222
2018-01-05 15:00:00,2858.88,0.0,4.33,0.0,0.199307218,19.9307218,0.0,0.0,0.0,0.0,0.0,winter,night,42.33780236263497
2018-01-05 16:00:00,2885.12,0.0,3.65,0.0,0.19984128999999998,19.984129,0.0,0.0,0.0,0.0,0.0,winter,night,38.596471461810964
2018-01-05 17:00:00,2990.08,0.0,2.57,0.0,0.20068952199999998,20.0689522,0.0,0.0,0.0,0.0,0.0,winter,night,74.17510765601075
2018-01-05 18:00:00,3179.6,0.0,1.65,0.0,0.20141209,20.141209,0.0,0.0,0.0,0.0,0.0,winter,night,1.947867700626483
2018-01-05 19:00:00,3180.32,0.0,2.23,0.0,0.200956558,20.0956558,0.0,0.0,0.0,0.0,0.0,winter,night,0.0
2018-01-05 20:00:00,3134.8,0.0,1.67,0.0,0.20139638199999998,20.1396382,0.0,0.0,0.0,0.0,0.0,winter,night,26.314141896392833
2018-01-05 21:00:00,3063.76,0.0,0.38,0.0,0.202409548,20.2409548,0.0,0.0,0.0,0.0,0.0,winter,night,55.67160121656168
2018-01-05 22:00:00,2929.2000000000003,0.0,0.49,0.0,0.202323154,20.2323154,0.0,0.0,0.0,0.0,0.0,winter,night,78.96483168115361
2018-01-05 23:00:00,2742.64,0.0,1.19,0.0,0.201773374,20.1773374,0.0,0.0,0.0,0.0,0.0,winter,night,76.29056303904159
2018-01-06 00:00:00,2571.36,0.0,0.53,0.0,0.202291738,20.229173799999998,0.0,0.0,0.0,0.0,0.0,winter,night,33.280908233138376
2018-01-06 01:00:00,2452.2400000000002,0.0,-0.02,0.0,0.202723708,20.2723708,0.0,0.0,0.0,0.0,0.0,winter,night,0.0
2018-01-06 02:00:00,2387.36,0.0,-0.18,0.0,0.20284937200000003,20.2849372,0.0,0.0,0.0,0.0,0.0,winter,night,21.38591774582291
2018-01-06 03:00:00,2359.36,0.0,-0.07,0.0,0.202762978,20.276297800000002,0.0,0.0,0.0,0.0,0.0,winter,night,18.871291417697428
2018-01-06 04:00:00,2363.36,0.0,-0.2,0.0,0.20286508,20.286508,0.0,0.0,0.0,0.0,0.0,winter,night,35.93209503636437
2018-01-06 05:00:00,2428.88,0.0,0.03,0.0,0.202684438,20.2684438,0.0,0.0,0.0,0.0,0.0,winter,night,73.44622343173434
2018-01-06 15:00:00,2850.88,0.0,4.79,6.998894068306823,0.198945934,19.894593399999998,0.0,0.0,0.0,0.0,0.03499447034153411,winter,night,6.998894068306823
2018-01-06 16:00:00,2897.52,0.0,3.71,0.0,0.19979416600000002,19.979416600000004,0.0,0.0,0.0,0.0,0.0,winter,night,71.61931528040802
2018-01-06 17:00:00,3007.12,0.0,3.49,0.0,0.199966954,19.9966954,0.0,0.0,0.0,0.0,0.0,winter,night,28.77342151473143
2018-01-06 18:00:00,3184.32,0.0,2.0,17.159612133934978,0.20113720000000002,20.11372,0.0,0.0,0.0,0.0,0.0857980606696749,winter,night,17.159612133934978
2018-01-06 19:00:00,3168.64,0.0,1.69,28.77342151473143,0.201380674,20.1380674,0.0,0.0,0.0,0.0,0.14386710757365717,winter,night,28.77342151473143
2018-01-06 20:00:00,3115.52,0.0,0.86,75.45501623102643,0.20203255599999997,20.2032556,0.0,0.0,0.0,0.0,0.3772750811551322,winter,night,75.45501623102643
2018-01-06 21:00:00,3060.08,0.0,0.21,153.97876536651373,0.20254306600000002,20.254306600000003,0.0,0.0,0.0,0.0,0.7698938268325687,winter,night,153.97876536651373
2018-01-06 22:00:00,2967.68,0.0,-0.32,178.8403546553095,0.20295932800000002,20.295932800000003,0.0,0.0,0.0,0.0,0.8942017732765476,winter,night,178.8403546553095
2018-01-06 23:00:00,2828.32,0.0,-0.82,167.89255603652478,0.203352028,20.335202799999998,0.0,0.0,0.0,0.0,0.8394627801826239,winter,night,167.89255603652478
2018-01-07 00:00:00,2687.52,0.0,-1.06,156.2781359689461,0.203540524,20.3540524,0.0,0.0,0.0,0.0,0.7813906798447304,winter,night,156.2781359689461
2018-01-07 01:00:00,2576.7200000000003,0.0,-1.16,137.59160533696385,0.20361906400000002,20.361906400000002,0.0,0.0,0.0,0.0,0.6879580266848193,winter,night,137.59160533696385
2018-01-07 02:00:00,2504.7200000000003,0.0,-1.37,154.79008472966936,0.20378399800000002,20.378399800000004,0.0,0.0,0.0,0.0,0.7739504236483468,winter,night,154.79008472966936
2018-01-07 03:00:00,2474.4,0.0,-1.62,177.68855392295632,0.20398034799999998,20.398034799999998,0.0,0.0,0.0,0.0,0.8884427696147816,winter,night,177.68855392295632
2018-01-07 04:00:00,2467.36,0.0,-1.91,178.61873748268602,0.204208114,20.420811399999998,0.0,0.0,0.0,0.0,0.8930936874134301,winter,night,178.61873748268602
2018-01-07 05:00:00,2495.04,0.0,-2.18,171.07644355631066,0.204420172,20.442017200000002,0.0,0.0,0.0,0.0,0.8553822177815533,winter,night,171.07644355631066
2018-01-07 15:00:00,3095.44,0.0,4.56,177.40313437740338,0.199126576,19.9126576,0.0,0.0,0.0,0.0,0.8870156718870169,winter,night,177.40313437740338
2018-01-07 16:00:00,3080.64,0.0,3.09,178.01453640596338,0.20028111399999998,20.028111399999997,0.0,0.0,0.0,0.0,0.8900726820298169,winter,night,178.01453640596338
2018-01-07 17:00:00,3142.8,0.0,1.04,176.66844332496157,0.20189118399999997,20.189118399999998,0.0,0.0,0.0,0.0,0.8833422166248078,winter,night,176.66844332496157
2018-01-07 18:00:00,3305.92,0.0,-0.15,168.55858346740644,0.20282581,20.282581,0.0,0.0,0.0,0.0,0.8427929173370322,winter,night,168.55858346740644
2018-01-07 19:00:00,3315.36,0.0,-1.47,155.08011094474784,0.20386253799999998,20.3862538,0.0,0.0,0.0,0.0,0.7754005547237393,winter,night,155.08011094474784
2018-01-07 20:00:00,3273.04,0.0,-1.58,173.97117770366506,0.203948932,20.3948932,0.0,0.0,0.0,0.0,0.8698558885183253,winter,night,173.97117770366506
2018-01-07 21:00:00,3225.12,0.0,-1.58,178.97328131675164,0.203948932,20.3948932,0.0,0.0,0.0,0.0,0.8948664065837582,winter,night,178.97328131675164
2018-01-07 22:00:00,3141.36,0.0,-1.46,178.9710507188761,0.203854684,20.3854684,0.0,0.0,0.0,0.0,0.8948552535943806,winter,night,178.9710507188761
2018-01-07 23:00:00,3012.32,0.0,-0.95,152.3527564977606,0.20345413,20.345413,0.0,0.0,0.0,0.0,0.7617637824888029,winter,night,152.3527564977606
2018-01-08 00:00:00,2884.32,0.0,-0.33,121.92464959647957,0.20296718199999997,20.296718199999997,0.0,0.0,0.0,0.0,0.6096232479823979,winter,night,121.92464959647957
2018-01-08 01:00:00,2788.48,0.0,-0.17,84.38825765220473,0.202841518,20.2841518,0.0,0.0,0.0,0.0,0.4219412882610236,winter,night,84.38825765220473
2018-01-08 02:00:00,2733.2000000000003,0.0,0.64,57.82464338607671,0.202205344,20.220534400000002,0.0,0.0,0.0,0.0,0.28912321693038356,winter,night,57.82464338607671
2018-01-08 03:00:00,2709.6,0.0,0.63,41.484865377160396,0.20221319799999998,20.2213198,0.0,0.0,0.0,0.0,0.20742432688580198,winter,night,41.484865377160396
2018-01-08 04:00:00,2710.88,0.0,0.58,63.60637732510829,0.202252468,20.2252468,0.0,0.0,0.0,0.0,0.31803188662554144,winter,night,63.60637732510829
2018-01-08 05:00:00,2744.96,0.0,0.41,55.3641363327656,0.202385986,20.2385986,0.0,0.0,0.0,0.0,0.276820681663828,winter,night,55.3641363327656
2018-01-08 15:00:00,2972.88,0.0,4.95,0.0,0.19882027,19.882027,0.0,0.0,0.0,0.0,0.0,winter,night,6.444455629923099
2018-01-08 16:00:00,3029.76,0.0,3.97,0.0,0.199589962,19.9589962,0.0,0.0,0.0,0.0,0.0,winter,night,21.645206564632726
2018-01-08 17:00:00,3168.56,0.0,2.96,24.74439197922079,0.20038321600000003,20.038321600000003,0.0,0.0,0.0,0.0,0.12372195989610395,winter,night,24.74439197922079
2018-01-08 18:00:00,3408.56,0.0,0.7,33.24826452428314,0.20215822,20.215822,0.0,0.0,0.0,0.0,0.1662413226214157,winter,night,33.24826452428314
2018-01-08 19:00:00,3448.0,0.0,-2.36,31.273315592485943,0.204561544,20.456154400000003,0.0,0.0,0.0,0.0,0.15636657796242973,winter,night,31.273315592485943
2018-01-08 20:00:00,3417.6,0.0,-2.47,31.123119981730444,0.204647938,20.4647938,0.0,0.0,0.0,0.0,0.15561559990865223,winter,night,31.123119981730444
2018-01-08 21:00:00,3371.44,0.0,-2.56,51.1784679105709,0.204718624,20.4718624,0.0,0.0,0.0,0.0,0.2558923395528545,winter,night,51.1784679105709
2018-01-08 22:00:00,3259.52,0.0,-2.6,49.667113591043076,0.20475004000000002,20.475004000000002,0.0,0.0,0.0,0.0,0.24833556795521539,winter,night,49.667113591043076
2018-01-08 23:00:00,3110.7200000000003,0.0,-2.63,21.300868625058797,0.204773602,20.4773602,0.0,0.0,0.0,0.0,0.10650434312529398,winter,night,21.300868625058797
2018-01-09 00:00:00,2957.2000000000003,0.0,-2.19,12.361440780084825,0.204428026,20.4428026,0.0,0.0,0.0,0.0,0.06180720390042413,winter,night,12.361440780084825
2018-01-09 01:00:00,2866.56,0.0,-2.11,13.365301502863254,0.204365194,20.4365194,0.0,0.0,0.0,0.0,0.06682650751431626,winter,night,13.365301502863254
2018-01-09 02:00:00,2836.96,0.0,-2.24,24.19252509287157,0.20446729599999997,20.446729599999998,0.0,0.0,0.0,0.0,0.12096262546435785,winter,night,24.19252509287157
2018-01-09 03:00:00,2836.4,0.0,-2.37,18.166810419091757,0.204569398,20.4569398,0.0,0.0,0.0,0.0,0.09083405209545878,winter,night,18.166810419091757
2018-01-09 04:00:00,2873.2000000000003,0.0,-2.01,6.297411950948207,0.20428665399999998,20.4286654,0.0,0.0,0.0,0.0,0.03148705975474103,winter,night,6.297411950948207
2018-01-09 05:00:00,2956.88,0.0,-1.46,1.020529403353328,0.203854684,20.3854684,0.0,0.0,0.0,0.0,0.00510264701676664,winter,night,1.020529403353328
2018-01-09 07:00:00,3396.96,0.0,0.6,0.0,0.20223676,20.223675999999998,0.0,0.0,0.0,0.0,0.0,winter,night,9.386760459212194
2018-01-09 15:00:00,3190.4,0.0,4.13,18.000406605294963,0.19946429799999998,19.946429799999997,0.0,0.0,0.0,0.0,0.09000203302647482,winter,night,18.000406605294963
2018-01-09 16:00:00,3198.48,0.0,3.4,27.471431233029726,0.20003764,20.003764,0.0,0.0,0.0,0.0,0.13735715616514863,winter,night,27.471431233029726
2018-01-09 17:00:00,3297.6800000000003,0.0,2.68,61.20208376282398,0.200603128,20.0603128,0.0,0.0,0.0,0.0,0.3060104188141199,winter,night,61.20208376282398
2018-01-09 18:00:00,3527.92,0.0,2.22,64.07417855402294,0.20096441199999998,20.096441199999997,0.0,0.0,0.0,0.0,0.32037089277011466,winter,night,64.07417855402294
2018-01-09 19:00:00,3553.28,0.0,-1.74,39.97945426746098,0.20407459599999997,20.407459599999996,0.0,0.0,0.0,0.0,0.1998972713373049,winter,night,39.97945426746098
2018-01-09 20:00:00,3529.76,0.0,-1.29,32.40139803818998,0.20372116599999998,20.3721166,0.0,0.0,0.0,0.0,0.1620069901909499,winter,night,32.40139803818998
2018-01-09 21:00:00,3470.7200000000003,0.0,-1.95,43.68645638820853,0.20423952999999997,20.423952999999997,0.0,0.0,0.0,0.0,0.21843228194104267,winter,night,43.68645638820853
2018-01-09 22:00:00,3349.6,0.0,-2.66,32.48729120991647,0.204797164,20.4797164,0.0,0.0,0.0,0.0,0.16243645604958235,winter,night,32.48729120991647
2018-01-09 23:00:00,3160.7200000000003,0.0,-2.56,12.674038918162738,0.204718624,20.4718624,0.0,0.0,0.0,0.0,0.0633701945908137,winter,night,12.674038918162738
2018-01-10 00:00:00,2986.56,0.0,-2.45,23.462804394391565,0.20463223,20.463223,0.0,0.0,0.0,0.0,0.11731402197195782,winter,night,23.462804394391565
2018-01-10 01:00:00,2877.6,0.0,-3.34,13.996457657717812,0.205331236,20.5331236,0.0,0.0,0.0,0.0,0.06998228828858906,winter,night,13.996457657717812
2018-01-10 02:00:00,2826.16,0.0,-3.71,0.0,0.205621834,20.562183400000002,0.0,0.0,0.0,0.0,0.0,winter,night,25.673629959416314
2018-01-10 03:00:00,2808.64,0.0,-3.92,0.0,0.205786768,20.5786768,0.0,0.0,0.0,0.0,0.0,winter,night,80.28456370193618
2018-01-10 04:00:00,2818.96,0.0,-3.29,0.0,0.205291966,20.5291966,0.0,0.0,0.0,0.0,0.0,winter,night,3.834698166552974
2018-01-10 05:00:00,2889.44,0.0,-2.64,0.0,0.20478145600000003,20.4781456,0.0,0.0,0.0,0.0,0.0,winter,night,29.599939856617567
2018-01-10 07:00:00,3318.56,0.0,-0.67,0.0,0.203234218,20.3234218,0.0,0.0,0.0,0.0,0.0,winter,night,4.515438527069904
2018-01-10 15:00:00,3076.0,0.0,3.79,0.0,0.19973133399999998,19.9731334,0.0,0.0,0.0,0.0,0.0,winter,night,0.0
2018-01-10 16:00:00,3078.7200000000003,0.0,2.48,2.4751913806805517,0.20076020800000002,20.076020800000002,0.0,0.0,0.0,0.0,0.012375956903402758,winter,night,2.4751913806805517
2018-01-10 17:00:00,3154.8,0.0,1.5,52.91455193535617,0.2015299,20.152990000000003,0.0,0.0,0.0,0.0,0.26457275967678084,winter,night,52.91455193535617
2018-01-10 18:00:00,3303.84,0.0,0.73,46.706895030241995,0.202134658,20.213465799999998,0.0,0.0,0.0,0.0,0.23353447515120998,winter,night,46.706895030241995
2018-01-10 19:00:00,3278.88,0.0,-0.1,44.34940765490042,0.20278654,20.278654,0.0,0.0,0.0,0.0,0.2217470382745021,winter,night,44.34940765490042
2018-01-10 20:00:00,3213.6,0.0,-0.46,1.257030456239243,0.203069284,20.3069284,0.0,0.0,0.0,0.0,0.006285152281196214,winter,night,1.257030456239243
2018-01-10 21:00:00,3115.6,0.0,-1.11,0.46469565742878277,0.20357979399999998,20.357979399999998,0.0,0.0,0.0,0.0,0.002323478287143914,winter,night,0.46469565742878277
2018-01-10 22:00:00,2950.08,0.0,-1.3,0.0,0.20372902,20.372902,0.0,0.0,0.0,0.0,0.0,winter,night,0.0
2018-01-10 23:00:00,2741.84,0.0,-1.09,39.75647933960866,0.203564086,20.3564086,0.0,0.0,0.0,0.0,0.1987823966980433,winter,night,39.75647933960866
2018-01-11 00:00:00,2535.44,0.0,-1.5,48.090868875980746,0.20388610000000001,20.38861,0.0,0.0,0.0,0.0,0.24045434437990373,winter,night,48.090868875980746
2018-01-11 01:00:00,2392.48,0.0,-1.42,45.570350859988395,0.20382326799999997,20.382326799999998,0.0,0.0,0.0,0.0,0.22785175429994198,winter,night,45.570350859988395
2018-01-11 02:00:00,2319.12,0.0,-1.04,37.31834190982954,0.203524816,20.3524816,0.0,0.0,0.0,0.0,0.18659170954914772,winter,night,37.31834190982954
2018-01-11 03:00:00,2280.96,0.0,-0.9,12.645199500045642,0.20341485999999998,20.341485999999996,0.0,0.0,0.0,0.0,0.06322599750022821,winter,night,12.645199500045642
2018-01-11 04:00:00,2272.88,0.0,-0.79,33.01969491752012,0.20332846599999999,20.3328466,0.0,0.0,0.0,0.0,0.1650984745876006,winter,night,33.01969491752012
2018-01-11 05:00:00,2317.6,0.0,-0.86,53.079258555117626,0.203383444,20.3383444,0.0,0.0,0.0,0.0,0.2653962927755881,winter,night,53.079258555117626
2018-01-11 15:00:00,2536.56,0.0,7.1,54.857802737832564,0.19713166,19.713165999999998,0.0,0.0,0.0,0.0,0.2742890136891628,winter,night,54.857802737832564
2018-01-11 16:00:00,2565.76,0.0,5.5,46.30258704248563,0.1983883,19.838829999999998,0.0,0.0,0.0,0.0,0.23151293521242813,winter,night,46.30258704248563
2018-01-11 17:00:00,2681.12,0.0,3.22,100.87522481387076,0.200179012,20.017901199999997,0.0,0.0,0.0,0.0,0.5043761240693538,winter,night,100.87522481387076
2018-01-11 18:00:00,2853.52,0.0,1.77,95.0530673497519,0.20131784199999997,20.1317842,0.0,0.0,0.0,0.0,0.4752653367487595,winter,night,95.0530673497519
2018-01-11 19:00:00,2851.76,0.0,1.71,88.95106077336229,0.201364966,20.1364966,0.0,0.0,0.0,0.0,0.44475530386681145,winter,night,88.95106077336229
2018-01-11 20:00:00,2805.12,0.0,1.82,121.02752495200286,0.20127857200000002,20.1278572,0.0,0.0,0.0,0.0,0.6051376247600143,winter,night,121.02752495200286
2018-01-11 21:00:00,2730.8,0.0,1.57,49.77720086988951,0.201474922,20.1474922,0.0,0.0,0.0,0.0,0.24888600434944755,winter,night,49.77720086988951
2018-01-11 22:00:00,2598.8,0.0,1.03,103.86718393384382,0.201899038,20.1899038,0.0,0.0,0.0,0.0,0.5193359196692191,winter,night,103.86718393384382
2018-01-11 23:00:00,2414.4,0.0,0.57,56.63446182288625,0.20226032200000002,20.226032200000002,0.0,0.0,0.0,0.0,0.28317230911443125,winter,night,56.63446182288625
2018-01-12 00:00:00,2232.32,0.0,0.27,36.17727896045579,0.202495942,20.2495942,0.0,0.0,0.0,0.0,0.18088639480227894,winter,night,36.17727896045579
2018-01-12 01:00:00,2103.36,0.0,0.13,0.0,0.20260589799999998,20.260589799999998,0.0,0.0,0.0,0.0,0.0,winter,night,0.0
2018-01-12 02:00:00,2027.8400000000001,0.0,0.22,0.0,0.202535212,20.253521199999998,0.0,0.0,0.0,0.0,0.0,winter,night,92.73442753360703
2018-01-12 03:00:00,1984.16,0.0,0.38,1.9947693547337344,0.202409548,20.2409548,0.0,0.0,0.0,0.0,0.009973846773668672,winter,night,1.9947693547337344
2018-01-12 04:00:00,1976.16,0.0,0.59,0.0,0.202244614,20.2244614,0.0,0.0,0.0,0.0,0.0,winter,night,53.079258555117626
2018-01-12 05:00:00,2019.6000000000001,0.0,0.73,0.7869262713996454,0.202134658,20.213465799999998,0.0,0.0,0.0,0.0,0.003934631356998227,winter,night,0.7869262713996454
2018-01-12 15:00:00,2398.16,0.0,4.97,0.0,0.198804562,19.880456199999998,0.0,0.0,0.0,0.0,0.0,winter,night,0.0
2018-01-12 16:00:00,2402.48,0.0,3.94,0.0,0.19961352400000001,19.961352400000003,0.0,0.0,0.0,0.0,0.0,winter,night,0.0
2018-01-12 17:00:00,2475.6,0.0,2.88,0.0,0.200446048,20.0446048,0.0,0.0,0.0,0.0,0.0,winter,night,0.0
2018-01-12 18:00:00,2631.6,0.0,2.36,1.947867700626483,0.200854456,20.0854456,0.0,0.0,0.0,0.0,0.009739338503132416,winter,night,1.947867700626483
2018-01-12 19:00:00,2634.64,0.0,2.36,20.438430383687724,0.200854456,20.0854456,0.0,0.0,0.0,0.0,0.10219215191843861,winter,night,20.438430383687724
2018-01-12 20:00:00,2588.96,0.0,2.26,10.797306756748881,0.200932996,20.0932996,0.0,0.0,0.0,0.0,0.053986533783744406,winter,night,10.797306756748881
2018-01-12 21:00:00,2514.64,0.0,1.72,12.846182884644714,0.201357112,20.1357112,0.0,0.0,0.0,0.0,0.06423091442322357,winter,night,12.846182884644714
2018-01-12 22:00:00,2385.44,0.0,1.82,14.973703498847438,0.20127857200000002,20.1278572,0.0,0.0,0.0,0.0,0.07486851749423719,winter,night,14.973703498847438
2018-01-12 23:00:00,2217.36,0.0,1.66,33.280908233138376,0.20140423600000001,20.140423600000002,0.0,0.0,0.0,0.0,0.1664045411656919,winter,night,33.280908233138376
2018-01-13 00:00:00,2043.28,0.0,2.18,38.596471461810964,0.200995828,20.0995828,0.0,0.0,0.0,0.0,0.19298235730905483,winter,night,38.596471461810964
2018-01-13 01:00:00,1916.08,0.0,3.29,42.47479016694808,0.20012403399999998,20.012403399999997,0.0,0.0,0.0,0.0,0.21237395083474042,winter,night,42.47479016694808
2018-01-13 02:00:00,1849.3600000000001,0.0,3.11,47.237219675151884,0.20026540599999998,20.026540599999997,0.0,0.0,0.0,0.0,0.23618609837575943,winter,night,47.237219675151884
2018-01-13 03:00:00,1815.52,0.0,2.93,52.65545708157911,0.20040677799999998,20.040677799999997,0.0,0.0,0.0,0.0,0.2632772854078955,winter,night,52.65545708157911
2018-01-13 04:00:00,1816.88,0.0,2.33,95.77361713903177,0.200878018,20.087801799999998,0.0,0.0,0.0,0.0,0.4788680856951589,winter,night,95.77361713903177
2018-01-13 05:00:00,1865.1200000000001,0.0,-0.34,129.68891225709984,0.202975036,20.2975036,0.0,0.0,0.0,0.0,0.6484445612854992,winter,night,129.68891225709984
2018-01-13 15:00:00,2365.52,0.0,5.41,166.90238879044625,0.19845898599999998,19.845898599999998,0.0,0.0,0.0,0.0,0.8345119439522313,winter,night,166.90238879044625
2018-01-13 16:00:00,2402.16,0.0,4.06,175.54305820549294,0.199519276,19.9519276,0.0,0.0,0.0,0.0,0.8777152910274647,winter,night,175.54305820549294
2018-01-13 17:00:00,2519.04,0.0,3.11,178.1648471834568,0.20026540599999998,20.026540599999997,0.0,0.0,0.0,0.0,0.890824235917284,winter,night,178.1648471834568
2018-01-13 18:00:00,2711.84,0.0,2.89,176.2381319000148,0.20043819400000001,20.0438194,0.0,0.0,0.0,0.0,0.8811906595000739,winter,night,176.2381319000148
2018-01-13 19:00:00,2726.56,0.0,3.22,174.32670348570875,0.200179012,20.017901199999997,0.0,0.0,0.0,0.0,0.8716335174285438,winter,night,174.32670348570875
2018-01-13 20:00:00,2690.2400000000002,0.0,3.06,173.24011137277125,0.20030467600000001,20.0304676,0.0,0.0,0.0,0.0,0.8662005568638562,winter,night,173.24011137277125
2018-01-13 21:00:00,2645.12,0.0,2.51,101.9988642480455,0.200736646,20.0736646,0.0,0.0,0.0,0.0,0.5099943212402276,winter,night,101.9988642480455
2018-01-13 22:00:00,2566.08,0.0,1.98,48.710714444868515,0.20115290800000002,20.1152908,0.0,0.0,0.0,0.0,0.24355357222434257,winter,night,48.710714444868515
2018-01-13 23:00:00,2441.2000000000003,0.0,1.72,17.9190079670595,0.201357112,20.1357112,0.0,0.0,0.0,0.0,0.0895950398352975,winter,night,17.9190079670595
2018-01-14 00:00:00,2308.16,0.0,1.7,19.39584257218219,0.20137281999999998,20.137282,0.0,0.0,0.0,0.0,0.09697921286091095,winter,night,19.39584257218219
2018-01-14 01:00:00,2198.8,0.0,1.68,60.47409056541594,0.20138852799999998,20.1388528,0.0,0.0,0.0,0.0,0.3023704528270797,winter,night,60.47409056541594
2018-01-14 02:00:00,2136.0,0.0,1.54,21.581260233280844,0.201498484,20.1498484,0.0,0.0,0.0,0.0,0.10790630116640422,winter,night,21.581260233280844
2018-01-14 03:00:00,2109.68,0.0,1.28,61.66630876144928,0.201702688,20.1702688,0.0,0.0,0.0,0.0,0.3083315438072464,winter,night,61.66630876144928
2018-01-14 04:00:00,2106.4,0.0,0.95,39.154754347756,0.20196187,20.196187,0.0,0.0,0.0,0.0,0.19577377173878,winter,night,39.154754347756
2018-01-14 05:00:00,2135.52,0.0,0.79,27.420509350550347,0.20208753399999999,20.2087534,0.0,0.0,0.0,0.0,0.13710254675275174,winter,night,27.420509350550347
2018-01-14 15:00:00,2675.04,0.0,0.6,0.0,0.20223676,20.223675999999998,0.0,0.0,0.0,0.0,0.0,winter,night,9.859873753923656
2018-01-14 16:00:00,2691.76,0.0,0.04,0.0,0.20267658399999997,20.267658399999995,0.0,0.0,0.0,0.0,0.0,winter,night,33.280908233138376
2018-01-14 17:00:00,2767.84,0.0,-0.36,0.0,0.202990744,20.2990744,0.0,0.0,0.0,0.0,0.0,winter,night,54.86987099970823
2018-01-14 18:00:00,2892.16,0.0,-0.79,0.0,0.20332846599999999,20.3328466,0.0,0.0,0.0,0.0,0.0,winter,night,36.73594068435521
2018-01-14 19:00:00,2875.92,0.0,-0.46,0.0,0.203069284,20.3069284,0.0,0.0,0.0,0.0,0.0,winter,night,43.24391607409353
2018-01-14 20:00:00,2815.04,0.0,-0.6,0.0,0.20317923999999998,20.317923999999998,0.0,0.0,0.0,0.0,0.0,winter,night,0.0
2018-01-14 21:00:00,2751.12,0.0,-0.86,0.0,0.203383444,20.3383444,0.0,0.0,0.0,0.0,0.0,winter,night,11.842589621462043
2018-01-14 22:00:00,2654.08,0.0,-1.18,0.0,0.203634772,20.3634772,0.0,0.0,0.0,0.0,0.0,winter,night,53.079258555117626
2018-01-14 23:00:00,2526.2400000000002,0.0,-1.39,0.0,0.203799706,20.3799706,0.0,0.0,0.0,0.0,0.0,winter,night,36.578283481249706
2018-01-15 00:00:00,2393.84,0.0,-1.78,0.0,0.204106012,20.410601200000002,0.0,0.0,0.0,0.0,0.0,winter,night,0.0
2018-01-15 01:00:00,2279.04,0.0,-2.27,0.0,0.204490858,20.4490858,0.0,0.0,0.0,0.0,0.0,winter,night,16.16814016994153
2018-01-15 02:00:00,2208.32,0.0,-2.72,0.0,0.20484428799999999,20.4844288,0.0,0.0,0.0,0.0,0.0,winter,night,50.950595365644276
2018-01-15 03:00:00,2169.84,0.0,-3.11,0.0,0.205150594,20.5150594,0.0,0.0,0.0,0.0,0.0,winter,night,91.94610514963591
2018-01-15 04:00:00,2161.84,0.0,-3.69,0.0,0.20560612600000003,20.560612600000002,0.0,0.0,0.0,0.0,0.0,winter,night,15.429348575481246
2018-01-15 05:00:00,2183.04,0.0,-4.28,0.0,0.206069512,20.6069512,0.0,0.0,0.0,0.0,0.0,winter,night,1.4069256484969217
2018-01-15 15:00:00,2298.8,0.0,0.56,0.0,0.202268176,20.2268176,0.0,0.0,0.0,0.0,0.0,winter,night,0.0
2018-01-15 16:00:00,2348.32,0.0,-0.92,0.0,0.203430568,20.3430568,0.0,0.0,0.0,0.0,0.0,winter,night,0.0
2018-01-15 17:00:00,2473.68,0.0,-0.67,0.677301790469017,0.203234218,20.3234218,0.0,0.0,0.0,0.0,0.0033865089523450846,winter,night,0.677301790469017
2018-01-15 18:00:00,2690.2400000000002,0.0,-1.58,38.41534145905044,0.203948932,20.3948932,0.0,0.0,0.0,0.0,0.1920767072952522,winter,night,38.41534145905044
2018-01-15 19:00:00,2748.0,0.0,-2.45,59.663965299492986,0.20463223,20.463223,0.0,0.0,0.0,0.0,0.2983198264974649,winter,night,59.663965299492986
2018-01-15 20:00:00,2718.64,0.0,-3.47,105.95011380546094,0.20543333799999997,20.543333799999996,0.0,0.0,0.0,0.0,0.5297505690273048,winter,night,105.95011380546094
2018-01-15 21:00:00,2701.6,0.0,-4.21,129.2421138043773,0.206014534,20.6014534,0.0,0.0,0.0,0.0,0.6462105690218866,winter,night,129.2421138043773
2018-01-15 22:00:00,2628.64,0.0,-4.6,97.97323516201324,0.20632084,20.632084,0.0,0.0,0.0,0.0,0.4898661758100662,winter,night,97.97323516201324
2018-01-15 23:00:00,2518.32,0.0,-4.6,122.54602870140656,0.20632084,20.632084,0.0,0.0,0.0,0.0,0.6127301435070328,winter,night,122.54602870140656
2018-01-16 00:00:00,2404.8,0.0,-4.5,36.539132851689615,0.2062423,20.624229999999997,0.0,0.0,0.0,0.0,0.18269566425844808,winter,night,36.539132851689615
2018-01-16 01:00:00,2311.84,0.0,-4.4,178.92303225047903,0.20616375999999997,20.616376,0.0,0.0,0.0,0.0,0.8946151612523952,winter,night,178.92303225047903
2018-01-16 02:00:00,2272.32,0.0,-4.28,0.0,0.206069512,20.6069512,0.0,0.0,0.0,0.0,0.0,winter,night,14.456277528609151
2018-01-16 03:00:00,2263.6,0.0,-4.07,0.0,0.205904578,20.5904578,0.0,0.0,0.0,0.0,0.0,winter,night,79.82838825216609
2018-01-16 04:00:00,2287.68,0.0,-3.61,0.0,0.205543294,20.5543294,0.0,0.0,0.0,0.0,0.0,winter,night,0.0
2018-01-16 05:00:00,2358.32,0.0,-2.83,0.0,0.20493068199999998,20.493068199999996,0.0,0.0,0.0,0.0,0.0,winter,night,18.166810419091757
2018-01-16 15:00:00,2647.44,0.0,1.53,141.6571124214283,0.201506338,20.1506338,0.0,0.0,0.0,0.0,0.7082855621071416,winter,night,141.6571124214283
2018-01-16 16:00:00,2671.04,0.0,1.4,148.7809267898489,0.20160844,20.160844,0.0,0.0,0.0,0.0,0.7439046339492446,winter,night,148.7809267898489
2018-01-16 17:00:00,2764.96,0.0,1.14,159.96726603035637,0.201812644,20.1812644,0.0,0.0,0.0,0.0,0.7998363301517819,winter,night,159.96726603035637
2018-01-16 18:00:00,2942.2400000000002,0.0,1.25,177.54236490240632,0.20172625000000002,20.172625000000004,0.0,0.0,0.0,0.0,0.8877118245120316,winter,night,177.54236490240632
2018-01-16 19:00:00,2944.64,0.0,0.78,171.96690065278983,0.20209538800000001,20.2095388,0.0,0.0,0.0,0.0,0.8598345032639492,winter,night,171.96690065278983
2018-01-16 20:00:00,2893.04,0.0,1.02,174.36235668327353,0.20190689199999998,20.190689199999998,0.0,0.0,0.0,0.0,0.8718117834163677,winter,night,174.36235668327353
2018-01-16 21:00:00,2810.16,0.0,1.14,165.9716960725058,0.201812644,20.1812644,0.0,0.0,0.0,0.0,0.8298584803625291,winter,night,165.9716960725058
2018-01-16 22:00:00,2667.44,0.0,0.86,174.0982975369418,0.20203255599999997,20.2032556,0.0,0.0,0.0,0.0,0.870491487684709,winter,night,174.0982975369418
2018-01-16 23:00:00,2478.0,0.0,0.57,169.68857525640067,0.20226032200000002,20.226032200000002,0.0,0.0,0.0,0.0,0.8484428762820033,winter,night,169.68857525640067
2018-01-17 00:00:00,2308.8,0.0,0.07,178.72187838880072,0.20265302200000002,20.2653022,0.0,0.0,0.0,0.0,0.8936093919440036,winter,night,178.72187838880072
2018-01-17 01:00:00,2196.4,0.0,0.2,170.19218121806222,0.20255092,20.255092,0.0,0.0,0.0,0.0,0.850960906090311,winter,night,170.19218121806222
2018-01-17 02:00:00,2126.56,0.0,-0.24,174.19651658035286,0.20289649599999998,20.289649599999997,0.0,0.0,0.0,0.0,0.8709825829017643,winter,night,174.19651658035286
2018-01-17 03:00:00,2098.4,0.0,-0.55,178.68473408504715,0.20313997,20.313997,0.0,0.0,0.0,0.0,0.8934236704252357,winter,night,178.68473408504715
2018-01-17 04:00:00,2107.76,0.0,-0.3,178.58487846167282,0.20294361999999996,20.294361999999996,0.0,0.0,0.0,0.0,0.8929243923083641,winter,night,178.58487846167282
2018-01-17 05:00:00,2169.12,0.0,-0.18,178.94824770472425,0.20284937200000003,20.2849372,0.0,0.0,0.0,0.0,0.8947412385236213,winter,night,178.94824770472425
2018-01-17 15:00:00,2701.92,0.0,3.73,174.2753633661274,0.199778458,19.9778458,0.0,0.0,0.0,0.0,0.8713768168306371,winter,night,174.2753633661274
2018-01-17 16:00:00,2710.96,0.0,2.59,176.4979238156281,0.20067381399999998,20.0673814,0.0,0.0,0.0,0.0,0.8824896190781405,winter,night,176.4979238156281
2018-01-17 17:00:00,2790.8,0.0,2.04,172.8678439838467,0.20110578399999998,20.110578399999998,0.0,0.0,0.0,0.0,0.8643392199192336,winter,night,172.8678439838467
2018-01-17 18:00:00,2911.04,0.0,1.7,175.95126973953126,0.20137281999999998,20.137282,0.0,0.0,0.0,0.0,0.8797563486976563,winter,night,175.95126973953126
2018-01-17 19:00:00,2892.48,0.0,1.8,171.80969199382236,0.20129428000000002,20.129428,0.0,0.0,0.0,0.0,0.8590484599691117,winter,night,171.80969199382236
2018-01-17 20:00:00,2832.0,0.0,2.15,171.84401168178763,0.20101939,20.101938999999998,0.0,0.0,0.0,0.0,0.8592200584089382,winter,night,171.84401168178763
2018-01-17 21:00:00,2744.88,0.0,3.34,171.82027521091638,0.200084764,20.0084764,0.0,0.0,0.0,0.0,0.8591013760545819,winter,night,171.82027521091638
2018-01-17 22:00:00,2600.16,0.0,3.72,171.84018087239266,0.199786312,19.9786312,0.0,0.0,0.0,0.0,0.8592009043619633,winter,night,171.84018087239266
2018-01-17 23:00:00,2414.96,0.0,2.84,171.83373153505687,0.200477464,20.0477464,0.0,0.0,0.0,0.0,0.8591686576752844,winter,night,171.83373153505687
2018-01-18 00:00:00,2245.2000000000003,0.0,3.14,171.83496806214006,0.20024184400000003,20.024184400000003,0.0,0.0,0.0,0.0,0.8591748403107003,winter,night,171.83496806214006
2018-01-18 01:00:00,2116.96,0.0,3.41,171.8393443981896,0.200029786,20.0029786,0.0,0.0,0.0,0.0,0.8591967219909481,winter,night,171.8393443981896
2018-01-18 02:00:00,2051.28,0.0,3.22,171.81952359641485,0.200179012,20.017901199999997,0.0,0.0,0.0,0.0,0.8590976179820743,winter,night,171.81952359641485
2018-01-18 03:00:00,2020.16,0.0,3.25,178.01727616204965,0.20015544999999998,20.015545,0.0,0.0,0.0,0.0,0.8900863808102483,winter,night,178.01727616204965
2018-01-18 04:00:00,2021.68,0.0,3.27,157.04541314687404,0.20013974199999998,20.0139742,0.0,0.0,0.0,0.0,0.7852270657343702,winter,night,157.04541314687404
2018-01-18 05:00:00,2073.76,0.0,3.51,68.01018367215346,0.199951246,19.9951246,0.0,0.0,0.0,0.0,0.3400509183607673,winter,night,68.01018367215346
2018-01-18 15:00:00,2550.4,0.0,-0.84,33.21300531819065,0.20336773600000002,20.3367736,0.0,0.0,0.0,0.0,0.16606502659095326,winter,night,33.21300531819065
2018-01-18 16:00:00,2559.6,0.0,-1.71,95.08792650296462,0.20405103400000002,20.4051034,0.0,0.0,0.0,0.0,0.47543963251482313,winter,night,95.08792650296462
2018-01-18 17:00:00,2645.68,0.0,-2.28,143.64923028931918,0.20449871200000003,20.449871200000004,0.0,0.0,0.0,0.0,0.7182461514465959,winter,night,143.64923028931918
2018-01-18 18:00:00,2798.2400000000002,0.0,-2.71,137.80666406692092,0.204836434,20.483643400000002,0.0,0.0,0.0,0.0,0.6890333203346046,winter,night,137.80666406692092
2018-01-18 19:00:00,2806.48,0.0,-2.72,172.1933790740445,0.20484428799999999,20.4844288,0.0,0.0,0.0,0.0,0.8609668953702224,winter,night,172.1933790740445
2018-01-18 20:00:00,2760.08,0.0,-2.87,164.89840268712,0.204962098,20.496209800000003,0.0,0.0,0.0,0.0,0.8244920134356001,winter,night,164.89840268712
2018-01-18 21:00:00,2692.7200000000003,0.0,-2.93,170.19869116947098,0.205009222,20.500922199999998,0.0,0.0,0.0,0.0,0.8509934558473549,winter,night,170.19869116947098
2018-01-18 22:00:00,2565.12,0.0,-3.08,130.54302515558513,0.20512703199999996,20.512703199999997,0.0,0.0,0.0,0.0,0.6527151257779257,winter,night,130.54302515558513
2018-01-18 23:00:00,2384.64,0.0,-3.2,97.66696437544982,0.20522128,20.522128000000002,0.0,0.0,0.0,0.0,0.48833482187724914,winter,night,97.66696437544982
2018-01-19 00:00:00,2213.84,0.0,-3.34,107.74941830807768,0.205331236,20.5331236,0.0,0.0,0.0,0.0,0.5387470915403884,winter,night,107.74941830807768
2018-01-19 01:00:00,2100.7200000000003,0.0,-3.41,95.29349913054348,0.205386214,20.5386214,0.0,0.0,0.0,0.0,0.4764674956527174,winter,night,95.29349913054348
2018-01-19 02:00:00,2036.16,0.0,-3.56,119.54329239930681,0.20550402399999998,20.5504024,0.0,0.0,0.0,0.0,0.597716461996534,winter,night,119.54329239930681
2018-01-19 03:00:00,2004.0800000000002,0.0,-3.49,85.86147662789044,0.205449046,20.5449046,0.0,0.0,0.0,0.0,0.4293073831394522,winter,night,85.86147662789044
2018-01-19 04:00:00,2008.16,0.0,-3.64,64.98962077127081,0.205566856,20.556685599999998,0.0,0.0,0.0,0.0,0.32494810385635403,winter,night,64.98962077127081
2018-01-19 05:00:00,2066.96,0.0,-3.87,77.9846960641079,0.20574749800000003,20.574749800000003,0.0,0.0,0.0,0.0,0.3899234803205395,winter,night,77.9846960641079
2018-01-19 15:00:00,2487.76,0.0,-1.16,150.07454020670252,0.20361906400000002,20.361906400000002,0.0,0.0,0.0,0.0,0.7503727010335126,winter,night,150.07454020670252
2018-01-19 16:00:00,2487.68,0.0,-2.32,141.90453906620982,0.204530128,20.4530128,0.0,0.0,0.0,0.0,0.7095226953310491,winter,night,141.90453906620982
2018-01-19 17:00:00,2565.76,0.0,-2.77,147.6388121863137,0.204883558,20.4883558,0.0,0.0,0.0,0.0,0.7381940609315685,winter,night,147.6388121863137
2018-01-19 18:00:00,2745.12,0.0,-3.02,166.1515016577777,0.205079908,20.5079908,0.0,0.0,0.0,0.0,0.8307575082888884,winter,night,166.1515016577777
2018-01-19 19:00:00,2794.7200000000003,0.0,-3.62,178.93573696011796,0.20555114800000002,20.555114800000002,0.0,0.0,0.0,0.0,0.8946786848005899,winter,night,178.93573696011796
2018-01-19 20:00:00,2769.36,0.0,-4.15,175.84207954896084,0.20596741,20.596740999999998,0.0,0.0,0.0,0.0,0.8792103977448043,winter,night,175.84207954896084
2018-01-19 21:00:00,2724.2400000000002,0.0,-4.77,178.881911663556,0.20645435799999998,20.645435799999998,0.0,0.0,0.0,0.0,0.89440955831778,winter,night,178.881911663556
2018-01-19 22:00:00,2618.48,0.0,-5.21,178.02938685377583,0.20679993400000002,20.6799934,0.0,0.0,0.0,0.0,0.8901469342688791,winter,night,178.02938685377583
2018-01-19 23:00:00,2462.8,0.0,-5.37,178.96707443570668,0.206925598,20.692559799999998,0.0,0.0,0.0,0.0,0.8948353721785334,winter,night,178.96707443570668
2018-01-20 00:00:00,2314.16,0.0,-5.38,178.96612885617247,0.206933452,20.6933452,0.0,0.0,0.0,0.0,0.8948306442808623,winter,night,178.96612885617247
2018-01-20 01:00:00,2214.4,0.0,-5.29,178.95982499261117,0.206862766,20.6862766,0.0,0.0,0.0,0.0,0.8947991249630559,winter,night,178.95982499261117
2018-01-20 02:00:00,2163.84,0.0,-5.23,178.96989905149445,0.206815642,20.6815642,0.0,0.0,0.0,0.0,0.8948494952574723,winter,night,178.96989905149445
2018-01-20 03:00:00,2143.44,0.0,-5.1,178.97908814491655,0.20671354,20.671354,0.0,0.0,0.0,0.0,0.8948954407245827,winter,night,178.97908814491655
2018-01-20 04:00:00,2151.04,0.0,-4.92,178.9636921704495,0.20657216800000003,20.657216800000004,0.0,0.0,0.0,0.0,0.8948184608522475,winter,night,178.9636921704495
2018-01-20 05:00:00,2216.48,0.0,-4.77,178.9309726940036,0.20645435799999998,20.645435799999998,0.0,0.0,0.0,0.0,0.894654863470018,winter,night,178.9309726940036
2018-01-20 15:00:00,2677.2000000000003,0.0,3.48,171.86550543196907,0.19997480799999998,19.997480799999998,0.0,0.0,0.0,0.0,0.8593275271598454,winter,night,171.86550543196907
2018-01-20 16:00:00,2663.84,0.0,1.52,171.87926482647282,0.20151419199999998,20.1514192,0.0,0.0,0.0,0.0,0.8593963241323641,winter,night,171.87926482647282
2018-01-20 17:00:00,2698.48,0.0,0.35,171.8607411658542,0.20243311,20.243311,0.0,0.0,0.0,0.0,0.859303705829271,winter,night,171.8607411658542
2018-01-20 18:00:00,2803.2000000000003,0.0,0.16,171.85735890059752,0.202582336,20.2582336,0.0,0.0,0.0,0.0,0.8592867945029876,winter,night,171.85735890059752
2018-01-20 19:00:00,2776.64,0.0,0.79,171.8685361356043,0.20208753399999999,20.2087534,0.0,0.0,0.0,0.0,0.8593426806780216,winter,night,171.8685361356043
2018-01-20 20:00:00,2702.0,0.0,0.62,171.88030738852336,0.20222105199999998,20.222105199999998,0.0,0.0,0.0,0.0,0.8594015369426168,winter,night,171.88030738852336
2018-01-20 21:00:00,2624.8,0.0,0.52,171.85820749761538,0.20229959199999997,20.229959199999996,0.0,0.0,0.0,0.0,0.8592910374880769,winter,night,171.85820749761538
2018-01-20 22:00:00,2516.96,0.0,0.5,171.85458277606736,0.2023153,20.23153,0.0,0.0,0.0,0.0,0.8592729138803368,winter,night,171.85458277606736
2018-01-20 23:00:00,2368.64,0.0,0.8,171.86614794113947,0.20207967999999998,20.207967999999997,0.0,0.0,0.0,0.0,0.8593307397056974,winter,night,171.86614794113947
2018-01-21 00:00:00,2215.76,0.0,0.97,171.82717309239047,0.20194616199999998,20.1946162,0.0,0.0,0.0,0.0,0.8591358654619523,winter,night,171.82717309239047
2018-01-21 01:00:00,2085.6,0.0,1.24,99.26401790167193,0.201734104,20.173410399999998,0.0,0.0,0.0,0.0,0.49632008950835965,winter,night,99.26401790167193
2018-01-21 02:00:00,2004.24,0.0,1.46,178.17155109989818,0.201561316,20.1561316,0.0,0.0,0.0,0.0,0.8908577554994909,winter,night,178.17155109989818
2018-01-21 03:00:00,1959.2,0.0,1.57,152.32415877825866,0.201474922,20.1474922,0.0,0.0,0.0,0.0,0.7616207938912933,winter,night,152.32415877825866
2018-01-21 04:00:00,1937.92,0.0,1.28,175.02520793674546,0.201702688,20.1702688,0.0,0.0,0.0,0.0,0.8751260396837273,winter,night,175.02520793674546
2018-01-21 05:00:00,1951.8400000000001,0.0,1.23,177.05927074294812,0.20174195800000003,20.174195800000003,0.0,0.0,0.0,0.0,0.8852963537147406,winter,night,177.05927074294812
2018-01-21 15:00:00,2302.32,0.0,6.51,172.15147050417607,0.19759504600000002,19.759504600000003,0.0,0.0,0.0,0.0,0.8607573525208804,winter,night,172.15147050417607
2018-01-21 16:00:00,2304.16,0.0,5.21,172.90607934090897,0.19861606599999998,19.8616066,0.0,0.0,0.0,0.0,0.8645303967045449,winter,night,172.90607934090897
2018-01-21 17:00:00,2367.6,0.0,4.65,178.45924973458483,0.19905589,19.905589000000003,0.0,0.0,0.0,0.0,0.8922962486729241,winter,night,178.45924973458483
2018-01-21 18:00:00,2495.04,0.0,4.17,172.15485276943326,0.199432882,19.9432882,0.0,0.0,0.0,0.0,0.8607742638471663,winter,night,172.15485276943326
2018-01-21 19:00:00,2496.48,0.0,4.21,165.4553854012053,0.19940146599999997,19.9401466,0.0,0.0,0.0,0.0,0.8272769270060265,winter,night,165.4553854012053
2018-01-21 20:00:00,2453.6,0.0,3.95,127.58154279136811,0.19960566999999999,19.960566999999998,0.0,0.0,0.0,0.0,0.6379077139568405,winter,night,127.58154279136811
2018-01-21 21:00:00,2392.2400000000002,0.0,3.65,80.69069617328108,0.19984128999999998,19.984129,0.0,0.0,0.0,0.0,0.4034534808664054,winter,night,80.69069617328108
2018-01-21 22:00:00,2313.44,0.0,3.53,155.10221083565582,0.19993553800000002,19.9935538,0.0,0.0,0.0,0.0,0.7755110541782791,winter,night,155.10221083565582
2018-01-21 23:00:00,2199.68,0.0,3.35,169.26233709713964,0.20007691,20.007691,0.0,0.0,0.0,0.0,0.8463116854856981,winter,night,169.26233709713964
2018-01-22 00:00:00,2075.52,0.0,3.36,93.29165876539076,0.20006905599999997,20.006905599999996,0.0,0.0,0.0,0.0,0.4664582938269538,winter,night,93.29165876539076
2018-01-22 01:00:00,1964.16,0.0,3.43,29.8166412279449,0.20001407799999998,20.0014078,0.0,0.0,0.0,0.0,0.1490832061397245,winter,night,29.8166412279449
2018-01-22 02:00:00,1893.76,0.0,3.36,2.241459159693902,0.20006905599999997,20.006905599999996,0.0,0.0,0.0,0.0,0.01120729579846951,winter,night,2.241459159693902
2018-01-22 03:00:00,1852.96,0.0,3.16,0.0,0.200226136,20.0226136,0.0,0.0,0.0,0.0,0.0,winter,night,0.14235123816867856
2018-01-22 04:00:00,1837.76,0.0,2.78,3.930255494496377,0.200524588,20.0524588,0.0,0.0,0.0,0.0,0.019651277472481885,winter,night,3.930255494496377
2018-01-22 05:00:00,1844.08,0.0,2.58,11.581493745609665,0.200681668,20.0681668,0.0,0.0,0.0,0.0,0.05790746872804833,winter,night,11.581493745609665
2018-01-22 15:00:00,2295.92,0.0,5.66,37.437006079963936,0.198262636,19.8262636,0.0,0.0,0.0,0.0,0.18718503039981968,winter,night,37.437006079963936
2018-01-22 16:00:00,2319.76,0.0,4.78,127.90550076434658,0.198953788,19.8953788,0.0,0.0,0.0,0.0,0.639527503821733,winter,night,127.90550076434658
2018-01-22 17:00:00,2386.7200000000003,0.0,4.05,154.7956369787291,0.19952713000000002,19.952713000000003,0.0,0.0,0.0,0.0,0.7739781848936456,winter,night,154.7956369787291
2018-01-22 18:00:00,2521.68,0.0,2.59,148.12790713896945,0.20067381399999998,20.0673814,0.0,0.0,0.0,0.0,0.7406395356948472,winter,night,148.12790713896945
2018-01-22 19:00:00,2541.04,0.0,2.46,176.04050577736768,0.20077591600000003,20.0775916,0.0,0.0,0.0,0.0,0.8802025288868385,winter,night,176.04050577736768
2018-01-22 20:00:00,2494.32,0.0,2.62,107.65427845956005,0.200650252,20.0650252,0.0,0.0,0.0,0.0,0.5382713922978002,winter,night,107.65427845956005
2018-01-22 21:00:00,2437.92,0.0,2.55,105.5299855447286,0.20070523,20.070523,0.0,0.0,0.0,0.0,0.527649927723643,winter,night,105.5299855447286
2018-01-22 22:00:00,2331.2000000000003,0.0,2.52,0.0,0.20072879199999996,20.072879199999996,0.0,0.0,0.0,0.0,0.0,winter,night,14.065254630237897
2018-01-22 23:00:00,2189.92,0.0,2.06,0.0,0.20109007599999998,20.109007599999998,0.0,0.0,0.0,0.0,0.0,winter,night,1.257030456239243
2018-01-23 00:00:00,2045.44,0.0,1.88,0.0,0.20123144799999998,20.1231448,0.0,0.0,0.0,0.0,0.0,winter,night,0.0
2018-01-23 01:00:00,1952.16,0.0,1.77,37.55520655244221,0.20131784199999997,20.1317842,0.0,0.0,0.0,0.0,0.18777603276221103,winter,night,37.55520655244221
2018-01-23 02:00:00,1904.16,0.0,1.37,61.88285253618749,0.201632002,20.163200200000002,0.0,0.0,0.0,0.0,0.30941426268093747,winter,night,61.88285253618749
2018-01-23 03:00:00,1887.44,0.0,1.34,79.55860713737101,0.20165556399999998,20.1655564,0.0,0.0,0.0,0.0,0.3977930356868551,winter,night,79.55860713737101
2018-01-23 04:00:00,1905.04,0.0,1.39,6.20099200898263,0.201616294,20.1616294,0.0,0.0,0.0,0.0,0.03100496004491315,winter,night,6.20099200898263
2018-01-23 05:00:00,1978.8,0.0,1.34,0.0,0.20165556399999998,20.1655564,0.0,0.0,0.0,0.0,0.0,winter,night,0.0
2018-01-23 15:00:00,2825.76,0.0,0.93,16.78689771622428,0.20197757799999996,20.197757799999998,0.0,0.0,0.0,0.0,0.0839344885811214,winter,night,16.78689771622428
2018-01-23 16:00:00,2839.76,0.0,0.13,5.10601356024847,0.20260589799999998,20.260589799999998,0.0,0.0,0.0,0.0,0.02553006780124235,winter,night,5.10601356024847
2018-01-23 17:00:00,2908.96,0.0,-0.5,16.712971277801497,0.2031007,20.31007,0.0,0.0,0.0,0.0,0.08356485638900749,winter,night,16.712971277801497
2018-01-23 18:00:00,3033.28,0.0,-1.23,10.4610426116592,0.20367404200000003,20.367404200000003,0.0,0.0,0.0,0.0,0.052305213058296,winter,night,10.4610426116592
2018-01-23 19:00:00,3030.08,0.0,-1.94,25.673629959416314,0.20423167599999997,20.423167599999996,0.0,0.0,0.0,0.0,0.12836814979708155,winter,night,25.673629959416314
2018-01-23 20:00:00,2972.56,0.0,-2.51,35.93209503636437,0.20467935399999998,20.4679354,0.0,0.0,0.0,0.0,0.17966047518182188,winter,night,35.93209503636437
2018-01-23 21:00:00,2881.2000000000003,0.0,-2.85,26.77899121996687,0.20494638999999998,20.494639,0.0,0.0,0.0,0.0,0.13389495609983434,winter,night,26.77899121996687
2018-01-23 22:00:00,2733.68,0.0,-3.05,31.405551253499,0.20510347,20.510347,0.0,0.0,0.0,0.0,0.157027756267495,winter,night,31.405551253499
2018-01-23 23:00:00,2540.64,0.0,-3.26,25.005959887164362,0.20526840399999996,20.526840399999998,0.0,0.0,0.0,0.0,0.12502979943582182,winter,night,25.005959887164362
2018-01-24 00:00:00,2368.16,0.0,-3.4,39.846948873824346,0.20537835999999998,20.537836,0.0,0.0,0.0,0.0,0.19923474436912172,winter,night,39.846948873824346
2018-01-24 01:00:00,2245.52,0.0,-3.57,0.0,0.20551187799999998,20.551187799999997,0.0,0.0,0.0,0.0,0.0,winter,night,0.0
2018-01-24 02:00:00,2178.88,0.0,-3.65,0.0,0.20557470999999997,20.557470999999996,0.0,0.0,0.0,0.0,0.0,winter,night,25.673629959416314
2018-01-24 03:00:00,2147.68,0.0,-3.72,0.0,0.20562968799999998,20.562968799999997,0.0,0.0,0.0,0.0,0.0,winter,night,66.18680325985832
2018-01-24 04:00:00,2154.0,0.0,-3.76,4.550879575380471,0.20566110399999998,20.5661104,0.0,0.0,0.0,0.0,0.022754397876902355,winter,night,4.550879575380471
2018-01-24 05:00:00,2218.32,0.0,-3.82,0.0,0.205708228,20.5708228,0.0,0.0,0.0,0.0,0.0,winter,night,0.0
2018-01-24 15:00:00,2692.16,0.0,-1.21,0.0,0.20365833399999997,20.365833399999996,0.0,0.0,0.0,0.0,0.0,winter,night,62.12879413618783
2018-01-24 16:00:00,2710.48,0.0,-1.89,0.0,0.20419240600000002,20.419240600000002,0.0,0.0,0.0,0.0,0.0,winter,night,84.38825765220473
2018-01-24 17:00:00,2777.04,0.0,-2.34,0.0,0.20454583599999998,20.4545836,0.0,0.0,0.0,0.0,0.0,winter,night,16.07459598688781
2018-01-24 18:00:00,2924.96,0.0,-2.87,0.0,0.204962098,20.496209800000003,0.0,0.0,0.0,0.0,0.0,winter,night,0.0
2018-01-24 19:00:00,2947.44,0.0,-3.78,0.0,0.20567681200000001,20.567681200000003,0.0,0.0,0.0,0.0,0.0,winter,night,0.0
2018-01-24 20:00:00,2903.12,0.0,-4.15,0.0,0.20596741,20.596740999999998,0.0,0.0,0.0,0.0,0.0,winter,night,2.4751913806805517
2018-01-24 21:00:00,2826.56,0.0,-4.42,0.0,0.206179468,20.617946800000002,0.0,0.0,0.0,0.0,0.0,winter,night,84.38825765220473
2018-01-24 22:00:00,2690.88,0.0,-4.67,0.0,0.20637581800000002,20.637581800000003,0.0,0.0,0.0,0.0,0.0,winter,night,48.710714444868515
2018-01-24 23:00:00,2501.04,0.0,-4.91,0.0,0.206564314,20.6564314,0.0,0.0,0.0,0.0,0.0,winter,night,2.8505483825422497
2018-01-25 00:00:00,2330.56,0.0,-5.08,0.0,0.20669783199999997,20.669783199999998,0.0,0.0,0.0,0.0,0.0,winter,night,77.67027874617293
2018-01-25 01:00:00,2209.04,0.0,-5.21,0.0,0.20679993400000002,20.6799934,0.0,0.0,0.0,0.0,0.0,winter,night,22.97886163791548
2018-01-25 02:00:00,2135.36,0.0,-5.34,0.0,0.20690203599999998,20.690203599999997,0.0,0.0,0.0,0.0,0.0,winter,night,88.95106077336229
2018-01-25 03:00:00,2106.8,0.0,-5.44,0.0,0.206980576,20.6980576,0.0,0.0,0.0,0.0,0.0,winter,night,42.47479016694808
2018-01-25 04:00:00,2107.36,0.0,-5.45,0.0,0.20698842999999997,20.698842999999997,0.0,0.0,0.0,0.0,0.0,winter,night,68.66682198317326
2018-01-25 05:00:00,2162.64,0.0,-5.51,0.0,0.207035554,20.703555400000003,0.0,0.0,0.0,0.0,0.0,winter,night,0.0
2018-01-25 15:00:00,2356.88,0.0,-2.41,0.0,0.204600814,20.4600814,0.0,0.0,0.0,0.0,0.0,winter,night,0.0
2018-01-25 16:00:00,2372.0,0.0,-3.15,0.0,0.20518200999999997,20.518200999999998,0.0,0.0,0.0,0.0,0.0,winter,night,16.07459598688781
2018-01-25 17:00:00,2441.84,0.0,-3.87,0.0,0.20574749800000003,20.574749800000003,0.0,0.0,0.0,0.0,0.0,winter,night,0.0
2018-01-25 18:00:00,2628.88,0.0,-4.51,0.0,0.20625015400000002,20.625015400000002,0.0,0.0,0.0,0.0,0.0,winter,night,39.154754347756
2018-01-25 19:00:00,2706.0,0.0,-4.38,0.0,0.20614805199999997,20.614805199999996,0.0,0.0,0.0,0.0,0.0,winter,night,0.0
2018-01-25 20:00:00,2687.12,0.0,-4.88,0.0,0.20654075199999997,20.654075199999998,0.0,0.0,0.0,0.0,0.0,winter,night,49.667113591043076
2018-01-25 21:00:00,2632.8,0.0,-5.13,0.0,0.20673710199999998,20.6737102,0.0,0.0,0.0,0.0,0.0,winter,night,1.4069256484969217
2018-01-25 22:00:00,2513.6,0.0,-5.17,0.0,0.206768518,20.6768518,0.0,0.0,0.0,0.0,0.0,winter,night,10.59677494699145
2018-01-25 23:00:00,2341.92,0.0,-5.25,0.0,0.20683135,20.683135,0.0,0.0,0.0,0.0,0.0,winter,night,82.60380359740094
2018-01-26 00:00:00,2174.56,0.0,-5.29,0.0,0.206862766,20.6862766,0.0,0.0,0.0,0.0,0.0,winter,night,0.0
2018-01-26 01:00:00,2047.52,0.0,-5.36,0.0,0.206917744,20.6917744,0.0,0.0,0.0,0.0,0.0,winter,night,32.00014196899427
2018-01-26 02:00:00,1983.44,0.0,-5.44,0.0,0.206980576,20.6980576,0.0,0.0,0.0,0.0,0.0,winter,night,0.0
2018-01-26 03:00:00,1957.1200000000001,0.0,-5.51,0.5719839394040758,0.207035554,20.703555400000003,0.0,0.0,0.0,0.0,0.0028599196970203787,winter,night,0.5719839394040758
2018-01-26 04:00:00,1959.92,0.0,-5.37,140.32239054046596,0.206925598,20.692559799999998,0.0,0.0,0.0,0.0,0.7016119527023298,winter,night,140.32239054046596
2018-01-26 05:00:00,2014.56,0.0,-5.42,124.98170823053773,0.20696486800000002,20.696486800000002,0.0,0.0,0.0,0.0,0.6249085411526887,winter,night,124.98170823053773
2018-01-26 15:00:00,2434.56,0.0,0.08,178.87515925585691,0.202645168,20.2645168,0.0,0.0,0.0,0.0,0.8943757962792845,winter,night,178.87515925585691
2018-01-26 16:00:00,2477.04,0.0,-1.05,178.86399414366443,0.20353267000000003,20.353267000000002,0.0,0.0,0.0,0.0,0.8943199707183221,winter,night,178.86399414366443
2018-01-26 17:00:00,2573.12,0.0,-2.26,178.90604818730736,0.204483004,20.4483004,0.0,0.0,0.0,0.0,0.8945302409365368,winter,night,178.90604818730736
2018-01-26 18:00:00,2758.4,0.0,-2.99,178.18714103939791,0.20505634599999997,20.505634599999997,0.0,0.0,0.0,0.0,0.8909357051969896,winter,night,178.18714103939791
2018-01-26 19:00:00,2817.44,0.0,-3.05,178.91007296173495,0.20510347,20.510347,0.0,0.0,0.0,0.0,0.8945503648086748,winter,night,178.91007296173495
2018-01-26 20:00:00,2780.32,0.0,-3.65,178.912158085836,0.20557470999999997,20.557470999999996,0.0,0.0,0.0,0.0,0.89456079042918,winter,night,178.912158085836
2018-01-26 21:00:00,2722.08,0.0,-4.05,178.8914523186,0.20588887,20.588887,0.0,0.0,0.0,0.0,0.894457261593,winter,night,178.8914523186
2018-01-26 22:00:00,2597.76,0.0,-4.7,178.91434019245338,0.20639937999999997,20.639937999999997,0.0,0.0,0.0,0.0,0.8945717009622669,winter,night,178.91434019245338
2018-01-26 23:00:00,2420.64,0.0,-4.85,178.88792457956833,0.20651719000000002,20.651719,0.0,0.0,0.0,0.0,0.8944396228978416,winter,night,178.88792457956833
2018-01-27 00:00:00,2263.28,0.0,-4.84,178.8753653437039,0.206509336,20.6509336,0.0,0.0,0.0,0.0,0.8943768267185195,winter,night,178.8753653437039
2018-01-27 01:00:00,2146.32,0.0,-5.14,178.8971136729904,0.206744956,20.6744956,0.0,0.0,0.0,0.0,0.894485568364952,winter,night,178.8971136729904
2018-01-27 02:00:00,2088.08,0.0,-5.05,178.89358593395923,0.20667427,20.667427,0.0,0.0,0.0,0.0,0.8944679296697962,winter,night,178.89358593395923
2018-01-27 03:00:00,2060.32,0.0,-5.31,178.8742621675809,0.20687847399999998,20.6878474,0.0,0.0,0.0,0.0,0.8943713108379044,winter,night,178.8742621675809
2018-01-27 04:00:00,2064.88,0.0,-5.35,178.90102934208738,0.20690989,20.690989000000002,0.0,0.0,0.0,0.0,0.8945051467104369,winter,night,178.90102934208738
2018-01-27 05:00:00,2129.04,0.0,-5.11,178.89179175740716,0.206721394,20.6721394,0.0,0.0,0.0,0.0,0.8944589587870359,winter,night,178.89179175740716
2018-01-27 15:00:00,2652.16,0.0,1.83,178.88633649086373,0.20127071800000002,20.127071800000003,0.0,0.0,0.0,0.0,0.8944316824543186,winter,night,178.88633649086373
2018-01-27 16:00:00,2660.48,0.0,0.25,178.8746622204605,0.20251165000000002,20.251165,0.0,0.0,0.0,0.0,0.8943733111023024,winter,night,178.8746622204605
2018-01-27 17:00:00,2734.0,0.0,-1.24,178.8695463927242,0.203681896,20.3681896,0.0,0.0,0.0,0.0,0.894347731963621,winter,night,178.8695463927242
2018-01-27 18:00:00,2868.4,0.0,-2.49,178.87942648657537,0.20466364599999998,20.4663646,0.0,0.0,0.0,0.0,0.8943971324328769,winter,night,178.87942648657537
2018-01-27 19:00:00,2887.04,0.0,-2.31,178.86667328567822,0.20452227399999998,20.452227399999998,0.0,0.0,0.0,0.0,0.8943333664283911,winter,night,178.86667328567822
2018-01-27 20:00:00,2831.28,0.0,-2.19,178.84800415128512,0.204428026,20.4428026,0.0,0.0,0.0,0.0,0.8942400207564256,winter,night,178.84800415128512
2018-01-27 21:00:00,2771.52,0.0,-2.47,178.86021182552764,0.204647938,20.4647938,0.0,0.0,0.0,0.0,0.8943010591276382,winter,night,178.86021182552764
2018-01-27 22:00:00,2673.76,0.0,-2.72,178.89010668618573,0.20484428799999999,20.4844288,0.0,0.0,0.0,0.0,0.8944505334309286,winter,night,178.89010668618573
2018-01-27 23:00:00,2533.68,0.0,-2.84,178.838124057434,0.204938536,20.4938536,0.0,0.0,0.0,0.0,0.8941906202871699,winter,night,178.838124057434
2018-01-28 00:00:00,2393.2000000000003,0.0,-3.02,178.83971214613908,0.205079908,20.5079908,0.0,0.0,0.0,0.0,0.8941985607306954,winter,night,178.83971214613908
2018-01-28 01:00:00,2280.88,0.0,-3.21,178.82664375206392,0.205229134,20.5229134,0.0,0.0,0.0,0.0,0.8941332187603196,winter,night,178.82664375206392
2018-01-28 02:00:00,2211.84,0.0,-3.42,178.84125174358556,0.205394068,20.539406800000002,0.0,0.0,0.0,0.0,0.8942062587179278,winter,night,178.84125174358556
2018-01-28 03:00:00,2176.32,0.0,-3.62,178.8343417392972,0.20555114800000002,20.555114800000002,0.0,0.0,0.0,0.0,0.894171708696486,winter,night,178.8343417392972
2018-01-28 04:00:00,2166.8,0.0,-3.88,178.84343385020293,0.205755352,20.5755352,0.0,0.0,0.0,0.0,0.8942171692510147,winter,night,178.84343385020293
2018-01-28 05:00:00,2184.16,0.0,-3.87,178.8450704301662,0.20574749800000003,20.574749800000003,0.0,0.0,0.0,0.0,0.894225352150831,winter,night,178.8450704301662
2018-01-28 15:00:00,2479.04,0.0,3.13,178.8523198732617,0.200249698,20.0249698,0.0,0.0,0.0,0.0,0.8942615993663086,winter,night,178.8523198732617
2018-01-28 16:00:00,2452.32,0.0,2.06,106.35893148022679,0.20109007599999998,20.109007599999998,0.0,0.0,0.0,0.0,0.531794657401134,winter,night,106.35893148022679
2018-01-28 17:00:00,2493.92,0.0,1.66,0.268607356425452,0.20140423600000001,20.140423600000002,0.0,0.0,0.0,0.0,0.0013430367821272602,winter,night,0.268607356425452
2018-01-28 18:00:00,2635.68,0.0,0.35,67.54839535925115,0.20243311,20.243311,0.0,0.0,0.0,0.0,0.3377419767962557,winter,night,67.54839535925115
2018-01-28 19:00:00,2697.2000000000003,0.0,-0.69,124.84276865308325,0.20324992599999997,20.324992599999998,0.0,0.0,0.0,0.0,0.6242138432654163,winter,night,124.84276865308325
2018-01-28 20:00:00,2671.28,0.0,-1.32,51.3001688457481,0.203744728,20.374472800000003,0.0,0.0,0.0,0.0,0.2565008442287405,winter,night,51.3001688457481
2018-01-28 21:00:00,2630.08,0.0,-1.82,33.01677938062304,0.204137428,20.4137428,0.0,0.0,0.0,0.0,0.1650838969031152,winter,night,33.01677938062304
2018-01-28 22:00:00,2559.92,0.0,-2.27,19.087842769194843,0.204490858,20.4490858,0.0,0.0,0.0,0.0,0.09543921384597422,winter,night,19.087842769194843
2018-01-28 23:00:00,2458.48,0.0,-2.69,0.0,0.204820726,20.482072600000002,0.0,0.0,0.0,0.0,0.0,winter,night,2.8505483825422497
2018-01-29 00:00:00,2341.28,0.0,-2.92,4.515438527069904,0.205001368,20.5001368,0.0,0.0,0.0,0.0,0.02257719263534952,winter,night,4.515438527069904
2018-01-29 01:00:00,2242.16,0.0,-3.16,9.386760459212194,0.205189864,20.5189864,0.0,0.0,0.0,0.0,0.04693380229606097,winter,night,9.386760459212194
2018-01-29 02:00:00,2183.12,0.0,-3.79,20.60367646869588,0.205684666,20.568466599999997,0.0,0.0,0.0,0.0,0.1030183823434794,winter,night,20.60367646869588
2018-01-29 03:00:00,2147.76,0.0,-4.34,22.866477085713306,0.206116636,20.6116636,0.0,0.0,0.0,0.0,0.11433238542856654,winter,night,22.866477085713306
2018-01-29 04:00:00,2129.04,0.0,-4.5,18.968531543834334,0.2062423,20.624229999999997,0.0,0.0,0.0,0.0,0.09484265771917168,winter,night,18.968531543834334
2018-01-29 05:00:00,2139.76,0.0,-4.95,21.645206564632726,0.20659572999999998,20.659572999999998,0.0,0.0,0.0,0.0,0.10822603282316363,winter,night,21.645206564632726
2018-01-29 15:00:00,2338.8,0.0,2.48,0.0,0.20076020800000002,20.076020800000002,0.0,0.0,0.0,0.0,0.0,winter,night,29.8166412279449
2018-01-29 16:00:00,2365.84,0.0,0.41,0.0,0.202385986,20.2385986,0.0,0.0,0.0,0.0,0.0,winter,night,0.0
2018-01-29 17:00:00,2456.0,0.0,0.72,0.0,0.20214251199999997,20.214251199999996,0.0,0.0,0.0,0.0,0.0,winter,night,0.0
2018-01-29 18:00:00,2649.12,0.0,0.88,0.0,0.202016848,20.2016848,0.0,0.0,0.0,0.0,0.0,winter,night,37.31834190982954
2018-01-29 19:00:00,2732.88,0.0,-1.26,0.0,0.20369760399999998,20.369760399999997,0.0,0.0,0.0,0.0,0.0,winter,night,0.8368678159625331
2018-01-29 20:00:00,2718.48,0.0,-2.12,0.0,0.204373048,20.4373048,0.0,0.0,0.0,0.0,0.0,winter,night,0.0
2018-01-29 21:00:00,2671.52,0.0,-2.53,0.0,0.204695062,20.4695062,0.0,0.0,0.0,0.0,0.0,winter,night,0.268607356425452
2018-01-29 22:00:00,2576.32,0.0,-2.46,62.12879413618783,0.20464008400000003,20.464008400000004,0.0,0.0,0.0,0.0,0.31064397068093913,winter,night,62.12879413618783
2018-01-29 23:00:00,2433.92,0.0,-2.47,68.40509041723341,0.204647938,20.4647938,0.0,0.0,0.0,0.0,0.342025452086167,winter,night,68.40509041723341
2018-01-30 00:00:00,2300.56,0.0,-2.47,66.55285770633073,0.204647938,20.4647938,0.0,0.0,0.0,0.0,0.33276428853165363,winter,night,66.55285770633073
2018-01-30 01:00:00,2202.88,0.0,-2.43,14.456277528609151,0.204616522,20.4616522,0.0,0.0,0.0,0.0,0.07228138764304576,winter,night,14.456277528609151
2018-01-30 02:00:00,2158.56,0.0,-2.3,4.350476570527551,0.20451442,20.451442,0.0,0.0,0.0,0.0,0.021752382852637756,winter,night,4.350476570527551
2018-01-30 03:00:00,2154.32,0.0,-2.31,0.0,0.20452227399999998,20.452227399999998,0.0,0.0,0.0,0.0,0.0,winter,night,0.0
2018-01-30 04:00:00,2182.4,0.0,-2.54,0.0,0.204702916,20.470291600000003,0.0,0.0,0.0,0.0,0.0,winter,night,24.19252509287157
2018-01-30 05:00:00,2269.84,0.0,-2.81,0.0,0.20491497399999997,20.491497399999997,0.0,0.0,0.0,0.0,0.0,winter,night,70.84116999924417
2018-01-30 15:00:00,2717.76,0.0,3.99,0.0,0.199574254,19.9574254,0.0,0.0,0.0,0.0,0.0,winter,night,0.0
2018-01-30 16:00:00,2736.96,0.0,1.63,0.0,0.201427798,20.1427798,0.0,0.0,0.0,0.0,0.0,winter,night,9.386760459212194
2018-01-30 17:00:00,2826.32,0.0,1.05,0.0,0.20188333,20.188333,0.0,0.0,0.0,0.0,0.0,winter,night,92.73442753360703
2018-01-30 18:00:00,3025.68,0.0,0.54,0.0,0.20228388399999997,20.228388399999996,0.0,0.0,0.0,0.0,0.0,winter,night,27.471431233029726
2018-01-30 19:00:00,3112.08,0.0,-1.82,0.0,0.204137428,20.4137428,0.0,0.0,0.0,0.0,0.0,winter,night,13.365301502863254
2018-01-30 20:00:00,3091.92,0.0,-2.02,0.0,0.20429450799999999,20.429450799999998,0.0,0.0,0.0,0.0,0.0,winter,night,22.44890825420092
2018-01-30 21:00:00,3026.88,0.0,-1.75,0.0,0.20408245,20.408245,0.0,0.0,0.0,0.0,0.0,winter,night,0.0
2018-01-30 22:00:00,2897.04,0.0,-1.23,62.12879413618783,0.20367404200000003,20.367404200000003,0.0,0.0,0.0,0.0,0.31064397068093913,winter,night,62.12879413618783
2018-01-30 23:00:00,2714.96,0.0,-0.7,68.40509041723341,0.20325778,20.325778,0.0,0.0,0.0,0.0,0.342025452086167,winter,night,68.40509041723341
2018-01-31 00:00:00,2557.6,0.0,-0.15,66.55285770633073,0.20282581,20.282581,0.0,0.0,0.0,0.0,0.33276428853165363,winter,night,66.55285770633073
2018-01-31 01:00:00,2458.8,0.0,-0.24,14.456277528609151,0.20289649599999998,20.289649599999997,0.0,0.0,0.0,0.0,0.07228138764304576,winter,night,14.456277528609151
2018-01-31 02:00:00,2420.32,0.0,-0.69,4.350476570527551,0.20324992599999997,20.324992599999998,0.0,0.0,0.0,0.0,0.021752382852637756,winter,night,4.350476570527551
2018-01-31 03:00:00,2407.44,0.0,-0.52,0.0,0.203116408,20.3116408,0.0,0.0,0.0,0.0,0.0,winter,night,77.9846960641079
2018-01-31 04:00:00,2410.88,0.0,-0.05,0.0,0.20274726999999998,20.274727,0.0,0.0,0.0,0.0,0.0,winter,night,93.29165876539076
2018-01-31 05:00:00,2467.76,0.0,-0.04,0.0,0.202739416,20.2739416,0.0,0.0,0.0,0.0,0.0,winter,night,0.0
2018-01-31 15:00:00,2740.4,0.0,3.39,0.0,0.20004549399999996,20.004549399999995,0.0,0.0,0.0,0.0,0.0,winter,night,4.594937671801951
2018-01-31 16:00:00,2713.52,0.0,2.13,0.0,0.20103509799999997,20.103509799999998,0.0,0.0,0.0,0.0,0.0,winter,night,48.780732790953614
2018-01-31 17:00:00,2767.6,0.0,2.09,1.0222927046121146,0.20106651399999997,20.106651399999997,0.0,0.0,0.0,0.0,0.005111463523060573,winter,night,1.0222927046121146
2018-01-31 18:00:00,2928.2400000000002,0.0,1.76,12.099297038450583,0.201325696,20.1325696,0.0,0.0,0.0,0.0,0.06049648519225292,winter,night,12.099297038450583
2018-01-31 19:00:00,2990.08,0.0,2.37,15.199013583850688,0.200846602,20.084660200000002,0.0,0.0,0.0,0.0,0.07599506791925344,winter,night,15.199013583850688
2018-01-31 20:00:00,2954.56,0.0,1.79,7.354915370394635,0.201302134,20.1302134,0.0,0.0,0.0,0.0,0.036774576851973176,winter,night,7.354915370394635
2018-01-31 21:00:00,2886.08,0.0,1.14,6.179863837427485,0.201812644,20.1812644,0.0,0.0,0.0,0.0,0.030899319187137425,winter,night,6.179863837427485
2018-01-31 22:00:00,2758.56,0.0,0.48,53.084422874112086,0.202331008,20.2331008,0.0,0.0,0.0,0.0,0.2654221143705604,winter,night,53.084422874112086
2018-01-31 23:00:00,2577.28,0.0,-0.08,50.950595365644276,0.20277083199999998,20.2770832,0.0,0.0,0.0,0.0,0.2547529768282214,winter,night,50.950595365644276
2018-02-01 00:00:00,2414.8,0.0,-0.29,52.0861575879202,0.202935766,20.293576599999998,0.0,0.0,0.0,0.0,0.260430787939601,winter,night,52.0861575879202
2018-02-01 01:00:00,2304.56,0.0,-0.29,81.83082263523156,0.202935766,20.293576599999998,0.0,0.0,0.0,0.0,0.4091541131761578,winter,night,81.83082263523156
2018-02-01 02:00:00,2251.92,0.0,-0.61,162.77078812110435,0.20318709399999998,20.3187094,0.0,0.0,0.0,0.0,0.8138539406055217,winter,night,162.77078812110435
2018-02-01 03:00:00,2220.96,0.0,-1.28,178.91677687817588,0.20371331199999998,20.371331199999997,0.0,0.0,0.0,0.0,0.8945838843908794,winter,night,178.91677687817588
2018-02-01 04:00:00,2227.92,0.0,-2.06,178.93523992472205,0.204325924,20.4325924,0.0,0.0,0.0,0.0,0.8946761996236102,winter,night,178.93523992472205
2018-02-01 05:00:00,2284.56,0.0,-2.68,178.94021027868385,0.204812872,20.4812872,0.0,0.0,0.0,0.0,0.8947010513934193,winter,night,178.94021027868385
2018-02-01 15:00:00,2645.2000000000003,0.0,5.6,178.82197646846538,0.19830976000000003,19.830976000000003,0.0,0.0,0.0,0.0,0.8941098823423269,winter,night,178.82197646846538
2018-02-01 16:00:00,2633.12,0.0,2.93,178.89358593395923,0.20040677799999998,20.040677799999997,0.0,0.0,0.0,0.0,0.8944679296697962,winter,night,178.89358593395923
2018-02-01 17:00:00,2674.64,0.0,1.33,178.89368291647554,0.201663418,20.1663418,0.0,0.0,0.0,0.0,0.8944684145823777,winter,night,178.89368291647554
2018-02-01 18:00:00,2836.88,0.0,0.52,178.86245454621798,0.20229959199999997,20.229959199999996,0.0,0.0,0.0,0.0,0.8943122727310899,winter,night,178.86245454621798
2018-02-01 19:00:00,2889.36,0.0,0.62,178.9057451169436,0.20222105199999998,20.222105199999998,0.0,0.0,0.0,0.0,0.894528725584718,winter,night,178.9057451169436
2018-02-01 20:00:00,2848.88,0.0,0.38,173.60229257999768,0.202409548,20.2409548,0.0,0.0,0.0,0.0,0.8680114628999884,winter,night,173.60229257999768
2018-02-01 21:00:00,2786.4,0.0,0.09,178.92248672382493,0.202637314,20.2637314,0.0,0.0,0.0,0.0,0.8946124336191247,winter,night,178.92248672382493
2018-02-01 22:00:00,2658.32,0.0,-0.32,178.88762150920508,0.20295932800000002,20.295932800000003,0.0,0.0,0.0,0.0,0.8944381075460254,winter,night,178.88762150920508
2018-02-01 23:00:00,2481.12,0.0,-0.64,178.86845533941553,0.20321065600000002,20.3210656,0.0,0.0,0.0,0.0,0.8943422766970777,winter,night,178.86845533941553
2018-02-02 00:00:00,2320.2400000000002,0.0,-0.95,178.89894421798633,0.20345413,20.345413,0.0,0.0,0.0,0.0,0.8944947210899317,winter,night,178.89894421798633
2018-02-02 01:00:00,2212.48,0.0,-1.15,178.81915185267758,0.20361121,20.361120999999997,0.0,0.0,0.0,0.0,0.8940957592633879,winter,night,178.81915185267758
2018-02-02 02:00:00,2160.88,0.0,-1.34,178.8212854680368,0.20376043600000002,20.376043600000003,0.0,0.0,0.0,0.0,0.894106427340184,winter,night,178.8212854680368
2018-02-02 03:00:00,2138.32,0.0,-1.44,178.83389319515942,0.20383897599999998,20.383897599999997,0.0,0.0,0.0,0.0,0.894169465975797,winter,night,178.83389319515942
2018-02-02 04:00:00,2144.64,0.0,-1.54,178.81190240958207,0.203917516,20.3917516,0.0,0.0,0.0,0.0,0.8940595120479103,winter,night,178.81190240958207
2018-02-02 15:00:00,2571.28,0.0,6.0,178.87515925585691,0.1979956,19.79956,0.0,0.0,0.0,0.0,0.8943757962792845,winter,night,178.87515925585691
2018-02-02 16:00:00,2573.76,0.0,4.75,178.86399414366443,0.19897735,19.897735,0.0,0.0,0.0,0.0,0.8943199707183221,winter,night,178.86399414366443
2018-02-02 17:00:00,2660.48,0.0,4.23,178.90604818730736,0.19938575799999997,19.938575799999995,0.0,0.0,0.0,0.0,0.8945302409365368,winter,night,178.90604818730736
2018-02-02 18:00:00,2839.12,0.0,4.17,178.18714103939791,0.199432882,19.9432882,0.0,0.0,0.0,0.0,0.8909357051969896,winter,night,178.18714103939791
2018-02-02 19:00:00,2942.16,0.0,3.96,178.91007296173495,0.199597816,19.9597816,0.0,0.0,0.0,0.0,0.8945503648086748,winter,night,178.91007296173495
2018-02-02 20:00:00,2929.84,0.0,3.98,178.912158085836,0.19958210799999998,19.958210799999996,0.0,0.0,0.0,0.0,0.89456079042918,winter,night,178.912158085836
2018-02-02 21:00:00,2886.32,0.0,3.69,178.8914523186,0.199809874,19.9809874,0.0,0.0,0.0,0.0,0.894457261593,winter,night,178.8914523186
2018-02-02 22:00:00,2782.4,0.0,3.0,178.91434019245338,0.20035179999999997,20.035179999999997,0.0,0.0,0.0,0.0,0.8945717009622669,winter,night,178.91434019245338
2018-02-02 23:00:00,2614.7200000000003,0.0,3.02,178.88792457956833,0.200336092,20.0336092,0.0,0.0,0.0,0.0,0.8944396228978416,winter,night,178.88792457956833
2018-02-03 00:00:00,2463.04,0.0,3.0,178.8753653437039,0.20035179999999997,20.035179999999997,0.0,0.0,0.0,0.0,0.8943768267185195,winter,night,178.8753653437039
2018-02-03 01:00:00,2362.96,0.0,2.85,178.8971136729904,0.20046961000000002,20.046961000000003,0.0,0.0,0.0,0.0,0.894485568364952,winter,night,178.8971136729904
2018-02-03 02:00:00,2322.56,0.0,3.03,178.89358593395923,0.20032823800000002,20.032823800000003,0.0,0.0,0.0,0.0,0.8944679296697962,winter,night,178.89358593395923
2018-02-03 03:00:00,2312.2400000000002,0.0,2.9,178.8742621675809,0.20043033999999998,20.043034,0.0,0.0,0.0,0.0,0.8943713108379044,winter,night,178.8742621675809
2018-02-03 04:00:00,2327.76,0.0,1.94,178.90102934208738,0.201184324,20.1184324,0.0,0.0,0.0,0.0,0.8945051467104369,winter,night,178.90102934208738
2018-02-03 15:00:00,2770.32,0.0,7.8,178.88633649086373,0.19658188,19.658188,0.0,0.0,0.0,0.0,0.8944316824543186,winter,night,178.88633649086373
2018-02-03 16:00:00,2806.48,0.0,6.67,178.8746622204605,0.197469382,19.7469382,0.0,0.0,0.0,0.0,0.8943733111023024,winter,night,178.8746622204605
2018-02-03 17:00:00,2880.16,0.0,6.1,178.8695463927242,0.19791706,19.791706,0.0,0.0,0.0,0.0,0.894347731963621,winter,night,178.8695463927242
2018-02-03 18:00:00,3023.04,0.0,5.57,178.87942648657537,0.19833332199999998,19.833332199999997,0.0,0.0,0.0,0.0,0.8943971324328769,winter,night,178.87942648657537
2018-02-03 19:00:00,3059.12,0.0,4.65,178.86667328567822,0.19905589,19.905589000000003,0.0,0.0,0.0,0.0,0.8943333664283911,winter,night,178.86667328567822
2018-02-03 20:00:00,3009.36,0.0,4.39,178.84800415128512,0.199260094,19.926009399999998,0.0,0.0,0.0,0.0,0.8942400207564256,winter,night,178.84800415128512
2018-02-03 21:00:00,2961.36,0.0,4.42,178.86021182552764,0.199236532,19.9236532,0.0,0.0,0.0,0.0,0.8943010591276382,winter,night,178.86021182552764
2018-02-03 22:00:00,2875.04,0.0,4.86,178.89010668618573,0.198890956,19.8890956,0.0,0.0,0.0,0.0,0.8944505334309286,winter,night,178.89010668618573
2018-02-03 23:00:00,2747.04,0.0,5.17,178.838124057434,0.19864748200000001,19.8647482,0.0,0.0,0.0,0.0,0.8941906202871699,winter,night,178.838124057434
2018-02-04 00:00:00,2620.64,0.0,5.28,178.83971214613908,0.19856108800000002,19.8561088,0.0,0.0,0.0,0.0,0.8941985607306954,winter,night,178.83971214613908
2018-02-04 01:00:00,2525.04,0.0,5.47,178.82664375206392,0.198411862,19.8411862,0.0,0.0,0.0,0.0,0.8941332187603196,winter,night,178.82664375206392
2018-02-04 02:00:00,2477.2000000000003,0.0,5.81,178.84125174358556,0.19814482600000002,19.8144826,0.0,0.0,0.0,0.0,0.8942062587179278,winter,night,178.84125174358556
2018-02-04 03:00:00,2461.12,0.0,5.51,178.8343417392972,0.19838044600000002,19.8380446,0.0,0.0,0.0,0.0,0.894171708696486,winter,night,178.8343417392972
2018-02-04 04:00:00,2463.76,0.0,5.14,178.84343385020293,0.198671044,19.8671044,0.0,0.0,0.0,0.0,0.8942171692510147,winter,night,178.84343385020293
2018-02-04 05:00:00,2492.8,0.93,4.8,178.8450704301662,0.198897501,19.8897501,0.0,0.0,0.0,0.0,0.894225352150831,winter,night,178.8450704301662
2018-02-04 15:00:00,2452.7200000000003,0.0,9.59,178.8523198732617,0.195176014,19.5176014,0.0,0.0,0.0,0.0,0.8942615993663086,winter,night,178.8523198732617
2018-02-04 16:00:00,2457.44,0.0,9.05,106.35893148022679,0.19560012999999998,19.560012999999998,0.0,0.0,0.0,0.0,0.531794657401134,winter,night,106.35893148022679
2018-02-04 17:00:00,2554.16,0.0,8.89,0.268607356425452,0.19572579399999998,19.5725794,0.0,0.0,0.0,0.0,0.0013430367821272602,winter,night,0.268607356425452
2018-02-04 18:00:00,2749.84,0.0,8.72,67.54839535925115,0.195859312,19.5859312,0.0,0.0,0.0,0.0,0.3377419767962557,winter,night,67.54839535925115
2018-02-04 19:00:00,2855.84,0.0,7.6,124.84276865308325,0.19673896,19.673896,0.0,0.0,0.0,0.0,0.6242138432654163,winter,night,124.84276865308325
2018-02-04 20:00:00,2832.48,0.0,6.72,51.3001688457481,0.19743011200000002,19.7430112,0.0,0.0,0.0,0.0,0.2565008442287405,winter,night,51.3001688457481
2018-02-04 21:00:00,2793.12,0.0,5.94,33.01677938062304,0.19804272399999998,19.8042724,0.0,0.0,0.0,0.0,0.1650838969031152,winter,night,33.01677938062304
2018-02-04 22:00:00,2719.36,0.0,5.27,19.087842769194843,0.198568942,19.8568942,0.0,0.0,0.0,0.0,0.09543921384597422,winter,night,19.087842769194843
2018-02-04 23:00:00,2604.96,0.0,4.72,0.0,0.199000912,19.9000912,0.0,0.0,0.0,0.0,0.0,winter,night,0.0
2018-02-05 00:00:00,2479.12,0.0,4.13,4.515438527069904,0.19946429799999998,19.946429799999997,0.0,0.0,0.0,0.0,0.02257719263534952,winter,night,4.515438527069904
2018-02-05 01:00:00,2372.16,0.0,3.28,9.386760459212194,0.200131888,20.013188800000002,0.0,0.0,0.0,0.0,0.04693380229606097,winter,night,9.386760459212194
2018-02-05 02:00:00,2314.56,0.0,2.48,20.60367646869588,0.20076020800000002,20.076020800000002,0.0,0.0,0.0,0.0,0.1030183823434794,winter,night,20.60367646869588
2018-02-05 03:00:00,2285.76,0.0,1.48,22.866477085713306,0.20154560800000001,20.154560800000002,0.0,0.0,0.0,0.0,0.11433238542856654,winter,night,22.866477085713306
2018-02-05 04:00:00,2276.96,0.0,1.35,18.968531543834334,0.20164771,20.164771000000002,0.0,0.0,0.0,0.0,0.09484265771917168,winter,night,18.968531543834334
2018-02-05 15:00:00,2467.76,0.0,6.38,47.58800240600618,0.19769714800000002,19.769714800000003,0.0,0.0,0.0,0.0,0.2379400120300309,winter,night,47.58800240600618
2018-02-05 16:00:00,2459.2000000000003,0.0,5.29,83.74557270072184,0.198553234,19.8553234,0.0,0.0,0.0,0.0,0.4187278635036092,winter,night,83.74557270072184
2018-02-05 17:00:00,2500.4,0.0,4.46,75.16940272044084,0.19920511600000002,19.9205116,0.0,0.0,0.0,0.0,0.37584701360220424,winter,night,75.16940272044084
2018-02-05 18:00:00,2644.08,0.0,3.37,68.66682198317326,0.200061202,20.006120199999998,0.0,0.0,0.0,0.0,0.3433341099158663,winter,night,68.66682198317326
2018-02-05 19:00:00,2699.92,0.0,2.93,79.82838825216609,0.20040677799999998,20.040677799999997,0.0,0.0,0.0,0.0,0.39914194126083047,winter,night,79.82838825216609
2018-02-05 20:00:00,2633.28,0.0,2.72,120.03949132128358,0.20057171199999999,20.0571712,0.0,0.0,0.0,0.0,0.6001974566064179,winter,night,120.03949132128358
2018-02-05 21:00:00,2588.96,0.0,2.7,145.5665988827503,0.20058742,20.058742,0.0,0.0,0.0,0.0,0.7278329944137515,winter,night,145.5665988827503
2018-02-05 22:00:00,2528.8,0.0,2.2,137.89202080410425,0.20098011999999998,20.098011999999997,0.0,0.0,0.0,0.0,0.6894601040205213,winter,night,137.89202080410425
2018-02-05 23:00:00,2420.96,0.0,1.41,125.7214181281995,0.20160058600000003,20.160058600000003,0.0,0.0,0.0,0.0,0.6286070906409975,winter,night,125.7214181281995
2018-02-06 00:00:00,2308.0,0.0,0.5,93.76725496405551,0.2023153,20.23153,0.0,0.0,0.0,0.0,0.46883627482027757,winter,night,93.76725496405551
2018-02-06 01:00:00,2188.4,0.0,0.47,98.95486188524775,0.20233886199999998,20.233886199999997,0.0,0.0,0.0,0.0,0.49477430942623873,winter,night,98.95486188524775
2018-02-06 02:00:00,2129.92,0.0,0.58,100.71066972929144,0.202252468,20.2252468,0.0,0.0,0.0,0.0,0.5035533486464572,winter,night,100.71066972929144
2018-02-06 03:00:00,2112.56,0.0,-0.25,84.71608280302202,0.20290435,20.290435000000002,0.0,0.0,0.0,0.0,0.4235804140151101,winter,night,84.71608280302202
2018-02-06 04:00:00,2133.52,0.0,-0.44,57.78283786013224,0.20305357599999999,20.305357599999997,0.0,0.0,0.0,0.0,0.2889141893006612,winter,night,57.78283786013224
2018-02-06 15:00:00,2371.92,0.0,8.1,15.94287554549277,0.19634626,19.634626,0.0,0.0,0.0,0.0,0.07971437772746386,winter,night,15.94287554549277
2018-02-06 16:00:00,2378.0,0.0,6.21,20.294882621356116,0.19783066599999996,19.783066599999994,0.0,0.0,0.0,0.0,0.10147441310678058,winter,night,20.294882621356116
2018-02-06 17:00:00,2439.52,0.0,5.39,18.375927454571922,0.19847469399999998,19.847469399999998,0.0,0.0,0.0,0.0,0.09187963727285961,winter,night,18.375927454571922
2018-02-06 18:00:00,2619.12,0.0,3.62,26.743395605770925,0.199864852,19.9864852,0.0,0.0,0.0,0.0,0.13371697802885463,winter,night,26.743395605770925
2018-02-06 19:00:00,2746.16,0.0,2.64,16.265548500130144,0.20063454400000003,20.0634544,0.0,0.0,0.0,0.0,0.08132774250065072,winter,night,16.265548500130144
2018-02-06 20:00:00,2733.92,0.0,1.84,1.4613396592400398,0.20126286399999999,20.126286399999998,0.0,0.0,0.0,0.0,0.007306698296200199,winter,night,1.4613396592400398
2018-02-06 21:00:00,2679.76,0.0,1.32,0.0,0.201671272,20.167127200000003,0.0,0.0,0.0,0.0,0.0,winter,night,3.0469578670988007
2018-02-06 22:00:00,2554.2400000000002,0.0,0.71,3.7249400978886773,0.202150366,20.2150366,0.0,0.0,0.0,0.0,0.018624700489443386,winter,night,3.7249400978886773
2018-02-06 23:00:00,2384.8,0.0,0.65,4.258178006667951,0.20219748999999998,20.219748999999997,0.0,0.0,0.0,0.0,0.021290890033339754,winter,night,4.258178006667951
2018-02-07 00:00:00,2217.68,0.0,0.28,0.0,0.202488088,20.248808800000003,0.0,0.0,0.0,0.0,0.0,winter,night,0.0
2018-02-07 01:00:00,2112.64,0.0,-0.04,0.0,0.202739416,20.2739416,0.0,0.0,0.0,0.0,0.0,winter,night,66.27374808574625
2018-02-07 02:00:00,2050.64,0.0,-0.47,6.915523199680757,0.203077138,20.3077138,0.0,0.0,0.0,0.0,0.03457761599840378,winter,night,6.915523199680757
2018-02-07 03:00:00,2024.0800000000002,0.0,-0.78,14.381681304682992,0.20332061199999998,20.3320612,0.0,0.0,0.0,0.0,0.07190840652341496,winter,night,14.381681304682992
2018-02-07 04:00:00,2022.48,0.0,-1.35,21.38591774582291,0.20376829,20.376829,0.0,0.0,0.0,0.0,0.10692958872911454,winter,night,21.38591774582291
2018-02-07 15:00:00,2518.8,0.0,10.57,100.26734446293482,0.194406322,19.4406322,0.0,0.0,0.0,0.0,0.5013367223146741,winter,night,100.26734446293482
2018-02-07 16:00:00,2501.12,0.0,8.11,169.51582514919164,0.196338406,19.6338406,0.0,0.0,0.0,0.0,0.8475791257459582,winter,night,169.51582514919164
2018-02-07 17:00:00,2546.08,0.0,6.38,125.43362251099654,0.19769714800000002,19.769714800000003,0.0,0.0,0.0,0.0,0.6271681125549827,winter,night,125.43362251099654
2018-02-07 18:00:00,2683.12,0.0,5.24,94.42215365118855,0.198592504,19.8592504,0.0,0.0,0.0,0.0,0.4721107682559428,winter,night,94.42215365118855
2018-02-07 19:00:00,2753.12,0.0,4.4,92.19909616629195,0.19925224,19.925224,0.0,0.0,0.0,0.0,0.46099548083145975,winter,night,92.19909616629195
2018-02-07 20:00:00,2715.36,0.0,3.9,127.58120335256098,0.19964494,19.964494,0.0,0.0,0.0,0.0,0.6379060167628049,winter,night,127.58120335256098
2018-02-07 21:00:00,2637.04,0.0,3.77,120.79026934862151,0.19974704199999999,19.974704199999998,0.0,0.0,0.0,0.0,0.6039513467431076,winter,night,120.79026934862151
2018-02-07 22:00:00,2496.16,0.0,3.37,163.6124387662415,0.200061202,20.006120199999998,0.0,0.0,0.0,0.0,0.8180621938312075,winter,night,163.6124387662415
2018-02-07 23:00:00,2310.0,0.0,2.78,178.86603077650733,0.200524588,20.0524588,0.0,0.0,0.0,0.0,0.8943301538825367,winter,night,178.86603077650733
2018-02-08 00:00:00,2128.64,0.0,2.5,172.0197803698176,0.2007445,20.07445,0.0,0.0,0.0,0.0,0.860098901849088,winter,night,172.0197803698176
2018-02-08 01:00:00,1999.92,0.0,2.59,176.7706265287273,0.20067381399999998,20.0673814,0.0,0.0,0.0,0.0,0.8838531326436364,winter,night,176.7706265287273
2018-02-08 02:00:00,1932.4,0.0,2.68,172.05722774393448,0.200603128,20.0603128,0.0,0.0,0.0,0.0,0.8602861387196724,winter,night,172.05722774393448
2018-02-08 03:00:00,1897.3600000000001,0.0,2.42,174.38212899379013,0.200807332,20.0807332,0.0,0.0,0.0,0.0,0.8719106449689507,winter,night,174.38212899379013
2018-02-08 04:00:00,1890.0,0.0,2.01,129.6127324905243,0.20112934600000001,20.112934600000003,0.0,0.0,0.0,0.0,0.6480636624526216,winter,night,129.6127324905243
2018-02-08 15:00:00,2298.56,0.0,12.73,124.59996080064214,0.192709858,19.270985800000002,0.0,0.0,0.0,0.0,0.6229998040032106,winter,night,124.59996080064214
2018-02-08 16:00:00,2307.52,0.0,10.73,89.97966340294286,0.194280658,19.4280658,0.0,0.0,0.0,0.0,0.44989831701471433,winter,night,89.97966340294286
2018-02-08 17:00:00,2354.2400000000002,0.0,9.94,92.73442753360703,0.19490112399999998,19.490112399999997,0.0,0.0,0.0,0.0,0.46367213766803517,winter,night,92.73442753360703
2018-02-08 18:00:00,2490.32,0.0,9.38,63.15198392907598,0.19534094800000001,19.534094800000002,0.0,0.0,0.0,0.0,0.3157599196453799,winter,night,63.15198392907598
2018-02-08 19:00:00,2587.2000000000003,0.0,8.38,121.17246532265487,0.196126348,19.612634800000002,0.0,0.0,0.0,0.0,0.6058623266132743,winter,night,121.17246532265487
2018-02-08 20:00:00,2562.56,0.0,7.98,136.10825774972903,0.19644050799999999,19.6440508,0.0,0.0,0.0,0.0,0.6805412887486452,winter,night,136.10825774972903
2018-02-08 21:00:00,2502.64,0.0,7.21,139.2322585656825,0.197045266,19.7045266,0.0,0.0,0.0,0.0,0.6961612928284125,winter,night,139.2322585656825
2018-02-08 22:00:00,2390.8,0.0,6.64,148.1427575867824,0.19749294399999998,19.749294399999997,0.0,0.0,0.0,0.0,0.7407137879339121,winter,night,148.1427575867824
2018-02-08 23:00:00,2254.4,0.0,5.91,159.29538328005162,0.198066286,19.8066286,0.0,0.0,0.0,0.0,0.7964769164002581,winter,night,159.29538328005162
2018-02-09 00:00:00,2100.4,0.0,5.02,178.9773545824374,0.19876529199999998,19.876529199999997,0.0,0.0,0.0,0.0,0.8948867729121871,winter,night,178.9773545824374
2018-02-09 01:00:00,1992.0800000000002,0.0,3.95,128.09765949763596,0.19960566999999999,19.960566999999998,0.0,0.0,0.0,0.0,0.6404882974881798,winter,night,128.09765949763596
2018-02-09 02:00:00,1945.8400000000001,0.0,3.09,114.37315445386788,0.20028111399999998,20.028111399999997,0.0,0.0,0.0,0.0,0.5718657722693394,winter,night,114.37315445386788
2018-02-09 03:00:00,1927.1200000000001,0.0,3.12,89.31309650681425,0.200257552,20.0257552,0.0,0.0,0.0,0.0,0.44656548253407125,winter,night,89.31309650681425
2018-02-09 04:00:00,1957.76,0.0,3.22,93.43481102089784,0.200179012,20.017901199999997,0.0,0.0,0.0,0.0,0.46717405510448917,winter,night,93.43481102089784
2018-02-09 15:00:00,2827.04,0.0,8.07,11.670947236431681,0.196369822,19.6369822,0.0,0.0,0.0,0.0,0.058354736182158404,winter,night,11.670947236431681
2018-02-09 16:00:00,2832.8,0.0,6.16,22.44890825420092,0.197869936,19.7869936,0.0,0.0,0.0,0.0,0.1122445412710046,winter,night,22.44890825420092
2018-02-09 17:00:00,2919.6,0.0,4.17,12.032818554211449,0.199432882,19.9432882,0.0,0.0,0.0,0.0,0.06016409277105725,winter,night,12.032818554211449
2018-02-09 18:00:00,3130.64,0.0,3.24,0.0,0.20016330400000001,20.0163304,0.0,0.0,0.0,0.0,0.0,winter,night,41.5588418221931
2018-02-09 19:00:00,3266.8,0.0,3.03,0.0,0.20032823800000002,20.032823800000003,0.0,0.0,0.0,0.0,0.0,winter,night,17.31319152529927
2018-02-09 20:00:00,3246.7200000000003,0.0,2.54,0.0,0.20071308399999999,20.0713084,0.0,0.0,0.0,0.0,0.0,winter,night,42.33780236263497
2018-02-09 21:00:00,3186.0,0.0,1.76,0.0,0.201325696,20.1325696,0.0,0.0,0.0,0.0,0.0,winter,night,77.9846960641079
2018-02-09 22:00:00,3058.48,0.0,1.33,0.0,0.201663418,20.1663418,0.0,0.0,0.0,0.0,0.0,winter,night,18.968531543834334
2018-02-09 23:00:00,2880.48,0.0,1.04,0.0,0.20189118399999997,20.189118399999998,0.0,0.0,0.0,0.0,0.0,winter,night,0.0
2018-02-10 00:00:00,2722.7200000000003,0.0,0.69,4.21192454430069,0.202166074,20.2166074,0.0,0.0,0.0,0.0,0.021059622721503447,winter,night,4.21192454430069
2018-02-10 01:00:00,2619.04,0.0,0.73,8.321714376093558,0.202134658,20.213465799999998,0.0,0.0,0.0,0.0,0.04160857188046779,winter,night,8.321714376093558
2018-02-10 02:00:00,2574.08,0.0,0.68,24.689016477749387,0.20217392800000003,20.217392800000002,0.0,0.0,0.0,0.0,0.12344508238874694,winter,night,24.689016477749387
2018-02-10 03:00:00,2566.0,0.0,1.12,24.401458770781808,0.20182835200000002,20.182835200000003,0.0,0.0,0.0,0.0,0.12200729385390904,winter,night,24.401458770781808
2018-02-10 04:00:00,2574.88,0.0,1.59,51.324796343488224,0.20145921400000003,20.145921400000002,0.0,0.0,0.0,0.0,0.2566239817174411,winter,night,51.324796343488224
2018-02-10 15:00:00,2782.7200000000003,0.0,7.93,35.47349199298257,0.196479778,19.6479778,0.0,0.0,0.0,0.0,0.17736745996491282,winter,night,35.47349199298257
2018-02-10 16:00:00,2812.2400000000002,0.0,6.81,77.67027874617293,0.197359426,19.7359426,0.0,0.0,0.0,0.0,0.38835139373086464,winter,night,77.67027874617293
2018-02-10 17:00:00,2884.96,0.0,6.55,52.273358090062075,0.19756363,19.756363,0.0,0.0,0.0,0.0,0.26136679045031036,winter,night,52.273358090062075
2018-02-10 18:00:00,3016.7200000000003,0.0,6.45,29.902355588156958,0.19764217,19.764217000000002,0.0,0.0,0.0,0.0,0.1495117779407848,winter,night,29.902355588156958
2018-02-10 19:00:00,3062.2400000000002,0.0,5.88,9.234185746102991,0.198089848,19.8089848,0.0,0.0,0.0,0.0,0.046170928730514954,winter,night,9.234185746102991
2018-02-10 20:00:00,2998.7200000000003,0.0,5.21,27.91309264309048,0.19861606599999998,19.8616066,0.0,0.0,0.0,0.0,0.1395654632154524,winter,night,27.91309264309048
2018-02-10 21:00:00,2919.68,0.0,4.8,42.47878766504293,0.19893807999999996,19.893807999999996,0.0,0.0,0.0,0.0,0.21239393832521464,winter,night,42.47878766504293
2018-02-10 22:00:00,2806.64,0.0,4.62,112.57946281438385,0.19907945199999996,19.907945199999997,0.0,0.0,0.0,0.0,0.5628973140719192,winter,night,112.57946281438385
2018-02-10 23:00:00,2649.84,0.0,4.59,116.93768737875492,0.19910301399999997,19.910301399999998,0.0,0.0,0.0,0.0,0.5846884368937746,winter,night,116.93768737875492
2018-02-11 00:00:00,2485.68,0.0,4.46,37.553448744333764,0.19920511600000002,19.9205116,0.0,0.0,0.0,0.0,0.1877672437216688,winter,night,37.553448744333764
2018-02-11 01:00:00,2358.48,0.0,4.25,24.077176512514104,0.19937005,19.937005,0.0,0.0,0.0,0.0,0.12038588256257052,winter,night,24.077176512514104
2018-02-11 02:00:00,2283.52,0.0,4.01,174.679065213157,0.199558546,19.955854600000002,0.0,0.0,0.0,0.0,0.873395326065785,winter,night,174.679065213157
2018-02-11 03:00:00,2242.96,0.0,3.64,162.64897808059655,0.199849144,19.9849144,0.0,0.0,0.0,0.0,0.8132448904029828,winter,night,162.64897808059655
2018-02-11 04:00:00,2231.6,0.0,3.15,166.67015203228485,0.20023399,20.023399,0.0,0.0,0.0,0.0,0.8333507601614243,winter,night,166.67015203228485
2018-02-11 15:00:00,2328.08,0.0,9.98,70.84116999924417,0.194869708,19.4869708,0.0,0.0,0.0,0.0,0.35420584999622085,winter,night,70.84116999924417
2018-02-11 16:00:00,2285.28,0.0,8.68,96.51253299234098,0.195890728,19.5890728,0.0,0.0,0.0,0.0,0.4825626649617049,winter,night,96.51253299234098
2018-02-11 17:00:00,2332.88,0.0,7.76,76.68964003232364,0.19661329599999997,19.661329599999995,0.0,0.0,0.0,0.0,0.3834482001616182,winter,night,76.68964003232364
2018-02-11 18:00:00,2470.16,0.0,6.8,75.4349044817027,0.19736727999999998,19.736728,0.0,0.0,0.0,0.0,0.3771745224085135,winter,night,75.4349044817027
2018-02-11 19:00:00,2550.16,0.0,6.66,0.10853605581024649,0.197477236,19.7477236,0.0,0.0,0.0,0.0,0.0005426802790512325,winter,night,0.10853605581024649
2018-02-11 20:00:00,2522.56,0.0,6.07,0.0,0.19794062199999998,19.7940622,0.0,0.0,0.0,0.0,0.0,winter,night,23.347808891007602
2018-02-11 21:00:00,2471.12,0.0,5.51,0.523145713028648,0.19838044600000002,19.8380446,0.0,0.0,0.0,0.0,0.00261572856514324,winter,night,0.523145713028648
2018-02-11 22:00:00,2394.96,0.0,4.89,1.5849539155057075,0.19886739399999998,19.886739399999996,0.0,0.0,0.0,0.0,0.007924769577528537,winter,night,1.5849539155057075
2018-02-11 23:00:00,2286.16,0.0,4.51,0.0,0.199165846,19.9165846,0.0,0.0,0.0,0.0,0.0,winter,night,57.25917470181225
2018-02-12 00:00:00,2167.92,0.0,4.11,0.0,0.199480006,19.9480006,0.0,0.0,0.0,0.0,0.0,winter,night,0.0
2018-02-12 01:00:00,2060.32,0.0,3.59,0.14235123816867856,0.199888414,19.9888414,0.0,0.0,0.0,0.0,0.0007117561908433928,winter,night,0.14235123816867856
2018-02-12 02:00:00,1998.96,0.0,3.22,0.0,0.200179012,20.017901199999997,0.0,0.0,0.0,0.0,0.0,winter,night,4.350476570527551
2018-02-12 03:00:00,1958.96,0.0,3.15,0.0,0.20023399,20.023399,0.0,0.0,0.0,0.0,0.0,winter,night,24.077176512514104
2018-02-12 04:00:00,1944.24,0.0,2.65,0.0,0.20062669,20.062669,0.0,0.0,0.0,0.0,0.0,winter,night,9.859873753923656
2018-02-12 15:00:00,2488.88,0.0,5.67,0.0,0.19825478200000002,19.825478200000003,0.0,0.0,0.0,0.0,0.0,winter,night,0.0
2018-02-12 16:00:00,2487.6,0.0,4.17,0.0,0.199432882,19.9432882,0.0,0.0,0.0,0.0,0.0,winter,night,0.0
2018-02-12 17:00:00,2541.2000000000003,0.0,3.39,3.8464114572652495,0.20004549399999996,20.004549399999995,0.0,0.0,0.0,0.0,0.019232057286326248,winter,night,3.8464114572652495
2018-02-12 18:00:00,2648.2400000000002,0.0,2.52,0.0,0.20072879199999996,20.072879199999996,0.0,0.0,0.0,0.0,0.0,winter,night,0.0
2018-02-12 19:00:00,2716.64,0.0,2.54,0.0,0.20071308399999999,20.0713084,0.0,0.0,0.0,0.0,0.0,winter,night,0.0
2018-02-12 20:00:00,2692.4,0.0,2.4,0.0,0.20082304,20.082304,0.0,0.0,0.0,0.0,0.0,winter,night,61.20208376282398
2018-02-12 21:00:00,2629.2000000000003,0.0,1.99,0.0,0.201145054,20.1145054,0.0,0.0,0.0,0.0,0.0,winter,night,60.47409056541594
2018-02-12 22:00:00,2505.2000000000003,0.0,1.59,0.0,0.20145921400000003,20.145921400000002,0.0,0.0,0.0,0.0,0.0,winter,night,0.0
2018-02-12 23:00:00,2366.08,0.0,1.27,0.0,0.201710542,20.1710542,0.0,0.0,0.0,0.0,0.0,winter,night,0.0
2018-02-13 00:00:00,2226.56,0.0,0.87,0.0,0.202024702,20.2024702,0.0,0.0,0.0,0.0,0.0,winter,night,62.10580321841048
2018-02-13 01:00:00,2164.4,0.0,0.58,0.0,0.202252468,20.2252468,0.0,0.0,0.0,0.0,0.0,winter,night,0.8580163500577459
2018-02-13 02:00:00,2131.92,0.0,0.08,0.0,0.202645168,20.2645168,0.0,0.0,0.0,0.0,0.0,winter,night,0.7781934409389131
2018-02-13 03:00:00,2134.8,0.0,-0.49,1.4069256484969217,0.203092846,20.309284599999998,0.0,0.0,0.0,0.0,0.007034628242484608,winter,night,1.4069256484969217
2018-02-13 04:00:00,2170.32,0.0,-1.16,0.7495504029464357,0.20361906400000002,20.361906400000002,0.0,0.0,0.0,0.0,0.0037477520147321786,winter,night,0.7495504029464357
2018-02-13 15:00:00,2664.64,0.0,4.09,20.377046512259476,0.199495714,19.9495714,0.0,0.0,0.0,0.0,0.10188523256129738,winter,night,20.377046512259476
2018-02-13 16:00:00,2678.32,0.0,2.68,52.4094124376553,0.200603128,20.0603128,0.0,0.0,0.0,0.0,0.2620470621882765,winter,night,52.4094124376553
2018-02-13 17:00:00,2748.7200000000003,0.0,2.01,122.67860380122676,0.20112934600000001,20.112934600000003,0.0,0.0,0.0,0.0,0.6133930190061337,winter,night,122.67860380122676
2018-02-13 18:00:00,2906.08,0.0,1.83,127.19434009492909,0.20127071800000002,20.127071800000003,0.0,0.0,0.0,0.0,0.6359717004746455,winter,night,127.19434009492909
2018-02-13 19:00:00,3031.04,0.0,1.44,139.2126438517552,0.20157702400000002,20.1577024,0.0,0.0,0.0,0.0,0.6960632192587759,winter,night,139.2126438517552
2018-02-13 20:00:00,3008.48,0.0,-0.17,178.88250568146876,0.202841518,20.2841518,0.0,0.0,0.0,0.0,0.8944125284073438,winter,night,178.88250568146876
2018-02-13 21:00:00,2951.04,0.0,-1.54,171.80656430767078,0.203917516,20.3917516,0.0,0.0,0.0,0.0,0.8590328215383539,winter,night,171.80656430767078
2018-02-13 22:00:00,2826.2400000000002,0.0,-1.97,171.8324828851594,0.204255238,20.4255238,0.0,0.0,0.0,0.0,0.859162414425797,winter,night,171.8324828851594
2018-02-13 23:00:00,2652.2400000000002,0.0,-2.04,171.8389443453095,0.204310216,20.431021599999998,0.0,0.0,0.0,0.0,0.8591947217265475,winter,night,171.8389443453095
2018-02-14 00:00:00,2492.08,0.0,-2.1,178.94393198274767,0.20435733999999997,20.435733999999997,0.0,0.0,0.0,0.0,0.8947196599137384,winter,night,178.94393198274767
2018-02-14 01:00:00,2386.88,0.0,-2.14,172.43028311580443,0.204388756,20.4388756,0.0,0.0,0.0,0.0,0.8621514155790222,winter,night,172.43028311580443
2018-02-14 02:00:00,2339.28,0.0,-1.77,178.1917113404796,0.204098158,20.4098158,0.0,0.0,0.0,0.0,0.890958556702398,winter,night,178.1917113404796
2018-02-14 03:00:00,2327.68,0.0,-1.01,171.86377186948943,0.203501254,20.3501254,0.0,0.0,0.0,0.0,0.8593188593474471,winter,night,171.86377186948943
2018-02-14 04:00:00,2344.08,0.0,-0.85,175.45090056935237,0.20337559,20.337559,0.0,0.0,0.0,0.0,0.8772545028467619,winter,night,175.45090056935237
2018-02-14 15:00:00,2553.76,0.88,7.53,171.87702210578297,0.19675554066666667,19.675554066666667,0.0,0.0,0.0,0.0,0.8593851105289149,winter,night,171.87702210578297
2018-02-14 16:00:00,2536.96,0.0,5.28,171.88914492032396,0.19856108800000002,19.8561088,0.0,0.0,0.0,0.0,0.8594457246016198,winter,night,171.88914492032396
2018-02-14 17:00:00,2596.7200000000003,0.0,4.32,172.2423431219753,0.19931507199999998,19.9315072,0.0,0.0,0.0,0.0,0.8612117156098765,winter,night,172.2423431219753
2018-02-14 18:00:00,2749.52,0.0,3.66,174.74167955026093,0.19983343599999998,19.983343599999998,0.0,0.0,0.0,0.0,0.8737083977513046,winter,night,174.74167955026093
2018-02-14 19:00:00,2884.08,0.0,2.12,178.76781173309627,0.201042952,20.1042952,0.0,0.0,0.0,0.0,0.8938390586654813,winter,night,178.76781173309627
2018-02-14 20:00:00,2866.08,0.0,1.81,163.4665528160553,0.201286426,20.1286426,0.0,0.0,0.0,0.0,0.8173327640802764,winter,night,163.4665528160553
2018-02-14 21:00:00,2808.32,0.0,1.43,175.92868493604163,0.20158487799999997,20.158487799999996,0.0,0.0,0.0,0.0,0.8796434246802082,winter,night,175.92868493604163
2018-02-14 22:00:00,2696.4,0.0,1.07,172.55392370130767,0.201867622,20.1867622,0.0,0.0,0.0,0.0,0.8627696185065383,winter,night,172.55392370130767
2018-02-14 23:00:00,2523.36,0.0,0.62,149.3374609597964,0.20222105199999998,20.222105199999998,0.0,0.0,0.0,0.0,0.746687304798982,winter,night,149.3374609597964
2018-02-15 00:00:00,2368.96,0.0,0.47,43.086101274399,0.20233886199999998,20.233886199999997,0.0,0.0,0.0,0.0,0.21543050637199498,winter,night,43.086101274399
2018-02-15 01:00:00,2265.52,0.0,-0.09,56.987908542236035,0.202778686,20.2778686,0.0,0.0,0.0,0.0,0.28493954271118016,winter,night,56.987908542236035
2018-02-15 02:00:00,2213.76,0.0,-0.29,106.84887502990044,0.202935766,20.293576599999998,0.0,0.0,0.0,0.0,0.5342443751495022,winter,night,106.84887502990044
2018-02-15 03:00:00,2190.64,0.0,0.1,152.00845644198236,0.20262946,20.262946,0.0,0.0,0.0,0.0,0.7600422822099118,winter,night,152.00845644198236
2018-02-15 04:00:00,2201.92,0.0,0.17,106.84560186997436,0.202574482,20.2574482,0.0,0.0,0.0,0.0,0.5342280093498718,winter,night,106.84560186997436
2018-02-15 16:00:00,2577.68,0.0,6.45,101.66518377780467,0.19764217,19.764217000000002,0.0,0.0,0.0,0.0,0.5083259188890233,winter,night,101.66518377780467
2018-02-15 17:00:00,2660.0,0.0,4.98,101.52441365535476,0.19879670799999996,19.879670799999996,0.0,0.0,0.0,0.0,0.5076220682767738,winter,night,101.52441365535476
2018-02-15 18:00:00,2820.4,0.0,4.6,131.97666920320194,0.19909516,19.909516,0.0,0.0,0.0,0.0,0.6598833460160097,winter,night,131.97666920320194
2018-02-15 19:00:00,2949.44,0.0,4.69,122.08279171216647,0.199024474,19.9024474,0.0,0.0,0.0,0.0,0.6104139585608324,winter,night,122.08279171216647
2018-02-15 20:00:00,2936.8,0.0,4.3,131.68374563544788,0.19933077999999999,19.933078,0.0,0.0,0.0,0.0,0.6584187281772393,winter,night,131.68374563544788
2018-02-15 21:00:00,2886.2400000000002,0.0,3.9,142.19398338619035,0.19964494,19.964494,0.0,0.0,0.0,0.0,0.7109699169309518,winter,night,142.19398338619035
2018-02-15 22:00:00,2762.4,0.0,3.43,130.24296125006668,0.20001407799999998,20.0014078,0.0,0.0,0.0,0.0,0.6512148062503335,winter,night,130.24296125006668
2018-02-15 23:00:00,2589.92,0.0,2.82,150.28100386115028,0.20049317200000003,20.0493172,0.0,0.0,0.0,0.0,0.7514050193057514,winter,night,150.28100386115028
2018-02-16 00:00:00,2429.52,0.0,2.41,130.5494260016628,0.200815186,20.0815186,0.0,0.0,0.0,0.0,0.652747130008314,winter,night,130.5494260016628
2018-02-16 01:00:00,2321.52,0.0,1.76,135.61826570879725,0.201325696,20.1325696,0.0,0.0,0.0,0.0,0.6780913285439862,winter,night,135.61826570879725
2018-02-16 02:00:00,2272.32,0.0,1.13,142.4602852532124,0.201820498,20.182049799999998,0.0,0.0,0.0,0.0,0.712301426266062,winter,night,142.4602852532124
2018-02-16 03:00:00,2264.2400000000002,0.0,0.95,133.1389925385767,0.20196187,20.196187,0.0,0.0,0.0,0.0,0.6656949626928835,winter,night,133.1389925385767
2018-02-16 04:00:00,2282.8,0.0,0.75,114.01673158354814,0.20211895000000002,20.211895000000002,0.0,0.0,0.0,0.0,0.5700836579177406,winter,night,114.01673158354814
2018-02-16 16:00:00,2723.6,0.0,7.57,110.41847413993709,0.196762522,19.6762522,0.0,0.0,0.0,0.0,0.5520923706996854,winter,night,110.41847413993709
2018-02-16 17:00:00,2798.16,0.0,6.2,109.0072815448502,0.19783852,19.783852,0.0,0.0,0.0,0.0,0.545036407724251,winter,night,109.0072815448502
2018-02-16 18:00:00,2957.52,0.0,5.03,83.3922775165537,0.19875743799999998,19.8757438,0.0,0.0,0.0,0.0,0.4169613875827685,winter,night,83.3922775165537
2018-02-16 19:00:00,3091.36,0.0,3.9,91.94610514963591,0.19964494,19.964494,0.0,0.0,0.0,0.0,0.4597305257481796,winter,night,91.94610514963591
2018-02-16 20:00:00,3074.08,0.0,2.56,102.63445129161452,0.20069737599999998,20.0697376,0.0,0.0,0.0,0.0,0.5131722564580726,winter,night,102.63445129161452
2018-02-16 21:00:00,3018.64,0.0,1.5,87.89971574370283,0.2015299,20.152990000000003,0.0,0.0,0.0,0.0,0.43949857871851417,winter,night,87.89971574370283
2018-02-16 22:00:00,2900.0,0.0,0.81,58.87763105710659,0.20207182599999998,20.2071826,0.0,0.0,0.0,0.0,0.29438815528553297,winter,night,58.87763105710659
2018-02-16 23:00:00,2724.8,0.0,0.33,63.55757087376629,0.20244881799999997,20.244881799999998,0.0,0.0,0.0,0.0,0.31778785436883145,winter,night,63.55757087376629
2018-02-17 00:00:00,2565.68,0.0,-0.06,71.61931528040802,0.20275512399999998,20.275512399999997,0.0,0.0,0.0,0.0,0.35809657640204007,winter,night,71.61931528040802
2018-02-17 01:00:00,2459.12,0.0,-0.41,67.59000692016295,0.203030014,20.3030014,0.0,0.0,0.0,0.0,0.33795003460081474,winter,night,67.59000692016295
2018-02-17 02:00:00,2414.7200000000003,0.0,-0.67,44.48544078756842,0.203234218,20.3234218,0.0,0.0,0.0,0.0,0.2224272039378421,winter,night,44.48544078756842
2018-02-17 03:00:00,2402.7200000000003,0.0,-1.09,81.7996912474903,0.203564086,20.3564086,0.0,0.0,0.0,0.0,0.4089984562374515,winter,night,81.7996912474903
2018-02-17 04:00:00,2416.56,0.0,-1.42,65.25443153210408,0.20382326799999997,20.382326799999998,0.0,0.0,0.0,0.0,0.32627215766052037,winter,night,65.25443153210408
2018-02-17 16:00:00,2455.04,0.0,6.44,99.75222788886644,0.19765002399999998,19.765002399999997,0.0,0.0,0.0,0.0,0.4987611394443322,winter,night,99.75222788886644
2018-02-17 17:00:00,2503.52,0.0,4.71,81.24171446261218,0.19900876599999998,19.900876599999997,0.0,0.0,0.0,0.0,0.4062085723130609,winter,night,81.24171446261218
2018-02-17 18:00:00,2628.4,0.0,3.38,64.14513338753157,0.200053348,20.0053348,0.0,0.0,0.0,0.0,0.32072566693765786,winter,night,64.14513338753157
2018-02-17 19:00:00,2763.28,0.0,2.65,56.355303711044115,0.20062669,20.062669,0.0,0.0,0.0,0.0,0.28177651855522057,winter,night,56.355303711044115
2018-02-17 20:00:00,2751.52,0.0,1.85,62.3919137643925,0.20125500999999998,20.125501,0.0,0.0,0.0,0.0,0.3119595688219625,winter,night,62.3919137643925
2018-02-17 21:00:00,2706.64,0.0,1.06,33.79122720335197,0.201875476,20.1875476,0.0,0.0,0.0,0.0,0.16895613601675985,winter,night,33.79122720335197
2018-02-17 22:00:00,2625.6,0.0,0.34,6.50457266723184,0.202440964,20.2440964,0.0,0.0,0.0,0.0,0.0325228633361592,winter,night,6.50457266723184
2018-02-17 23:00:00,2504.2400000000002,0.0,-0.03,0.0,0.20273156199999998,20.2731562,0.0,0.0,0.0,0.0,0.0,winter,night,0.0
2018-02-18 00:00:00,2371.6,0.0,-0.95,0.7781934409389131,0.20345413,20.345413,0.0,0.0,0.0,0.0,0.0038909672046945655,winter,night,0.7781934409389131
2018-02-18 01:00:00,2267.68,0.0,-1.55,0.0,0.20392537000000002,20.392537,0.0,0.0,0.0,0.0,0.0,winter,night,0.0
2018-02-18 02:00:00,2212.48,0.0,-2.13,0.0,0.20438090199999998,20.438090199999998,0.0,0.0,0.0,0.0,0.0,winter,night,49.34688338353574
2018-02-18 03:00:00,2187.44,0.0,-2.7,1.96307008889883,0.20482857999999998,20.482857999999997,0.0,0.0,0.0,0.0,0.00981535044449415,winter,night,1.96307008889883
2018-02-18 04:00:00,2187.92,0.0,-2.62,0.0,0.204765748,20.476574799999998,0.0,0.0,0.0,0.0,0.0,winter,night,49.51115661267699
2018-02-18 16:00:00,2043.92,0.0,4.4,0.0,0.19925224,19.925224,0.0,0.0,0.0,0.0,0.0,winter,night,26.314141896392833
2018-02-18 17:00:00,2083.84,0.0,4.17,0.0,0.199432882,19.9432882,0.0,0.0,0.0,0.0,0.0,winter,night,0.0
2018-02-18 18:00:00,2188.4,0.0,3.63,0.0,0.199856998,19.9856998,0.0,0.0,0.0,0.0,0.0,winter,night,92.73442753360703
2018-02-18 19:00:00,2319.52,0.0,3.05,0.0,0.20031253000000002,20.031253000000003,0.0,0.0,0.0,0.0,0.0,winter,night,84.71608280302202
2018-02-18 20:00:00,2303.6,0.0,2.44,1.3971158290865644,0.200791624,20.0791624,0.0,0.0,0.0,0.0,0.006985579145432822,winter,night,1.3971158290865644
2018-02-18 21:00:00,2258.96,0.0,1.15,0.0,0.20180478999999998,20.180479,0.0,0.0,0.0,0.0,0.0,winter,night,0.0
2018-02-18 22:00:00,2181.92,0.0,-0.42,4.353684949163416,0.20303786799999998,20.303786799999997,0.0,0.0,0.0,0.0,0.02176842474581708,winter,night,4.353684949163416
2018-02-18 23:00:00,2082.7200000000003,0.0,-1.44,5.223154801806189,0.20383897599999998,20.383897599999997,0.0,0.0,0.0,0.0,0.026115774009030944,winter,night,5.223154801806189
2018-02-19 00:00:00,1966.16,0.0,-1.95,36.73594068435521,0.20423952999999997,20.423952999999997,0.0,0.0,0.0,0.0,0.18367970342177603,winter,night,36.73594068435521
2018-02-19 01:00:00,1862.4,0.0,-2.3,76.17337785228129,0.20451442,20.451442,0.0,0.0,0.0,0.0,0.38086688926140644,winter,night,76.17337785228129
2018-02-19 02:00:00,1798.88,0.0,-2.63,78.49693346972265,0.204773602,20.4773602,0.0,0.0,0.0,0.0,0.39248466734861326,winter,night,78.49693346972265
2018-02-19 03:00:00,1757.2,0.0,-2.96,91.17441526721502,0.20503278400000002,20.503278400000003,0.0,0.0,0.0,0.0,0.4558720763360751,winter,night,91.17441526721502
2018-02-19 04:00:00,1740.4,0.0,-3.24,145.8047515744082,0.20525269599999998,20.525269599999998,0.0,0.0,0.0,0.0,0.7290237578720409,winter,night,145.8047515744082
2018-02-19 16:00:00,1924.56,0.0,5.44,172.36096486225907,0.198435424,19.8435424,0.0,0.0,0.0,0.0,0.8618048243112953,winter,night,172.36096486225907
2018-02-19 17:00:00,1985.2,0.0,4.14,133.79507926153477,0.19945644399999998,19.9456444,0.0,0.0,0.0,0.0,0.6689753963076739,winter,night,133.79507926153477
2018-02-19 18:00:00,2096.56,0.0,2.96,82.60380359740094,0.20038321600000003,20.038321600000003,0.0,0.0,0.0,0.0,0.4130190179870047,winter,night,82.60380359740094
2018-02-19 19:00:00,2254.8,0.0,2.47,159.90548816745547,0.200768062,20.0768062,0.0,0.0,0.0,0.0,0.7995274408372773,winter,night,159.90548816745547
2018-02-19 20:00:00,2251.44,0.0,1.65,121.00761929052658,0.20141209,20.141209,0.0,0.0,0.0,0.0,0.6050380964526328,winter,night,121.00761929052658
2018-02-19 21:00:00,2205.6,0.0,0.88,146.93345834506107,0.202016848,20.2016848,0.0,0.0,0.0,0.0,0.7346672917253053,winter,night,146.93345834506107
2018-02-19 22:00:00,2121.68,0.0,0.5,162.07765407690903,0.2023153,20.23153,0.0,0.0,0.0,0.0,0.8103882703845451,winter,night,162.07765407690903
2018-02-19 23:00:00,2020.32,0.0,0.35,116.98009298401928,0.20243311,20.243311,0.0,0.0,0.0,0.0,0.5849004649200964,winter,night,116.98009298401928
2018-02-20 00:00:00,1914.08,0.0,0.06,99.11351315914585,0.202660876,20.2660876,0.0,0.0,0.0,0.0,0.49556756579572925,winter,night,99.11351315914585
2018-02-20 01:00:00,1822.96,0.0,-0.1,97.34181836664634,0.20278654,20.278654,0.0,0.0,0.0,0.0,0.4867090918332317,winter,night,97.34181836664634
2018-02-20 02:00:00,1777.3600000000001,0.0,-0.56,100.12225255710116,0.203147824,20.314782400000002,0.0,0.0,0.0,0.0,0.5006112627855058,winter,night,100.12225255710116
2018-02-20 03:00:00,1760.64,0.0,-0.71,73.80140371356323,0.20326563399999997,20.326563399999998,0.0,0.0,0.0,0.0,0.36900701856781615,winter,night,73.80140371356323
2018-02-20 04:00:00,1773.04,0.0,-0.47,92.40580833843718,0.203077138,20.3077138,0.0,0.0,0.0,0.0,0.4620290416921859,winter,night,92.40580833843718
2018-02-20 16:00:00,2189.52,0.0,6.59,10.1622432672326,0.19753221399999998,19.753221399999997,0.0,0.0,0.0,0.0,0.050811216336163006,winter,night,10.1622432672326
2018-02-20 17:00:00,2250.32,0.0,5.1,3.8293345787944992,0.19870246000000003,19.870246,0.0,0.0,0.0,0.0,0.019146672893972497,winter,night,3.8293345787944992
2018-02-20 18:00:00,2378.48,0.0,4.48,0.0,0.19918940799999998,19.918940799999998,0.0,0.0,0.0,0.0,0.0,winter,night,33.24826452428314
2018-02-20 19:00:00,2537.36,0.0,2.99,0.0,0.200359654,20.0359654,0.0,0.0,0.0,0.0,0.0,winter,night,12.645199500045642
2018-02-20 20:00:00,2540.4,0.0,2.22,0.0,0.20096441199999998,20.096441199999997,0.0,0.0,0.0,0.0,0.0,winter,night,0.0
2018-02-20 21:00:00,2490.4,0.0,1.92,0.0,0.201200032,20.1200032,0.0,0.0,0.0,0.0,0.0,winter,night,0.0
2018-02-20 22:00:00,2380.56,0.0,1.39,0.0,0.201616294,20.1616294,0.0,0.0,0.0,0.0,0.0,winter,night,0.0
2018-02-20 23:00:00,2233.76,0.0,1.8,0.0,0.20129428000000002,20.129428,0.0,0.0,0.0,0.0,0.0,winter,night,83.74557270072184
2018-02-21 00:00:00,2097.44,0.0,2.26,0.0,0.200932996,20.0932996,0.0,0.0,0.0,0.0,0.0,winter,night,62.10580321841048
2018-02-21 01:00:00,2003.28,0.0,2.13,0.0,0.20103509799999997,20.103509799999998,0.0,0.0,0.0,0.0,0.0,winter,night,6.651050362302836
2018-02-21 02:00:00,1966.72,0.0,2.29,0.15289122038141165,0.200909434,20.0909434,0.0,0.0,0.0,0.0,0.0007644561019070583,winter,night,0.15289122038141165
2018-02-21 03:00:00,1969.3600000000001,0.0,1.84,0.0,0.20126286399999999,20.126286399999998,0.0,0.0,0.0,0.0,0.0,winter,night,81.7996912474903
2018-02-21 04:00:00,1985.8400000000001,0.0,1.18,0.0,0.201781228,20.1781228,0.0,0.0,0.0,0.0,0.0,winter,night,84.71608280302202
2018-02-21 16:00:00,2373.92,0.0,6.47,0.0,0.197626462,19.7626462,0.0,0.0,0.0,0.0,0.0,winter,night,0.0
2018-02-21 17:00:00,2441.76,0.0,4.5,10.230136332393453,0.19917369999999998,19.91737,0.0,0.0,0.0,0.0,0.05115068166196726,winter,night,10.230136332393453
2018-02-21 18:00:00,2574.08,0.0,2.76,23.015616496251926,0.200540296,20.0540296,0.0,0.0,0.0,0.0,0.11507808248125963,winter,night,23.015616496251926
2018-02-21 19:00:00,2699.12,0.0,1.93,8.589786931714247,0.201192178,20.1192178,0.0,0.0,0.0,0.0,0.04294893465857123,winter,night,8.589786931714247
2018-02-21 20:00:00,2677.28,0.0,1.45,24.191487076876477,0.20156917,20.156917,0.0,0.0,0.0,0.0,0.12095743538438239,winter,night,24.191487076876477
2018-02-21 21:00:00,2610.8,0.0,0.91,69.39695485734765,0.20199328600000002,20.1993286,0.0,0.0,0.0,0.0,0.34698477428673824,winter,night,69.39695485734765
2018-02-21 22:00:00,2480.56,0.0,0.46,66.27374808574625,0.202346716,20.234671600000002,0.0,0.0,0.0,0.0,0.33136874042873127,winter,night,66.27374808574625
2018-02-21 23:00:00,2311.28,0.0,0.32,43.70706517292821,0.202456672,20.2456672,0.0,0.0,0.0,0.0,0.21853532586464106,winter,night,43.70706517292821
2018-02-22 00:00:00,2152.2400000000002,0.0,-0.22,39.168413729040054,0.202880788,20.2880788,0.0,0.0,0.0,0.0,0.19584206864520026,winter,night,39.168413729040054
2018-02-22 01:00:00,2027.04,0.0,-0.3,20.90113548443982,0.20294361999999996,20.294361999999996,0.0,0.0,0.0,0.0,0.1045056774221991,winter,night,20.90113548443982
2018-02-22 02:00:00,1969.1200000000001,0.0,-0.55,10.377041356677005,0.20313997,20.313997,0.0,0.0,0.0,0.0,0.05188520678338502,winter,night,10.377041356677005
2018-02-22 03:00:00,1944.24,0.0,-1.1,38.85382972240514,0.20357193999999998,20.357193999999996,0.0,0.0,0.0,0.0,0.19426914861202568,winter,night,38.85382972240514
2018-02-22 04:00:00,1943.3600000000001,0.0,-1.66,9.92590975543202,0.204011764,20.4011764,0.0,0.0,0.0,0.0,0.0496295487771601,winter,night,9.92590975543202
2018-02-22 16:00:00,2279.04,0.0,8.15,0.0,0.19630699000000001,19.630699,0.0,0.0,0.0,0.0,0.0,winter,night,43.68645638820853
2018-02-22 17:00:00,2324.96,0.0,5.8,0.0,0.19815268,19.815268,0.0,0.0,0.0,0.0,0.0,winter,night,0.0
2018-02-22 18:00:00,2427.12,0.0,4.43,0.0,0.199228678,19.9228678,0.0,0.0,0.0,0.0,0.0,winter,night,17.159612133934978
2018-02-22 19:00:00,2553.84,0.0,5.96,0.0,0.19802701599999997,19.8027016,0.0,0.0,0.0,0.0,0.0,winter,night,0.0
2018-02-22 20:00:00,2540.2400000000002,0.0,5.04,0.0,0.198749584,19.8749584,0.0,0.0,0.0,0.0,0.0,winter,night,0.0
2018-02-22 21:00:00,2477.12,0.0,5.1,0.0,0.19870246000000003,19.870246,0.0,0.0,0.0,0.0,0.0,winter,night,3.2969903487496675
2018-02-22 22:00:00,2359.28,0.0,5.17,0.0,0.19864748200000001,19.8647482,0.0,0.0,0.0,0.0,0.0,winter,night,4.350476570527551
2018-02-22 23:00:00,2194.32,0.0,4.92,0.0,0.198843832,19.8843832,0.0,0.0,0.0,0.0,0.0,winter,night,35.284245765886894
2018-02-23 00:00:00,2037.76,0.0,4.74,0.0,0.198985204,19.8985204,0.0,0.0,0.0,0.0,0.0,winter,night,17.9190079670595
2018-02-23 01:00:00,1927.76,0.0,4.55,0.0,0.19913442999999997,19.913442999999997,0.0,0.0,0.0,0.0,0.0,winter,night,92.19909616629195
2018-02-23 02:00:00,1874.32,0.0,4.32,7.758164127230449,0.19931507199999998,19.9315072,0.0,0.0,0.0,0.0,0.038790820636152246,winter,night,7.758164127230449
2018-02-23 03:00:00,1845.68,0.0,4.25,10.59677494699145,0.19937005,19.937005,0.0,0.0,0.0,0.0,0.052983874734957255,winter,night,10.59677494699145
2018-02-23 04:00:00,1847.2,0.0,4.09,52.178666785682196,0.199495714,19.9495714,0.0,0.0,0.0,0.0,0.26089333392841096,winter,night,52.178666785682196
2018-02-23 16:00:00,2261.84,0.0,7.2,129.89184817251592,0.19705312,19.705312,0.0,0.0,0.0,0.0,0.6494592408625796,winter,night,129.89184817251592
2018-02-23 17:00:00,2295.04,0.0,5.45,102.60227734182274,0.19842757,19.842757,0.0,0.0,0.0,0.0,0.5130113867091137,winter,night,102.60227734182274
2018-02-23 18:00:00,2369.6,0.0,4.35,115.89393729240527,0.19929151,19.929151,0.0,0.0,0.0,0.0,0.5794696864620263,winter,night,115.89393729240527
2018-02-23 19:00:00,2487.68,0.0,3.72,90.50074440176539,0.199786312,19.9786312,0.0,0.0,0.0,0.0,0.45250372200882694,winter,night,90.50074440176539
2018-02-23 20:00:00,2459.84,0.0,3.36,81.9688651244095,0.20006905599999997,20.006905599999996,0.0,0.0,0.0,0.0,0.40984432562204753,winter,night,81.9688651244095
2018-02-23 21:00:00,2389.44,0.0,2.62,56.95910473488666,0.200650252,20.0650252,0.0,0.0,0.0,0.0,0.2847955236744333,winter,night,56.95910473488666
2018-02-23 22:00:00,2265.92,0.0,2.18,78.96483168115361,0.200995828,20.0995828,0.0,0.0,0.0,0.0,0.39482415840576807,winter,night,78.96483168115361
2018-02-23 23:00:00,2090.08,0.0,1.16,103.3367744292319,0.201796936,20.1796936,0.0,0.0,0.0,0.0,0.5166838721461595,winter,night,103.3367744292319
2018-02-24 00:00:00,1929.28,0.0,0.54,47.76717457421831,0.20228388399999997,20.228388399999996,0.0,0.0,0.0,0.0,0.23883587287109154,winter,night,47.76717457421831
2018-02-24 01:00:00,1803.52,0.0,0.19,79.75688183059621,0.202558774,20.2558774,0.0,0.0,0.0,0.0,0.3987844091529811,winter,night,79.75688183059621
2018-02-24 02:00:00,1740.0,0.0,0.0,66.63399570405379,0.20270800000000003,20.2708,0.0,0.0,0.0,0.0,0.3331699785202689,winter,night,66.63399570405379
2018-02-24 03:00:00,1705.52,0.0,0.05,31.005395329722944,0.20266873,20.266873,0.0,0.0,0.0,0.0,0.15502697664861473,winter,night,31.005395329722944
2018-02-24 04:00:00,1706.08,0.0,-0.09,39.684021277097195,0.202778686,20.2778686,0.0,0.0,0.0,0.0,0.19842010638548596,winter,night,39.684021277097195
2018-02-24 16:00:00,2254.56,0.0,7.81,23.701129836156397,0.196574026,19.6574026,0.0,0.0,0.0,0.0,0.11850564918078199,winter,night,23.701129836156397
2018-02-24 17:00:00,2267.12,0.0,5.8,26.4534875881342,0.19815268,19.815268,0.0,0.0,0.0,0.0,0.132267437940671,winter,night,26.4534875881342
2018-02-24 18:00:00,2306.16,0.0,4.37,69.88590433622892,0.19927580200000003,19.9275802,0.0,0.0,0.0,0.0,0.3494295216811446,winter,night,69.88590433622892
2018-02-24 19:00:00,2393.2000000000003,0.0,4.48,47.70506939532484,0.19918940799999998,19.918940799999998,0.0,0.0,0.0,0.0,0.2385253469766242,winter,night,47.70506939532484
2018-02-24 20:00:00,2350.96,0.0,4.31,44.689537462476814,0.19932292599999998,19.932292599999997,0.0,0.0,0.0,0.0,0.22344768731238407,winter,night,44.689537462476814
2018-02-24 21:00:00,2277.36,0.0,4.1,56.85850355841842,0.19948786000000002,19.948786000000002,0.0,0.0,0.0,0.0,0.2842925177920921,winter,night,56.85850355841842
2018-02-24 22:00:00,2170.96,0.0,4.26,17.007852680103692,0.19936219600000002,19.9362196,0.0,0.0,0.0,0.0,0.08503926340051846,winter,night,17.007852680103692
2018-02-24 23:00:00,2036.48,0.0,3.96,82.83688289117305,0.199597816,19.9597816,0.0,0.0,0.0,0.0,0.41418441445586524,winter,night,82.83688289117305
2018-02-25 00:00:00,1893.52,0.0,2.4,81.42370215450144,0.20082304,20.082304,0.0,0.0,0.0,0.0,0.4071185107725072,winter,night,81.42370215450144
2018-02-25 01:00:00,1767.76,0.0,1.34,84.07150669247075,0.20165556399999998,20.1655564,0.0,0.0,0.0,0.0,0.4203575334623537,winter,night,84.07150669247075
2018-02-25 02:00:00,1695.44,0.0,1.69,47.44533506308058,0.201380674,20.1380674,0.0,0.0,0.0,0.0,0.2372266753154029,winter,night,47.44533506308058
2018-02-25 03:00:00,1652.24,0.0,2.33,33.95185752672369,0.200878018,20.087801799999998,0.0,0.0,0.0,0.0,0.16975928763361847,winter,night,33.95185752672369
2018-02-25 04:00:00,1630.4,0.0,2.5,18.07775925417736,0.2007445,20.07445,0.0,0.0,0.0,0.0,0.09038879627088679,winter,night,18.07775925417736
2018-02-25 16:00:00,2044.56,0.0,2.01,9.492729011818561,0.20112934600000001,20.112934600000003,0.0,0.0,0.0,0.0,0.047463645059092806,winter,night,9.492729011818561
2018-02-25 17:00:00,2088.2400000000002,0.0,1.03,2.308271968427788,0.201899038,20.1899038,0.0,0.0,0.0,0.0,0.011541359842138941,winter,night,2.308271968427788
2018-02-25 18:00:00,2162.56,0.0,0.21,0.8368678159625331,0.20254306600000002,20.254306600000003,0.0,0.0,0.0,0.0,0.004184339079812666,winter,night,0.8368678159625331
2018-02-25 19:00:00,2222.56,0.0,-0.36,0.0,0.202990744,20.2990744,0.0,0.0,0.0,0.0,0.0,winter,night,66.2885439808939
2018-02-25 20:00:00,2199.04,0.0,-1.22,0.0,0.203666188,20.3666188,0.0,0.0,0.0,0.0,0.0,winter,night,69.88590433622892
2018-02-25 21:00:00,2157.84,0.0,-1.78,0.0,0.204106012,20.410601200000002,0.0,0.0,0.0,0.0,0.0,winter,night,43.572159462012515
2018-02-25 22:00:00,2093.6,0.0,-2.31,0.0,0.20452227399999998,20.452227399999998,0.0,0.0,0.0,0.0,0.0,winter,night,0.0
2018-02-25 23:00:00,2006.4,0.0,-2.84,0.0,0.204938536,20.4938536,0.0,0.0,0.0,0.0,0.0,winter,night,15.94287554549277
2018-02-26 00:00:00,1913.04,0.0,-2.83,0.0,0.20493068199999998,20.493068199999996,0.0,0.0,0.0,0.0,0.0,winter,night,0.0
2018-02-26 01:00:00,1829.6000000000001,0.0,-2.64,0.0,0.20478145600000003,20.4781456,0.0,0.0,0.0,0.0,0.0,winter,night,10.377041356677005
2018-02-26 02:00:00,1793.52,0.0,-2.27,0.0,0.204490858,20.4490858,0.0,0.0,0.0,0.0,0.0,winter,night,21.106151977901508
2018-02-26 03:00:00,1777.2,0.0,-2.14,0.0,0.204388756,20.4388756,0.0,0.0,0.0,0.0,0.0,winter,night,32.40139803818998
2018-02-26 04:00:00,1788.16,0.0,-1.59,0.0,0.203956786,20.3956786,0.0,0.0,0.0,0.0,0.0,winter,night,3.1785015805881356
2018-02-26 16:00:00,2126.08,0.0,5.07,124.43202345080563,0.19872602199999997,19.872602199999996,0.0,0.0,0.0,0.0,0.6221601172540282,winter,night,124.43202345080563
2018-02-26 17:00:00,2203.68,0.0,4.05,69.3492333979067,0.19952713000000002,19.952713000000003,0.0,0.0,0.0,0.0,0.34674616698953353,winter,night,69.3492333979067
2018-02-26 18:00:00,2352.7200000000003,0.0,3.5,153.14247300540418,0.19995909999999997,19.99591,0.0,0.0,0.0,0.0,0.7657123650270209,winter,night,153.14247300540418
2018-02-26 19:00:00,2546.88,0.0,3.24,176.04283335775955,0.20016330400000001,20.0163304,0.0,0.0,0.0,0.0,0.8802141667887977,winter,night,176.04283335775955
2018-02-26 20:00:00,2583.52,0.0,3.7,178.8668672507109,0.19980202,19.980202,0.0,0.0,0.0,0.0,0.8943343362535545,winter,night,178.8668672507109
2018-02-26 21:00:00,2551.6,0.0,3.53,175.88076345016088,0.19993553800000002,19.9935538,0.0,0.0,0.0,0.0,0.8794038172508044,winter,night,175.88076345016088
2018-02-26 22:00:00,2469.2000000000003,0.0,2.96,173.96001259147306,0.20038321600000003,20.038321600000003,0.0,0.0,0.0,0.0,0.8698000629573653,winter,night,173.96001259147306
2018-02-26 23:00:00,2347.44,0.0,2.83,177.27969987974708,0.200485318,20.0485318,0.0,0.0,0.0,0.0,0.8863984993987354,winter,night,177.27969987974708
2018-02-27 00:00:00,2228.4,0.0,3.35,161.58596484194152,0.20007691,20.007691,0.0,0.0,0.0,0.0,0.8079298242097076,winter,night,161.58596484194152
2018-02-27 01:00:00,2145.68,0.0,3.6,171.8392352928585,0.19988056,19.988056,0.0,0.0,0.0,0.0,0.8591961764642925,winter,night,171.8392352928585
2018-02-27 02:00:00,2108.8,0.0,3.28,127.12079097910868,0.200131888,20.013188800000002,0.0,0.0,0.0,0.0,0.6356039548955433,winter,night,127.12079097910868
2018-02-27 03:00:00,2105.44,0.0,2.77,21.155290291291553,0.20053244199999998,20.053244199999998,0.0,0.0,0.0,0.0,0.10577645145645777,winter,night,21.155290291291553
2018-02-27 04:00:00,2128.2400000000002,0.0,1.89,12.264201411623823,0.201223594,20.1223594,0.0,0.0,0.0,0.0,0.06132100705811912,winter,night,12.264201411623823
2018-02-27 16:00:00,2443.36,0.0,7.06,5.1752624864481716,0.197163076,19.7163076,0.0,0.0,0.0,0.0,0.025876312432240856,winter,night,5.1752624864481716
2018-02-27 17:00:00,2487.12,0.0,6.1,0.0,0.19791706,19.791706,0.0,0.0,0.0,0.0,0.0,winter,night,84.07150669247075
2018-02-27 18:00:00,2584.16,0.0,5.35,0.0,0.19850611,19.850611,0.0,0.0,0.0,0.0,0.0,winter,night,26.743395605770925
2018-02-27 19:00:00,2699.84,0.0,4.54,15.715753099715622,0.199142284,19.9142284,0.0,0.0,0.0,0.0,0.0785787654985781,winter,night,15.715753099715622
2018-02-27 20:00:00,2674.88,0.0,4.04,54.00498091909626,0.199534984,19.9534984,0.0,0.0,0.0,0.0,0.2700249045954813,winter,night,54.00498091909626
2018-02-27 21:00:00,2601.28,0.0,3.75,150.11952797146438,0.19976274999999996,19.976274999999998,0.0,0.0,0.0,0.0,0.7505976398573219,winter,night,150.11952797146438
2018-02-27 22:00:00,2476.56,0.0,2.7,178.95167846123962,0.20058742,20.058742,0.0,0.0,0.0,0.0,0.8947583923061981,winter,night,178.95167846123962
2018-02-27 23:00:00,2297.2000000000003,0.0,1.78,174.4861063741079,0.201309988,20.1309988,0.0,0.0,0.0,0.0,0.8724305318705394,winter,night,174.4861063741079
2018-02-28 00:00:00,2135.84,0.0,1.09,171.825488021169,0.20185191400000002,20.1851914,0.0,0.0,0.0,0.0,0.8591274401058451,winter,night,171.825488021169
2018-02-28 01:00:00,2033.3600000000001,0.0,0.65,171.83978081951307,0.20219748999999998,20.219748999999997,0.0,0.0,0.0,0.0,0.8591989040975654,winter,night,171.83978081951307
2018-02-28 02:00:00,1956.0,0.0,0.49,171.8615291487996,0.202323154,20.2323154,0.0,0.0,0.0,0.0,0.859307645743998,winter,night,171.8615291487996
2018-02-28 03:00:00,1927.28,0.0,0.47,171.86123820125061,0.20233886199999998,20.233886199999997,0.0,0.0,0.0,0.0,0.859306191006253,winter,night,171.86123820125061
2018-02-28 04:00:00,1929.28,0.0,0.56,171.85835297138988,0.202268176,20.2268176,0.0,0.0,0.0,0.0,0.8592917648569494,winter,night,171.85835297138988
2018-02-28 16:00:00,2298.08,0.0,6.64,0.0,0.19749294399999998,19.749294399999997,0.0,0.0,0.0,0.0,0.0,winter,night,37.8535914481467
2018-02-28 17:00:00,2351.68,0.0,5.96,0.0,0.19802701599999997,19.8027016,0.0,0.0,0.0,0.0,0.0,winter,night,0.0
2018-02-28 18:00:00,2459.68,0.0,5.2,0.0,0.19862391999999998,19.862392,0.0,0.0,0.0,0.0,0.0,winter,night,0.0
2018-02-28 19:00:00,2542.32,0.0,2.86,0.0,0.200461756,20.046175599999998,0.0,0.0,0.0,0.0,0.0,winter,night,0.0
2018-02-28 20:00:00,2512.88,0.0,1.01,0.0,0.20191474599999998,20.1914746,0.0,0.0,0.0,0.0,0.0,winter,night,50.950595365644276
2018-02-28 21:00:00,2440.32,0.0,0.25,0.0,0.20251165000000002,20.251165,0.0,0.0,0.0,0.0,0.0,winter,night,26.4534875881342
2018-02-28 22:00:00,2303.36,0.0,-0.3,0.0,0.20294361999999996,20.294361999999996,0.0,0.0,0.0,0.0,0.0,winter,night,75.45501623102643
2018-02-28 23:00:00,2136.64,0.0,-0.79,0.0,0.20332846599999999,20.3328466,0.0,0.0,0.0,0.0,0.0,winter,night,88.99326635218685
2018-12-01 00:00:00,2109.12,0.0,3.2,2.8505483825422497,0.20019472,20.019472,0.0,0.0,0.0,0.0,0.014252741912711248,winter,night,2.8505483825422497
2018-12-01 01:00:00,1984.32,0.0,3.09,0.0,0.20028111399999998,20.028111399999997,0.0,0.0,0.0,0.0,0.0,winter,night,0.8368678159625331
2018-12-01 02:00:00,1920.24,0.0,2.91,0.0,0.20042248599999998,20.042248599999997,0.0,0.0,0.0,0.0,0.0,winter,night,61.66630876144928
2018-12-01 03:00:00,1902.4,0.0,2.75,0.0,0.20054814999999998,20.054814999999998,0.0,0.0,0.0,0.0,0.0,winter,night,68.40509041723341
2018-12-01 04:00:00,1911.28,0.0,2.61,0.0,0.20065810599999997,20.0658106,0.0,0.0,0.0,0.0,0.0,winter,night,0.0
2018-12-01 15:00:00,2292.4,0.0,4.72,0.0,0.199000912,19.9000912,0.0,0.0,0.0,0.0,0.0,winter,night,6.998894068306823
2018-12-01 16:00:00,2327.44,0.0,4.41,0.0,0.19924438599999997,19.9244386,0.0,0.0,0.0,0.0,0.0,winter,night,16.78689771622428
2018-12-01 17:00:00,2448.56,0.0,4.14,0.0,0.19945644399999998,19.9456444,0.0,0.0,0.0,0.0,0.0,winter,night,0.0
2018-12-01 18:00:00,2646.56,0.0,3.52,0.0,0.199943392,19.9943392,0.0,0.0,0.0,0.0,0.0,winter,night,84.71608280302202
2018-12-01 19:00:00,2638.16,0.0,3.29,0.0,0.20012403399999998,20.012403399999997,0.0,0.0,0.0,0.0,0.0,winter,night,25.225876835048684
2018-12-01 20:00:00,2606.8,0.0,3.31,0.0,0.200108326,20.0108326,0.0,0.0,0.0,0.0,0.0,winter,night,76.68964003232364
2018-12-01 21:00:00,2570.32,0.0,2.99,0.0,0.200359654,20.0359654,0.0,0.0,0.0,0.0,0.0,winter,night,1.3450926646737051
2018-12-01 22:00:00,2500.7200000000003,0.0,2.62,0.0,0.200650252,20.0650252,0.0,0.0,0.0,0.0,0.0,winter,night,33.10491527303962
2018-12-01 23:00:00,2382.7200000000003,0.0,1.81,0.8580163500577459,0.201286426,20.1286426,0.0,0.0,0.0,0.0,0.00429008175028873,winter,night,0.8580163500577459
2018-12-02 00:00:00,2247.76,0.0,1.16,2.0859609540905613,0.201796936,20.1796936,0.0,0.0,0.0,0.0,0.010429804770452807,winter,night,2.0859609540905613
2018-12-02 01:00:00,2141.04,0.0,1.02,18.35781445429588,0.20190689199999998,20.190689199999998,0.0,0.0,0.0,0.0,0.09178907227147941,winter,night,18.35781445429588
2018-12-02 02:00:00,2095.92,0.0,0.85,1.6829948103687031,0.20204041,20.204041,0.0,0.0,0.0,0.0,0.008414974051843516,winter,night,1.6829948103687031
2018-12-02 03:00:00,2074.16,0.0,0.7,47.36634886493883,0.20215822,20.215822,0.0,0.0,0.0,0.0,0.23683174432469414,winter,night,47.36634886493883
2018-12-02 04:00:00,2080.0,0.0,0.26,48.717551712269625,0.20250379599999999,20.2503796,0.0,0.0,0.0,0.0,0.24358775856134812,winter,night,48.717551712269625
2018-12-02 15:00:00,2216.0,0.0,6.11,6.444455629923099,0.19790920599999998,19.790920599999996,0.0,0.0,0.0,0.0,0.032222278149615494,winter,night,6.444455629923099
2018-12-02 16:00:00,2242.7200000000003,0.0,4.59,5.535246812377003,0.19910301399999997,19.910301399999998,0.0,0.0,0.0,0.0,0.027676234061885015,winter,night,5.535246812377003
2018-12-02 17:00:00,2370.96,0.0,3.22,0.0,0.200179012,20.017901199999997,0.0,0.0,0.0,0.0,0.0,winter,night,64.14513338753157
2018-12-02 18:00:00,2534.32,0.0,2.01,3.174652397552394,0.20112934600000001,20.112934600000003,0.0,0.0,0.0,0.0,0.01587326198776197,winter,night,3.174652397552394
2018-12-02 19:00:00,2540.0,0.0,1.03,0.0,0.201899038,20.1899038,0.0,0.0,0.0,0.0,0.0,winter,night,73.44622343173434
2018-12-02 20:00:00,2519.76,0.0,0.75,0.0,0.20211895000000002,20.211895000000002,0.0,0.0,0.0,0.0,0.0,winter,night,92.40580833843718
2018-12-02 21:00:00,2492.2400000000002,0.0,0.46,0.0,0.202346716,20.234671600000002,0.0,0.0,0.0,0.0,0.0,winter,night,0.0
2018-12-02 22:00:00,2434.4,0.0,0.3,0.0,0.20247238,20.247238,0.0,0.0,0.0,0.0,0.0,winter,night,87.89971574370283
2018-12-02 23:00:00,2328.88,0.0,0.47,0.0,0.20233886199999998,20.233886199999997,0.0,0.0,0.0,0.0,0.0,winter,night,43.24391607409353
2018-12-03 00:00:00,2202.16,0.0,0.28,0.5842993930448732,0.202488088,20.248808800000003,0.0,0.0,0.0,0.0,0.002921496965224366,winter,night,0.5842993930448732
2018-12-03 01:00:00,2101.12,0.0,-0.07,8.232826869175438,0.202762978,20.276297800000002,0.0,0.0,0.0,0.0,0.04116413434587719,winter,night,8.232826869175438
2018-12-03 02:00:00,2036.0800000000002,0.0,-0.45,0.0,0.20306143000000001,20.306143000000002,0.0,0.0,0.0,0.0,0.0,winter,night,0.0
2018-12-03 03:00:00,1999.8400000000001,0.0,-0.53,0.0,0.20312426199999997,20.312426199999997,0.0,0.0,0.0,0.0,0.0,winter,night,0.0
2018-12-03 04:00:00,1981.52,0.0,-0.7,0.0,0.20325778,20.325778,0.0,0.0,0.0,0.0,0.0,winter,night,2.8505483825422497
2018-12-03 05:00:00,1988.48,0.93,-0.37,0.0,0.202958019,20.2958019,0.0,0.0,0.0,0.0,0.0,winter,night,0.0
2018-12-03 15:00:00,2178.88,0.0,7.2,3.834698166552974,0.19705312,19.705312,0.0,0.0,0.0,0.0,0.01917349083276487,winter,night,3.834698166552974
2018-12-03 16:00:00,2200.2400000000002,0.0,6.08,32.81386771083605,0.197932768,19.7932768,0.0,0.0,0.0,0.0,0.16406933855418024,winter,night,32.81386771083605
2018-12-03 17:00:00,2345.36,0.0,4.97,56.0042391247515,0.198804562,19.880456199999998,0.0,0.0,0.0,0.0,0.2800211956237575,winter,night,56.0042391247515
2018-12-03 18:00:00,2570.56,0.0,4.06,31.906402305556135,0.199519276,19.9519276,0.0,0.0,0.0,0.0,0.15953201152778068,winter,night,31.906402305556135
2018-12-03 19:00:00,2610.08,0.0,3.18,20.506800026995254,0.20021042799999997,20.021042799999996,0.0,0.0,0.0,0.0,0.10253400013497627,winter,night,20.506800026995254
2018-12-03 20:00:00,2610.88,0.0,3.02,59.166372253843754,0.200336092,20.0336092,0.0,0.0,0.0,0.0,0.2958318612692188,winter,night,59.166372253843754
2018-12-03 21:00:00,2581.2000000000003,0.0,2.71,38.17045757461894,0.20057956600000001,20.0579566,0.0,0.0,0.0,0.0,0.19085228787309472,winter,night,38.17045757461894
2018-12-03 22:00:00,2492.4,0.0,2.46,16.287010427923125,0.20077591600000003,20.0775916,0.0,0.0,0.0,0.0,0.08143505213961562,winter,night,16.287010427923125
2018-12-03 23:00:00,2357.76,0.0,2.24,3.0469578670988007,0.20094870399999998,20.094870399999998,0.0,0.0,0.0,0.0,0.015234789335494003,winter,night,3.0469578670988007
2018-12-04 00:00:00,2218.7200000000003,0.0,2.05,37.8535914481467,0.20109793,20.109793,0.0,0.0,0.0,0.0,0.1892679572407335,winter,night,37.8535914481467
2018-12-04 01:00:00,2117.76,0.0,1.68,49.34688338353574,0.20138852799999998,20.1388528,0.0,0.0,0.0,0.0,0.2467344169176787,winter,night,49.34688338353574
2018-12-04 02:00:00,2082.64,0.0,1.25,76.89362457119738,0.20172625000000002,20.172625000000004,0.0,0.0,0.0,0.0,0.3844681228559869,winter,night,76.89362457119738
2018-12-04 03:00:00,2082.64,0.0,0.98,61.92113638450791,0.201938308,20.1938308,0.0,0.0,0.0,0.0,0.30960568192253957,winter,night,61.92113638450791
2018-12-04 04:00:00,2111.2,0.0,0.65,76.49394749859592,0.20219748999999998,20.219748999999997,0.0,0.0,0.0,0.0,0.3824697374929796,winter,night,76.49394749859592
2018-12-04 14:00:00,2446.32,0.88,9.28,178.78534132292253,0.19538109066666665,19.538109066666664,0.0,0.0,0.0,0.0,0.8939267066146127,winter,night,178.78534132292253
2018-12-04 15:00:00,2444.4,0.0,7.67,0.0,0.19668398199999998,19.6683982,0.0,0.0,0.0,0.0,0.0,winter,night,37.553448744333764
2018-12-04 16:00:00,2480.96,0.0,6.68,73.44622343173434,0.197461528,19.7461528,0.0,0.0,0.0,0.0,0.3672311171586717,winter,night,73.44622343173434
2018-12-04 17:00:00,2635.36,0.0,5.69,29.12865028781864,0.19823907400000002,19.823907400000003,0.0,0.0,0.0,0.0,0.1456432514390932,winter,night,29.12865028781864
2018-12-04 18:00:00,2832.7200000000003,0.0,5.11,44.59750408518528,0.198694606,19.8694606,0.0,0.0,0.0,0.0,0.2229875204259264,winter,night,44.59750408518528
2018-12-04 19:00:00,2834.4,0.0,4.5,28.435619287546903,0.19917369999999998,19.91737,0.0,0.0,0.0,0.0,0.14217809643773452,winter,night,28.435619287546903
2018-12-04 20:00:00,2799.84,0.0,4.16,18.49482650423808,0.19944073599999998,19.9440736,0.0,0.0,0.0,0.0,0.0924741325211904,winter,night,18.49482650423808
2018-12-04 21:00:00,2727.76,0.0,4.14,0.0,0.19945644399999998,19.9456444,0.0,0.0,0.0,0.0,0.0,winter,night,0.0
2018-12-04 22:00:00,2591.6,0.0,4.21,0.0,0.19940146599999997,19.9401466,0.0,0.0,0.0,0.0,0.0,winter,night,51.3001688457481
2018-12-04 23:00:00,2390.8,0.0,4.15,0.0,0.19944859,19.944859,0.0,0.0,0.0,0.0,0.0,winter,night,0.0
2018-12-05 00:00:00,2199.52,0.0,3.88,0.0,0.199660648,19.966064799999998,0.0,0.0,0.0,0.0,0.0,winter,night,64.07417855402294
2018-12-05 01:00:00,2058.2400000000002,0.0,3.91,0.0,0.199637086,19.9637086,0.0,0.0,0.0,0.0,0.0,winter,night,0.0
2018-12-05 02:00:00,1988.0800000000002,0.0,4.1,0.0,0.19948786000000002,19.948786000000002,0.0,0.0,0.0,0.0,0.0,winter,night,0.0
2018-12-05 03:00:00,1954.4,0.0,4.3,0.0,0.19933077999999999,19.933078,0.0,0.0,0.0,0.0,0.0,winter,night,14.665499123364702
2018-12-05 04:00:00,1948.48,0.0,4.49,0.0,0.19918155399999998,19.9181554,0.0,0.0,0.0,0.0,0.0,winter,night,1.257030456239243
2018-12-05 15:00:00,2462.64,0.0,7.35,163.3751346716015,0.19693530999999997,19.693530999999997,0.0,0.0,0.0,0.0,0.8168756733580075,winter,night,163.3751346716015
2018-12-05 16:00:00,2482.2400000000002,0.0,6.42,175.3418073612978,0.197665732,19.7665732,0.0,0.0,0.0,0.0,0.876709036806489,winter,night,175.3418073612978
2018-12-05 17:00:00,2608.96,0.0,5.15,172.17654048464684,0.19866319,19.866318999999997,0.0,0.0,0.0,0.0,0.8608827024232342,winter,night,172.17654048464684
2018-12-05 18:00:00,2731.2000000000003,0.0,4.58,175.09770236770055,0.199110868,19.9110868,0.0,0.0,0.0,0.0,0.8754885118385027,winter,night,175.09770236770055
2018-12-05 19:00:00,2707.68,0.0,3.92,166.2183347343424,0.199629232,19.9629232,0.0,0.0,0.0,0.0,0.831091673671712,winter,night,166.2183347343424
2018-12-05 20:00:00,2656.16,0.0,3.66,174.71401528747842,0.19983343599999998,19.983343599999998,0.0,0.0,0.0,0.0,0.873570076437392,winter,night,174.71401528747842
2018-12-05 21:00:00,2578.64,0.0,3.47,176.15237510995186,0.19998266199999998,19.998266199999996,0.0,0.0,0.0,0.0,0.8807618755497593,winter,night,176.15237510995186
2018-12-05 22:00:00,2444.56,0.0,3.43,178.4868533832944,0.20001407799999998,20.0014078,0.0,0.0,0.0,0.0,0.892434266916472,winter,night,178.4868533832944
2018-12-05 23:00:00,2242.0,0.0,3.47,178.84556746556214,0.19998266199999998,19.998266199999996,0.0,0.0,0.0,0.0,0.8942278373278107,winter,night,178.84556746556214
2018-12-06 00:00:00,2049.28,0.0,3.49,178.8105082859096,0.199966954,19.9966954,0.0,0.0,0.0,0.0,0.894052541429548,winter,night,178.8105082859096
2018-12-06 01:00:00,1919.76,0.0,3.51,178.40904915957037,0.199951246,19.9951246,0.0,0.0,0.0,0.0,0.8920452457978518,winter,night,178.40904915957037
2018-12-06 02:00:00,1861.28,0.0,3.57,178.81334502451222,0.19990412199999996,19.990412199999994,0.0,0.0,0.0,0.0,0.8940667251225611,winter,night,178.81334502451222
2018-12-06 03:00:00,1839.8400000000001,0.0,3.88,178.830814000266,0.199660648,19.966064799999998,0.0,0.0,0.0,0.0,0.89415407000133,winter,night,178.830814000266
2018-12-06 04:00:00,1850.8,0.0,3.89,178.79084508072415,0.19965279399999997,19.965279399999996,0.0,0.0,0.0,0.0,0.8939542254036208,winter,night,178.79084508072415
2018-12-06 05:00:00,1918.08,0.93,4.16,178.7934757314798,0.199400157,19.9400157,0.0,0.0,0.0,0.0,0.893967378657399,winter,night,178.7934757314798
2018-12-06 14:00:00,2465.76,0.88,1.54,148.20766313583482,0.20146008666666668,20.146008666666667,0.0,0.0,0.0,0.0,0.7410383156791741,winter,night,148.20766313583482
2018-12-06 15:00:00,2514.0,0.0,1.29,171.3389146139378,0.201694834,20.169483399999997,0.0,0.0,0.0,0.0,0.856694573069689,winter,night,171.3389146139378
2018-12-06 16:00:00,2567.76,0.0,1.19,153.98388119425005,0.201773374,20.1773374,0.0,0.0,0.0,0.0,0.7699194059712502,winter,night,153.98388119425005
2018-12-06 17:00:00,2733.36,0.0,1.03,151.62104765769587,0.201899038,20.1899038,0.0,0.0,0.0,0.0,0.7581052382884793,winter,night,151.62104765769587
2018-12-06 18:00:00,2906.56,0.0,0.93,173.51042589140613,0.20197757799999996,20.197757799999998,0.0,0.0,0.0,0.0,0.8675521294570306,winter,night,173.51042589140613
2018-12-06 19:00:00,2906.4,0.0,1.15,176.25948017642122,0.20180478999999998,20.180479,0.0,0.0,0.0,0.0,0.8812974008821061,winter,night,176.25948017642122
2018-12-06 20:00:00,2873.92,0.0,1.13,144.34528593181912,0.201820498,20.182049799999998,0.0,0.0,0.0,0.0,0.7217264296590956,winter,night,144.34528593181912
2018-12-06 21:00:00,2816.4,0.0,1.01,94.66759821579247,0.20191474599999998,20.1914746,0.0,0.0,0.0,0.0,0.47333799107896235,winter,night,94.66759821579247
2018-12-06 22:00:00,2698.16,0.0,0.85,138.0269356071306,0.20204041,20.204041,0.0,0.0,0.0,0.0,0.6901346780356531,winter,night,138.0269356071306
2018-12-06 23:00:00,2501.92,0.0,0.67,114.27260783006496,0.202181782,20.2181782,0.0,0.0,0.0,0.0,0.5713630391503248,winter,night,114.27260783006496
2018-12-07 00:00:00,2313.04,0.0,0.53,133.48151054061768,0.202291738,20.229173799999998,0.0,0.0,0.0,0.0,0.6674075527030884,winter,night,133.48151054061768
2018-12-07 01:00:00,2188.0,0.0,0.4,141.80682918100948,0.20239384,20.239383999999998,0.0,0.0,0.0,0.0,0.7090341459050474,winter,night,141.80682918100948
2018-12-07 02:00:00,2130.32,0.0,0.29,131.46263762103513,0.20248023399999998,20.248023399999997,0.0,0.0,0.0,0.0,0.6573131881051757,winter,night,131.46263762103513
2018-12-07 03:00:00,2102.7200000000003,0.0,0.25,111.22844787067841,0.20251165000000002,20.251165,0.0,0.0,0.0,0.0,0.556142239353392,winter,night,111.22844787067841
2018-12-07 04:00:00,2105.36,0.0,0.32,102.55470741756392,0.202456672,20.2456672,0.0,0.0,0.0,0.0,0.5127735370878196,winter,night,102.55470741756392
2018-12-07 05:00:00,2173.36,0.93,0.28,109.645838677982,0.202447509,20.2447509,0.0,0.0,0.0,0.0,0.5482291933899099,winter,night,109.645838677982
2018-12-07 14:00:00,2487.04,0.88,3.33,12.931107746559741,0.20005422066666667,20.005422066666668,0.0,0.0,0.0,0.0,0.06465553873279871,winter,night,12.931107746559741
2018-12-07 15:00:00,2497.12,0.0,2.52,25.103562182385637,0.20072879199999996,20.072879199999996,0.0,0.0,0.0,0.0,0.12551781091192818,winter,night,25.103562182385637
2018-12-07 16:00:00,2546.4,0.0,1.97,17.31319152529927,0.201160762,20.1160762,0.0,0.0,0.0,0.0,0.08656595762649635,winter,night,17.31319152529927
2018-12-07 17:00:00,2702.8,0.0,1.27,2.6932198213621996,0.201710542,20.1710542,0.0,0.0,0.0,0.0,0.013466099106810998,winter,night,2.6932198213621996
2018-12-07 18:00:00,2908.56,0.0,0.27,0.0,0.202495942,20.2495942,0.0,0.0,0.0,0.0,0.0,winter,night,0.0
2018-12-07 19:00:00,2917.52,0.0,-1.06,0.0,0.203540524,20.3540524,0.0,0.0,0.0,0.0,0.0,winter,night,76.89362457119738
2018-12-07 20:00:00,2887.92,0.0,-2.05,0.0,0.20431807,20.431807,0.0,0.0,0.0,0.0,0.0,winter,night,18.968531543834334
2018-12-07 21:00:00,2835.36,0.0,-2.28,0.0,0.20449871200000003,20.449871200000004,0.0,0.0,0.0,0.0,0.0,winter,night,25.088402602802113
2018-12-07 22:00:00,2718.48,0.0,-2.49,0.0,0.20466364599999998,20.4663646,0.0,0.0,0.0,0.0,0.0,winter,night,0.0
2018-12-07 23:00:00,2529.92,0.0,-2.28,0.0,0.20449871200000003,20.449871200000004,0.0,0.0,0.0,0.0,0.0,winter,night,3.1785015805881356
2018-12-08 00:00:00,2344.88,0.0,-2.35,0.0,0.20455368999999998,20.455368999999997,0.0,0.0,0.0,0.0,0.0,winter,night,76.49394749859592
2018-12-08 01:00:00,2219.44,0.0,-2.66,0.0,0.204797164,20.4797164,0.0,0.0,0.0,0.0,0.0,winter,night,18.891477419259978
2018-12-08 02:00:00,2159.92,0.0,-2.88,0.0,0.20496995199999998,20.496995199999997,0.0,0.0,0.0,0.0,0.0,winter,night,87.4138878895655
2018-12-08 03:00:00,2136.64,0.0,-3.04,0.0,0.20509561599999998,20.509561599999998,0.0,0.0,0.0,0.0,0.0,winter,night,0.0
2018-12-08 04:00:00,2149.76,0.0,-3.4,0.0,0.20537835999999998,20.537836,0.0,0.0,0.0,0.0,0.0,winter,night,18.49482650423808
2018-12-08 05:00:00,2217.04,0.0,-3.33,1.3450926646737051,0.20532338199999997,20.532338199999998,0.0,0.0,0.0,0.0,0.006725463323368526,winter,night,1.3450926646737051
2018-12-08 15:00:00,2710.4,0.0,1.85,178.89636205848888,0.20125500999999998,20.125501,0.0,0.0,0.0,0.0,0.8944818102924443,winter,night,178.89636205848888
2018-12-08 16:00:00,2748.4,0.0,-0.07,178.8097203029647,0.202762978,20.276297800000002,0.0,0.0,0.0,0.0,0.8940486015148236,winter,night,178.8097203029647
2018-12-08 17:00:00,2888.96,0.0,-1.39,178.88354824351927,0.203799706,20.3799706,0.0,0.0,0.0,0.0,0.8944177412175963,winter,night,178.88354824351927
2018-12-08 18:00:00,3002.64,0.0,-2.21,178.8805781539565,0.20444373400000002,20.4443734,0.0,0.0,0.0,0.0,0.8944028907697824,winter,night,178.8805781539565
2018-12-08 19:00:00,2963.12,0.0,-2.78,178.88534242007137,0.20489141200000002,20.489141200000002,0.0,0.0,0.0,0.0,0.8944267121003568,winter,night,178.88534242007137
2018-12-08 20:00:00,2904.08,0.0,-3.17,178.86542463578027,0.20519771799999997,20.519771799999997,0.0,0.0,0.0,0.0,0.8943271231789014,winter,night,178.86542463578027
2018-12-08 21:00:00,2837.52,0.0,-3.22,124.76615246518423,0.20523698799999998,20.5236988,0.0,0.0,0.0,0.0,0.6238307623259212,winter,night,124.76615246518423
2018-12-08 22:00:00,2735.04,0.0,-3.12,178.86999493686247,0.20515844800000002,20.515844800000004,0.0,0.0,0.0,0.0,0.8943499746843123,winter,night,178.86999493686247
2018-12-08 23:00:00,2582.96,0.0,-2.92,178.8699464456043,0.205001368,20.5001368,0.0,0.0,0.0,0.0,0.8943497322280216,winter,night,178.8699464456043
2018-12-09 00:00:00,2416.56,0.0,-2.84,174.57662743028567,0.204938536,20.4938536,0.0,0.0,0.0,0.0,0.8728831371514283,winter,night,174.57662743028567
2018-12-09 01:00:00,2279.68,0.0,-2.6,178.85976328138986,0.20475004000000002,20.475004000000002,0.0,0.0,0.0,0.0,0.8942988164069493,winter,night,178.85976328138986
2018-12-09 02:00:00,2206.96,0.0,-2.69,178.86354559952665,0.204820726,20.482072600000002,0.0,0.0,0.0,0.0,0.8943177279976332,winter,night,178.86354559952665
2018-12-09 03:00:00,2157.92,0.0,-2.84,178.86364258204298,0.204938536,20.4938536,0.0,0.0,0.0,0.0,0.894318212910215,winter,night,178.86364258204298
2018-12-09 04:00:00,2147.92,0.0,-3.04,178.8706374460329,0.20509561599999998,20.509561599999998,0.0,0.0,0.0,0.0,0.8943531872301645,winter,night,178.8706374460329
2018-12-09 05:00:00,2168.64,0.0,-2.83,178.84988318753872,0.20493068199999998,20.493068199999996,0.0,0.0,0.0,0.0,0.8942494159376936,winter,night,178.84988318753872
2018-12-09 15:00:00,2774.48,0.0,5.1,178.8741166938064,0.19870246000000003,19.870246,0.0,0.0,0.0,0.0,0.894370583469032,winter,night,178.8741166938064
2018-12-09 16:00:00,2783.68,0.0,3.77,178.87174062215638,0.19974704199999999,19.974704199999998,0.0,0.0,0.0,0.0,0.8943587031107819,winter,night,178.87174062215638
2018-12-09 17:00:00,2892.08,0.0,3.18,177.23137834098674,0.20021042799999997,20.021042799999996,0.0,0.0,0.0,0.0,0.8861568917049337,winter,night,177.23137834098674
2018-12-09 18:00:00,3019.12,0.0,3.45,175.85211723940077,0.19999836999999998,19.999837,0.0,0.0,0.0,0.0,0.8792605861970039,winter,night,175.85211723940077
2018-12-09 19:00:00,2995.12,0.0,3.15,166.6395661711977,0.20023399,20.023399,0.0,0.0,0.0,0.0,0.8331978308559885,winter,night,166.6395661711977
2018-12-09 20:00:00,2938.2400000000002,0.0,3.51,178.24245744214818,0.199951246,19.9951246,0.0,0.0,0.0,0.0,0.8912122872107409,winter,night,178.24245744214818
2018-12-09 21:00:00,2872.64,0.0,3.77,172.79191879637625,0.19974704199999999,19.974704199999998,0.0,0.0,0.0,0.0,0.8639595939818813,winter,night,172.79191879637625
2018-12-09 22:00:00,2778.8,0.0,3.59,177.26911666265255,0.199888414,19.9888414,0.0,0.0,0.0,0.0,0.8863455833132627,winter,night,177.26911666265255
2018-12-09 23:00:00,2637.52,0.0,3.68,172.67334554735115,0.19981772799999997,19.981772799999998,0.0,0.0,0.0,0.0,0.8633667277367557,winter,night,172.67334554735115
2018-12-10 00:00:00,2492.08,0.0,3.86,161.0267515299802,0.19967635599999997,19.967635599999998,0.0,0.0,0.0,0.0,0.805133757649901,winter,night,161.0267515299802
2018-12-10 01:00:00,2370.32,0.0,4.06,128.00083457789688,0.199519276,19.9519276,0.0,0.0,0.0,0.0,0.6400041728894844,winter,night,128.00083457789688
2018-12-10 02:00:00,2305.04,0.0,4.18,129.70345963454903,0.199425028,19.9425028,0.0,0.0,0.0,0.0,0.6485172981727452,winter,night,129.70345963454903
2018-12-10 03:00:00,2264.96,0.0,4.31,158.5493089047556,0.19932292599999998,19.932292599999997,0.0,0.0,0.0,0.0,0.792746544523778,winter,night,158.5493089047556
2018-12-10 04:00:00,2257.6,0.0,4.4,158.65448644371318,0.19925224,19.925224,0.0,0.0,0.0,0.0,0.7932724322185659,winter,night,158.65448644371318
2018-12-10 05:00:00,2273.04,0.0,4.36,176.11181217249774,0.199283656,19.9283656,0.0,0.0,0.0,0.0,0.8805590608624887,winter,night,176.11181217249774
2018-12-10 14:00:00,2507.28,0.88,7.56,16.61867548024629,0.19673197866666667,19.673197866666666,0.0,0.0,0.0,0.0,0.08309337740123145,winter,night,16.61867548024629
2018-12-10 15:00:00,2511.84,0.0,6.59,28.310742174960225,0.19753221399999998,19.753221399999997,0.0,0.0,0.0,0.0,0.14155371087480112,winter,night,28.310742174960225
2018-12-10 16:00:00,2548.88,0.0,5.99,22.65348681098727,0.19800345400000002,19.8003454,0.0,0.0,0.0,0.0,0.11326743405493636,winter,night,22.65348681098727
2018-12-10 17:00:00,2707.2000000000003,0.0,6.17,9.859873753923656,0.19786208200000002,19.7862082,0.0,0.0,0.0,0.0,0.04929936876961828,winter,night,9.859873753923656
2018-12-10 18:00:00,2908.8,0.0,6.38,16.16814016994153,0.19769714800000002,19.769714800000003,0.0,0.0,0.0,0.0,0.08084070084970765,winter,night,16.16814016994153
2018-12-10 19:00:00,2926.48,0.0,6.82,37.70138648088102,0.197351572,19.7351572,0.0,0.0,0.0,0.0,0.1885069324044051,winter,night,37.70138648088102
2018-12-10 20:00:00,2905.68,0.0,6.53,15.232739253903704,0.19757933799999997,19.757933799999996,0.0,0.0,0.0,0.0,0.07616369626951852,winter,night,15.232739253903704
2018-12-10 21:00:00,2866.2400000000002,0.0,6.17,106.00547869946986,0.19786208200000002,19.7862082,0.0,0.0,0.0,0.0,0.5300273934973493,winter,night,106.00547869946986
2018-12-10 22:00:00,2743.12,0.0,5.95,146.54337041876127,0.19803487,19.803487,0.0,0.0,0.0,0.0,0.7327168520938063,winter,night,146.54337041876127
2018-12-10 23:00:00,2566.64,0.0,5.88,176.73110615332368,0.198089848,19.8089848,0.0,0.0,0.0,0.0,0.8836555307666184,winter,night,176.73110615332368
2018-12-11 00:00:00,2391.52,0.0,5.82,137.85731318607316,0.198136972,19.8136972,0.0,0.0,0.0,0.0,0.6892865659303657,winter,night,137.85731318607316
2018-12-11 01:00:00,2275.6,0.0,4.92,84.60932323676697,0.198843832,19.8843832,0.0,0.0,0.0,0.0,0.4230466161838348,winter,night,84.60932323676697
2018-12-11 02:00:00,2211.52,0.0,4.11,122.5358940284503,0.199480006,19.9480006,0.0,0.0,0.0,0.0,0.6126794701422515,winter,night,122.5358940284503
2018-12-11 03:00:00,2190.56,0.0,3.8,94.03782406179548,0.19972347999999998,19.972347999999997,0.0,0.0,0.0,0.0,0.47018912030897736,winter,night,94.03782406179548
2018-12-11 04:00:00,2200.32,0.0,3.18,78.96175854766786,0.20021042799999997,20.021042799999996,0.0,0.0,0.0,0.0,0.3948087927383393,winter,night,78.96175854766786
2018-12-11 05:00:00,2280.8,0.0,2.57,116.83361301592032,0.20068952199999998,20.0689522,0.0,0.0,0.0,0.0,0.5841680650796016,winter,night,116.83361301592032
2018-12-11 14:00:00,2591.36,0.88,2.76,0.0,0.20050189866666668,20.050189866666667,0.0,0.0,0.0,0.0,0.0,winter,night,0.14235123816867856
2018-12-11 15:00:00,2590.56,0.0,1.57,0.0,0.201474922,20.1474922,0.0,0.0,0.0,0.0,0.0,winter,night,70.35092337920678
2018-12-11 16:00:00,2639.92,0.0,0.39,0.0,0.20240169400000002,20.240169400000003,0.0,0.0,0.0,0.0,0.0,winter,night,0.677301790469017
2018-12-11 17:00:00,2795.44,0.0,0.82,0.0,0.202063972,20.2063972,0.0,0.0,0.0,0.0,0.0,winter,night,13.049441569997914
2018-12-11 18:00:00,3027.28,0.0,0.25,0.0,0.20251165000000002,20.251165,0.0,0.0,0.0,0.0,0.0,winter,night,21.38591774582291
2018-12-11 19:00:00,3033.44,0.0,-0.9,0.0,0.20341485999999998,20.341485999999996,0.0,0.0,0.0,0.0,0.0,winter,night,47.44533506308058
2018-12-11 20:00:00,3000.88,0.0,-1.21,0.6805661424126404,0.20365833399999997,20.365833399999996,0.0,0.0,0.0,0.0,0.0034028307120632017,winter,night,0.6805661424126404
2018-12-11 21:00:00,2935.84,0.0,-1.44,0.0,0.20383897599999998,20.383897599999997,0.0,0.0,0.0,0.0,0.0,winter,night,48.938908244380755
2018-12-11 22:00:00,2807.44,0.0,-1.58,3.1066129115221415,0.203948932,20.3948932,0.0,0.0,0.0,0.0,0.015533064557610707,winter,night,3.1066129115221415
2018-12-11 23:00:00,2600.64,0.0,-1.31,31.721586967175206,0.203736874,20.3736874,0.0,0.0,0.0,0.0,0.15860793483587604,winter,night,31.721586967175206
2018-12-12 00:00:00,2405.04,0.0,-0.84,38.27783540441573,0.20336773600000002,20.3367736,0.0,0.0,0.0,0.0,0.19138917702207867,winter,night,38.27783540441573
2018-12-12 01:00:00,2271.92,0.0,-1.26,33.10491527303962,0.20369760399999998,20.369760399999997,0.0,0.0,0.0,0.0,0.16552457636519813,winter,night,33.10491527303962
2018-12-12 02:00:00,2193.84,0.0,-1.25,40.33766525292523,0.20368975,20.368975,0.0,0.0,0.0,0.0,0.20168832626462613,winter,night,40.33766525292523
2018-12-12 03:00:00,2161.12,0.0,-1.4,31.95204470230294,0.20380756,20.380755999999998,0.0,0.0,0.0,0.0,0.1597602235115147,winter,night,31.95204470230294
2018-12-12 04:00:00,2152.48,0.0,-1.41,12.985872561248614,0.20381541400000003,20.381541400000003,0.0,0.0,0.0,0.0,0.06492936280624308,winter,night,12.985872561248614
2018-12-12 05:00:00,2205.76,0.0,-1.42,4.680683854402149,0.20382326799999997,20.382326799999998,0.0,0.0,0.0,0.0,0.023403419272010745,winter,night,4.680683854402149
2018-12-12 15:00:00,2661.76,0.0,1.12,5.8922417280076225,0.20182835200000002,20.182835200000003,0.0,0.0,0.0,0.0,0.029461208640038112,winter,night,5.8922417280076225
2018-12-12 16:00:00,2707.52,0.0,0.08,14.322303759061253,0.202645168,20.2645168,0.0,0.0,0.0,0.0,0.07161151879530626,winter,night,14.322303759061253
2018-12-12 17:00:00,2867.84,0.0,-0.78,13.617534843610267,0.20332061199999998,20.3320612,0.0,0.0,0.0,0.0,0.06808767421805134,winter,night,13.617534843610267
2018-12-12 18:00:00,3053.92,0.0,-0.96,4.594937671801951,0.203461984,20.346198400000002,0.0,0.0,0.0,0.0,0.022974688359009753,winter,night,4.594937671801951
2018-12-12 19:00:00,3082.64,0.0,-1.32,1.0186013075843847,0.203744728,20.374472800000003,0.0,0.0,0.0,0.0,0.005093006537921924,winter,night,1.0186013075843847
2018-12-12 20:00:00,3096.4,0.0,-1.95,12.825824132974917,0.20423952999999997,20.423952999999997,0.0,0.0,0.0,0.0,0.06412912066487458,winter,night,12.825824132974917
2018-12-12 21:00:00,3082.96,0.0,-2.75,18.891477419259978,0.20486785000000002,20.486785,0.0,0.0,0.0,0.0,0.09445738709629989,winter,night,18.891477419259978
2018-12-12 22:00:00,3012.4,0.0,-3.5,18.606460957290572,0.2054569,20.54569,0.0,0.0,0.0,0.0,0.09303230478645286,winter,night,18.606460957290572
2018-12-12 23:00:00,2861.68,0.0,-4.09,18.94753179834568,0.205920286,20.5920286,0.0,0.0,0.0,0.0,0.0947376589917284,winter,night,18.94753179834568
2018-12-13 00:00:00,2716.64,0.0,-4.42,18.56764067442667,0.206179468,20.617946800000002,0.0,0.0,0.0,0.0,0.09283820337213335,winter,night,18.56764067442667
2018-12-13 01:00:00,2615.76,0.0,-4.69,18.890945530772036,0.206391526,20.6391526,0.0,0.0,0.0,0.0,0.09445472765386018,winter,night,18.890945530772036
2018-12-13 02:00:00,2576.16,0.0,-4.87,33.60379030632658,0.206532898,20.6532898,0.0,0.0,0.0,0.0,0.1680189515316329,winter,night,33.60379030632658
2018-12-13 03:00:00,2575.12,0.0,-4.88,42.33780236263497,0.20654075199999997,20.654075199999998,0.0,0.0,0.0,0.0,0.21168901181317484,winter,night,42.33780236263497
2018-12-13 04:00:00,2602.88,0.0,-5.07,61.79416808641279,0.206689978,20.6689978,0.0,0.0,0.0,0.0,0.30897084043206396,winter,night,61.79416808641279
2018-12-13 05:00:00,2684.96,0.0,-5.19,104.00294733388807,0.206784226,20.678422599999998,0.0,0.0,0.0,0.0,0.5200147366694403,winter,night,104.00294733388807
2018-12-13 15:00:00,2915.52,0.0,-1.59,178.88693050877598,0.203956786,20.3956786,0.0,0.0,0.0,0.0,0.8944346525438799,winter,night,178.88693050877598
2018-12-13 16:00:00,2964.56,0.0,-2.44,178.86895237481193,0.204624376,20.4624376,0.0,0.0,0.0,0.0,0.8943447618740596,winter,night,178.86895237481193
2018-12-13 17:00:00,3151.28,0.0,-2.28,175.27005242202998,0.20449871200000003,20.449871200000004,0.0,0.0,0.0,0.0,0.8763502621101499,winter,night,175.27005242202998
2018-12-13 18:00:00,3361.44,0.0,-1.69,39.6037106614668,0.204035326,20.4035326,0.0,0.0,0.0,0.0,0.198018553307334,winter,night,39.6037106614668
2018-12-13 19:00:00,3352.88,0.0,-1.42,0.0,0.20382326799999997,20.382326799999998,0.0,0.0,0.0,0.0,0.0,winter,night,0.0
2018-12-13 20:00:00,3298.0,0.0,-1.39,89.93269355800395,0.203799706,20.3799706,0.0,0.0,0.0,0.0,0.44966346779001976,winter,night,89.93269355800395
2018-12-13 21:00:00,3231.36,0.0,-1.48,49.51115661267699,0.203870392,20.3870392,0.0,0.0,0.0,0.0,0.24755578306338497,winter,night,49.51115661267699
2018-12-13 22:00:00,3090.4,0.0,-1.55,93.35432159375286,0.20392537000000002,20.392537,0.0,0.0,0.0,0.0,0.46677160796876427,winter,night,93.35432159375286
2018-12-13 23:00:00,2883.04,0.0,-1.64,102.17896078086636,0.203996056,20.3996056,0.0,0.0,0.0,0.0,0.5108948039043318,winter,night,102.17896078086636
2018-12-14 00:00:00,2693.84,0.0,-1.59,48.288646533809604,0.203956786,20.3956786,0.0,0.0,0.0,0.0,0.24144323266904802,winter,night,48.288646533809604
2018-12-14 01:00:00,2553.52,0.0,-1.65,41.5588418221931,0.20400390999999998,20.400391,0.0,0.0,0.0,0.0,0.20779420911096552,winter,night,41.5588418221931
2018-12-14 02:00:00,2473.68,0.0,-1.53,66.18680325985832,0.20390966199999996,20.390966199999998,0.0,0.0,0.0,0.0,0.3309340162992916,winter,night,66.18680325985832
2018-12-14 03:00:00,2439.84,0.0,-1.37,62.10580321841048,0.20378399800000002,20.378399800000004,0.0,0.0,0.0,0.0,0.3105290160920524,winter,night,62.10580321841048
2018-12-14 04:00:00,2433.28,0.0,-1.26,25.088402602802113,0.20369760399999998,20.369760399999997,0.0,0.0,0.0,0.0,0.12544201301401056,winter,night,25.088402602802113
2018-12-14 05:00:00,2490.4,0.0,-1.09,30.84651978375605,0.203564086,20.3564086,0.0,0.0,0.0,0.0,0.15423259891878024,winter,night,30.84651978375605
2018-12-14 15:00:00,2786.8,0.0,3.42,71.010495411345,0.200021932,20.0021932,0.0,0.0,0.0,0.0,0.35505247705672505,winter,night,71.010495411345
2018-12-14 16:00:00,2834.64,0.0,2.91,108.67135835391953,0.20042248599999998,20.042248599999997,0.0,0.0,0.0,0.0,0.5433567917695976,winter,night,108.67135835391953
2018-12-14 17:00:00,3017.04,0.0,2.88,111.3551191598169,0.200446048,20.0446048,0.0,0.0,0.0,0.0,0.5567755957990844,winter,night,111.3551191598169
2018-12-14 18:00:00,3245.28,0.0,3.02,89.15305717065132,0.200336092,20.0336092,0.0,0.0,0.0,0.0,0.4457652858532566,winter,night,89.15305717065132
2018-12-14 19:00:00,3257.2000000000003,0.0,2.77,103.9590506224354,0.20053244199999998,20.053244199999998,0.0,0.0,0.0,0.0,0.519795253112177,winter,night,103.9590506224354
2018-12-14 20:00:00,3230.08,0.0,2.81,110.16831986188363,0.200501026,20.0501026,0.0,0.0,0.0,0.0,0.5508415993094181,winter,night,110.16831986188363
2018-12-14 21:00:00,3186.0,0.0,2.19,159.0361853823506,0.200987974,20.098797400000002,0.0,0.0,0.0,0.0,0.795180926911753,winter,night,159.0361853823506
2018-12-14 22:00:00,3076.8,0.0,1.98,166.09196651556718,0.20115290800000002,20.1152908,0.0,0.0,0.0,0.0,0.8304598325778358,winter,night,166.09196651556718
2018-12-14 23:00:00,2890.2400000000002,0.0,2.12,137.93179575861296,0.201042952,20.1042952,0.0,0.0,0.0,0.0,0.6896589787930648,winter,night,137.93179575861296
2018-12-15 00:00:00,2712.7200000000003,0.0,1.76,178.85926624599347,0.201325696,20.1325696,0.0,0.0,0.0,0.0,0.8942963312299673,winter,night,178.85926624599347
2018-12-15 01:00:00,2592.56,0.0,1.44,178.873328710861,0.20157702400000002,20.1577024,0.0,0.0,0.0,0.0,0.894366643554305,winter,night,178.873328710861
2018-12-15 02:00:00,2534.8,0.0,0.94,178.85137429372753,0.201969724,20.1969724,0.0,0.0,0.0,0.0,0.8942568714686376,winter,night,178.85137429372753
2018-12-15 03:00:00,2520.0,0.0,1.2,178.8534109265704,0.20176551999999998,20.176551999999997,0.0,0.0,0.0,0.0,0.894267054632852,winter,night,178.8534109265704
2018-12-15 04:00:00,2539.68,0.0,1.19,178.85281690865764,0.201773374,20.1773374,0.0,0.0,0.0,0.0,0.8942640845432882,winter,night,178.85281690865764
2018-12-15 05:00:00,2614.64,0.0,1.55,178.86607926776549,0.20149063,20.149063,0.0,0.0,0.0,0.0,0.8943303963388274,winter,night,178.86607926776549
2018-12-15 14:00:00,3100.8,0.88,8.07,104.65526386152412,0.19633142466666667,19.633142466666666,0.0,0.0,0.0,0.0,0.5232763193076206,winter,night,104.65526386152412
2018-12-15 15:00:00,3107.92,0.0,6.56,71.25742502073057,0.19755577600000002,19.755577600000002,0.0,0.0,0.0,0.0,0.35628712510365285,winter,night,71.25742502073057
2018-12-15 16:00:00,3128.96,0.0,5.04,89.64101864014786,0.198749584,19.8749584,0.0,0.0,0.0,0.0,0.4482050932007393,winter,night,89.64101864014786
2018-12-15 17:00:00,3239.52,0.0,4.08,76.29056303904159,0.19950356800000002,19.9503568,0.0,0.0,0.0,0.0,0.3814528151952079,winter,night,76.29056303904159
2018-12-15 18:00:00,3374.16,0.0,3.76,54.24992844830374,0.19975489600000002,19.975489600000003,0.0,0.0,0.0,0.0,0.2712496422415187,winter,night,54.24992844830374
2018-12-15 19:00:00,3349.12,0.0,3.23,57.4485573105715,0.20017115800000002,20.017115800000003,0.0,0.0,0.0,0.0,0.2872427865528575,winter,night,57.4485573105715
2018-12-15 20:00:00,3294.8,0.0,3.12,54.86987099970823,0.200257552,20.0257552,0.0,0.0,0.0,0.0,0.2743493549985412,winter,night,54.86987099970823
2018-12-15 21:00:00,3230.8,0.0,3.0,105.10742059827376,0.20035179999999997,20.035179999999997,0.0,0.0,0.0,0.0,0.5255371029913688,winter,night,105.10742059827376
2018-12-15 22:00:00,3132.7200000000003,0.0,2.8,69.6470667055496,0.20050888,20.050888,0.0,0.0,0.0,0.0,0.34823533352774805,winter,night,69.6470667055496
2018-12-15 23:00:00,2978.4,0.0,2.76,65.37146518368273,0.200540296,20.0540296,0.0,0.0,0.0,0.0,0.32685732591841365,winter,night,65.37146518368273
2018-12-16 00:00:00,2819.92,0.0,2.64,29.107198967488348,0.20063454400000003,20.0634544,0.0,0.0,0.0,0.0,0.14553599483744173,winter,night,29.107198967488348
2018-12-16 01:00:00,2691.36,0.0,2.52,7.255645430498045,0.20072879199999996,20.072879199999996,0.0,0.0,0.0,0.0,0.036278227152490225,winter,night,7.255645430498045
2018-12-16 02:00:00,2612.4,0.0,2.38,0.5911950014909662,0.20083874799999998,20.083874799999997,0.0,0.0,0.0,0.0,0.0029559750074548306,winter,night,0.5911950014909662
2018-12-16 03:00:00,2565.2000000000003,0.0,2.45,0.0,0.20078376999999997,20.078376999999996,0.0,0.0,0.0,0.0,0.0,winter,night,0.0
2018-12-16 04:00:00,2534.08,0.0,2.43,22.7180392830662,0.20079947799999998,20.0799478,0.0,0.0,0.0,0.0,0.11359019641533101,winter,night,22.7180392830662
2018-12-16 05:00:00,2549.44,0.0,2.39,32.00014196899427,0.200830894,20.083089400000002,0.0,0.0,0.0,0.0,0.16000070984497136,winter,night,32.00014196899427
2018-12-16 15:00:00,2591.76,0.0,6.46,15.007761030948497,0.19763431599999998,19.763431599999997,0.0,0.0,0.0,0.0,0.07503880515474248,winter,night,15.007761030948497
2018-12-16 16:00:00,2607.36,0.0,5.92,14.665499123364702,0.198058432,19.8058432,0.0,0.0,0.0,0.0,0.07332749561682352,winter,night,14.665499123364702
2018-12-16 17:00:00,2728.32,0.0,5.16,8.424118063548969,0.19865533599999996,19.865533599999996,0.0,0.0,0.0,0.0,0.042120590317744844,winter,night,8.424118063548969
2018-12-16 18:00:00,2893.68,0.0,4.52,0.0,0.19915799199999998,19.9157992,0.0,0.0,0.0,0.0,0.0,winter,night,6.20099200898263
2018-12-16 19:00:00,2880.0,0.0,3.19,0.0,0.200202574,20.0202574,0.0,0.0,0.0,0.0,0.0,winter,night,0.0
2018-12-16 20:00:00,2841.84,0.0,2.88,0.0,0.200446048,20.0446048,0.0,0.0,0.0,0.0,0.0,winter,night,25.225876835048684
2018-12-16 21:00:00,2799.92,0.0,2.71,2.967450198512777,0.20057956600000001,20.0579566,0.0,0.0,0.0,0.0,0.014837250992563883,winter,night,2.967450198512777
2018-12-16 22:00:00,2729.76,0.0,2.71,0.0,0.20057956600000001,20.0579566,0.0,0.0,0.0,0.0,0.0,winter,night,44.689537462476814
2018-12-16 23:00:00,2610.8,0.0,2.76,0.0,0.200540296,20.0540296,0.0,0.0,0.0,0.0,0.0,winter,night,12.099297038450583
2018-12-17 00:00:00,2474.2400000000002,0.0,2.87,0.0,0.200453902,20.0453902,0.0,0.0,0.0,0.0,0.0,winter,night,0.0
2018-12-17 01:00:00,2356.0,0.0,2.86,0.0,0.200461756,20.046175599999998,0.0,0.0,0.0,0.0,0.0,winter,night,23.659334917674567
2018-12-17 02:00:00,2287.2000000000003,0.0,2.69,0.0,0.200595274,20.0595274,0.0,0.0,0.0,0.0,0.0,winter,night,0.08619788766739701
2018-12-17 03:00:00,2252.7200000000003,0.0,2.26,0.0,0.200932996,20.0932996,0.0,0.0,0.0,0.0,0.0,winter,night,0.0
2018-12-17 04:00:00,2249.28,0.0,1.83,0.0,0.20127071800000002,20.127071800000003,0.0,0.0,0.0,0.0,0.0,winter,night,0.0
2018-12-17 05:00:00,2274.0,0.0,1.94,0.0,0.201184324,20.1184324,0.0,0.0,0.0,0.0,0.0,winter,night,0.0
2018-12-17 14:00:00,2452.64,0.88,7.41,0.0,0.19684978866666666,19.684978866666665,0.0,0.0,0.0,0.0,0.0,winter,night,44.48544078756842
2018-12-17 15:00:00,2458.16,0.0,5.88,0.0,0.198089848,19.8089848,0.0,0.0,0.0,0.0,0.0,winter,night,23.659334917674567
2018-12-17 16:00:00,2492.7200000000003,0.0,5.22,0.0,0.198608212,19.8608212,0.0,0.0,0.0,0.0,0.0,winter,night,0.0
2018-12-17 17:00:00,2652.0,0.0,4.52,0.0,0.19915799199999998,19.9157992,0.0,0.0,0.0,0.0,0.0,winter,night,31.906402305556135
2018-12-17 18:00:00,2827.68,0.0,3.71,0.0,0.19979416600000002,19.979416600000004,0.0,0.0,0.0,0.0,0.0,winter,night,15.232739253903704
2018-12-17 19:00:00,2832.0,0.0,3.71,0.0,0.19979416600000002,19.979416600000004,0.0,0.0,0.0,0.0,0.0,winter,night,0.0
2018-12-17 20:00:00,2814.16,0.0,3.98,0.0,0.19958210799999998,19.958210799999996,0.0,0.0,0.0,0.0,0.0,winter,night,0.0
2018-12-17 21:00:00,2777.52,0.0,4.31,0.0,0.19932292599999998,19.932292599999997,0.0,0.0,0.0,0.0,0.0,winter,night,85.98034688587218
2018-12-17 22:00:00,2669.68,0.0,3.96,0.0,0.199597816,19.9597816,0.0,0.0,0.0,0.0,0.0,winter,night,77.67027874617293
2018-12-17 23:00:00,2502.2400000000002,0.0,3.77,0.0,0.19974704199999999,19.974704199999998,0.0,0.0,0.0,0.0,0.0,winter,night,0.0
2018-12-18 00:00:00,2332.32,0.0,3.31,0.0,0.200108326,20.0108326,0.0,0.0,0.0,0.0,0.0,winter,night,1.96307008889883
2018-12-18 01:00:00,2218.0,0.0,2.89,0.0,0.20043819400000001,20.0438194,0.0,0.0,0.0,0.0,0.0,winter,night,0.0
2018-12-18 02:00:00,2144.48,0.0,2.82,0.0,0.20049317200000003,20.0493172,0.0,0.0,0.0,0.0,0.0,winter,night,4.680683854402149
2018-12-18 03:00:00,2115.12,0.0,1.64,3.1785015805881356,0.201419944,20.141994399999998,0.0,0.0,0.0,0.0,0.015892507902940677,winter,night,3.1785015805881356
2018-12-18 04:00:00,2125.52,0.0,1.14,0.0,0.201812644,20.1812644,0.0,0.0,0.0,0.0,0.0,winter,night,0.0
2018-12-18 05:00:00,2195.92,0.0,0.5,10.32022551330299,0.2023153,20.23153,0.0,0.0,0.0,0.0,0.05160112756651495,winter,night,10.32022551330299
2018-12-18 15:00:00,2506.88,0.0,6.62,69.25866385047125,0.19750865199999998,19.750865199999996,0.0,0.0,0.0,0.0,0.34629331925235624,winter,night,69.25866385047125
2018-12-18 16:00:00,2550.0,0.0,6.26,123.18955618850016,0.197791396,19.7791396,0.0,0.0,0.0,0.0,0.6159477809425008,winter,night,123.18955618850016
2018-12-18 17:00:00,2703.04,0.0,6.12,160.095319320353,0.19790135199999997,19.790135199999998,0.0,0.0,0.0,0.0,0.8004765966017651,winter,night,160.095319320353
2018-12-18 18:00:00,2886.16,0.0,5.83,163.04578204615203,0.198129118,19.8129118,0.0,0.0,0.0,0.0,0.8152289102307602,winter,night,163.04578204615203
2018-12-18 19:00:00,2895.12,0.0,5.73,176.3235371284558,0.19820765799999998,19.820765799999997,0.0,0.0,0.0,0.0,0.8816176856422789,winter,night,176.3235371284558
2018-12-18 20:00:00,2852.7200000000003,0.0,5.72,177.17248570794663,0.19821551199999998,19.8215512,0.0,0.0,0.0,0.0,0.8858624285397332,winter,night,177.17248570794663
2018-12-18 21:00:00,2787.44,0.0,5.91,170.64234981322713,0.198066286,19.8066286,0.0,0.0,0.0,0.0,0.8532117490661356,winter,night,170.64234981322713
2018-12-18 22:00:00,2663.92,0.0,6.11,178.8164242194056,0.19790920599999998,19.790920599999996,0.0,0.0,0.0,0.0,0.894082121097028,winter,night,178.8164242194056
2018-12-18 23:00:00,2468.88,0.0,6.12,178.81984285310617,0.19790135199999997,19.790135199999998,0.0,0.0,0.0,0.0,0.8940992142655309,winter,night,178.81984285310617
2018-12-19 00:00:00,2266.88,0.0,5.94,178.51183850406363,0.19804272399999998,19.8042724,0.0,0.0,0.0,0.0,0.8925591925203181,winter,night,178.51183850406363
2018-12-19 01:00:00,2122.64,0.0,5.69,178.78965704489912,0.19823907400000002,19.823907400000003,0.0,0.0,0.0,0.0,0.8939482852244955,winter,night,178.78965704489912
2018-12-19 02:00:00,2057.28,0.0,5.42,178.82640129577308,0.19845113200000003,19.845113200000004,0.0,0.0,0.0,0.0,0.8941320064788654,winter,night,178.82640129577308
2018-12-19 03:00:00,2029.1200000000001,0.0,5.1,178.78111046064797,0.19870246000000003,19.870246,0.0,0.0,0.0,0.0,0.8939055523032399,winter,night,178.78111046064797
2018-12-19 04:00:00,2031.3600000000001,0.0,4.65,170.42804269777162,0.19905589,19.905589000000003,0.0,0.0,0.0,0.0,0.852140213488858,winter,night,170.42804269777162
2018-12-19 05:00:00,2092.88,0.0,4.02,119.83168203442203,0.19955069199999997,19.955069199999997,0.0,0.0,0.0,0.0,0.5991584101721101,winter,night,119.83168203442203
2018-12-19 15:00:00,2387.68,0.0,5.08,18.994545588487426,0.198718168,19.8718168,0.0,0.0,0.0,0.0,0.09497272794243714,winter,night,18.994545588487426
2018-12-19 16:00:00,2418.96,0.0,4.02,15.429348575481246,0.19955069199999997,19.955069199999997,0.0,0.0,0.0,0.0,0.07714674287740624,winter,night,15.429348575481246
2018-12-19 17:00:00,2557.28,0.0,3.26,13.162262543523607,0.20014759599999998,20.014759599999998,0.0,0.0,0.0,0.0,0.06581131271761803,winter,night,13.162262543523607
2018-12-19 18:00:00,2770.48,0.0,2.54,3.1955678515961607,0.20071308399999999,20.0713084,0.0,0.0,0.0,0.0,0.015977839257980804,winter,night,3.1955678515961607
2018-12-19 19:00:00,2778.88,0.0,3.27,0.0,0.20013974199999998,20.0139742,0.0,0.0,0.0,0.0,0.0,winter,night,0.0
2018-12-19 20:00:00,2746.8,0.0,2.97,0.0,0.200375362,20.0375362,0.0,0.0,0.0,0.0,0.0,winter,night,39.154754347756
2018-12-19 21:00:00,2698.8,0.0,2.52,0.0,0.20072879199999996,20.072879199999996,0.0,0.0,0.0,0.0,0.0,winter,night,12.846182884644714
2018-12-19 22:00:00,2586.7200000000003,0.0,1.95,0.0,0.20117646999999997,20.117646999999998,0.0,0.0,0.0,0.0,0.0,winter,night,43.68645638820853
2018-12-19 23:00:00,2401.52,0.0,1.02,0.0,0.20190689199999998,20.190689199999998,0.0,0.0,0.0,0.0,0.0,winter,night,53.079258555117626
2018-12-20 00:00:00,2216.0,0.0,0.51,0.0,0.20230744599999997,20.230744599999998,0.0,0.0,0.0,0.0,0.0,winter,night,59.166372253843754
2018-12-20 01:00:00,2084.4,0.0,0.18,0.0,0.20256662800000003,20.2566628,0.0,0.0,0.0,0.0,0.0,winter,night,39.6037106614668
2018-12-20 02:00:00,2008.4,0.0,0.15,0.0,0.20259018999999998,20.259019,0.0,0.0,0.0,0.0,0.0,winter,night,39.154754347756
2018-12-20 03:00:00,1968.0800000000002,0.0,0.0,0.0,0.20270800000000003,20.2708,0.0,0.0,0.0,0.0,0.0,winter,night,40.50306287311517
2018-12-20 04:00:00,1967.28,0.0,-0.29,0.0,0.202935766,20.293576599999998,0.0,0.0,0.0,0.0,0.0,winter,night,0.0
2018-12-20 05:00:00,2031.6000000000001,0.0,-0.65,0.0,0.20321851,20.321851,0.0,0.0,0.0,0.0,0.0,winter,night,17.007852680103692
2018-12-20 15:00:00,2518.7200000000003,0.0,3.66,0.0,0.19983343599999998,19.983343599999998,0.0,0.0,0.0,0.0,0.0,winter,night,24.19252509287157
2018-12-20 16:00:00,2545.12,0.0,2.72,0.0,0.20057171199999999,20.0571712,0.0,0.0,0.0,0.0,0.0,winter,night,0.0
2018-12-20 17:00:00,2685.36,0.0,1.6,0.0,0.20145136,20.145136,0.0,0.0,0.0,0.0,0.0,winter,night,0.0
2018-12-20 18:00:00,2915.12,0.0,0.47,0.0,0.20233886199999998,20.233886199999997,0.0,0.0,0.0,0.0,0.0,winter,night,2.0859609540905613
2018-12-20 19:00:00,2937.04,0.0,1.19,0.0,0.201773374,20.1773374,0.0,0.0,0.0,0.0,0.0,winter,night,0.0
2018-12-20 20:00:00,2928.4,0.0,1.06,0.0,0.201875476,20.1875476,0.0,0.0,0.0,0.0,0.0,winter,night,67.59000692016295
2018-12-20 21:00:00,2900.48,0.0,1.05,0.0,0.20188333,20.188333,0.0,0.0,0.0,0.0,0.0,winter,night,23.462804394391565
2018-12-20 22:00:00,2801.44,0.0,1.2,0.0,0.20176551999999998,20.176551999999997,0.0,0.0,0.0,0.0,0.0,winter,night,33.280908233138376
2018-12-20 23:00:00,2636.7200000000003,0.0,1.4,0.0,0.20160844,20.160844,0.0,0.0,0.0,0.0,0.0,winter,night,9.104764851091161
2018-12-21 00:00:00,2465.36,0.0,1.39,0.0,0.201616294,20.1616294,0.0,0.0,0.0,0.0,0.0,winter,night,44.59750408518528
2018-12-21 01:00:00,2343.84,0.0,1.35,0.0,0.20164771,20.164771000000002,0.0,0.0,0.0,0.0,0.0,winter,night,0.0
2018-12-21 02:00:00,2283.76,0.0,1.46,0.0,0.201561316,20.1561316,0.0,0.0,0.0,0.0,0.0,winter,night,59.13002805584988
2018-12-21 03:00:00,2262.48,0.0,0.85,0.0,0.20204041,20.204041,0.0,0.0,0.0,0.0,0.0,winter,night,14.973703498847438
2018-12-21 04:00:00,2278.16,0.0,-0.51,0.0,0.20310855399999997,20.310855399999998,0.0,0.0,0.0,0.0,0.0,winter,night,3.1785015805881356
2018-12-21 05:00:00,2352.08,0.0,-1.03,21.106151977901508,0.203516962,20.3516962,0.0,0.0,0.0,0.0,0.10553075988950754,winter,night,21.106151977901508
2018-12-21 15:00:00,2525.12,0.0,5.72,15.499977608348832,0.19821551199999998,19.8215512,0.0,0.0,0.0,0.0,0.07749988804174417,winter,night,15.499977608348832
2018-12-21 16:00:00,2571.92,0.0,3.82,53.21114265450875,0.19970777199999998,19.970777199999997,0.0,0.0,0.0,0.0,0.26605571327254374,winter,night,53.21114265450875
2018-12-21 17:00:00,2734.0,0.0,2.11,93.22769879587253,0.201050806,20.1050806,0.0,0.0,0.0,0.0,0.46613849397936263,winter,night,93.22769879587253
2018-12-21 18:00:00,2969.36,0.0,1.14,40.50306287311517,0.201812644,20.1812644,0.0,0.0,0.0,0.0,0.20251531436557585,winter,night,40.50306287311517
2018-12-21 19:00:00,2991.52,0.0,0.75,70.35092337920678,0.20211895000000002,20.211895000000002,0.0,0.0,0.0,0.0,0.3517546168960339,winter,night,70.35092337920678
2018-12-21 20:00:00,2974.08,0.0,-0.18,44.391043461441456,0.20284937200000003,20.2849372,0.0,0.0,0.0,0.0,0.22195521730720727,winter,night,44.391043461441456
2018-12-21 21:00:00,2934.96,0.0,-0.43,102.94340122019176,0.203045722,20.304572200000003,0.0,0.0,0.0,0.0,0.5147170061009588,winter,night,102.94340122019176
2018-12-21 22:00:00,2840.7200000000003,0.0,0.0,57.36419464418105,0.20270800000000003,20.2708,0.0,0.0,0.0,0.0,0.2868209732209052,winter,night,57.36419464418105
2018-12-21 23:00:00,2674.32,0.0,0.22,76.44955981315398,0.202535212,20.253521199999998,0.0,0.0,0.0,0.0,0.3822477990657699,winter,night,76.44955981315398
2018-12-22 00:00:00,2503.44,0.0,0.56,141.47701588860747,0.202268176,20.2268176,0.0,0.0,0.0,0.0,0.7073850794430373,winter,night,141.47701588860747
2018-12-22 01:00:00,2360.08,0.0,0.75,139.71971693837548,0.20211895000000002,20.211895000000002,0.0,0.0,0.0,0.0,0.6985985846918774,winter,night,139.71971693837548
2018-12-22 02:00:00,2280.7200000000003,0.0,0.59,171.47681162934123,0.202244614,20.2244614,0.0,0.0,0.0,0.0,0.8573840581467062,winter,night,171.47681162934123
2018-12-22 03:00:00,2238.32,0.0,0.89,138.6258268910843,0.202008994,20.2008994,0.0,0.0,0.0,0.0,0.6931291344554215,winter,night,138.6258268910843
2018-12-22 04:00:00,2230.2400000000002,0.0,0.77,170.27118560042607,0.202103242,20.2103242,0.0,0.0,0.0,0.0,0.8513559280021303,winter,night,170.27118560042607
2018-12-22 05:00:00,2271.04,0.0,0.41,173.56391174916092,0.202385986,20.2385986,0.0,0.0,0.0,0.0,0.8678195587458046,winter,night,173.56391174916092
2018-12-22 15:00:00,2530.64,0.0,4.23,178.87719588869982,0.19938575799999997,19.938575799999995,0.0,0.0,0.0,0.0,0.8943859794434991,winter,night,178.87719588869982
2018-12-22 16:00:00,2552.96,0.0,2.43,178.73801385495452,0.20079947799999998,20.0799478,0.0,0.0,0.0,0.0,0.8936900692747726,winter,night,178.73801385495452
2018-12-22 17:00:00,2672.64,0.0,1.7,178.81195090084023,0.20137281999999998,20.137282,0.0,0.0,0.0,0.0,0.8940597545042012,winter,night,178.81195090084023
2018-12-22 18:00:00,2804.16,0.0,0.21,176.9322115237443,0.20254306600000002,20.254306600000003,0.0,0.0,0.0,0.0,0.8846610576187214,winter,night,176.9322115237443
2018-12-22 19:00:00,2764.2400000000002,0.0,-1.03,166.85243067172308,0.203516962,20.3516962,0.0,0.0,0.0,0.0,0.8342621533586154,winter,night,166.85243067172308
2018-12-22 20:00:00,2702.96,0.0,-1.44,144.56496345411603,0.20383897599999998,20.383897599999997,0.0,0.0,0.0,0.0,0.7228248172705801,winter,night,144.56496345411603
2018-12-22 21:00:00,2635.2000000000003,0.0,-1.46,116.02503340885146,0.203854684,20.3854684,0.0,0.0,0.0,0.0,0.5801251670442573,winter,night,116.02503340885146
2018-12-22 22:00:00,2540.48,0.0,-1.23,142.12724729214247,0.20367404200000003,20.367404200000003,0.0,0.0,0.0,0.0,0.7106362364607124,winter,night,142.12724729214247
2018-12-22 23:00:00,2394.7200000000003,0.0,-0.96,173.79475438365037,0.203461984,20.346198400000002,0.0,0.0,0.0,0.0,0.8689737719182519,winter,night,173.79475438365037
2018-12-23 00:00:00,2228.88,0.0,-1.04,178.13658890276199,0.203524816,20.3524816,0.0,0.0,0.0,0.0,0.8906829445138099,winter,night,178.13658890276199
2018-12-23 01:00:00,2083.2,0.0,-1.51,177.49500106599496,0.203893954,20.389395399999998,0.0,0.0,0.0,0.0,0.8874750053299748,winter,night,177.49500106599496
2018-12-23 02:00:00,1990.16,0.0,-1.73,178.8566355952383,0.20406674200000002,20.4066742,0.0,0.0,0.0,0.0,0.8942831779761914,winter,night,178.8566355952383
2018-12-23 03:00:00,1938.64,0.0,-2.01,178.32071021001047,0.20428665399999998,20.4286654,0.0,0.0,0.0,0.0,0.8916035510500524,winter,night,178.32071021001047
2018-12-23 04:00:00,1919.3600000000001,0.0,-2.27,178.85267143488315,0.204490858,20.4490858,0.0,0.0,0.0,0.0,0.8942633571744157,winter,night,178.85267143488315
2018-12-23 05:00:00,1929.44,0.0,-2.31,178.84571293933664,0.20452227399999998,20.452227399999998,0.0,0.0,0.0,0.0,0.8942285646966832,winter,night,178.84571293933664
2018-12-23 15:00:00,2351.28,0.0,3.51,133.17702180779202,0.199951246,19.9951246,0.0,0.0,0.0,0.0,0.66588510903896,winter,night,133.17702180779202
2018-12-23 16:00:00,2345.28,0.0,3.04,57.27798930997986,0.200320384,20.032038399999998,0.0,0.0,0.0,0.0,0.2863899465498993,winter,night,57.27798930997986
2018-12-23 17:00:00,2430.96,0.0,2.85,88.99326635218685,0.20046961000000002,20.046961000000003,0.0,0.0,0.0,0.0,0.44496633176093425,winter,night,88.99326635218685
2018-12-23 18:00:00,2533.04,0.0,2.47,70.10056301330637,0.200768062,20.0768062,0.0,0.0,0.0,0.0,0.35050281506653186,winter,night,70.10056301330637
2018-12-23 19:00:00,2513.44,0.0,1.94,82.25582426740938,0.201184324,20.1184324,0.0,0.0,0.0,0.0,0.4112791213370469,winter,night,82.25582426740938
2018-12-23 20:00:00,2485.68,0.0,1.75,80.64724800596619,0.20133354999999997,20.133354999999998,0.0,0.0,0.0,0.0,0.40323624002983094,winter,night,80.64724800596619
2018-12-23 21:00:00,2444.7200000000003,0.0,1.49,48.938908244380755,0.20153775399999999,20.153775399999997,0.0,0.0,0.0,0.0,0.2446945412219038,winter,night,48.938908244380755
2018-12-23 22:00:00,2381.76,0.0,0.8,32.79956885108493,0.20207967999999998,20.207967999999997,0.0,0.0,0.0,0.0,0.16399784425542463,winter,night,32.79956885108493
2018-12-23 23:00:00,2286.48,0.0,0.28,24.12143993910686,0.202488088,20.248808800000003,0.0,0.0,0.0,0.0,0.1206071996955343,winter,night,24.12143993910686
2018-12-24 00:00:00,2163.52,0.0,-0.12,23.21873576923793,0.20280224799999996,20.280224799999996,0.0,0.0,0.0,0.0,0.11609367884618965,winter,night,23.21873576923793
2018-12-24 01:00:00,2038.56,0.0,-0.21,43.24391607409353,0.20287293399999998,20.2872934,0.0,0.0,0.0,0.0,0.21621958037046768,winter,night,43.24391607409353
2018-12-24 02:00:00,1962.48,0.0,-0.49,48.780732790953614,0.203092846,20.309284599999998,0.0,0.0,0.0,0.0,0.24390366395476806,winter,night,48.780732790953614
2018-12-24 03:00:00,1920.0,0.0,-0.54,88.95672212775268,0.20313211599999997,20.3132116,0.0,0.0,0.0,0.0,0.4447836106387634,winter,night,88.95672212775268
2018-12-24 04:00:00,1910.72,0.0,-0.43,83.9518908813946,0.203045722,20.304572200000003,0.0,0.0,0.0,0.0,0.41975945440697304,winter,night,83.9518908813946
2018-12-24 05:00:00,1926.8,0.0,-0.26,158.4056656752597,0.20291220399999998,20.2912204,0.0,0.0,0.0,0.0,0.7920283283762986,winter,night,158.4056656752597
2018-12-24 15:00:00,2361.68,0.0,3.21,178.78275916342557,0.20018686600000002,20.018686600000002,0.0,0.0,0.0,0.0,0.8939137958171278,winter,night,178.78275916342557
2018-12-24 16:00:00,2379.28,0.0,2.58,178.75921665758696,0.200681668,20.0681668,0.0,0.0,0.0,0.0,0.8937960832879348,winter,night,178.75921665758696
2018-12-24 17:00:00,2489.28,0.0,2.32,178.785486796697,0.20088587200000002,20.088587200000003,0.0,0.0,0.0,0.0,0.893927433983485,winter,night,178.785486796697
2018-12-24 18:00:00,2599.12,0.0,2.23,178.7653265561156,0.200956558,20.0956558,0.0,0.0,0.0,0.0,0.8938266327805781,winter,night,178.7653265561156
2018-12-24 19:00:00,2555.12,0.0,2.19,178.74029294408822,0.200987974,20.098797400000002,0.0,0.0,0.0,0.0,0.8937014647204411,winter,night,178.74029294408822
2018-12-24 20:00:00,2509.04,0.0,2.14,178.7103617149868,0.201027244,20.1027244,0.0,0.0,0.0,0.0,0.893551808574934,winter,night,178.7103617149868
2018-12-24 21:00:00,2479.04,0.0,2.03,178.77297605209074,0.20111363799999998,20.1113638,0.0,0.0,0.0,0.0,0.8938648802604537,winter,night,178.77297605209074
2018-12-24 22:00:00,2445.92,0.0,1.99,178.80088277116408,0.201145054,20.1145054,0.0,0.0,0.0,0.0,0.8940044138558204,winter,night,178.80088277116408
2018-12-24 23:00:00,2367.6,0.0,2.26,178.76309595824006,0.200932996,20.0932996,0.0,0.0,0.0,0.0,0.8938154797912002,winter,night,178.76309595824006
2018-12-25 00:00:00,2252.32,0.0,3.05,178.78593534083527,0.20031253000000002,20.031253000000003,0.0,0.0,0.0,0.0,0.8939296767041763,winter,night,178.78593534083527
2018-12-25 01:00:00,2136.8,0.0,3.33,151.2091507880371,0.200092618,20.0092618,0.0,0.0,0.0,0.0,0.7560457539401856,winter,night,151.2091507880371
2018-12-25 02:00:00,2053.28,0.0,3.35,108.1565387888073,0.20007691,20.007691,0.0,0.0,0.0,0.0,0.5407826939440364,winter,night,108.1565387888073
2018-12-25 03:00:00,2006.8,0.0,3.12,162.4239422742725,0.200257552,20.0257552,0.0,0.0,0.0,0.0,0.8121197113713624,winter,night,162.4239422742725
2018-12-25 04:00:00,1993.8400000000001,0.0,3.3,100.89419095722,0.20011618,20.011618000000002,0.0,0.0,0.0,0.0,0.5044709547861,winter,night,100.89419095722
2018-12-25 05:00:00,2020.72,0.0,3.35,54.61210965553019,0.20007691,20.007691,0.0,0.0,0.0,0.0,0.27306054827765097,winter,night,54.61210965553019
2018-12-25 15:00:00,2418.56,0.0,1.94,26.313902470805687,0.201184324,20.1184324,0.0,0.0,0.0,0.0,0.13156951235402845,winter,night,26.313902470805687
2018-12-25 16:00:00,2453.04,0.0,0.94,24.427245512662292,0.201969724,20.1969724,0.0,0.0,0.0,0.0,0.12213622756331147,winter,night,24.427245512662292
2018-12-25 17:00:00,2575.76,0.0,0.41,29.599939856617567,0.202385986,20.2385986,0.0,0.0,0.0,0.0,0.14799969928308784,winter,night,29.599939856617567
2018-12-25 18:00:00,2737.2000000000003,0.0,-0.18,31.199524020374973,0.20284937200000003,20.2849372,0.0,0.0,0.0,0.0,0.15599762010187487,winter,night,31.199524020374973
2018-12-25 19:00:00,2753.76,0.0,-1.18,9.984736470668027,0.203634772,20.3634772,0.0,0.0,0.0,0.0,0.04992368235334013,winter,night,9.984736470668027
2018-12-25 20:00:00,2752.4,0.0,-1.81,11.842589621462043,0.20412957399999998,20.412957399999996,0.0,0.0,0.0,0.0,0.05921294810731022,winter,night,11.842589621462043
2018-12-25 21:00:00,2744.4,0.0,-2.29,8.38019786414289,0.204506566,20.4506566,0.0,0.0,0.0,0.0,0.04190098932071445,winter,night,8.38019786414289
2018-12-25 22:00:00,2692.16,0.0,-2.76,11.066118804056572,0.20487570399999996,20.487570399999996,0.0,0.0,0.0,0.0,0.05533059402028286,winter,night,11.066118804056572
2018-12-25 23:00:00,2604.32,0.0,-3.11,9.104764851091161,0.205150594,20.5150594,0.0,0.0,0.0,0.0,0.04552382425545581,winter,night,9.104764851091161
2018-12-26 00:00:00,2501.76,0.0,-3.59,19.588116472209496,0.205527586,20.5527586,0.0,0.0,0.0,0.0,0.09794058236104748,winter,night,19.588116472209496
2018-12-26 01:00:00,2386.7200000000003,0.0,-3.97,17.01342311338525,0.205826038,20.582603799999998,0.0,0.0,0.0,0.0,0.08506711556692625,winter,night,17.01342311338525
2018-12-26 02:00:00,2330.08,0.0,-4.29,12.544225547030113,0.20607736599999998,20.6077366,0.0,0.0,0.0,0.0,0.06272112773515057,winter,night,12.544225547030113
2018-12-26 03:00:00,2310.48,0.0,-4.59,9.752196642142868,0.20631298599999998,20.631298599999997,0.0,0.0,0.0,0.0,0.04876098321071434,winter,night,9.752196642142868
2018-12-26 04:00:00,2324.0,0.0,-4.99,9.244766690169554,0.20662714599999998,20.662714599999997,0.0,0.0,0.0,0.0,0.04622383345084777,winter,night,9.244766690169554
2018-12-26 05:00:00,2381.04,0.0,-6.02,0.0,0.20743610799999998,20.7436108,0.0,0.0,0.0,0.0,0.0,winter,night,0.0
2018-12-26 15:00:00,2722.16,0.0,-5.45,0.0,0.20698842999999997,20.698842999999997,0.0,0.0,0.0,0.0,0.0,winter,night,52.0861575879202
2018-12-26 16:00:00,2763.84,0.0,-6.56,0.0,0.207860224,20.7860224,0.0,0.0,0.0,0.0,0.0,winter,night,3.834698166552974
2018-12-26 17:00:00,2930.64,0.0,-7.82,0.0,0.208849828,20.8849828,0.0,0.0,0.0,0.0,0.0,winter,night,0.0
2018-12-26 18:00:00,3164.0,0.0,-9.29,0.0,0.21000436600000003,21.000436600000004,0.0,0.0,0.0,0.0,0.0,winter,night,84.38825765220473
2018-12-26 19:00:00,3173.12,0.0,-10.81,0.0,0.21119817400000002,21.119817400000002,0.0,0.0,0.0,0.0,0.0,winter,night,0.0
2018-12-26 20:00:00,3138.8,0.0,-11.68,0.0,0.21188147200000002,21.188147200000003,0.0,0.0,0.0,0.0,0.0,winter,night,34.20417572717245
2018-12-26 21:00:00,3086.16,0.0,-12.29,0.0,0.212360566,21.2360566,0.0,0.0,0.0,0.0,0.0,winter,night,79.66790037186539
2018-12-26 22:00:00,2985.04,0.0,-13.18,0.0,0.21305957199999997,21.305957199999998,0.0,0.0,0.0,0.0,0.0,winter,night,81.42370215450144
2018-12-26 23:00:00,2828.4,0.0,-13.86,0.0,0.213593644,21.3593644,0.0,0.0,0.0,0.0,0.0,winter,night,1.3910777203502698
2018-12-27 00:00:00,2675.6,0.0,-13.92,0.0,0.21364076799999995,21.364076799999996,0.0,0.0,0.0,0.0,0.0,winter,night,31.199524020374973
2018-12-27 01:00:00,2565.44,0.0,-13.78,0.0,0.213530812,21.3530812,0.0,0.0,0.0,0.0,0.0,winter,night,62.10580321841048
2018-12-27 02:00:00,2490.4,0.0,-13.11,0.0,0.213004594,21.300459399999998,0.0,0.0,0.0,0.0,0.0,winter,night,22.7180392830662
2018-12-27 03:00:00,2462.4,0.0,-12.55,0.0,0.21256476999999996,21.256476999999997,0.0,0.0,0.0,0.0,0.0,winter,night,24.12143993910686
2018-12-27 04:00:00,2474.2400000000002,0.0,-13.02,0.0,0.21293390800000003,21.293390800000005,0.0,0.0,0.0,0.0,0.0,winter,night,19.588116472209496
2018-12-27 05:00:00,2526.7200000000003,0.0,-13.12,0.0,0.21301244799999997,21.301244799999996,0.0,0.0,0.0,0.0,0.0,winter,night,23.701129836156397
2018-12-27 15:00:00,2957.2000000000003,0.0,-6.41,0.0,0.207742414,20.774241399999998,0.0,0.0,0.0,0.0,0.0,winter,night,0.0
2018-12-27 16:00:00,2991.44,0.0,-5.7,0.0,0.20718477999999999,20.718477999999998,0.0,0.0,0.0,0.0,0.0,winter,night,1.947867700626483
2018-12-27 17:00:00,3157.76,0.0,-5.44,0.0,0.206980576,20.6980576,0.0,0.0,0.0,0.0,0.0,winter,night,45.570350859988395
2018-12-27 18:00:00,3409.76,0.0,-6.01,0.0,0.207428254,20.7428254,0.0,0.0,0.0,0.0,0.0,winter,night,0.15289122038141165
2018-12-27 19:00:00,3428.16,0.0,-6.77,0.0,0.208025158,20.8025158,0.0,0.0,0.0,0.0,0.0,winter,night,0.0
2018-12-27 20:00:00,3410.88,0.0,-7.15,0.0,0.20832361000000002,20.832361000000002,0.0,0.0,0.0,0.0,0.0,winter,night,24.427245512662292
2018-12-27 21:00:00,3367.6,0.0,-7.49,0.0,0.20859064600000002,20.859064600000004,0.0,0.0,0.0,0.0,0.0,winter,night,11.066118804056572
2018-12-27 22:00:00,3266.0,0.0,-7.61,0.0,0.20868489399999998,20.868489399999998,0.0,0.0,0.0,0.0,0.0,winter,night,61.92113638450791
2018-12-27 23:00:00,3117.04,0.0,-7.65,0.0,0.20871631,20.871630999999997,0.0,0.0,0.0,0.0,0.0,winter,night,57.27798930997986
2018-12-28 00:00:00,2979.6,0.0,-7.77,0.0,0.20881055799999998,20.8810558,0.0,0.0,0.0,0.0,0.0,winter,night,25.005959887164362
2018-12-28 01:00:00,2862.08,0.0,-7.79,0.0,0.208826266,20.882626600000002,0.0,0.0,0.0,0.0,0.0,winter,night,0.0
2018-12-28 02:00:00,2818.48,0.0,-8.31,0.0,0.209234674,20.9234674,0.0,0.0,0.0,0.0,0.0,winter,night,0.0
2018-12-28 03:00:00,2808.7200000000003,0.0,-9.18,0.0,0.20991797199999998,20.991797199999997,0.0,0.0,0.0,0.0,0.0,winter,night,27.847741580603714
2018-12-28 04:00:00,2830.7200000000003,0.0,-10.49,0.0,0.210946846,21.0946846,0.0,0.0,0.0,0.0,0.0,winter,night,49.51115661267699
2018-12-28 05:00:00,2897.04,0.0,-11.0,0.0,0.21134739999999996,21.134739999999997,0.0,0.0,0.0,0.0,0.0,winter,night,0.0
2018-12-28 15:00:00,3121.84,0.0,-5.11,0.0,0.206721394,20.6721394,0.0,0.0,0.0,0.0,0.0,winter,night,0.0
2018-12-28 16:00:00,3169.6,0.0,-6.55,10.207499249265906,0.20785237,20.785237000000002,0.0,0.0,0.0,0.0,0.05103749624632953,winter,night,10.207499249265906
2018-12-28 17:00:00,3324.48,0.0,-8.21,27.25015349921314,0.209156134,20.915613399999998,0.0,0.0,0.0,0.0,0.1362507674960657,winter,night,27.25015349921314
2018-12-28 18:00:00,3570.2400000000002,0.0,-9.89,27.847741580603714,0.21047560599999998,21.047560599999997,0.0,0.0,0.0,0.0,0.13923870790301857,winter,night,27.847741580603714
2018-12-28 19:00:00,3577.2000000000003,0.0,-9.85,43.572159462012515,0.21044419,21.044419,0.0,0.0,0.0,0.0,0.21786079731006258,winter,night,43.572159462012515
2018-12-28 20:00:00,3552.88,0.0,-10.42,38.420572453524905,0.210891868,21.0891868,0.0,0.0,0.0,0.0,0.19210286226762452,winter,night,38.420572453524905
2018-12-28 21:00:00,3494.88,0.0,-11.07,8.024628136896766,0.211402378,21.1402378,0.0,0.0,0.0,0.0,0.04012314068448383,winter,night,8.024628136896766
2018-12-28 22:00:00,3438.16,0.0,-12.21,10.30411808115755,0.212297734,21.2297734,0.0,0.0,0.0,0.0,0.051520590405787756,winter,night,10.30411808115755
2018-12-28 23:00:00,3257.76,0.0,-12.53,14.29105568923008,0.21254906199999998,21.254906199999997,0.0,0.0,0.0,0.0,0.07145527844615039,winter,night,14.29105568923008
2018-12-29 00:00:00,3106.8,0.0,-12.9,22.052145203144484,0.21283965999999999,21.283966,0.0,0.0,0.0,0.0,0.11026072601572241,winter,night,22.052145203144484
2018-12-29 01:00:00,2981.04,0.0,-13.47,25.225876835048684,0.213287338,21.3287338,0.0,0.0,0.0,0.0,0.12612938417524341,winter,night,25.225876835048684
2018-12-29 02:00:00,2911.44,0.0,-13.29,40.942078478902374,0.213145966,21.314596599999998,0.0,0.0,0.0,0.0,0.20471039239451186,winter,night,40.942078478902374
2018-12-29 03:00:00,2890.2400000000002,0.0,-12.73,24.94776431596034,0.21270614200000001,21.2706142,0.0,0.0,0.0,0.0,0.1247388215798017,winter,night,24.94776431596034
2018-12-29 04:00:00,2893.12,0.0,-12.62,9.516047245588169,0.21261974799999994,21.261974799999994,0.0,0.0,0.0,0.0,0.047580236227940845,winter,night,9.516047245588169
2018-12-29 05:00:00,2912.64,0.0,-12.6,29.495292690796166,0.21260403999999997,21.260403999999998,0.0,0.0,0.0,0.0,0.14747646345398083,winter,night,29.495292690796166
2018-12-29 15:00:00,3022.08,0.0,-5.1,0.03169309491978493,0.20671354,20.671354,0.0,0.0,0.0,0.0,0.00015846547459892464,winter,night,0.03169309491978493
2018-12-29 16:00:00,3074.56,0.0,-5.46,0.0,0.206996284,20.6996284,0.0,0.0,0.0,0.0,0.0,winter,night,0.0
2018-12-29 17:00:00,3210.7200000000003,0.0,-5.74,0.0,0.20721619600000002,20.7216196,0.0,0.0,0.0,0.0,0.0,winter,night,24.19252509287157
2018-12-29 18:00:00,3438.56,0.0,-6.56,0.0,0.207860224,20.7860224,0.0,0.0,0.0,0.0,0.0,winter,night,31.721586967175206
2018-12-29 19:00:00,3430.56,0.0,-8.16,0.0,0.20911686399999999,20.911686399999997,0.0,0.0,0.0,0.0,0.0,winter,night,42.47479016694808
2018-12-29 20:00:00,3404.4,0.0,-7.98,3.2969903487496675,0.20897549199999998,20.8975492,0.0,0.0,0.0,0.0,0.01648495174374834,winter,night,3.2969903487496675
2018-12-29 21:00:00,3349.2000000000003,0.0,-7.3,6.651050362302836,0.20844142,20.844141999999998,0.0,0.0,0.0,0.0,0.03325525181151418,winter,night,6.651050362302836
2018-12-29 22:00:00,3261.52,0.0,-7.53,1.3910777203502698,0.208622062,20.8622062,0.0,0.0,0.0,0.0,0.006955388601751349,winter,night,1.3910777203502698
2018-12-29 23:00:00,3127.04,0.0,-7.64,0.0,0.208708456,20.8708456,0.0,0.0,0.0,0.0,0.0,winter,night,19.087842769194843
2018-12-30 00:00:00,2982.88,0.0,-7.43,0.08619788766739701,0.20854352199999998,20.854352199999997,0.0,0.0,0.0,0.0,0.0004309894383369851,winter,night,0.08619788766739701
2018-12-30 01:00:00,2852.56,0.0,-7.19,0.0,0.208355026,20.835502599999998,0.0,0.0,0.0,0.0,0.0,winter,night,0.0
2018-12-30 02:00:00,2763.2000000000003,0.0,-6.78,0.0,0.208033012,20.8033012,0.0,0.0,0.0,0.0,0.0,winter,night,66.64894313438256
2018-12-30 03:00:00,2704.96,0.0,-6.55,0.0,0.20785237,20.785237000000002,0.0,0.0,0.0,0.0,0.0,winter,night,67.54839535925115
2018-12-30 04:00:00,2690.8,0.0,-6.3,0.0,0.20765602,20.765602,0.0,0.0,0.0,0.0,0.0,winter,night,81.42370215450144
2018-12-30 05:00:00,2718.0,0.0,-6.07,0.0,0.207475378,20.7475378,0.0,0.0,0.0,0.0,0.0,winter,night,0.0
2018-12-30 15:00:00,2960.32,0.0,-2.14,0.0,0.204388756,20.4388756,0.0,0.0,0.0,0.0,0.0,winter,night,10.59677494699145
2018-12-30 16:00:00,2958.56,0.0,-2.71,0.0,0.204836434,20.483643400000002,0.0,0.0,0.0,0.0,0.0,winter,night,3.2969903487496675
2018-12-30 17:00:00,3053.12,0.0,-3.68,0.0,0.205598272,20.5598272,0.0,0.0,0.0,0.0,0.0,winter,night,0.0
2018-12-30 18:00:00,3235.76,0.0,-3.45,0.0,0.20541763,20.541763,0.0,0.0,0.0,0.0,0.0,winter,night,6.179863837427485
2018-12-30 19:00:00,3262.56,0.0,-4.48,0.0,0.206226592,20.622659199999998,0.0,0.0,0.0,0.0,0.0,winter,night,33.60379030632658
2018-12-30 20:00:00,3240.48,0.0,-4.35,0.0,0.20612449000000002,20.612449,0.0,0.0,0.0,0.0,0.0,winter,night,16.287010427923125
2018-12-30 21:00:00,3230.64,0.0,-4.59,0.0,0.20631298599999998,20.631298599999997,0.0,0.0,0.0,0.0,0.0,winter,night,61.92113638450791
2018-12-30 22:00:00,3155.04,0.0,-4.78,0.0,0.206462212,20.6462212,0.0,0.0,0.0,0.0,0.0,winter,night,9.492729011818561
2018-12-30 23:00:00,3029.92,0.0,-4.93,0.0,0.206580022,20.6580022,0.0,0.0,0.0,0.0,0.0,winter,night,0.0
2018-12-31 00:00:00,2892.48,0.0,-4.94,0.0,0.206587876,20.6587876,0.0,0.0,0.0,0.0,0.0,winter,night,20.377046512259476
2018-12-31 01:00:00,2819.36,0.0,-4.8,0.0,0.20647791999999998,20.647792,0.0,0.0,0.0,0.0,0.0,winter,night,0.0
2018-12-31 02:00:00,2752.8,0.0,-5.1,0.0,0.20671354,20.671354,0.0,0.0,0.0,0.0,0.0,winter,night,28.77342151473143
2018-12-31 03:00:00,2732.0,0.0,-5.65,0.0,0.20714551,20.714551,0.0,0.0,0.0,0.0,0.0,winter,night,50.28447701365342
2018-12-31 04:00:00,2737.6,0.0,-6.02,0.0,0.20743610799999998,20.7436108,0.0,0.0,0.0,0.0,0.0,winter,night,2.967450198512777
2018-12-31 05:00:00,2770.16,0.0,-6.15,0.0,0.20753821000000003,20.753821000000002,0.0,0.0,0.0,0.0,0.0,winter,night,33.79122720335197
2018-12-31 15:00:00,3216.8,0.0,-4.11,24.907627192366952,0.20593599399999998,20.5935994,0.0,0.0,0.0,0.0,0.12453813596183476,winter,night,24.907627192366952
2018-12-31 16:00:00,3248.32,0.0,-5.36,56.60784618356189,0.206917744,20.6917744,0.0,0.0,0.0,0.0,0.28303923091780947,winter,night,56.60784618356189
2018-12-31 17:00:00,3361.04,0.0,-6.09,23.659334917674567,0.207491086,20.7491086,0.0,0.0,0.0,0.0,0.11829667458837284,winter,night,23.659334917674567
2018-12-31 18:00:00,3568.4,0.0,-5.9,16.07459598688781,0.20734185999999996,20.734185999999998,0.0,0.0,0.0,0.0,0.08037297993443905,winter,night,16.07459598688781
2018-12-31 19:00:00,3572.0,0.0,-6.03,26.314141896392833,0.20744396199999998,20.744396199999997,0.0,0.0,0.0,0.0,0.13157070948196417,winter,night,26.314141896392833
2018-12-31 20:00:00,3515.84,0.0,-6.38,85.98034688587218,0.20771885199999998,20.7718852,0.0,0.0,0.0,0.0,0.4299017344293609,winter,night,85.98034688587218
2018-12-31 21:00:00,3447.36,0.0,-6.85,114.69695483025755,0.20808799,20.808799,0.0,0.0,0.0,0.0,0.5734847741512877,winter,night,114.69695483025755
2018-12-31 22:00:00,3367.2000000000003,0.0,-8.32,133.1385924856971,0.20924252799999998,20.924252799999998,0.0,0.0,0.0,0.0,0.6656929624284855,winter,night,133.1385924856971
2018-12-31 23:00:00,3277.76,0.0,-9.78,174.50119927821166,0.210389212,21.0389212,0.0,0.0,0.0,0.0,0.8725059963910583,winter,night,174.50119927821166
