DateTime,load_PJME_MW,solar_G_i__POA,solar_T2m,wind_Energy_scaled_MW,eta_eff,eta_eff_pct,P_150MW_adj_MW,P_110MW_adj_MW,CF_150MW,CF_110MW,CF_Wind,season,day_night,wind_Energy_smoothed_MW
2018-03-01 05:00:00,1795.44,24.1,-4.61,0.0,0.20527713066666667,20.527713066666667,65.10110825989385,47.740812723922154,0.4340073883992923,0.4340073883992923,0.0,spring,day,5.560958165504546
2018-03-01 06:00:00,1954.56,53.77,-3.45,0.0,0.20307146566666665,20.307146566666663,96.37140441395152,70.6723632368978,0.6424760294263435,0.6424760294263436,0.0,spring,day,0.0
2018-03-01 07:00:00,2213.2000000000003,107.55,-1.65,0.0,0.19931114500000002,19.931114500000003,120.06285766499104,88.04609562099344,0.8004190510999403,0.8004190510999404,0.0,spring,day,17.500867847911874
2018-03-01 08:00:00,2338.08,177.07,-0.78,0.0,0.19559445766666667,19.559445766666666,136.1754680130123,99.86200987620902,0.907836453420082,0.9078364534200819,0.0,spring,day,9.725859827552606
2018-03-01 09:00:00,2364.16,244.87,0.38,0.0,0.19172505366666667,19.172505366666666,144.70923545801529,106.12010600254453,0.9647282363867685,0.9647282363867685,0.0,spring,day,12.716811238566953
2018-03-01 10:00:00,2379.84,297.27,1.09,0.0,0.188881033,18.8881033,145.66415999999998,106.82038399999998,0.9710943999999999,0.9710943999999998,0.0,spring,day,0.0
2018-03-01 11:00:00,2402.08,372.28,1.45,0.0,0.18532535266666667,18.532535266666667,139.04024163896645,101.9628438685754,0.9269349442597763,0.9269349442597764,0.0,spring,day,6.434117142147356
2018-03-01 12:00:00,2381.52,268.43,1.86,0.0,0.18953466033333333,18.95346603333333,124.83748037491469,91.54748560827076,0.8322498691660979,0.8322498691660979,0.0,spring,day,23.17334037483738
2018-03-01 13:00:00,2343.52,323.47,2.26,0.0,0.18681892166666667,18.681892166666668,103.0558762078447,75.5743092190861,0.6870391747189647,0.6870391747189646,0.0,spring,day,18.08340090899435
2018-03-01 14:00:00,2348.7200000000003,312.58,2.1,0.0,0.18741975266666666,18.741975266666667,73.69542913775635,54.04331470102133,0.49130286091837566,0.4913028609183757,0.0,spring,day,0.0
2018-03-01 15:00:00,2337.68,49.4,1.4,0.0,0.19945295333333332,19.94529533333333,36.756139164649895,26.95450205407659,0.24504092776433264,0.24504092776433262,0.0,spring,day,16.781871294245203
2018-03-02 05:00:00,1827.8400000000001,27.81,-1.86,171.88665974334282,0.202955401,20.2955401,73.64923061414623,54.00943578370723,0.49099487076097487,0.49099487076097487,0.8594332987167141,spring,day,171.88665974334282
2018-03-02 06:00:00,2011.52,300.24,1.58,171.90250426194814,0.188366596,18.8366596,101.60159985499683,74.50783989366434,0.6773439990333122,0.6773439990333122,0.8595125213097407,spring,day,171.90250426194814
2018-03-02 07:00:00,2297.12,270.35,3.39,174.20942737783926,0.18824922233333333,18.824922233333332,122.77927741400758,90.0381367702722,0.8185285160933838,0.8185285160933836,0.8710471368891963,spring,day,174.20942737783926
2018-03-02 08:00:00,2423.04,531.07,5.55,176.6763352772275,0.17517667566666667,17.517667566666667,137.18226329117834,100.60032641353078,0.914548421941189,0.9145484219411889,0.8833816763861375,spring,day,176.6763352772275
2018-03-02 09:00:00,2408.2400000000002,893.7,7.45,175.357542774572,0.15786166,15.786165999999998,144.81055748650914,106.19440882344003,0.9654037165767276,0.9654037165767275,0.87678771387286,spring,day,175.357542774572
2018-03-02 10:00:00,2373.52,738.27,8.79,146.93172478258145,0.163591153,16.3591153,145.66415999999998,106.82038399999998,0.9710943999999999,0.9710943999999998,0.7346586239129073,spring,day,146.93172478258145
2018-03-02 11:00:00,2365.6,604.42,9.74,131.46204360312237,0.16868534466666665,16.868534466666667,139.74307083165093,102.47825194321065,0.9316204722110062,0.931620472211006,0.6573102180156118,spring,day,131.46204360312237
2018-03-02 12:00:00,2353.12,388.16,10.51,140.7789599817085,0.17751673133333332,17.75167313333333,127.04728998146187,93.16801265307203,0.8469819332097458,0.8469819332097457,0.7038947999085425,spring,day,140.7789599817085
2018-03-02 13:00:00,2329.92,302.03,10.67,138.82812029732997,0.18114920633333334,18.114920633333334,107.57681744943294,78.88966612958413,0.7171787829962196,0.7171787829962194,0.6941406014866499,spring,day,138.82812029732997
2018-03-02 14:00:00,2320.96,166.94,10.57,140.76739481663643,0.18712217333333334,18.712217333333335,81.33165323556395,59.64321237274689,0.5422110215704263,0.5422110215704262,0.7038369740831821,spring,day,140.76739481663643
2018-03-02 15:00:00,2311.76,26.55,9.17,0.0,0.194347417,19.4347417,48.31179733985515,35.428651382560425,0.32207864893236765,0.3220786489323675,0.0,spring,day,7.584942745606187
2018-03-03 05:00:00,2199.84,108.39,3.55,171.8972914516955,0.19519041299999998,19.519041299999998,94.73094547994157,69.46936001862382,0.6315396365329438,0.6315396365329438,0.8594864572584775,spring,day,171.8972914516955
2018-03-03 06:00:00,2388.08,340.88,4.82,171.9323869997914,0.18404864133333332,18.404864133333334,114.50051313805818,83.96704296790932,0.7633367542537212,0.7633367542537212,0.8596619349989569,spring,day,171.9323869997914
2018-03-03 07:00:00,2648.96,649.15,7.1,178.82029139724443,0.16880708166666666,16.880708166666665,129.47861841912237,94.95098684068974,0.8631907894608158,0.8631907894608158,0.8941014569862221,spring,day,178.82029139724443
2018-03-03 08:00:00,2731.04,845.08,9.44,171.92588917119747,0.15842016666666667,15.842016666666666,139.66526132313408,102.42119163696498,0.9311017421542271,0.931101742154227,0.8596294458559873,spring,day,171.92588917119747
2018-03-03 09:00:00,2674.32,530.5,11.52,172.92434842242199,0.17051270866666668,17.05127086666667,145.0604418500933,106.37765735673506,0.9670696123339553,0.967069612333955,0.86462174211211,spring,day,172.92434842242199
2018-03-03 10:00:00,2616.2400000000002,391.6,12.66,171.91700314813914,0.17567802266666666,17.567802266666664,145.66415999999998,106.82038399999998,0.9710943999999999,0.9710943999999998,0.8595850157406957,spring,day,171.91700314813914
2018-03-03 11:00:00,2587.6,116.82,13.11,172.44141185955306,0.18731415999999998,18.731416,141.47641577285424,103.74937156675976,0.9431761051523616,0.9431761051523615,0.8622070592977653,spring,day,172.44141185955306
2018-03-03 12:00:00,2571.76,350.62,13.13,178.6022625777246,0.17709697866666665,17.709697866666666,132.49720916865598,97.16462005701439,0.8833147277910399,0.8833147277910399,0.8930113128886229,spring,day,178.6022625777246
2018-03-03 13:00:00,2564.32,249.22,12.99,178.7531067590583,0.18163135466666666,18.163135466666667,118.7265401874053,87.06612947076388,0.7915102679160354,0.7915102679160353,0.8937655337952916,spring,day,178.7531067590583
2018-03-03 14:00:00,2554.32,381.1,12.78,175.5748442252194,0.17604192466666665,17.604192466666664,100.16440882910206,73.45389980800819,0.6677627255273471,0.6677627255273472,0.877874221126097,spring,day,175.5748442252194
2018-03-03 15:00:00,2547.52,62.47,11.88,178.88255417272694,0.19065167366666663,19.065167366666664,76.81081509374643,56.32793106874739,0.5120721006249762,0.5120721006249763,0.8944127708636347,spring,day,178.88255417272694
2018-03-04 05:00:00,2380.0,12.98,5.89,178.89875025295368,0.19751563333333333,19.751563333333333,56.022850919250665,41.08342400745049,0.37348567279500444,0.37348567279500444,0.8944937512647684,spring,day,178.89875025295368
2018-03-04 06:00:00,2464.56,55.63,6.82,178.90311446618844,0.19492424966666666,19.492424966666665,90.81684422073577,66.59901909520623,0.6054456281382385,0.6054456281382384,0.8945155723309423,spring,day,178.90311446618844
2018-03-04 07:00:00,2562.0,68.61,8.05,171.87201538337732,0.193391847,19.3391847,117.17797177955333,85.93051263833911,0.7811864785303555,0.7811864785303555,0.8593600769168865,spring,day,171.87201538337732
2018-03-04 08:00:00,2615.28,105.69,9.09,174.27313276825188,0.190957107,19.095710699999998,135.10623359570323,99.07790463684903,0.9007082239713549,0.9007082239713547,0.8713656638412595,spring,day,174.27313276825188
2018-03-04 09:00:00,2615.92,412.37,9.89,172.28553671018506,0.17694731633333333,17.694731633333333,144.60162966918546,106.04119509073598,0.9640108644612364,0.9640108644612362,0.8614276835509252,spring,day,172.28553671018506
2018-03-04 10:00:00,2625.52,602.99,10.86,172.0687444177484,0.16786809233333333,16.786809233333333,145.66415999999998,106.82038399999998,0.9710943999999999,0.9710943999999998,0.860343722088742,spring,day,172.0687444177484
2018-03-04 11:00:00,2620.48,380.9,12.51,175.135695268472,0.17626270933333335,17.626270933333334,138.2938245881469,101.41547136464106,0.9219588305876459,0.921958830587646,0.8756784763423601,spring,day,175.135695268472
2018-03-04 12:00:00,2577.04,111.25,13.42,93.27988751247122,0.18731372366666668,18.73137236666667,122.49062343362615,89.82645718465918,0.8166041562241744,0.8166041562241744,0.4663994375623561,spring,day,93.27988751247122
2018-03-04 13:00:00,2516.64,101.98,9.57,2.400941793482704,0.19074199466666666,19.074199466666666,98.25455653643782,72.0533414600544,0.6550303769095854,0.6550303769095854,0.01200470896741352,spring,day,2.400941793482704
2018-03-04 14:00:00,2452.32,152.21,9.49,10.716895370222629,0.18861312433333333,18.86131243333333,65.58562389658172,48.09612419082659,0.4372374926438782,0.4372374926438781,0.053584476851113144,spring,day,10.716895370222629
2018-03-04 15:00:00,2414.8,4.64,8.13,11.072360538193367,0.1961202393333333,19.61202393333333,24.483825514058104,17.95480537697594,0.16322550342705403,0.163225503427054,0.055361802690966834,spring,day,11.072360538193367
2018-03-05 05:00:00,2522.8,137.3,1.34,0.0,0.19566470733333335,19.566470733333336,98.75650146573949,72.42143440820894,0.6583766764382633,0.658376676438263,0.0,spring,day,5.073643751234253
2018-03-05 06:00:00,2596.0,380.15,5.05,5.758203177169561,0.18215451833333335,18.215451833333336,116.96356217877752,85.7732789311035,0.7797570811918502,0.77975708119185,0.028791015885847804,spring,day,5.758203177169561
2018-03-05 07:00:00,2672.7200000000003,392.08,8.03,0.0,0.17929348066666667,17.929348066666666,130.75785838872264,95.88909615172992,0.8717190559248176,0.8717190559248175,0.0,spring,day,20.01742018819751
2018-03-05 08:00:00,2698.88,474.56,9.45,0.0,0.17457933533333334,17.457933533333332,140.13939009557475,102.76888607008814,0.934262600637165,0.9342626006371649,0.0,spring,day,0.0
2018-03-05 09:00:00,2677.76,636.15,10.35,0.0,0.16682176499999998,16.682176499999997,145.10815729933387,106.41264868617816,0.9673877153288925,0.9673877153288923,0.0,spring,day,0.0
2018-03-05 10:00:00,2628.16,484.85,10.87,0.0,0.17301508033333335,17.301508033333334,145.66415999999998,106.82038399999998,0.9710943999999999,0.9710943999999998,0.0,spring,day,7.962032741690274
2018-03-05 11:00:00,2564.4,571.22,11.59,0.0,0.16868098133333334,16.868098133333334,141.80739819757315,103.99209201155364,0.9453826546504877,0.9453826546504877,0.0,spring,day,0.0
2018-03-05 12:00:00,2496.32,585.49,11.5,0.0,0.16812901966666666,16.812901966666665,133.53787189205332,97.92777272083907,0.8902524792803554,0.8902524792803552,0.0,spring,day,0.0
2018-03-05 13:00:00,2426.4,329.16,11.72,0.0,0.17914076399999998,17.9140764,120.85558108344051,88.62742612785638,0.8057038738896034,0.8057038738896035,0.0,spring,day,0.0
2018-03-05 14:00:00,2358.32,198.97,11.3,0.0,0.18515125566666668,18.51512556666667,103.76052577173469,76.09105223260543,0.6917368384782313,0.6917368384782312,0.0,spring,day,0.0
2018-03-05 15:00:00,2315.04,73.74,10.58,20.01742018819751,0.19118094600000002,19.118094600000003,82.25270595693596,60.318651035086354,0.5483513730462397,0.5483513730462396,0.10008710094098755,spring,day,20.01742018819751
2018-03-06 05:00:00,2431.84,14.83,5.75,173.80016115893565,0.19754486766666665,19.754486766666666,71.0359459168023,52.09302700565502,0.47357297277868204,0.473572972778682,0.8690008057946783,spring,day,173.80016115893565
2018-03-06 06:00:00,2601.68,60.27,6.37,171.90835958137117,0.195075221,19.5075221,100.00265342632267,73.33527917930328,0.6666843561754845,0.6666843561754844,0.8595417979068558,spring,day,171.90835958137117
2018-03-06 08:00:00,2912.64,482.98,10.1,158.4354029393285,0.17370143266666668,17.37014326666667,136.87447140604223,100.37461236443096,0.9124964760402815,0.9124964760402815,0.7921770146966425,spring,day,158.4354029393285
2018-03-06 09:00:00,2802.4,880.12,11.63,171.85920156840774,0.15517122866666666,15.517122866666666,144.77958187624134,106.17169337591031,0.9651972125082756,0.9651972125082755,0.8592960078420387,spring,day,171.85920156840774
2018-03-06 10:00:00,2682.56,471.21,12.92,172.15827140313382,0.172000169,17.2000169,145.66415999999998,106.82038399999998,0.9710943999999999,0.9710943999999998,0.8607913570156691,spring,day,172.15827140313382
2018-03-06 11:00:00,2597.44,69.54,13.53,178.71969628218335,0.189047276,18.904727599999998,139.52820577731822,102.32068423670002,0.9301880385154548,0.9301880385154547,0.8935984814109168,spring,day,178.71969628218335
2018-03-06 12:00:00,2528.08,79.74,11.84,178.87809297697584,0.18992954199999998,18.992954199999996,126.37171920819603,92.6725940860104,0.8424781280546402,0.8424781280546401,0.8943904648848792,spring,day,178.87809297697584
2018-03-06 13:00:00,2471.68,660.17,11.34,170.67636643082912,0.16499614633333334,16.499614633333334,106.19470029263343,77.87611354793117,0.7079646686175561,0.7079646686175561,0.8533818321541456,spring,day,170.67636643082912
2018-03-06 14:00:00,2435.12,397.37,11.42,172.22356488225157,0.1764001543333333,17.640015433333332,78.9971490306303,57.931242622462214,0.526647660204202,0.526647660204202,0.8611178244112578,spring,day,172.22356488225157
2018-03-06 15:00:00,2410.0,100.86,11.08,169.18840005125443,0.18960491,18.960490999999998,44.779065422186854,32.83798130960369,0.298527102814579,0.298527102814579,0.8459420002562722,spring,day,169.18840005125443
2018-03-07 05:00:00,2032.16,27.81,6.03,171.94952865955236,0.19675859499999998,19.675859499999998,73.43566709132723,53.852822533639966,0.48957111394218156,0.4895711139421815,0.8597476432977618,spring,day,171.94952865955236
2018-03-07 06:00:00,2195.68,356.65,8.43,178.86170293171642,0.18052524966666664,18.052524966666663,101.47093034453226,74.4120155859903,0.6764728689635484,0.6764728689635482,0.8943085146585821,spring,day,178.86170293171642
2018-03-07 08:00:00,2562.64,171.52,13.37,89.35485354150053,0.18472321266666666,18.472321266666665,137.1571098437367,100.58188055207354,0.9143807322915779,0.9143807322915777,0.44677426770750267,spring,day,89.35485354150053
2018-03-07 09:00:00,2575.12,256.42,13.76,178.8477495721795,0.18071243666666667,18.071243666666668,144.80802608973596,106.19255246580637,0.9653868405982398,0.9653868405982398,0.8942387478608975,spring,day,178.8477495721795
2018-03-07 10:00:00,2564.88,816.72,13.63,178.88117217186925,0.156366782,15.6366782,145.66415999999998,106.82038399999998,0.9710943999999999,0.9710943999999998,0.8944058608593463,spring,day,178.88117217186925
2018-03-07 11:00:00,2531.84,482.68,14.69,178.8902521599602,0.17010953666666667,17.010953666666666,139.72551157452878,102.46537515465442,0.9315034104968586,0.9315034104968584,0.894451260799801,spring,day,178.8902521599602
2018-03-07 12:00:00,2494.08,297.76,16.03,178.76890278640494,0.17712577666666668,17.712577666666668,126.9920808133223,93.12752592976967,0.8466138720888153,0.8466138720888152,0.8938445139320247,spring,day,178.76890278640494
2018-03-07 13:00:00,2445.92,281.43,16.72,178.56436665946947,0.177296383,17.7296383,107.46386771638062,78.80683632534578,0.7164257847758708,0.7164257847758708,0.8928218332973473,spring,day,178.56436665946947
2018-03-07 14:00:00,2406.8,119.82,15.01,157.44334453418162,0.185691,18.5691,81.14087228370359,59.50330634138262,0.5409391485580239,0.5409391485580238,0.7872167226709081,spring,day,157.44334453418162
2018-03-07 15:00:00,2377.52,10.2,14.52,170.2357748591516,0.190858932,19.0858932,48.023094515291405,35.216935977880354,0.320153963435276,0.32015396343527597,0.851178874295758,spring,day,170.2357748591516
2018-03-08 05:00:00,1863.92,199.54,7.44,128.8263982481379,0.18815802866666667,18.81580286666667,74.67027021222657,54.75819815563281,0.4978018014148438,0.49780180141484376,0.6441319912406895,spring,day,128.8263982481379
2018-03-08 06:00:00,2033.28,186.23,8.12,75.19556981562744,0.18820471633333336,18.820471633333334,102.22632613168027,74.96597249656551,0.6815088408778684,0.6815088408778683,0.3759778490781372,spring,day,75.19556981562744
2018-03-08 07:00:00,2303.68,98.28,10.33,105.93959120243936,0.19030653399999997,19.0306534,123.10374307018452,90.27607825146863,0.8206916204678968,0.8206916204678967,0.5296979560121968,spring,day,105.93959120243936
2018-03-08 08:00:00,2422.2400000000002,111.25,11.45,165.08406359181495,0.18886096166666663,18.886096166666665,137.3025210277392,100.68851542034207,0.915350140184928,0.9153501401849279,0.8254203179590748,spring,day,165.08406359181495
2018-03-08 09:00:00,2418.96,653.68,12.02,170.4440326901514,0.16474525466666667,16.474525466666666,144.82266000434439,106.20328400318587,0.9654844000289625,0.9654844000289625,0.852220163450757,spring,day,170.4440326901514
2018-03-08 10:00:00,2360.08,117.75,11.4,178.11310701099586,0.18861661500000002,18.8616615,145.66415999999998,106.82038399999996,0.9710943999999999,0.9710943999999997,0.8905655350549793,spring,day,178.11310701099586
2018-03-08 11:00:00,2302.2400000000002,198.4,11.86,111.95633802416248,0.18473630266666666,18.473630266666667,139.82702101470608,102.53981541078446,0.9321801400980405,0.9321801400980405,0.5597816901208124,spring,day,111.95633802416248
2018-03-08 12:00:00,2264.7200000000003,669.46,12.4,161.75816942249594,0.16375826866666665,16.375826866666664,127.31124304846267,93.36157823553927,0.8487416203230844,0.8487416203230843,0.8087908471124797,spring,day,161.75816942249594
2018-03-08 13:00:00,2241.84,595.62,10.85,116.47152879121019,0.16819752400000001,16.819752400000002,108.11682610126975,79.28567247426447,0.7207788406751316,0.7207788406751315,0.5823576439560509,spring,day,116.47152879121019
2018-03-08 14:00:00,2231.36,22.25,8.63,124.2676138400008,0.19495915633333333,19.495915633333333,82.24377017312722,60.31209812695996,0.5482918011541814,0.5482918011541814,0.621338069200004,spring,day,124.2676138400008
2018-03-08 15:00:00,2226.96,10.2,7.45,104.66524093789111,0.19641171,19.641171,49.692075264035275,36.44085519362587,0.33128050176023516,0.3312805017602352,0.5233262046894556,spring,day,104.66524093789111
2018-03-09 05:00:00,1908.96,63.05,3.12,0.0,0.19750647033333335,19.750647033333337,92.2269471788856,67.63309459784944,0.614846314525904,0.614846314525904,0.0,spring,day,7.570597667624625
2018-03-09 06:00:00,2084.2400000000002,168.3,3.98,0.0,0.19223861799999997,19.223861799999998,112.96843393331292,82.8435182177628,0.7531228928887528,0.7531228928887528,0.0,spring,day,0.0
2018-03-09 07:00:00,2318.0,727.97,5.12,0.0,0.16692299433333332,16.692299433333332,128.68289859263808,94.36745896793458,0.8578859906175872,0.8578859906175871,0.0,spring,day,24.86164232610938
2018-03-09 08:00:00,2397.52,229.75,6.81,0.0,0.18733466766666665,18.733466766666666,139.37034115686097,102.2049168483647,0.9291356077124064,0.9291356077124064,0.0,spring,day,4.9629681370444185
2018-03-09 09:00:00,2350.7200000000003,520.71,7.68,0.0,0.17395581499999999,17.3955815,145.0307616259816,106.35589185905317,0.9668717441732106,0.9668717441732106,0.0,spring,day,0.0
2018-03-09 10:00:00,2303.52,249.73,8.36,0.0,0.18524550366666664,18.524550366666663,145.66415999999998,106.82038399999998,0.9710943999999999,0.9710943999999998,0.0,spring,day,31.917912917962774
2018-03-09 11:00:00,2274.96,131.65,8.84,0.0,0.19002073566666666,19.002073566666667,141.27053627891615,103.59839327120517,0.9418035751927744,0.9418035751927742,0.0,spring,day,57.285093279300874
2018-03-09 12:00:00,2248.8,205.26,8.85,0.0,0.186801032,18.6801032,131.84989046273006,96.6899196726687,0.8789992697515338,0.8789992697515335,0.0,spring,day,0.0
2018-03-09 13:00:00,2225.36,502.42,8.96,0.0,0.17374855666666666,17.374855666666665,117.40222255144175,86.09496320439061,0.7826814836762783,0.7826814836762782,0.0,spring,day,0.0
2018-03-09 14:00:00,2216.96,371.16,8.89,0.0,0.179530846,17.9530846,97.92753254505112,71.81352386637082,0.6528502169670075,0.6528502169670074,0.0,spring,day,0.20654841943979962
2018-03-09 15:00:00,2214.4,87.58,8.25,0.0,0.19240704266666667,19.24070426666667,73.42582044355835,53.84560165860945,0.4895054696237223,0.4895054696237223,0.0,spring,day,26.774548208437626
2018-03-10 05:00:00,1925.68,173.76,2.18,0.0,0.1934141,19.34141,97.44896728418581,71.46257600840292,0.6496597818945721,0.649659781894572,0.0,spring,day,0.0
2018-03-10 06:00:00,2097.92,484.2,4.1,0.0,0.17836059999999998,17.836059999999996,116.16354329369793,85.18659841537848,0.7744236219579862,0.7744236219579862,0.0,spring,day,0.0
2018-03-10 07:00:00,2361.68,749.27,6.74,0.0,0.16472125633333334,16.472125633333334,130.34235057003545,95.58439041802599,0.8689490038002363,0.8689490038002363,0.0,spring,day,4.955266361431351
2018-03-10 08:00:00,2522.88,950.04,8.19,0.0,0.154822162,15.482216200000002,139.9853891131983,102.65595201634541,0.933235927421322,0.9332359274213219,0.0,spring,day,5.674380354863878
2018-03-10 09:00:00,2605.12,1055.94,9.34,0.0,0.149298182,14.9298182,145.0926589231865,106.40128321033674,0.9672843928212432,0.9672843928212431,0.0,spring,day,4.9629681370444185
2018-03-10 10:00:00,2667.2000000000003,1079.95,10.32,0.0,0.14748085366666666,14.748085366666666,145.66415999999998,106.82038399999998,0.9710943999999999,0.9710943999999998,0.0,spring,day,0.0
2018-03-10 11:00:00,2721.2000000000003,1008.14,11.05,0.0,0.15004082133333335,15.004082133333336,141.69989234363885,103.91325438533515,0.9446659489575924,0.9446659489575923,0.0,spring,day,0.0
2018-03-10 12:00:00,2732.7200000000003,803.2,11.39,0.0,0.15871600066666666,15.871600066666666,133.19985595410304,97.67989436634224,0.8879990396940203,0.8879990396940204,0.0,spring,day,0.0
2018-03-10 13:00:00,2688.56,661.33,11.38,0.0,0.16491411566666667,16.491411566666667,120.16405083139264,88.12030394302127,0.8010936722092843,0.8010936722092843,0.0,spring,day,43.72645864549016
2018-03-10 14:00:00,2625.68,391.07,11.06,0.0,0.17695778833333334,17.695778833333335,102.5924769755075,75.23448311537216,0.6839498465033833,0.6839498465033832,0.0,spring,day,12.180542626152398
2018-03-10 15:00:00,2568.4,55.76,10.16,0.0,0.19229534133333334,19.229534133333335,80.48513438644777,59.02243188339503,0.5365675625763184,0.5365675625763184,0.0,spring,day,6.969637170763994
2018-03-11 05:00:00,2434.16,60.06,3.41,149.12523896844192,0.197409168,19.7409168,76.30220842798371,55.95495284718805,0.5086813895198914,0.5086813895198914,0.7456261948422096,spring,day,149.12523896844192
2018-03-11 06:00:00,2513.2000000000003,293.94,6.18,140.5349156021842,0.185028646,18.5028646,103.22483264134371,75.69821060365204,0.6881655509422914,0.6881655509422913,0.702674578010921,spring,day,140.5349156021842
2018-03-11 07:00:00,2598.8,354.69,8.97,86.81266296381278,0.180186655,18.0186655,123.6223399052254,90.65638259716528,0.8241489327015027,0.8241489327015025,0.4340633148190639,spring,day,86.81266296381278
2018-03-11 08:00:00,2654.56,813.72,10.38,56.1678061999456,0.15905023199999999,15.905023199999999,137.49473021962868,100.82946882772768,0.9166315347975246,0.9166315347975243,0.280839030999728,spring,day,56.1678061999456
2018-03-11 09:00:00,2701.92,975.25,11.39,16.469934607235707,0.15120888566666668,15.120888566666668,144.84200358455354,106.21746929533924,0.9656133572303569,0.9656133572303568,0.08234967303617853,spring,day,16.469934607235707
2018-03-11 10:00:00,2733.44,583.32,12.09,32.821926351802176,0.167760318,16.7760318,145.66415999999998,106.82038399999996,0.9710943999999999,0.9710943999999997,0.1641096317590109,spring,day,32.821926351802176
2018-03-11 11:00:00,2717.84,220.33,12.52,18.6946438256135,0.18326105966666667,18.326105966666667,139.9611994659681,102.6382129417099,0.9330746631064539,0.9330746631064536,0.0934732191280675,spring,day,18.6946438256135
2018-03-11 12:00:00,2672.8,282.67,12.5,23.054471632207598,0.18055666566666667,18.055666566666666,127.73312198245776,93.67095612046901,0.8515541465497184,0.8515541465497183,0.115272358161038,spring,day,23.054471632207598
2018-03-11 13:00:00,2613.76,601.06,12.14,30.018458813719587,0.16694699266666665,16.694699266666664,108.9799275494691,79.91861353627732,0.726532850329794,0.7265328503297939,0.15009229406859792,spring,day,30.018458813719587
2018-03-11 14:00:00,2557.44,216.06,11.75,3.152436203392177,0.18405213199999998,18.4052132,83.70161616700196,61.381185189134754,0.5580107744466797,0.5580107744466796,0.015762181016960884,spring,day,3.152436203392177
2018-03-11 15:00:00,2515.12,39.01,10.88,1.8861385184027708,0.19246071166666665,19.246071166666663,51.898187835056525,38.058671079041446,0.34598791890037683,0.3459879189003768,0.009430692592013854,spring,day,1.8861385184027708
2018-03-12 05:00:00,2408.7200000000003,174.52,5.62,91.93706759139549,0.19067916266666668,19.067916266666668,98.39734663834679,72.1580542014543,0.655982310922312,0.6559823109223119,0.45968533795697747,spring,day,91.93706759139549
2018-03-12 06:00:00,2438.48,467.4,6.32,99.61056067814052,0.17735005199999998,17.735005199999996,116.74381217251747,85.61212892651281,0.7782920811501164,0.7782920811501165,0.49805280339070257,spring,day,99.61056067814052
2018-03-12 07:00:00,2523.28,734.3,10.15,57.90404175991301,0.16269623333333333,16.26962333333333,130.64372627576816,95.80539926889665,0.8709581751717878,0.8709581751717878,0.289520208799565,spring,day,57.90404175991301
2018-03-12 08:00:00,2582.0,923.76,11.89,33.879317635214065,0.153062866,15.3062866,140.09708894809881,102.73786522860578,0.9339805929873254,0.9339805929873253,0.1693965881760703,spring,day,33.879317635214065
2018-03-12 09:00:00,2623.76,1025.01,13.17,64.82213196557258,0.147639679,14.763967899999999,145.10390018950943,106.40952680564024,0.9673593345967295,0.9673593345967294,0.3241106598278629,spring,day,64.82213196557258
2018-03-12 10:00:00,2623.76,1022.54,14.21,32.85186061160749,0.14693063733333334,14.693063733333334,145.66415999999998,106.82038399999998,0.9710943999999999,0.9710943999999998,0.16425930305803746,spring,day,32.85186061160749
2018-03-12 11:00:00,2616.0,972.84,14.86,39.43507624979441,0.148588704,14.858870399999999,141.77786837957052,103.97043681168505,0.9451857891971368,0.9451857891971368,0.19717538124897208,spring,day,39.43507624979441
2018-03-12 12:00:00,2602.4,830.14,15.28,32.08311354241644,0.15448531266666665,15.448531266666665,133.44502532822105,97.85968524069543,0.8896335021881403,0.8896335021881402,0.1604155677120822,spring,day,32.08311354241644
2018-03-12 13:00:00,2576.8,584.08,15.38,8.83145827029244,0.16514319066666666,16.514319066666665,120.66563084595154,88.48812928703111,0.8044375389730103,0.8044375389730102,0.0441572913514622,spring,day,8.83145827029244
2018-03-12 14:00:00,2536.64,376.88,15.04,62.64004353241736,0.17445105333333333,17.445105333333334,103.43968493276195,75.8557689506921,0.6895978995517463,0.6895978995517463,0.3132002176620868,spring,day,62.64004353241736
2018-03-12 15:00:00,2496.2400000000002,83.24,13.87,89.57174887786068,0.18818246333333333,18.818246333333335,81.76718758865239,59.96260423167842,0.5451145839243493,0.5451145839243493,0.4478587443893034,spring,day,89.57174887786068
2018-03-13 05:00:00,2527.04,69.02,4.52,172.46305108350845,0.19614641933333332,19.61464193333333,65.5375005892421,48.0608337654442,0.4369166705949473,0.43691667059494727,0.8623152554175423,spring,day,172.46305108350845
2018-03-13 06:00:00,2722.64,247.61,8.38,165.95968236329594,0.18532229833333333,18.532229833333332,96.63841242774406,70.86816911367896,0.644256082851627,0.6442560828516269,0.8297984118164797,spring,day,165.95968236329594
2018-03-13 07:00:00,3018.56,119.59,10.74,131.83588695793722,0.18905469366666666,18.905469366666665,120.20153428807089,88.14779181125198,0.8013435619204726,0.8013435619204725,0.6591794347896861,spring,day,131.83588695793722
2018-03-13 08:00:00,3168.48,124.23,11.83,122.02931797722643,0.187996149,18.7996149,136.22686617022248,99.89970185816314,0.9081791078014831,0.9081791078014831,0.6101465898861321,spring,day,122.02931797722643
2018-03-13 09:00:00,3109.2000000000003,992.2,12.95,131.86042353456818,0.14924407666666667,14.924407666666667,144.71440807419884,106.12389925441248,0.9647627204946589,0.9647627204946589,0.659302117672841,spring,day,131.86042353456818
2018-03-13 10:00:00,2988.32,582.05,14.29,177.8664683491598,0.16608785233333334,16.608785233333336,145.66415999999998,106.82038399999998,0.9710943999999999,0.9710943999999998,0.8893323417457989,spring,day,177.8664683491598
2018-03-13 11:00:00,2895.04,61.19,15.69,178.17015697622574,0.18771515033333333,18.771515033333333,139.07612194762595,101.98915609492568,0.9271741463175064,0.9271741463175062,0.8908507848811287,spring,day,178.17015697622574
2018-03-13 12:00:00,2802.4,303.57,16.35,176.00267047318502,0.176620939,17.662093900000002,124.95029391707668,91.63021553918955,0.8330019594471778,0.8330019594471777,0.8800133523659251,spring,day,176.00267047318502
2018-03-13 13:00:00,2709.84,489.26,13.77,53.73947309642677,0.17054499733333334,17.054499733333333,103.28667590835224,75.74356233279164,0.688577839389015,0.688577839389015,0.26869736548213385,spring,day,53.73947309642677
2018-03-13 14:00:00,2643.76,415.61,12.25,167.32777835268936,0.1749524003333333,17.49524003333333,74.0852679214525,54.32919647573182,0.49390178614301666,0.49390178614301655,0.8366388917634469,spring,day,167.32777835268936
2018-03-13 15:00:00,2576.7200000000003,132.78,11.78,106.76103311573645,0.18766235399999998,18.7662354,37.34606995637766,27.38711796801028,0.2489737997091844,0.24897379970918437,0.5338051655786823,spring,day,106.76103311573645
2018-03-14 05:00:00,2349.2000000000003,199.57,3.99,178.87302564049773,0.19086634966666668,19.08663496666667,104.70827000180111,76.78606466798746,0.6980551333453408,0.6980551333453405,0.8943651282024887,spring,day,178.87302564049773
2018-03-14 06:00:00,2438.0,496.63,6.34,178.62659306650858,0.17605894166666666,17.605894166666666,120.60517040259768,88.44379162857162,0.8040344693506511,0.804034469350651,0.8931329653325428,spring,day,178.62659306650858
2018-03-14 07:00:00,2564.32,664.59,7.98,178.0478620231363,0.167442231,16.7442231,132.6492096028159,97.27608704206497,0.8843280640187726,0.8843280640187725,0.8902393101156815,spring,day,178.0478620231363
2018-03-14 08:00:00,2663.44,773.82,8.74,135.348642190591,0.162079258,16.2079258,140.84038760245568,103.28295090846748,0.9389359173497045,0.9389359173497044,0.676743210952955,spring,day,135.348642190591
2018-03-14 09:00:00,2739.52,594.72,9.96,141.8815542098401,0.1689358,16.89358,145.17870440151705,106.46438322777915,0.967858029343447,0.9678580293434468,0.7094077710492005,spring,day,141.8815542098401
2018-03-14 10:00:00,2812.08,713.76,10.62,153.10806845773686,0.163223324,16.3223324,145.66415999999998,106.82038399999998,0.9710943999999999,0.9710943999999998,0.7655403422886843,spring,day,153.10806845773686
2018-03-14 11:00:00,2845.84,867.19,11.21,98.40563171106108,0.15606527566666667,15.606527566666667,142.29675439790455,104.35095322512998,0.9486450293193637,0.9486450293193635,0.4920281585553054,spring,day,98.40563171106108
2018-03-14 12:00:00,2839.52,374.17,11.41,135.91550499852738,0.17742030166666667,17.742030166666666,135.07648759523067,99.05609090316915,0.9005099173015378,0.9005099173015377,0.6795775249926369,spring,day,135.91550499852738
2018-03-14 13:00:00,2819.12,257.57,11.04,149.43458894989877,0.1827985463333333,18.279854633333333,124.00335959197844,90.93579703411751,0.8266890639465229,0.8266890639465229,0.7471729447494938,spring,day,149.43458894989877
2018-03-14 14:00:00,2792.64,385.36,10.49,177.71070230512245,0.17765461266666666,17.765461266666666,109.07737038814773,79.99007161797499,0.7271824692543182,0.7271824692543181,0.8885535115256122,spring,day,177.71070230512245
2018-03-14 15:00:00,2738.7200000000003,75.69,9.28,178.9324638001919,0.19211688100000002,19.211688100000003,90.29851998373869,66.21891465474168,0.6019901332249246,0.6019901332249243,0.8946623190009595,spring,day,178.9324638001919
2018-03-15 05:00:00,2599.04,79.49,2.05,111.78528511098918,0.19762951633333334,19.762951633333333,66.40924380844136,48.70011212619033,0.44272829205627573,0.4427282920562757,0.5589264255549459,spring,day,111.78528511098918
2018-03-15 06:00:00,2761.84,193.82,5.44,97.4518571542346,0.18997841133333335,18.997841133333335,97.17179124731021,71.2593135813608,0.6478119416487348,0.6478119416487346,0.487259285771173,spring,day,97.4518571542346
2018-03-15 07:00:00,2999.28,180.1,6.91,134.87850731987731,0.18942252266666668,18.942252266666667,120.47855658590055,88.35094149632707,0.803190377239337,0.803190377239337,0.6743925365993866,spring,day,134.87850731987731
2018-03-15 08:00:00,3144.4,204.53,8.36,84.97582622737715,0.18721773033333333,18.721773033333335,136.3295398242123,99.97499587108899,0.908863598828082,0.9088635988280818,0.4248791311368858,spring,day,84.97582622737715
2018-03-15 09:00:00,3174.7200000000003,178.0,9.12,24.97415113716063,0.1877784186666667,18.77784186666667,144.72474096224545,106.13147670564663,0.9648316064149697,0.9648316064149693,0.12487075568580314,spring,day,24.97415113716063
2018-03-15 10:00:00,3149.6800000000003,572.28,9.86,58.56103163255425,0.169993472,16.9993472,145.66415999999998,106.82038399999996,0.9710943999999999,0.9710943999999997,0.29280515816277125,spring,day,58.56103163255425
2018-03-15 11:00:00,3146.56,983.95,10.32,25.164030781316065,0.15166965366666665,15.166965366666666,139.147796937476,102.04171775414903,0.9276519795831732,0.927651979583173,0.12582015390658033,spring,day,25.164030781316065
2018-03-15 12:00:00,3143.12,667.34,10.23,6.578255891687848,0.16555508933333332,16.555508933333332,125.17565177467338,91.79547796809379,0.8345043451644892,0.834504345164489,0.03289127945843924,spring,day,6.578255891687848
2018-03-15 13:00:00,3112.4,528.35,10.16,5.889883082903519,0.1716746643333333,17.16746643333333,103.74772451159225,76.08166464183431,0.6916514967439483,0.6916514967439482,0.029449415414517593,spring,day,5.889883082903519
2018-03-15 14:00:00,3091.76,117.49,9.9,0.0,0.18980605966666667,18.980605966666666,74.86401514823245,54.900277775370455,0.4990934343215497,0.49909343432154957,0.0,spring,day,1.3229505333335714
2018-03-15 15:00:00,3070.08,42.28,9.42,0.0,0.19346471466666668,19.346471466666667,38.52452368459418,28.2513173687024,0.2568301578972945,0.2568301578972945,0.0,spring,day,13.984569722708537
2018-03-16 05:00:00,2613.04,152.44,-0.01,160.8290769160749,0.19606438866666664,19.606438866666664,110.09846223799563,80.73887230786346,0.7339897482533042,0.7339897482533042,0.8041453845803745,spring,day,160.8290769160749
2018-03-16 06:00:00,2773.28,380.77,2.02,146.61318570770257,0.18450722766666666,18.450722766666665,123.9031764081011,90.8623293659408,0.8260211760540074,0.8260211760540073,0.7330659285385128,spring,day,146.61318570770257
2018-03-16 07:00:00,3038.48,640.61,4.81,151.9234391436062,0.17097827633333335,17.097827633333335,134.3621032693543,98.53220906419314,0.8957473551290286,0.8957473551290286,0.759617195718031,spring,day,151.9234391436062
2018-03-16 08:00:00,3160.56,406.68,6.37,113.82069354960615,0.179960198,17.9960198,141.47524282175516,103.74851140262045,0.9431682854783677,0.9431682854783677,0.5691034677480308,spring,day,113.82069354960615
2018-03-16 09:00:00,3105.92,381.52,7.54,84.25513096432279,0.18013909466666667,18.013909466666668,145.24259506530373,106.51123638122273,0.9682839671020249,0.9682839671020248,0.42127565482161394,spring,day,84.25513096432279
2018-03-16 10:00:00,3010.48,440.03,8.47,56.23950658654862,0.17685568633333335,17.685568633333336,145.66415999999998,106.82038399999998,0.9710943999999999,0.9710943999999998,0.28119753293274313,spring,day,56.23950658654862
2018-03-16 11:00:00,2952.2400000000002,524.91,9.42,68.3625878294527,0.172405959,17.2405959,142.73993762584394,104.6759542589522,0.951599584172293,0.9515995841722927,0.3418129391472635,spring,day,68.3625878294527
2018-03-16 12:00:00,2886.88,388.85,9.98,74.83860141865361,0.17790288633333334,17.790288633333333,136.4699279428356,100.07794715807941,0.9097995196189039,0.9097995196189037,0.374193007093268,spring,day,74.83860141865361
2018-03-16 13:00:00,2820.8,482.34,10.28,85.61707462533705,0.17358798599999997,17.358798599999997,126.85413095097495,93.02636269738161,0.8456942063398329,0.8456942063398328,0.42808537312668526,spring,day,85.61707462533705
2018-03-16 14:00:00,2772.56,228.58,10.14,99.95327870662128,0.18477033666666667,18.477033666666667,113.89254665026196,83.52120087685876,0.7592836443350798,0.7592836443350796,0.49976639353310637,spring,day,99.95327870662128
2018-03-16 15:00:00,2715.12,99.54,9.56,121.44601663277244,0.19085631399999997,19.085631399999997,97.58517504069673,71.56246169651091,0.6505678336046449,0.6505678336046447,0.6072300831638622,spring,day,121.44601663277244
2018-03-17 05:00:00,2448.96,102.3,5.24,178.94676872135028,0.194128814,19.4128814,88.8561327609533,65.16116402469908,0.5923742184063553,0.5923742184063553,0.8947338436067515,spring,day,178.94676872135028
2018-03-17 06:00:00,2622.2400000000002,191.81,7.69,178.91512817539828,0.18829896433333332,18.82989643333333,110.9059905719929,81.33105975279477,0.7393732704799527,0.7393732704799525,0.8945756408769914,spring,day,178.91512817539828
2018-03-17 07:00:00,2905.68,713.21,10.16,178.90749080223748,0.16360860633333332,16.36086063333333,127.6117222014174,93.58192961437274,0.850744814676116,0.8507448146761158,0.8945374540111873,spring,day,178.90749080223748
2018-03-17 08:00:00,3032.8,878.88,11.66,178.91275210374826,0.155201772,15.5201772,138.97332764922675,101.91377360943294,0.926488850994845,0.9264888509948449,0.8945637605187413,spring,day,178.91275210374826
2018-03-17 09:00:00,2964.48,695.36,13.08,172.7520953506094,0.16209409333333333,16.209409333333333,144.99080691542096,106.32659173797535,0.9666053794361398,0.9666053794361396,0.863760476753047,spring,day,172.7520953506094
2018-03-17 10:00:00,2843.92,706.29,14.38,172.45243149797057,0.160596161,16.0596161,145.66415999999998,106.82038399999998,0.9710943999999999,0.9710943999999998,0.8622621574898528,spring,day,172.45243149797057
2018-03-17 11:00:00,2749.36,898.71,15.32,170.14008948397984,0.151461959,15.1461959,140.99338690296392,103.39515039550685,0.9399559126864261,0.9399559126864259,0.8507004474198991,spring,day,170.14008948397984
2018-03-17 12:00:00,2661.84,867.16,15.87,22.87176111750132,0.15240662066666666,15.240662066666665,130.9784876243127,96.05089092449595,0.873189917495418,0.8731899174954176,0.11435880558750659,spring,day,22.87176111750132
2018-03-17 13:00:00,2586.96,529.25,16.24,0.0,0.16686016233333334,16.686016233333334,115.61946216404633,84.7876055869673,0.7707964144269756,0.7707964144269754,0.0,spring,day,0.0
2018-03-17 14:00:00,2522.96,224.22,16.28,178.8964590410052,0.180138222,18.0138222,94.91631052216478,69.60529438292083,0.6327754034810985,0.6327754034810985,0.894482295205026,spring,day,178.8964590410052
2018-03-17 15:00:00,2464.88,42.36,15.57,178.93817364584098,0.18863101399999999,18.863101399999998,68.86903269866816,50.50395731235665,0.4591268846577878,0.4591268846577877,0.8946908682292048,spring,day,178.93817364584098
2018-03-18 05:00:00,2122.48,14.83,8.23,178.9273964637138,0.19559707566666665,19.559707566666663,67.56501833172334,49.54768010993044,0.4504334555448222,0.45043345554482217,0.8946369823185689,spring,day,178.9273964637138
2018-03-18 06:00:00,2175.12,67.68,11.41,178.94478057976556,0.19079348200000001,19.079348200000002,97.87895551006068,71.77790070737782,0.6525263700670711,0.6525263700670711,0.8947239028988279,spring,day,178.94478057976556
2018-03-18 07:00:00,2273.44,311.83,13.59,178.92272918011577,0.17842823166666666,17.842823166666665,120.84583826605706,88.6202813951085,0.8056389217737138,0.8056389217737137,0.8946136459005788,spring,day,178.92272918011577
2018-03-18 08:00:00,2374.2400000000002,557.04,15.49,178.89998678003687,0.166236642,16.6236642,136.46566659971242,100.07482217312243,0.9097711106647495,0.9097711106647494,0.8944999339001843,spring,day,178.89998678003687
2018-03-18 09:00:00,2468.56,436.43,17.03,178.88553638510402,0.1702897423333333,17.02897423333333,144.7384405110267,106.14152304141959,0.964922936740178,0.964922936740178,0.8944276819255201,spring,day,178.88553638510402
2018-03-18 10:00:00,2557.6,743.87,18.19,178.91294606878094,0.1559640463333333,15.59640463333333,145.66415999999998,106.82038399999998,0.9710943999999999,0.9710943999999998,0.8945647303439047,spring,day,178.91294606878094
2018-03-18 11:00:00,2580.88,333.37,19.2,178.9624556433663,0.17308227566666667,17.308227566666666,139.24282506663224,102.11140504886365,0.9282855004442149,0.928285500444215,0.8948122782168315,spring,day,178.9624556433663
2018-03-18 12:00:00,2549.44,367.02,19.72,159.59256195570933,0.17120560599999998,17.120560599999997,125.47443571092347,92.01458618801054,0.8364962380728231,0.8364962380728231,0.7979628097785466,spring,day,159.59256195570933
2018-03-18 13:00:00,2489.68,588.59,19.75,111.75067447547492,0.16151420633333333,16.151420633333334,104.35899193287372,76.52992741744073,0.6957266128858248,0.6957266128858248,0.5587533723773747,spring,day,111.75067447547492
2018-03-18 14:00:00,2431.36,95.49,19.1,167.44437558294456,0.183540313,18.354031300000003,75.89649373248287,55.65742873715409,0.5059766248832192,0.505976624883219,0.8372218779147228,spring,day,167.44437558294456
2018-03-18 15:00:00,2388.64,14.83,17.46,169.04499927804886,0.18834783366666666,18.834783366666667,40.086941109751095,29.397090147150795,0.2672462740650073,0.2672462740650072,0.8452249963902443,spring,day,169.04499927804886
2018-03-19 04:00:00,2064.2400000000002,5.56,7.5,78.7534037341517,0.1965748986666667,19.65748986666667,30.35041828450787,22.256973408639105,0.20233612189671915,0.20233612189671915,0.39376701867075853,spring,day,78.7534037341517
2018-03-19 05:00:00,2082.96,144.81,7.91,75.61286739916433,0.190176943,19.0176943,67.86618243882076,49.76853378846855,0.45244121625880507,0.452441216258805,0.37806433699582165,spring,day,75.61286739916433
2018-03-19 06:00:00,2134.0,340.98,10.68,97.59923421060958,0.17944183400000002,17.944183400000004,98.06322371244126,71.91303072245692,0.6537548247496083,0.6537548247496084,0.4879961710530479,spring,day,97.59923421060958
2018-03-19 07:00:00,2220.56,235.58,13.44,84.0077043195413,0.18187308333333332,18.187308333333334,120.94154210536949,88.69046421060429,0.8062769473691299,0.8062769473691299,0.4200385215977065,spring,day,84.0077043195413
2018-03-19 08:00:00,2296.16,805.04,14.91,48.92249092278864,0.15587110733333331,15.587110733333331,136.50113761760537,100.1008342529106,0.9100075841173692,0.9100075841173692,0.2446124546139432,spring,day,48.92249092278864
2018-03-19 09:00:00,2372.32,771.75,15.97,67.58722473422567,0.156491137,15.649113700000001,144.74201024914888,106.14414084937582,0.9649467349943258,0.9649467349943256,0.33793612367112835,spring,day,67.58722473422567
2018-03-19 10:00:00,2391.84,978.13,16.71,62.6510146795767,0.14690489366666667,14.690489366666668,145.66415999999998,106.82038399999998,0.9710943999999999,0.9710943999999998,0.3132550733978835,spring,day,62.6510146795767
2018-03-19 11:00:00,2374.08,753.24,17.07,29.37439792278618,0.15643485000000001,15.643485000000002,139.2675868701588,102.12956370478312,0.928450579134392,0.928450579134392,0.1468719896139309,spring,day,29.37439792278618
2018-03-19 12:00:00,2315.44,332.67,17.65,0.0,0.174330189,17.4330189,125.55229085962523,92.07167996372516,0.8370152723975015,0.8370152723975014,0.0,spring,day,53.874684908409755
2018-03-19 13:00:00,2247.6,370.65,17.71,0.0,0.172625871,17.262587099999998,104.51827196839938,76.64673277682621,0.6967884797893291,0.6967884797893292,0.0,spring,day,5.717590233105452
2018-03-19 14:00:00,2187.36,127.95,17.42,15.30288185883784,0.18344344699999998,18.344344699999997,76.16553019648107,55.85472214408612,0.5077702013098738,0.5077702013098738,0.07651440929418919,spring,day,15.30288185883784
2018-03-19 15:00:00,2139.6,17.61,16.4,20.687301158751403,0.18905905700000003,18.9059057,40.49406554387053,29.695648065505054,0.2699604369591369,0.26996043695913685,0.10343650579375702,spring,day,20.687301158751403
2018-03-20 04:00:00,2093.2,8.34,6.47,178.82560119001337,0.19726256,19.726256,56.25966663576536,41.25708886622793,0.37506444423843577,0.37506444423843577,0.8941280059500669,spring,day,178.82560119001337
2018-03-20 05:00:00,2177.76,250.43,7.66,178.37166239952597,0.18576474033333334,18.576474033333334,85.34620773217526,62.58721900359518,0.5689747182145017,0.5689747182145016,0.8918583119976299,spring,day,178.37166239952597
2018-03-20 06:00:00,2373.6,507.44,11.22,178.81939430896838,0.17175451333333333,17.17545133333333,108.75843194763681,79.75618342826698,0.7250562129842454,0.7250562129842453,0.8940969715448419,spring,day,178.81939430896838
2018-03-20 07:00:00,2675.6,727.01,13.17,178.81299346289074,0.16064241233333335,16.064241233333334,126.4963392821501,92.7639821402434,0.8433089285476674,0.8433089285476673,0.8940649673144537,spring,day,178.81299346289074
2018-03-20 08:00:00,2807.92,696.01,14.62,178.81195090084023,0.16085621566666666,16.085621566666667,138.55992973571506,101.61061513952437,0.923732864904767,0.923732864904767,0.8940597545042012,spring,day,178.81195090084023
2018-03-20 09:00:00,2732.0,379.36,15.44,178.8785415211136,0.17402868266666666,17.402868266666665,144.94920330833168,106.2960824261099,0.9663280220555445,0.9663280220555446,0.894392707605568,spring,day,178.8785415211136
2018-03-20 10:00:00,2620.08,354.35,15.63,178.8877184917214,0.17497072633333333,17.49707263333333,145.66415999999998,106.82038399999998,0.9710943999999999,0.9710943999999998,0.8944385924586069,spring,day,178.8877184917214
2018-03-20 11:00:00,2540.2400000000002,638.03,15.09,123.00469538956494,0.16301693833333333,16.301693833333335,140.70479981071998,103.18351986119464,0.9380319987381331,0.938031998738133,0.6150234769478247,spring,day,123.00469538956494
2018-03-20 12:00:00,2460.8,377.07,15.16,112.62305645547325,0.17434851499999998,17.434851499999997,130.07112274049163,95.38549000969387,0.8671408182699442,0.8671408182699443,0.5631152822773662,spring,day,112.62305645547325
2018-03-20 13:00:00,2407.68,409.9,15.07,86.6767601514007,0.17298671866666665,17.298671866666666,113.76312878931503,83.42629444549769,0.7584208585954335,0.7584208585954335,0.4333838007570035,spring,day,86.6767601514007
2018-03-20 14:00:00,2383.68,54.7,13.93,111.84799643060994,0.18938063466666666,18.938063466666666,91.78081795719001,67.305933168606,0.6118721197146001,0.6118721197146,0.5592399821530497,spring,day,111.84799643060994
2018-03-20 15:00:00,2350.8,149.79,13.01,48.90347325747746,0.185954109,18.5954109,64.12419024411679,47.024406179018975,0.42749460162744524,0.42749460162744524,0.2445173662873873,spring,day,48.90347325747746
2018-03-21 04:00:00,1962.64,11.34,2.94,178.97759703872825,0.19990412199999996,19.990412199999994,41.80961612015806,30.660385154782578,0.27873077413438707,0.27873077413438707,0.8948879851936412,spring,day,178.97759703872825
2018-03-21 05:00:00,2015.92,221.3,4.49,175.19343623413096,0.18952549733333332,18.95254973333333,75.59728545242851,55.438009331780904,0.5039819030161901,0.5039819030161901,0.8759671811706548,spring,day,175.19343623413096
2018-03-21 06:00:00,2182.7200000000003,524.68,8.0,133.7997465451333,0.17353126266666669,17.353126266666667,102.79352331044687,75.3819170943277,0.6852901554029791,0.6852901554029791,0.6689987327256666,spring,day,133.7997465451333
2018-03-21 07:00:00,2464.2400000000002,780.16,9.84,157.12207782603124,0.16093868266666667,16.093868266666668,123.39832969421326,90.49210844242305,0.8226555312947551,0.822655531294755,0.7856103891301562,spring,day,157.12207782603124
2018-03-21 08:00:00,2607.76,780.36,11.11,159.22914422139968,0.159932498,15.993249800000001,137.41170460372757,100.76858337606687,0.9160780306915172,0.916078030691517,0.7961457211069984,spring,day,159.22914422139968
2018-03-21 09:00:00,2611.12,1074.44,12.34,153.6300404834278,0.14613476533333333,14.613476533333333,144.83364803898982,106.2113418952592,0.9655576535932655,0.9655576535932654,0.7681502024171389,spring,day,153.6300404834278
2018-03-21 10:00:00,2579.52,1085.72,13.57,131.77952799313644,0.14467653933333335,14.467653933333334,145.66415999999998,106.82038399999998,0.9710943999999999,0.9710943999999998,0.6588976399656822,spring,day,131.77952799313644
2018-03-21 11:00:00,2537.52,1023.86,14.57,136.84042725674632,0.1465902973333333,14.659029733333332,139.90324048675814,102.59570969028928,0.9326882699117209,0.9326882699117207,0.6842021362837316,spring,day,136.84042725674632
2018-03-21 12:00:00,2476.56,847.81,15.17,85.48746961507963,0.15380070566666668,15.380070566666667,127.5508894992642,93.53731896612707,0.850339263328428,0.8503392633284279,0.4274373480753982,spring,day,85.48746961507963
2018-03-21 13:00:00,2393.52,643.87,15.41,64.52037692742554,0.16251079166666668,16.251079166666667,108.60710703751826,79.64521182751339,0.7240473802501217,0.7240473802501217,0.32260188463712774,spring,day,64.52037692742554
2018-03-21 14:00:00,2314.96,391.34,15.25,70.19138107843979,0.17365518133333332,17.36551813333333,83.0718931015202,60.91938827444814,0.5538126206768014,0.5538126206768013,0.3509569053921989,spring,day,70.19138107843979
2018-03-21 15:00:00,2261.84,109.32,14.41,170.3427829431051,0.18662039,18.662039,50.945247691270175,37.35984830693146,0.33963498460846786,0.3396349846084678,0.8517139147155255,spring,day,170.3427829431051
2018-03-22 04:00:00,1896.64,1.86,4.94,41.349356556221274,0.19874696600000002,19.874696600000004,11.653132799999998,8.545630719999998,0.07768755199999999,0.07768755199999998,0.20674678278110636,spring,day,41.349356556221274
2018-03-22 05:00:00,1968.88,22.25,5.55,17.2882988409912,0.19737818833333334,19.737818833333336,55.25180556630893,40.517990748626545,0.36834537044205956,0.3683453704420595,0.086441494204956,spring,day,17.2882988409912
2018-03-22 06:00:00,2152.7200000000003,50.07,8.67,17.048389856576932,0.193713861,19.3713861,90.34507770609424,66.25305698446911,0.6023005180406283,0.6023005180406283,0.08524194928288466,spring,day,17.048389856576932
2018-03-22 07:00:00,2465.92,99.21,10.24,31.100626099349626,0.190336641,19.0336641,116.93294921935608,85.75082942752778,0.7795529947957072,0.779552994795707,0.15550313049674813,spring,day,31.100626099349626
2018-03-22 08:00:00,2620.96,425.81,10.61,108.40189243230253,0.17579539633333333,17.579539633333333,135.01542010609433,99.01130807780248,0.9001028007072955,0.9001028007072953,0.5420094621615127,spring,day,108.40189243230253
2018-03-22 09:00:00,2614.0,902.22,12.23,136.40490302154691,0.153735692,15.3735692,144.59249036630897,106.03449293529323,0.9639499357753931,0.963949935775393,0.6820245151077345,spring,day,136.40490302154691
2018-03-22 10:00:00,2569.68,1014.88,14.75,168.553213060565,0.14684075266666666,14.684075266666666,145.66415999999998,106.82038399999996,0.9710943999999999,0.9710943999999997,0.842766065302825,spring,day,168.553213060565
2018-03-22 11:00:00,2532.32,996.95,15.67,175.5748442252194,0.14690053033333333,14.690053033333333,138.23042900716746,101.36898127192279,0.9215361933811164,0.9215361933811163,0.877874221126097,spring,day,175.5748442252194
2018-03-22 12:00:00,2498.4,843.5,16.6,178.87977804819678,0.15286564333333333,15.286564333333333,122.29129738781135,89.68028475106166,0.8152753159187424,0.8152753159187424,0.894398890240984,spring,day,178.87977804819678
2018-03-22 13:00:00,2470.8,460.45,17.31,144.44862080296645,0.16902175766666666,16.902175766666666,97.84676514193173,71.75429443741659,0.6523117676128781,0.6523117676128781,0.7222431040148323,spring,day,144.44862080296645
2018-03-22 14:00:00,2454.2400000000002,76.02,18.32,167.51632448724556,0.185002466,18.5002466,64.8968322695284,47.591010330987494,0.4326455484635227,0.43264554846352266,0.8375816224362278,spring,day,167.51632448724556
2018-03-22 15:00:00,2430.2400000000002,22.25,17.32,160.91647028610112,0.1881340303333333,18.81340303333333,23.441498770601644,17.19043243177454,0.15627665847067762,0.15627665847067762,0.8045823514305056,spring,day,160.91647028610112
2018-03-23 04:00:00,2353.6,4.64,10.47,172.22183131977195,0.19428240333333333,19.42824033333333,14.272490875420232,10.466493308641505,0.0951499391694682,0.09514993916946823,0.8611091565988598,spring,day,172.22183131977195
2018-03-23 05:00:00,2437.52,60.27,10.85,174.56713526649983,0.191556629,19.1556629,57.018990966285074,41.81392670860905,0.3801266064419005,0.3801266064419005,0.8728356763324991,spring,day,174.56713526649983
2018-03-23 06:00:00,2629.6,111.25,11.42,159.0642860664566,0.18888452366666666,18.888452366666666,91.42633562910925,67.04597946134677,0.6095089041940617,0.6095089041940616,0.795321430332283,spring,day,159.0642860664566
2018-03-23 07:00:00,2937.04,172.44,14.73,178.90327206277723,0.183614926,18.361492600000002,117.4945248638929,86.16265156685479,0.7832968324259527,0.7832968324259526,0.8945163603138861,spring,day,178.90327206277723
2018-03-23 08:00:00,3056.8,336.11,17.0,178.82709229620167,0.1746906003333333,17.46906003333333,135.2235586706359,99.163943025133,0.9014903911375727,0.9014903911375727,0.8941354614810083,spring,day,178.82709229620167
2018-03-23 09:00:00,2959.52,469.52,18.37,172.88954382187507,0.16779347933333333,16.779347933333334,144.61343704933827,106.0498538361814,0.9640895803289218,0.9640895803289218,0.8644477191093753,spring,day,172.88954382187507
2018-03-23 10:00:00,2825.04,263.38,20.56,178.00138315218615,0.17506802866666665,17.506802866666664,145.66415999999998,106.82038399999998,0.9710943999999999,0.9710943999999998,0.8900069157609307,spring,day,178.00138315218615
2018-03-23 11:00:00,2725.52,736.96,20.49,163.20884602454308,0.1544591326666667,15.44591326666667,138.3757275226211,101.47553351658881,0.9225048501508074,0.9225048501508074,0.8160442301227154,spring,day,163.20884602454308
2018-03-23 12:00:00,2637.2000000000003,267.58,19.78,85.65873467750701,0.17549738066666665,17.549738066666663,122.7481396172016,90.01530238594783,0.818320930781344,0.8183209307813439,0.42829367338753505,spring,day,85.65873467750701
2018-03-23 13:00:00,2559.2000000000003,333.18,19.11,19.54380000830309,0.173161252,17.3161252,98.78139628374153,72.43969060807711,0.6585426418916102,0.6585426418916102,0.09771900004151546,spring,day,19.54380000830309
2018-03-23 14:00:00,2495.04,192.86,18.33,14.73544776326618,0.17989649333333332,17.989649333333332,66.47549752224072,48.74869818297652,0.44316998348160475,0.4431699834816047,0.0736772388163309,spring,day,14.73544776326618
2018-03-23 15:00:00,2430.7200000000003,25.96,17.44,10.64054058051212,0.18787790266666668,18.78779026666667,25.830443332699414,18.942325110646237,0.17220295555132942,0.17220295555132942,0.0532027029025606,spring,day,10.64054058051212
2018-03-24 04:00:00,2202.88,17.52,7.09,33.82915949005071,0.196375058,19.6375058,11.653132799999998,8.545630719999998,0.07768755199999999,0.07768755199999998,0.16914579745025357,spring,day,33.82915949005071
2018-03-24 05:00:00,2263.6,23.18,7.5,2.742445835738703,0.19580607933333335,19.580607933333336,55.25180556630893,40.517990748626545,0.36834537044205956,0.3683453704420595,0.013712229178693516,spring,day,2.742445835738703
2018-03-24 06:00:00,2438.2400000000002,121.45,7.85,5.295924269116188,0.19124334166666668,19.124334166666667,90.34507770609424,66.25305698446911,0.6023005180406283,0.6023005180406283,0.02647962134558094,spring,day,5.295924269116188
2018-03-24 07:00:00,2702.8,88.08,8.23,3.06212559169832,0.192400934,19.2400934,116.93294921935608,85.75082942752778,0.7795529947957072,0.779552994795707,0.0153106279584916,spring,day,3.06212559169832
2018-03-24 08:00:00,2822.56,830.7,8.05,7.570597667624625,0.16013932,16.013932,135.01542010609433,99.01130807780248,0.9001028007072955,0.9001028007072953,0.037852988338123124,spring,day,7.570597667624625
2018-03-24 09:00:00,2787.04,519.87,9.0,0.0,0.172955739,17.2955739,144.59249036630897,106.03449293529323,0.9639499357753931,0.963949935775393,0.0,spring,day,9.358491571054431
2018-03-24 10:00:00,2713.68,717.66,10.01,0.0,0.16353224800000002,16.353224800000003,145.66415999999998,106.82038399999996,0.9710943999999999,0.9710943999999997,0.0,spring,day,0.0
2018-03-24 11:00:00,2688.0,899.14,10.48,0.0,0.15524453266666666,15.524453266666665,138.23042900716746,101.36898127192279,0.9215361933811164,0.9215361933811163,0.0,spring,day,32.821926351802176
2018-03-24 12:00:00,2673.36,333.54,11.2,0.0,0.179358058,17.935805799999997,122.29129738781135,89.68028475106166,0.8152753159187424,0.8152753159187424,0.0,spring,day,1.9245900025180194
2018-03-24 13:00:00,2584.64,264.28,9.73,0.0,0.18353464066666667,18.353464066666668,97.84676514193173,71.75429443741659,0.6523117676128781,0.6523117676128781,0.0,spring,day,0.0
2018-03-24 14:00:00,2496.56,410.87,7.9,0.0,0.17857571233333333,17.85757123333333,64.8968322695284,47.591010330987494,0.4326455484635227,0.43264554846352266,0.0,spring,day,33.82915949005071
2018-03-24 15:00:00,2407.44,148.93,7.2,1.9245900025180194,0.19055480766666666,19.055480766666665,23.441498770601644,17.19043243177454,0.15627665847067762,0.15627665847067762,0.009622950012590097,spring,day,1.9245900025180194
2018-03-25 04:00:00,1819.68,2.78,1.37,7.962032741690274,0.20151070133333332,20.15107013333333,12.654668672080698,9.28009035952584,0.08436445781387132,0.08436445781387127,0.03981016370845137,spring,day,7.962032741690274
2018-03-25 05:00:00,1822.8,49.14,3.47,8.807832420103873,0.19783852,19.783852,55.927505306371934,41.01350389133941,0.3728500353758129,0.37285003537581285,0.04403916210051936,spring,day,8.807832420103873
2018-03-25 06:00:00,1872.24,128.86,6.87,0.13666425302268642,0.19168971066666665,19.168971066666664,90.75850670880793,66.5562382531258,0.6050567113920529,0.6050567113920527,0.0006833212651134322,spring,day,0.13666425302268642
2018-03-25 07:00:00,1966.8,660.56,8.6,0.1600943860530522,0.16713112533333335,16.713112533333334,117.1476728793888,85.9082934448851,0.780984485862592,0.7809844858625918,0.0008004719302652611,spring,day,0.1600943860530522
2018-03-25 08:00:00,2047.76,523.59,10.29,29.92262796477311,0.171780257,17.1780257,135.09500381811444,99.06966946661724,0.9006333587874296,0.9006333587874294,0.14961313982386554,spring,day,29.92262796477311
2018-03-25 09:00:00,2142.7200000000003,557.12,11.26,23.08527721930805,0.16955539333333336,16.955539333333334,144.60049952498483,106.0403663183222,0.9640033301665655,0.9640033301665655,0.11542638609654025,spring,day,23.08527721930805
2018-03-25 10:00:00,2188.96,436.15,11.65,15.078838607954099,0.17452741166666666,17.452741166666666,145.66415999999998,106.82038399999998,0.9710943999999999,0.9710943999999998,0.07539419303977049,spring,day,15.078838607954099
2018-03-25 11:00:00,2174.48,861.75,11.9,29.588635332058068,0.15576071500000002,15.576071500000003,138.28598524315996,101.40972251165063,0.9219065682877331,0.921906568287733,0.14794317666029033,spring,day,29.588635332058068
2018-03-25 12:00:00,2151.12,182.64,12.3,10.561608935035773,0.185078388,18.507838800000002,122.46597525446472,89.80838185327413,0.8164398350297648,0.8164398350297648,0.05280804467517886,spring,day,10.561608935035773
2018-03-25 13:00:00,2109.04,273.91,12.19,27.120415137995533,0.18118236766666665,18.118236766666666,98.20413003391431,72.01636202487049,0.6546942002260954,0.6546942002260954,0.13560207568997767,spring,day,27.120415137995533
2018-03-25 14:00:00,2069.12,85.29,11.96,49.97542404115271,0.18959312900000003,18.959312900000004,65.50044958150858,48.03366302643961,0.43666966387672385,0.43666966387672373,0.24987712020576358,spring,day,49.97542404115271
2018-03-25 15:00:00,2048.0,122.29,11.63,17.500867847911874,0.18823787766666666,18.823787766666666,24.35493389724777,17.860284857981693,0.1623662259816518,0.16236622598165176,0.08750433923955937,spring,day,17.500867847911874
2018-03-26 04:00:00,1717.3600000000001,7.41,3.2,178.96155855509028,0.19987139700000003,19.987139700000004,41.53419434860044,30.45840918897366,0.2768946289906696,0.27689462899066963,0.8948077927754514,spring,day,178.96155855509028
2018-03-26 05:00:00,1731.6000000000001,102.5,4.49,178.9549516211657,0.1947091373333333,19.47091373333333,75.41146842416515,55.301743511054454,0.5027431228277677,0.5027431228277678,0.8947747581058284,spring,day,178.9549516211657
2018-03-26 06:00:00,1778.24,105.69,8.82,178.9330093268465,0.19116916499999997,19.1169165,102.67983057959727,75.298542425038,0.6845322038639817,0.6845322038639817,0.8946650466342325,spring,day,178.9330093268465
2018-03-26 07:00:00,1862.96,114.03,10.91,178.93757962792822,0.189163777,18.9163777,123.33928081489685,90.44880593092435,0.8222618720993123,0.8222618720993122,0.8946878981396411,spring,day,178.93757962792822
2018-03-26 08:00:00,1945.8400000000001,130.72,12.34,178.9358339426343,0.18731241466666665,18.731241466666663,137.38981913006384,100.75253402871347,0.915932127533759,0.9159321275337589,0.8946791697131715,spring,day,178.9358339426343
2018-03-26 09:00:00,2070.7200000000003,220.65,12.92,144.2170265539755,0.182932937,18.2932937,144.83144552509822,106.20972671840535,0.9655429701673215,0.9655429701673214,0.7210851327698775,spring,day,144.2170265539755
2018-03-26 10:00:00,2178.48,233.63,13.3,165.89841365860582,0.18206812433333333,18.206812433333333,145.66415999999998,106.82038399999998,0.9710943999999999,0.9710943999999998,0.8294920682930291,spring,day,165.89841365860582
2018-03-26 11:00:00,2246.2400000000002,270.79,14.15,72.70328280399751,0.17977911966666665,17.977911966666664,139.88796255476922,102.5845058734974,0.9325864170317948,0.9325864170317946,0.3635164140199876,spring,day,72.70328280399751
2018-03-26 12:00:00,2281.36,197.47,15.1,3.0081623981209455,0.18223218566666666,18.223218566666667,127.50285318940581,93.50209233889758,0.8500190212627055,0.8500190212627053,0.015040811990604728,spring,day,3.0081623981209455
2018-03-26 13:00:00,2293.6,132.58,15.39,15.097101628060118,0.18483578666666667,18.483578666666666,108.50883190390986,79.57314339620056,0.7233922126927325,0.7233922126927324,0.07548550814030058,spring,day,15.097101628060118
2018-03-26 14:00:00,2283.52,87.15,15.59,13.59870962797993,0.18666096899999998,18.6660969,82.90589869828125,60.79765904540625,0.552705991321875,0.552705991321875,0.06799354813989965,spring,day,13.59870962797993
2018-03-26 15:00:00,2270.56,65.58,14.82,44.10611185917379,0.18820689799999998,18.820689799999997,50.69405357252016,37.17563928651479,0.3379603571501344,0.33796035715013445,0.22053055929586893,spring,day,44.10611185917379
2018-03-27 04:00:00,1914.88,13.91,5.66,178.90763627601197,0.19765569633333332,19.76556963333333,29.56909825710762,21.68400538854559,0.19712732171405078,0.1971273217140508,0.8945381813800598,spring,day,178.90763627601197
2018-03-27 05:00:00,1966.16,130.48,6.73,178.9330093268465,0.1917289806666667,19.17289806666667,67.33905430079054,49.381973153913066,0.4489270286719369,0.44892702867193696,0.8946650466342325,spring,day,178.9330093268465
2018-03-27 06:00:00,2134.16,377.1,9.74,178.86915846265887,0.178604074,17.8604074,97.74069870985974,71.67651238723047,0.6516046580657316,0.6516046580657315,0.8943457923132944,spring,day,178.86915846265887
2018-03-27 07:00:00,2406.56,684.36,11.35,172.46887003448813,0.163932802,16.3932802,120.77403148431537,88.56762308849792,0.8051602098954358,0.8051602098954357,0.8623443501724407,spring,day,172.46887003448813
2018-03-27 08:00:00,2553.68,922.77,12.56,96.47325507322819,0.152579845,15.2579845,136.43905262415728,100.05530525771532,0.9095936841610486,0.9095936841610484,0.48236627536614096,spring,day,96.47325507322819
2018-03-27 09:00:00,2568.8,1041.03,13.5,158.59668486398175,0.146681491,14.668149099999999,144.73576212938548,106.13955889488268,0.9649050808625699,0.9649050808625699,0.7929834243199088,spring,day,158.59668486398175
2018-03-27 10:00:00,2559.2000000000003,1084.83,14.51,141.1129920135708,0.14397709700000003,14.397709700000002,145.66415999999998,106.82038399999998,0.9710943999999999,0.9710943999999998,0.705564960067854,spring,day,141.1129920135708
2018-03-27 11:00:00,2543.84,1033.76,15.37,175.8569299967733,0.14553000733333335,14.553000733333334,139.22424623600085,102.09778057306728,0.928161641573339,0.9281616415733389,0.8792846499838665,spring,day,175.8569299967733
2018-03-27 12:00:00,2492.4,909.94,16.03,114.8298814916992,0.15041432266666666,15.041432266666666,125.416020837388,91.97174861408453,0.8361068055825867,0.8361068055825867,0.574149407458496,spring,day,114.8298814916992
2018-03-27 13:00:00,2438.2400000000002,675.85,16.44,177.07054496047124,0.16030643566666664,16.030643566666665,104.23948380416155,76.4422881230518,0.6949298920277437,0.6949298920277436,0.8853527248023562,spring,day,177.07054496047124
2018-03-27 14:00:00,2395.12,410.45,16.33,77.62826713238103,0.17197311633333334,17.197311633333335,75.6946351363213,55.509399099968945,0.5046309009088087,0.5046309009088086,0.3881413356619051,spring,day,77.62826713238103
2018-03-27 15:00:00,2356.16,146.88,15.64,88.60402096149728,0.18401548,18.401548000000002,39.78147483386749,29.17308154483616,0.26520983222578326,0.26520983222578326,0.44302010480748644,spring,day,88.60402096149728
2018-03-28 04:00:00,1772.0,26.12,3.75,15.621007242670533,0.19862304733333333,19.862304733333332,39.44944637467991,28.929594008098597,0.2629963091645327,0.2629963091645327,0.07810503621335267,spring,day,15.621007242670533
2018-03-28 05:00:00,1819.28,191.65,5.94,35.45400153790429,0.18968039566666667,18.96803956666667,74.00496496947764,54.270307644283605,0.49336643312985096,0.49336643312985096,0.17727000768952145,spring,day,35.45400153790429
2018-03-28 06:00:00,1974.64,482.86,10.03,1.1872670680974695,0.17376164666666669,17.376164666666668,101.81925703471093,74.66745515878802,0.6787950468980729,0.6787950468980729,0.005936335340487348,spring,day,1.1872670680974695
2018-03-28 07:00:00,2248.48,750.95,12.41,0.19911097800941735,0.16019473433333334,16.019473433333335,122.89232257037986,90.1210365516119,0.819282150469199,0.819282150469199,0.0009955548900470867,spring,day,0.19911097800941735
2018-03-28 08:00:00,2392.7200000000003,950.97,14.3,0.0,0.14998278899999998,14.998278899999997,137.22416157648433,100.63105182275518,0.9148277438432288,0.914827743843229,0.0,spring,day,47.92102521355793
2018-03-28 09:00:00,2420.08,1055.53,15.94,0.7573854821647115,0.14413243166666667,14.413243166666668,144.8147740530244,106.19750097221788,0.9654318270201626,0.9654318270201625,0.0037869274108235573,spring,day,0.7573854821647115
2018-03-28 10:00:00,2443.36,1090.56,17.25,0.0,0.141575082,14.157508199999999,145.66415999999998,106.82038399999998,0.9710943999999999,0.9710943999999998,0.0,spring,day,0.0
2018-03-28 11:00:00,2463.76,1032.18,18.19,0.0,0.14338412,14.338412,139.77231941741118,102.49970090610154,0.9318154627827412,0.9318154627827413,0.0,spring,day,34.93165673566598
2018-03-28 12:00:00,2456.08,891.31,18.74,0.0,0.14909877766666668,14.909877766666668,127.13925230525794,93.2354516905225,0.8475950153683862,0.8475950153683863,0.0,spring,day,4.178711820837937
2018-03-28 13:00:00,2444.64,690.02,19.06,0.0,0.15763040333333334,15.763040333333333,107.76495866354031,79.02763635326289,0.7184330577569354,0.7184330577569353,0.0,spring,day,0.0
2018-03-28 14:00:00,2418.32,338.31,18.96,0.0,0.17305522299999998,17.3055223,81.64943849225818,59.87625489432266,0.5443295899483879,0.5443295899483879,0.0,spring,day,20.27005964323162
2018-03-28 15:00:00,2372.7200000000003,96.8,17.94,30.77467392337893,0.18439421733333333,18.439421733333333,48.79269179141172,35.78130731370193,0.3252846119427448,0.32528461194274483,0.15387336961689466,spring,day,30.77467392337893
2018-03-29 04:00:00,1807.44,40.56,5.84,177.19716775835207,0.196351496,19.6351496,19.332705957719003,14.17731770232727,0.12888470638479335,0.12888470638479338,0.8859858387917603,spring,day,177.19716775835207
2018-03-29 05:00:00,1863.44,38.01,5.48,166.47961775614397,0.196745505,19.6745505,60.43293360287659,44.3174846421095,0.40288622401917723,0.40288622401917723,0.8323980887807199,spring,day,166.47961775614397
2018-03-29 06:00:00,2021.1200000000001,74.17,5.79,139.48202491367064,0.19492424966666666,19.492424966666665,93.51516712612316,68.57778922582365,0.6234344475074878,0.6234344475074878,0.6974101245683532,spring,day,139.48202491367064
2018-03-29 07:00:00,2293.36,68.61,7.37,134.62571026825393,0.193925919,19.3925919,118.57940652745886,86.95823145346982,0.7905293768497257,0.7905293768497257,0.6731285513412696,spring,day,134.62571026825393
2018-03-29 08:00:00,2429.28,208.6,8.41,95.5184379543512,0.18700087266666665,18.700087266666664,135.62565180688358,99.45881132504795,0.9041710120458906,0.9041710120458905,0.477592189771756,spring,day,95.5184379543512
2018-03-29 09:00:00,2421.36,209.53,8.98,111.13112591554338,0.18651261566666666,18.651261566666665,144.65390296439728,106.079528840558,0.9643593530959819,0.9643593530959818,0.5556556295777169,spring,day,111.13112591554338
2018-03-29 10:00:00,2375.76,127.02,9.09,155.12291660289182,0.190026408,19.0026408,145.66415999999998,106.82038399999998,0.9710943999999999,0.9710943999999998,0.7756145830144591,spring,day,155.12291660289182
2018-03-29 11:00:00,2325.84,225.28,7.63,145.16975854875145,0.18688568066666666,18.688568066666665,138.65642291369176,101.68137680337395,0.924376152757945,0.924376152757945,0.7258487927437572,spring,day,145.16975854875145
2018-03-29 12:00:00,2270.8,419.77,7.0,133.534038696024,0.17889423566666665,17.889423566666665,123.63069170547254,90.66250725067987,0.8242046113698169,0.8242046113698169,0.66767019348012,spring,day,133.534038696024
2018-03-29 13:00:00,2229.36,219.48,6.84,84.33925117442291,0.18775921999999998,18.775921999999998,100.58696637534241,73.76377534191776,0.6705797758356161,0.670579775835616,0.42169625587211457,spring,day,84.33925117442291
2018-03-29 14:00:00,2212.0,140.44,6.46,77.80126575728852,0.1915064506666667,19.15064506666667,69.5252469233012,50.98518107708754,0.4635016461553413,0.4635016461553413,0.3890063287864426,spring,day,77.80126575728852
2018-03-29 15:00:00,2185.36,65.81,5.66,43.8170342543331,0.19539112633333333,19.539112633333332,30.44553334934914,22.326724456189368,0.20297022232899428,0.20297022232899425,0.21908517127166552,spring,day,43.8170342543331
2018-03-30 04:00:00,1882.08,12.06,1.05,0.0,0.201357112,20.1357112,14.498253691993428,10.63205270746184,0.09665502461328952,0.09665502461328945,0.0,spring,day,17.491437813550796
2018-03-30 05:00:00,1952.0,52.84,1.57,0.0,0.19916933666666667,19.916933666666665,57.171304908028844,41.92562359922115,0.3811420327201923,0.38114203272019226,0.0,spring,day,11.31639052187561
2018-03-30 06:00:00,2132.88,142.23,2.62,0.0,0.194444283,19.4444283,91.51952939151715,67.11432155377925,0.6101301959434476,0.6101301959434478,0.0,spring,day,0.0
2018-03-30 07:00:00,2424.56,397.58,4.71,0.0,0.18166102533333334,18.166102533333333,117.5429271424585,86.19814657113622,0.7836195142830567,0.7836195142830565,0.0,spring,day,12.716811238566953
2018-03-30 08:00:00,2544.16,442.3,5.78,0.0,0.17886936466666667,17.88693646666667,135.24149816085276,99.17709865129201,0.9016099877390183,0.9016099877390183,0.0,spring,day,0.19480013357148998
2018-03-30 09:00:00,2533.76,847.3,6.66,0.0,0.16050671266666666,16.050671266666665,144.6152424466999,106.0511777942466,0.9641016163113327,0.9641016163113327,0.0,spring,day,15.5789986595824
2018-03-30 10:00:00,2474.56,382.96,7.63,0.0,0.18000557666666664,18.000557666666666,145.66415999999998,106.82038399999998,0.9710943999999999,0.9710943999999998,0.0,spring,day,9.725859827552606
2018-03-30 11:00:00,2440.64,184.5,8.55,0.0,0.18794248,18.794248,138.38825082075303,101.48471726855222,0.9225883388050202,0.9225883388050201,0.0,spring,day,1.9764362496061758
2018-03-30 12:00:00,2405.28,224.29,9.08,0.0,0.18579004766666665,18.579004766666664,122.78751490895898,90.04417759990325,0.8185834327263932,0.8185834327263932,0.0,spring,day,15.078838607954099
2018-03-30 13:00:00,2364.96,548.22,9.16,0.0,0.17159307,17.159307,98.86195226461793,72.49876499405315,0.6590796817641195,0.6590796817641195,0.0,spring,day,1.3409614367809095
2018-03-30 14:00:00,2351.68,422.91,8.79,0.0,0.177351361,17.735136100000002,66.61156288772969,48.848479451001765,0.44407708591819794,0.4440770859181979,0.0,spring,day,0.13666425302268642
2018-03-30 15:00:00,2360.88,136.71,8.42,0.0,0.190129819,19.0129819,26.03634677829453,19.09332097074931,0.1735756451886302,0.17357564518863008,0.0,spring,day,3.531297077494177
2018-03-31 04:00:00,1936.24,46.06,0.73,109.59678977034919,0.20012490666666666,20.012490666666665,47.825418263119644,35.071973392954405,0.31883612175413095,0.31883612175413095,0.547983948851746,spring,day,109.59678977034919
2018-03-31 05:00:00,1991.04,283.61,3.66,119.87473014885731,0.18745858633333332,18.74585863333333,79.6559278411677,58.414347083522976,0.531039518941118,0.531039518941118,0.5993736507442865,spring,day,119.87473014885731
2018-03-31 06:00:00,2151.84,576.82,8.09,95.34122058998395,0.17118553466666664,17.118553466666665,105.2768163704552,77.20299867166713,0.7018454424697013,0.7018454424697012,0.4767061029499197,spring,day,95.34122058998395
2018-03-31 07:00:00,2429.04,832.81,9.38,72.10742222367907,0.15900267166666668,15.900267166666668,124.68808385098222,91.43792815738695,0.8312538923398815,0.8312538923398813,0.3605371111183953,spring,day,72.10742222367907
2018-03-31 08:00:00,2594.0,1020.5,10.84,50.40225621832648,0.14966644733333334,14.966644733333334,137.8897302827487,101.11913554068236,0.919264868551658,0.9192648685516579,0.2520112810916324,spring,day,50.40225621832648
2018-03-31 09:00:00,2631.12,1131.41,12.21,25.24561429247322,0.1437510763333333,14.37510763333333,144.8817556657546,106.24662082155338,0.9658783711050307,0.9658783711050307,0.12622807146236611,spring,day,25.24561429247322
2018-03-31 10:00:00,2657.36,1152.33,13.33,28.798949131451113,0.141958619,14.1958619,145.66415999999998,106.82038399999998,0.9710943999999999,0.9710943999999998,0.14399474565725556,spring,day,28.798949131451113
2018-03-31 11:00:00,2680.2400000000002,1061.47,14.19,26.405481242551904,0.14524769966666665,14.524769966666664,140.23694328548484,102.84042507602221,0.9349129552365656,0.9349129552365656,0.13202740621275952,spring,day,26.405481242551904
2018-03-31 12:00:00,2675.44,930.42,14.74,20.28838176205853,0.150533878,15.053387800000001,128.60010552220916,94.30674404962004,0.8573340368147278,0.8573340368147276,0.10144190881029265,spring,day,20.28838176205853
2018-03-31 13:00:00,2659.44,697.21,14.93,38.54112172132045,0.16056038166666667,16.056038166666667,110.75364671017297,81.2193409207935,0.7383576447344865,0.7383576447344864,0.19270560860660224,spring,day,38.54112172132045
2018-03-31 14:00:00,2644.7200000000003,420.87,14.75,71.75476954868182,0.17275938899999999,17.2759389,86.69756684937616,63.57821568954252,0.5779837789958411,0.5779837789958411,0.3587738477434091,spring,day,71.75476954868182
2018-03-31 15:00:00,2613.12,115.06,14.12,98.06058004078129,0.18659770066666667,18.659770066666667,56.43186593981892,41.383368355867205,0.3762124395987928,0.37621243959879275,0.49030290020390643,spring,day,98.06058004078129
2018-04-01 04:00:00,1917.04,45.39,3.47,178.91021843550945,0.198002145,19.8002145,52.41063626770602,38.43446659631775,0.3494042417847068,0.3494042417847068,0.8945510921775472,spring,day,178.91021843550945
2018-04-01 05:00:00,1931.8400000000001,280.34,5.96,178.86205449333787,0.18579484733333332,18.57948473333333,82.7494072663176,60.68289866196625,0.5516627151087841,0.5516627151087841,0.8943102724666894,spring,day,178.86205449333787
2018-04-01 06:00:00,1991.3600000000001,547.79,11.13,178.90078688579655,0.17006459433333332,17.006459433333333,107.16957144763747,78.5910190616008,0.7144638096509165,0.7144638096509164,0.8945039344289828,spring,day,178.90078688579655
2018-04-01 07:00:00,2096.96,734.55,13.78,178.88375433136622,0.159834323,15.9834323,125.67112881166568,92.1588277952215,0.8378075254111046,0.8378075254111045,0.8944187716568311,spring,day,178.88375433136622
2018-04-01 08:00:00,2187.68,760.78,15.83,178.8907976866148,0.15707975066666666,15.707975066666666,138.25407935840218,101.38632486282825,0.9216938623893479,0.9216938623893477,0.894453988433074,spring,day,178.8907976866148
2018-04-01 09:00:00,2284.4,975.32,17.38,178.919553002706,0.14650128533333331,14.650128533333332,144.91842308784695,106.27351026442108,0.9661228205856464,0.9661228205856461,0.89459776501353,spring,day,178.919553002706
2018-04-01 10:00:00,2312.16,845.09,18.54,177.69937959634117,0.15127259033333335,15.127259033333335,145.66415999999998,106.82038399999998,0.9710943999999999,0.9710943999999998,0.8884968979817058,spring,day,177.69937959634117
2018-04-01 11:00:00,2315.68,779.09,19.39,177.50940296966965,0.1534848003333333,15.348480033333331,140.49129009486134,103.02694606956497,0.9366086006324089,0.9366086006324088,0.8875470148483483,spring,day,177.50940296966965
2018-04-01 12:00:00,2291.44,625.45,19.93,178.82724989279097,0.15976450966666667,15.976450966666667,129.39981337243097,94.89319647311603,0.8626654224828731,0.862665422482873,0.8941362494639549,spring,day,178.82724989279097
2018-04-01 13:00:00,2247.92,276.49,19.98,178.60582668519964,0.17495152766666666,17.495152766666667,112.38972983270895,82.41913521065322,0.749264865551393,0.7492648655513929,0.8930291334259982,spring,day,178.60582668519964
2018-04-01 14:00:00,2198.48,309.34,19.57,178.93336088846794,0.17384018666666667,17.384018666666666,89.46103947569512,65.60476228217642,0.5964069298379674,0.5964069298379675,0.8946668044423397,spring,day,178.93336088846794
2018-04-01 15:00:00,2161.28,122.76,18.45,178.81204788335657,0.182860942,18.2860942,60.61374230138969,44.45007768768578,0.40409161534259797,0.40409161534259797,0.8940602394167828,spring,day,178.81204788335657
2018-04-02 04:00:00,1860.08,9.27,8.1,0.0,0.19594177899999998,19.5941779,11.653132799999998,8.545630719999998,0.07768755199999999,0.07768755199999998,0.0,spring,day,18.33039870921147
2018-04-02 05:00:00,1877.52,25.03,8.65,0.0,0.19482214766666664,19.482214766666665,55.25180556630893,40.517990748626545,0.36834537044205956,0.3683453704420595,0.0,spring,day,16.685943462782397
2018-04-02 06:00:00,1934.56,44.5,9.34,49.58668780867462,0.19343068066666666,19.343068066666667,90.34507770609424,66.25305698446911,0.6023005180406283,0.6023005180406283,0.2479334390433731,spring,day,49.58668780867462
2018-04-02 07:00:00,2010.88,101.05,7.2,34.05345277398439,0.1926439716666667,19.26439716666667,116.93294921935608,85.75082942752778,0.7795529947957072,0.779552994795707,0.17026726386992194,spring,day,34.05345277398439
2018-04-02 08:00:00,2060.08,714.16,7.11,26.41013034192834,0.16596262466666667,16.596262466666666,135.01542010609433,99.01130807780248,0.9001028007072955,0.9001028007072953,0.1320506517096417,spring,day,26.41013034192834
2018-04-02 09:00:00,2079.92,254.45,8.77,0.0,0.18471754033333332,18.471754033333333,144.59249036630897,106.03449293529323,0.9639499357753931,0.963949935775393,0.0,spring,day,15.861023817063858
2018-04-02 10:00:00,2067.92,534.76,9.8,0.0,0.17167771866666667,17.167771866666666,145.66415999999998,106.82038399999996,0.9710943999999999,0.9710943999999997,0.0,spring,day,40.97852269011619
2018-04-02 11:00:00,2034.88,421.02,7.5,0.0,0.17844699399999997,17.844699399999996,138.23042900716746,101.36898127192279,0.9215361933811164,0.9215361933811163,0.0,spring,day,7.972018910168423
2018-04-02 12:00:00,1994.64,671.47,7.85,0.0,0.16724413566666665,16.724413566666666,122.29129738781135,89.68028475106166,0.8152753159187424,0.8152753159187424,0.0,spring,day,17.019189027051322
2018-04-02 13:00:00,1958.88,637.65,8.51,4.311014915006878,0.168201451,16.8201451,97.84676514193173,71.75429443741659,0.6523117676128781,0.6523117676128781,0.021555074575034392,spring,day,4.311014915006878
2018-04-02 14:00:00,1922.56,392.23,8.82,43.96827848854642,0.17866646966666666,17.866646966666664,64.8968322695284,47.591010330987494,0.4326455484635227,0.43264554846352266,0.2198413924427321,spring,day,43.96827848854642
2018-04-02 15:00:00,1893.52,152.61,8.21,20.27005964323162,0.189600983,18.9600983,23.441498770601644,17.19043243177454,0.15627665847067762,0.15627665847067762,0.1013502982161581,spring,day,20.27005964323162
2018-04-03 04:00:00,1786.16,49.59,1.74,0.0,0.199177627,19.9177627,50.52525864517128,37.05185633979227,0.3368350576344752,0.3368350576344752,0.0,spring,day,30.288039902074747
2018-04-03 05:00:00,1859.52,295.51,3.25,0.0,0.18726136366666665,18.726136366666665,81.47741171929772,59.75010192748499,0.5431827447953181,0.5431827447953181,0.0,spring,day,29.92262796477311
2018-04-03 06:00:00,2044.48,568.27,5.64,0.0,0.17348282966666667,17.348282966666666,106.3912969874288,78.02028445744779,0.7092753132495253,0.7092753132495253,0.0,spring,day,0.0
2018-04-03 07:00:00,2326.7200000000003,814.56,6.67,0.0,0.161927414,16.1927414,125.26691444956464,91.86240392968071,0.8351127629970976,0.8351127629970974,0.0,spring,day,42.64393070612752
2018-04-03 08:00:00,2443.28,926.81,7.9,0.0,0.1560635303333333,15.606353033333331,138.1042641057051,101.27646034418373,0.9206950940380341,0.920695094038034,0.0,spring,day,0.0
2018-04-03 09:00:00,2418.88,1048.39,8.68,0.0,0.15014597766666668,15.014597766666668,144.90334595585023,106.26245370095683,0.9660223063723349,0.9660223063723348,0.0,spring,day,32.821926351802176
2018-04-03 10:00:00,2349.28,865.87,9.33,0.0,0.15759942366666665,15.759942366666666,145.66415999999998,106.82038399999996,0.9710943999999999,0.9710943999999997,0.0,spring,day,57.3262562960749
2018-04-03 11:00:00,2290.64,798.51,9.78,0.0,0.160185135,16.0185135,140.38670623815443,102.95025124131325,0.9359113749210295,0.9359113749210296,0.0,spring,day,0.0
2018-04-03 12:00:00,2259.12,800.11,10.36,0.0,0.15965978966666663,15.965978966666663,129.07098467031355,94.65205542489659,0.8604732311354236,0.8604732311354235,0.0,spring,day,16.13850594979607
2018-04-03 13:00:00,2233.6,629.53,10.79,0.0,0.16676504166666667,16.676504166666668,111.71699529647736,81.92579655075005,0.7447799686431824,0.7447799686431823,0.0,spring,day,2.6849081166425335
2018-04-03 14:00:00,2219.44,395.52,10.71,0.1694330494349921,0.17703850999999998,17.703850999999997,88.32473811664576,64.77147461887355,0.5888315874443051,0.5888315874443051,0.0008471652471749605,spring,day,0.1694330494349921
2018-04-03 15:00:00,2218.08,155.46,10.24,3.6496176416039523,0.187882266,18.788226599999998,58.89421313081893,43.189089629267215,0.3926280875387929,0.39262808753879286,0.01824808820801976,spring,day,3.6496176416039523
2018-04-04 04:00:00,1743.1200000000001,57.25,1.39,1.3409614367809095,0.19911828566666667,19.911828566666667,51.454850658519675,37.7335571495811,0.3430323377234645,0.3430323377234646,0.006704807183904548,spring,day,1.3409614367809095
2018-04-04 05:00:00,1780.96,305.46,4.11,0.0,0.186151768,18.6151768,82.10457356071956,60.210020611194345,0.5473638237381304,0.5473638237381304,0.0,spring,day,47.24005641375447
2018-04-04 06:00:00,1929.8400000000001,562.76,8.18,0.0,0.17172833333333334,17.172833333333333,106.77502792480482,78.30168714485686,0.7118335194986988,0.7118335194986987,0.0,spring,day,49.9412589190729
2018-04-04 07:00:00,2192.32,791.3,9.29,0.0,0.1608845773333333,16.088457733333332,125.46621375077554,92.00855675056872,0.8364414250051703,0.8364414250051702,0.0,spring,day,29.588635332058068
2018-04-04 08:00:00,2326.16,961.66,10.71,0.0,0.15233593466666667,15.233593466666667,138.17813103863165,101.33062942832987,0.9211875402575443,0.9211875402575442,0.0,spring,day,0.0
2018-04-04 09:00:00,2349.92,1055.74,11.97,0.0,0.14724130666666668,14.724130666666667,144.91077978837313,106.26790517814028,0.9660718652558209,0.9660718652558208,0.0,spring,day,17.375219421250055
2018-04-04 10:00:00,2352.56,1066.65,13.09,0.0,0.145885619,14.5885619,145.66415999999998,106.82038399999998,0.9710943999999999,0.9710943999999998,0.0,spring,day,13.019746735779794
2018-04-04 11:00:00,2347.28,994.59,13.96,0.0,0.148346539,14.8346539,140.43827167351228,102.98806589390898,0.9362551444900818,0.9362551444900816,0.0,spring,day,4.581974215840143
2018-04-04 12:00:00,2336.0,829.29,14.54,0.0,0.155103597,15.5103597,129.23311480890993,94.77095085986728,0.8615540987260663,0.8615540987260663,0.0,spring,day,12.718837263947108
2018-04-04 13:00:00,2329.92,624.37,14.73,0.0,0.16389571366666664,16.389571366666665,112.04868940619303,82.16903889787488,0.7469912627079536,0.7469912627079535,0.0,spring,day,55.475066147223245
2018-04-04 14:00:00,2333.04,392.16,14.58,0.0,0.17414562,17.414562,88.88499546536147,65.18233000793174,0.5925666364357431,0.592566636435743,0.0,spring,day,9.591657239880288
2018-04-04 15:00:00,2315.04,154.24,13.98,0.0,0.18499810266666664,18.499810266666664,59.74203298641538,43.81082419003795,0.39828021990943585,0.3982802199094359,0.0,spring,day,23.39502119223749
2018-04-05 04:00:00,1701.28,58.3,6.24,0.0,0.19526328066666665,19.526328066666665,51.19548104114016,37.54335276350279,0.3413032069409344,0.34130320694093447,0.0,spring,day,23.08229803763459
2018-04-05 05:00:00,1738.56,301.28,7.66,12.675513355481256,0.18354598533333333,18.354598533333334,81.92958633566941,60.08169664615757,0.5461972422377961,0.5461972422377961,0.06337756677740627,spring,day,12.675513355481256
2018-04-05 06:00:00,1889.2,558.89,11.67,2.9356908868621043,0.16915614833333334,16.915614833333333,106.6679614429776,78.22317172485023,0.711119742953184,0.7111197429531839,0.014678454434310522,spring,day,2.9356908868621043
2018-04-05 07:00:00,2152.32,785.71,13.26,0.6475405648993666,0.15801044966666666,15.801044966666666,125.4106063630648,91.96777799958083,0.8360707090870987,0.8360707090870985,0.003237702824496833,spring,day,0.6475405648993666
2018-04-05 08:00:00,2271.28,965.6,14.78,0.0,0.1489674413333333,14.896744133333332,138.15752109593092,101.31551547034934,0.9210501406395395,0.9210501406395395,0.0,spring,day,8.83317592157768
2018-04-05 09:00:00,2276.7200000000003,1061.3,16.01,0.0,0.1438256893333333,14.382568933333332,144.90870564157598,106.26638413715571,0.9660580376105066,0.9660580376105065,0.0,spring,day,0.19480013357148998
2018-04-05 10:00:00,2250.08,1072.44,16.98,0.0,0.14257777600000002,14.257777600000002,145.66415999999998,106.82038399999996,0.9710943999999999,0.9710943999999997,0.0,spring,day,38.57239555213257
2018-04-05 11:00:00,2247.52,1012.03,17.65,0.0,0.14468744766666666,14.468744766666667,140.42388417120296,102.97751505888215,0.9361592278080197,0.9361592278080195,0.0,spring,day,32.04787858195304
2018-04-05 12:00:00,2228.8,843.08,18.05,0.0,0.15174513933333333,15.174513933333333,129.18787815518488,94.73777731380223,0.8612525210345658,0.8612525210345657,0.0,spring,day,0.6771906015294
2018-04-05 13:00:00,2208.56,630.77,18.18,0.0,0.16090683033333333,16.090683033333335,111.95614195194577,82.10117076476021,0.7463742796796384,0.7463742796796383,0.0,spring,day,26.36987350554141
2018-04-05 14:00:00,2201.68,394.19,18.0,0.0,0.17137097633333334,17.137097633333333,88.72867556148555,65.06769541175606,0.591524503743237,0.591524503743237,0.0,spring,day,0.0
2018-04-05 15:00:00,2195.92,145.44,17.46,0.0,0.182648884,18.2648884,59.50547898380435,43.63735125478986,0.39670319322536235,0.3967031932253624,0.0,spring,day,0.19911097800941735
2018-04-06 04:00:00,1703.44,62.38,4.15,0.0,0.19672674266666668,19.672674266666668,52.009891332325495,38.14058697703868,0.34673260888216995,0.34673260888216983,0.0,spring,day,0.0
2018-04-06 05:00:00,1751.3600000000001,301.74,7.73,0.0,0.183470936,18.3470936,82.47903926830908,60.48462879675998,0.5498602617887272,0.549860261788727,0.0,spring,day,0.9106224513729491
2018-04-06 06:00:00,1906.64,557.31,13.79,0.0,0.167560041,16.7560041,107.0041459410775,78.46970702345683,0.7133609729405166,0.7133609729405167,0.0,spring,day,15.557904962281087
2018-04-06 07:00:00,2193.04,786.37,15.9,0.0,0.15590819566666667,15.590819566666667,125.58521135063086,92.09582165712928,0.837234742337539,0.8372347423375389,0.0,spring,day,0.0
2018-04-06 08:00:00,2357.2000000000003,959.43,17.4,0.0,0.147178911,14.7178911,138.22223549696906,101.3629726977773,0.9214815699797938,0.9214815699797936,0.0,spring,day,0.0
2018-04-06 09:00:00,2421.28,1046.54,18.41,0.0,0.14258475733333334,14.258475733333334,144.91521838009209,106.27116014540087,0.9661014558672806,0.9661014558672807,0.0,spring,day,0.9734767823212512
2018-04-06 10:00:00,2456.48,1064.57,19.17,0.0,0.14120114433333333,14.120114433333333,145.66415999999998,106.82038399999998,0.9710943999999999,0.9710943999999998,0.0,spring,day,8.139197068744078
2018-04-06 11:00:00,2489.04,997.27,19.76,2.905444085744396,0.14367428166666668,14.367428166666668,140.46906035669275,103.01064426157468,0.9364604023779517,0.9364604023779517,0.01452722042872198,spring,day,2.905444085744396
2018-04-06 12:00:00,2502.64,829.94,20.1,5.654970213431952,0.15070841133333335,15.070841133333335,129.3299194501704,94.84194093012493,0.8621994630011359,0.8621994630011358,0.028274851067159757,spring,day,5.654970213431952
2018-04-06 13:00:00,2489.68,625.16,20.11,23.39502119223749,0.15963579133333333,15.963579133333333,112.24673728043291,82.31427400565079,0.7483115818695527,0.7483115818695526,0.11697510596118744,spring,day,23.39502119223749
2018-04-06 14:00:00,2467.2000000000003,394.29,19.8,49.071665186419075,0.169952893,16.9952893,89.21951384748021,65.42764348815214,0.5947967589832014,0.5947967589832013,0.2453583259320954,spring,day,49.071665186419075
2018-04-06 15:00:00,2456.64,154.0,18.86,69.2259868038759,0.18117582266666665,18.117582266666666,60.248249151312486,44.18204937762914,0.40165499434208324,0.4016549943420831,0.34612993401937947,spring,day,69.2259868038759
2018-04-07 04:00:00,1850.56,66.06,5.89,0.26757163713547877,0.195199576,19.5199576,52.66667768914677,38.6222303053743,0.35111118459431184,0.35111118459431184,0.0013378581856773937,spring,day,0.26757163713547877
2018-04-07 05:00:00,1903.92,304.37,8.95,0.0,0.18239799233333334,18.239799233333333,82.92214907890337,60.8095759911958,0.5528143271926892,0.5528143271926891,0.0,spring,day,24.520288114264346
2018-04-07 06:00:00,2065.6,562.01,14.18,0.0,0.16704865833333335,16.704865833333336,107.27526406681417,78.66852698233039,0.7151684271120945,0.7151684271120945,0.0,spring,day,0.0
2018-04-07 07:00:00,2333.28,785.56,16.45,0.0,0.15551156866666668,15.551156866666668,125.7260226528793,92.19908327877815,0.8381734843525286,0.8381734843525286,0.0,spring,day,56.08522558729242
2018-04-07 08:00:00,2472.0,958.2,18.27,0.0,0.146549282,14.6549282,138.27442483709862,101.401244880539,0.9218294989139908,0.9218294989139909,0.0,spring,day,0.19480013357148998
2018-04-07 09:00:00,2522.64,1050.73,19.52,0.0,0.14153013966666667,14.153013966666666,144.92047061947218,106.27501178761294,0.9661364707964812,0.9661364707964812,0.0,spring,day,26.36987350554141
2018-04-07 10:00:00,2523.52,1067.59,20.34,0.0,0.14015045366666667,14.015045366666667,145.66415999999998,106.82038399999998,0.9710943999999999,0.9710943999999998,0.0,spring,day,0.0
2018-04-07 11:00:00,2512.2400000000002,987.57,20.83,0.0,0.143257147,14.3257147,140.505492978682,103.03736151770015,0.9367032865245467,0.9367032865245468,0.0,spring,day,5.573198040973485
2018-04-07 12:00:00,2490.4,833.25,20.87,0.0,0.149959227,14.9959227,129.4444695555183,94.92594434071341,0.8629631303701221,0.862963130370122,0.0,spring,day,21.367724431900516
2018-04-07 13:00:00,2453.44,631.77,20.68,0.0,0.158899697,15.8899697,112.48108973050886,82.48613246903983,0.7498739315367257,0.7498739315367258,0.0,spring,day,0.0
2018-04-07 14:00:00,2410.88,390.67,20.29,0.0,0.16972599966666668,16.972599966666667,89.61535350365358,65.71792590267928,0.5974356900243571,0.5974356900243571,0.0,spring,day,50.43497872547617
2018-04-07 15:00:00,2382.96,147.7,19.24,4.9629681370444185,0.18115226066666668,18.11522606666667,60.847260874952624,44.62132464163193,0.4056484058330175,0.40564840583301753,0.024814840685222092,spring,day,4.9629681370444185
2018-04-08 04:00:00,1963.52,23.18,6.4,0.0,0.1966700193333333,19.66700193333333,37.86441819804887,27.7672400119025,0.2524294546536591,0.2524294546536591,0.0,spring,day,0.0
2018-04-08 05:00:00,1990.16,156.73,9.58,0.0,0.18834521566666668,18.834521566666666,72.93560424381826,53.48610977880004,0.48623736162545506,0.48623736162545494,0.0,spring,day,19.20619023079941
2018-04-08 06:00:00,2058.8,444.58,13.3,12.313786753800123,0.17286367266666666,17.286367266666666,101.16496532474326,74.18764123814505,0.6744331021649551,0.674433102164955,0.06156893376900061,spring,day,12.313786753800123
2018-04-08 07:00:00,2154.2400000000002,669.41,16.34,44.06845233580219,0.16066597433333332,16.06659743333333,122.55250144082399,89.87183438993759,0.8170166762721599,0.8170166762721599,0.22034226167901097,spring,day,44.06845233580219
2018-04-08 08:00:00,2220.4,859.97,18.25,60.87103394333879,0.15085109233333333,15.085109233333332,137.09821259206035,100.53868923417758,0.913988083947069,0.9139880839470689,0.30435516971669396,spring,day,60.87103394333879
2018-04-08 09:00:00,2246.64,748.88,19.52,78.05699046862318,0.15470086133333333,15.470086133333332,144.80209877845238,106.18820577086505,0.9653473251896825,0.9653473251896824,0.39028495234311594,spring,day,78.05699046862318
2018-04-08 10:00:00,2222.56,992.49,20.47,133.09181054438318,0.143325215,14.3325215,145.66415999999998,106.82038399999998,0.9710943999999999,0.9710943999999998,0.6654590527219159,spring,day,133.09181054438318
2018-04-08 11:00:00,2178.64,787.72,20.32,154.5067018169593,0.1523778226666667,15.237782266666668,139.68439625670328,102.4352239215824,0.9312293083780219,0.9312293083780219,0.7725335090847965,spring,day,154.5067018169593
2018-04-08 12:00:00,2118.96,152.05,17.12,75.63714939669018,0.18262750366666666,18.262750366666666,126.86280754856224,93.0327255356123,0.8457520503237483,0.8457520503237482,0.37818574698345087,spring,day,75.63714939669018
2018-04-08 13:00:00,2059.44,187.9,16.6,77.67961331336949,0.18147165666666665,18.147165666666666,107.19939387557689,78.6128888420897,0.7146626258371792,0.7146626258371791,0.38839806656684744,spring,day,77.67961331336949
2018-04-08 14:00:00,2001.04,123.54,16.31,29.54296262827494,0.18450766400000002,18.450766400000003,80.69415523774708,59.17571384101453,0.5379610349183139,0.5379610349183139,0.1477148131413747,spring,day,29.54296262827494
2018-04-08 15:00:00,1956.08,86.1,15.19,18.08340090899435,0.18702094400000002,18.702094400000004,47.34709163507304,34.721200532386895,0.3156472775671536,0.3156472775671536,0.09041700454497174,spring,day,18.08340090899435
2018-04-09 04:00:00,1812.08,43.86,6.03,4.178711820837937,0.19605828,19.605828,29.72074820590694,21.795215350998426,0.19813832137271292,0.19813832137271295,0.020893559104189684,spring,day,4.178711820837937
2018-04-09 05:00:00,1838.48,216.77,8.85,2.8505875922705317,0.1862988123333333,18.629881233333332,67.441366992568,49.45700246121654,0.4496091132837867,0.4496091132837867,0.01425293796135266,spring,day,2.8505875922705317
2018-04-09 06:00:00,1898.96,78.81,12.22,0.9106224513729491,0.189671669,18.9671669,97.80329905083748,71.72241930394748,0.6520219936722499,0.6520219936722498,0.004553112256864745,spring,day,0.9106224513729491
2018-04-09 07:00:00,1974.48,598.22,13.66,2.7449683282581177,0.1658771033333333,16.58771033333333,120.80654438071548,88.59146587919136,0.8053769625381032,0.8053769625381033,0.013724841641290588,spring,day,2.7449683282581177
2018-04-09 08:00:00,2022.88,494.23,14.78,5.073643751234253,0.16953488566666666,16.953488566666667,136.4511029822019,100.06414218694806,0.9096740198813459,0.909674019881346,0.025368218756171266,spring,day,5.073643751234253
2018-04-09 09:00:00,2027.2,642.82,15.51,0.35173555566435794,0.16247806666666667,16.247806666666666,144.73697485529672,106.1404482272176,0.9649131657019782,0.9649131657019783,0.0017586777783217898,spring,day,0.35173555566435794
2018-04-09 10:00:00,2000.48,350.08,16.93,0.2112917547574256,0.17413602066666667,17.413602066666666,145.66415999999998,106.82038399999998,0.9710943999999999,0.9710943999999998,0.001056458773787128,spring,day,0.2112917547574256
2018-04-09 11:00:00,1962.72,171.52,18.07,0.0,0.18103183266666667,18.10318326666667,139.2326584163117,102.10394950529525,0.9282177227754113,0.9282177227754114,0.0,spring,day,0.0
2018-04-09 12:00:00,1925.68,407.68,17.98,9.24162839655525,0.17079807066666666,17.079807066666667,125.44247010423187,91.99114474310338,0.8362831340282125,0.8362831340282125,0.04620814198277625,spring,day,9.24162839655525
2018-04-09 13:00:00,1894.24,138.13,17.02,29.665187875180763,0.18331341966666667,18.331341966666667,104.2935950637605,76.48196971342438,0.6952906337584034,0.6952906337584034,0.14832593937590383,spring,day,29.665187875180763
2018-04-09 14:00:00,1865.8400000000001,355.09,15.46,45.53069410292116,0.17507195566666667,17.507195566666667,75.78603329489748,55.576424416258156,0.5052402219659832,0.5052402219659833,0.2276534705146058,spring,day,45.53069410292116
2018-04-09 15:00:00,1845.04,73.1,14.77,43.55939413830086,0.18791804533333334,18.791804533333334,39.91978479764303,29.27450885160489,0.26613189865095355,0.26613189865095355,0.2177969706915043,spring,day,43.55939413830086
2018-04-10 04:00:00,1681.2,75.96,5.61,0.0,0.19498751799999997,19.498751799999997,48.396722802802365,35.4909300553884,0.3226448186853491,0.32264481868534906,0.0,spring,day,49.58668780867462
2018-04-10 05:00:00,1742.64,291.98,8.6,0.0,0.18321349933333334,18.321349933333334,80.04136618613526,58.69700186983252,0.5336091079075684,0.5336091079075683,0.0,spring,day,11.31639052187561
2018-04-10 06:00:00,1911.2,470.35,12.44,0.0,0.17241468566666668,17.24146856666667,105.51264802928148,77.37594188813975,0.7034176535285432,0.7034176535285431,0.0,spring,day,56.1678061999456
2018-04-10 08:00:00,2270.32,933.58,15.92,0.0,0.14946922466666668,14.946922466666667,137.93512709501408,101.15242653634363,0.9195675139667605,0.9195675139667603,0.0,spring,day,46.2492193821726
2018-04-10 09:00:00,2255.2000000000003,1028.89,17.26,0.0,0.14425809566666664,14.425809566666665,144.88632431760036,106.24997116624024,0.9659088287840024,0.9659088287840022,0.0,spring,day,0.0
2018-04-10 10:00:00,2229.36,1051.23,18.15,3.467139354563741,0.142584321,14.258432100000002,145.66415999999998,106.82038399999996,0.9710943999999999,0.9710943999999997,0.017335696772818706,spring,day,3.467139354563741
2018-04-10 11:00:00,2226.64,689.5,18.43,2.3137980776687024,0.15814789466666668,15.814789466666667,140.26863414221296,102.86366503762284,0.9351242276147531,0.9351242276147531,0.011568990388343511,spring,day,2.3137980776687024
2018-04-10 12:00:00,2225.12,579.78,15.79,4.778502466095397,0.16500879999999998,16.50088,128.6997467442393,94.37981427910881,0.8579983116282619,0.8579983116282619,0.023892512330476987,spring,day,4.778502466095397
2018-04-10 13:00:00,2213.28,403.09,15.83,7.792311822764685,0.17268695766666667,17.268695766666667,110.957497806079,81.36883172445793,0.7397166520405267,0.7397166520405267,0.03896155911382342,spring,day,7.792311822764685
2018-04-10 14:00:00,2219.76,352.36,16.01,8.156835006225254,0.17475910466666666,17.475910466666665,87.04188732773198,63.83071737367012,0.5802792488515466,0.5802792488515466,0.040784175031126274,spring,day,8.156835006225254
2018-04-10 15:00:00,2228.8,43.57,15.85,5.560958165504546,0.18835830566666664,18.835830566666665,56.95291530919842,41.7654712267455,0.3796861020613228,0.3796861020613227,0.02780479082752273,spring,day,5.560958165504546
2018-04-11 04:00:00,1657.04,50.54,9.31,0.0,0.19319069733333333,19.319069733333333,38.008214808903126,27.872690859862292,0.25338809872602086,0.25338809872602086,0.0,spring,day,49.58668780867462
2018-04-11 05:00:00,1694.24,132.64,11.65,0.0,0.18777056466666667,18.777056466666668,73.03261857479205,53.557253621514164,0.486884123831947,0.48688412383194696,0.0,spring,day,47.92102521355793
2018-04-11 06:00:00,1828.88,419.4,15.41,0.0,0.172305166,17.2305166,101.22432384706516,74.23117082118111,0.6748288256471011,0.674828825647101,0.0,spring,day,0.0
2018-04-11 07:00:00,2047.44,725.38,17.06,0.0,0.15765832866666668,15.765832866666669,122.58333062572257,89.89444245886321,0.8172222041714838,0.8172222041714837,0.0,spring,day,15.30288185883784
2018-04-11 08:00:00,2164.0,923.17,18.4,0.0,0.14797565566666668,14.797565566666668,137.10963891076418,100.54706853456038,0.9140642594050945,0.9140642594050944,0.0,spring,day,1.4197843557643413
2018-04-11 09:00:00,2208.7200000000003,881.6,19.2,0.0,0.14916117333333334,14.916117333333334,144.80324870219,106.18904904827264,0.9653549913479332,0.965354991347933,0.0,spring,day,0.0
2018-04-11 11:00:00,2262.2400000000002,652.29,19.67,0.0,0.158797595,15.879759500000002,139.69237280419426,102.44107338974244,0.9312824853612951,0.9312824853612949,0.0,spring,day,21.367724431900516
2018-04-11 12:00:00,2290.0,287.21,20.11,0.7595936338914577,0.17438167633333332,17.438167633333332,126.88788711477272,93.05111721749998,0.8459192474318181,0.845919247431818,0.0037979681694572886,spring,day,0.7595936338914577
2018-04-11 13:00:00,2321.2000000000003,324.02,20.05,7.972018910168423,0.17282265733333332,17.282265733333332,107.25070293173545,78.65051548327264,0.7150046862115697,0.7150046862115694,0.039860094550842114,spring,day,7.972018910168423
2018-04-11 14:00:00,2373.04,240.49,19.88,2.6355623894724367,0.17660086766666666,17.660086766666666,80.78082025508229,59.23926818706035,0.5385388017005486,0.5385388017005486,0.013177811947362183,spring,day,2.6355623894724367
2018-04-11 15:00:00,2403.84,103.42,19.31,0.0,0.18302936666666667,18.302936666666668,47.47823908481348,34.817375328863214,0.31652159389875656,0.3165215938987565,0.0,spring,day,26.405481242551904
2018-04-12 04:00:00,1708.72,33.37,11.05,0.0,0.19257328566666665,19.257328566666665,35.221661934252026,25.82921875178483,0.23481107956168018,0.23481107956168026,0.0,spring,day,0.0
2018-04-12 05:00:00,1738.32,76.95,11.62,0.0,0.190224067,19.0224067,71.15263293916836,52.178597488723454,0.4743508862611224,0.4743508862611223,0.0,spring,day,23.469244639616452
2018-04-12 06:00:00,1863.8400000000001,435.28,13.9,0.0,0.17279822266666667,17.279822266666667,100.07404874650132,73.38763574743429,0.6671603249766754,0.6671603249766753,0.0,spring,day,23.08229803763459
2018-04-12 07:00:00,2070.08,547.15,16.62,0.0,0.16578067366666668,16.57806736666667,121.98590935625101,89.4563335279174,0.8132393957083401,0.8132393957083399,0.0,spring,day,0.0
2018-04-12 08:00:00,2201.84,577.17,18.41,0.0,0.163064935,16.3064935,136.88821476841736,100.38469083017273,0.9125880984561157,0.9125880984561158,0.0,spring,day,0.0
2018-04-12 09:00:00,2266.2400000000002,879.84,19.36,0.0,0.149112304,14.9112304,144.78096498300036,106.17270765420025,0.9652064332200024,0.9652064332200023,0.0,spring,day,40.90158827833548
2018-04-12 10:00:00,2316.88,799.58,20.16,0.0,0.15198599533333335,15.198599533333335,145.66415999999998,106.82038399999996,0.9710943999999999,0.9710943999999997,0.0,spring,day,25.24561429247322
2018-04-12 11:00:00,2369.92,900.87,20.46,0.0,0.147330755,14.7330755,139.5377998194163,102.32771986757194,0.9302519987961088,0.9302519987961085,0.0,spring,day,39.67972677004601
2018-04-12 12:00:00,2372.56,802.87,20.16,0.0,0.1518424416666667,15.18424416666667,126.4018844412493,92.69471525691614,0.8426792296083286,0.8426792296083285,0.0,spring,day,34.05345277398439
2018-04-12 13:00:00,2359.28,513.89,18.75,0.0,0.16555901633333334,16.555901633333335,106.25641386549897,77.92137016803258,0.7083760924366598,0.7083760924366598,0.0,spring,day,30.018458813719587
2018-04-12 14:00:00,2340.16,146.31,18.91,0.0,0.181472093,18.1472093,79.10138809216522,58.007684600921166,0.5273425872811015,0.5273425872811015,0.0,spring,day,0.0
2018-04-12 15:00:00,2337.76,38.94,18.46,0.0,0.18651043399999997,18.6510434,44.936807121248265,32.95365855558207,0.2995787141416551,0.29957871414165516,0.0,spring,day,12.718837263947108
2018-04-13 04:00:00,1668.16,71.16,10.58,0.0,0.19129352000000002,19.129352,52.1302401422785,38.228842771004246,0.34753493428185667,0.3475349342818568,0.0,spring,day,24.520288114264346
2018-04-13 05:00:00,1701.44,293.65,12.23,0.0,0.18028962966666667,18.02896296666667,82.56023422284746,60.544171763421474,0.5504015614856497,0.5504015614856498,0.0,spring,day,34.4045385752022
2018-04-13 06:00:00,1835.52,544.38,15.66,0.0,0.166655522,16.6655522,107.05382532837024,78.50613857413816,0.7136921688558016,0.7136921688558014,0.0,spring,day,0.0
2018-04-13 07:00:00,2029.68,771.9,17.16,0.0,0.15554996599999998,15.554996599999999,125.61101345884691,92.1147432031544,0.8374067563923128,0.8374067563923128,0.0,spring,day,2.905444085744396
2018-04-13 08:00:00,2157.84,936.62,18.35,0.0,0.14742805733333333,14.742805733333334,138.23179861427744,101.36998565047011,0.9215453240951829,0.9215453240951829,0.0,spring,day,3.467139354563741
2018-04-13 09:00:00,2200.4,1023.59,19.01,0.0,0.14311490233333335,14.311490233333334,144.9161807946618,106.27186591608532,0.9661078719644121,0.966107871964412,0.0,spring,day,45.22776315176381
2018-04-13 10:00:00,2215.44,1017.01,19.62,0.0,0.14292291566666668,14.292291566666668,145.66415999999998,106.82038399999998,0.9710943999999999,0.9710943999999998,0.0,spring,day,1.9245900025180194
2018-04-13 11:00:00,2221.44,983.22,20.11,0.0,0.14401244,14.401243999999998,140.47573623029206,103.01553990221416,0.9365049082019471,0.9365049082019469,0.0,spring,day,11.31639052187561
2018-04-13 12:00:00,2186.4,840.85,20.17,0.0,0.15017739366666666,15.017739366666666,129.35090948553795,94.85733362272782,0.862339396570253,0.8623393965702529,0.0,spring,day,0.0
2018-04-13 13:00:00,2160.32,633.65,20.05,0.0,0.15931246833333335,15.931246833333335,112.28967976573774,82.34576516154101,0.7485978651049183,0.7485978651049183,0.0,spring,day,33.805250269072275
2018-04-13 14:00:00,2156.64,394.44,19.92,0.0,0.1698521,16.985210000000002,89.2920470708913,65.48083451865364,0.595280313805942,0.5952803138059422,0.0,spring,day,7.570597667624625
2018-04-13 15:00:00,2155.04,154.24,19.31,6.013668384505603,0.18081192066666665,18.081192066666667,60.35801140099881,44.2625416940658,0.4023867426733254,0.40238674267332547,0.030068341922528018,spring,day,6.013668384505603
2018-04-13 16:00:00,2166.4,5.25,17.76,13.21448005180706,0.188530221,18.8530221,52.1302401422785,38.228842771004246,0.34753493428185667,0.3475349342818568,0.0660724002590353,spring,day,13.21448005180706
2018-04-14 04:00:00,1659.76,82.79,7.23,0.0,0.19341715433333334,19.341715433333334,54.27717594900872,39.80326236260638,0.3618478396600581,0.361847839660058,0.0,spring,day,15.078838607954099
2018-04-14 05:00:00,1694.16,315.29,10.99,0.0,0.18031930033333332,18.03193003333333,84.00869354115999,61.60637526351731,0.5600579569410665,0.5600579569410664,0.0,spring,day,0.0
2018-04-14 06:00:00,1802.16,566.45,15.31,0.0,0.1659674243333333,16.59674243333333,107.94006969985014,79.15605111322341,0.7196004646656676,0.7196004646656674,0.0,spring,day,0.0
2018-04-14 07:00:00,1949.3600000000001,791.83,16.91,0.0,0.15487670366666667,15.487670366666666,126.07130442507926,92.45228991172478,0.8404753628338617,0.8404753628338616,0.0,spring,day,10.716895370222629
2018-04-14 08:00:00,2054.96,965.72,18.33,0.0,0.14617403533333334,14.617403533333334,138.40239771684728,101.49509165902131,0.9226826514456485,0.9226826514456483,0.0,spring,day,18.602033099279442
2018-04-14 09:00:00,2125.92,1054.66,19.28,0.0,0.14154715666666667,14.154715666666668,144.93334957515418,106.28445635511306,0.9662223305010279,0.9662223305010279,0.0,spring,day,0.0
2018-04-14 10:00:00,2151.52,1002.35,19.8,0.0,0.14342120833333333,14.342120833333333,145.66415999999998,106.82038399999996,0.9710943999999999,0.9710943999999997,0.0,spring,day,0.0
2018-04-14 11:00:00,2136.8,955.12,19.95,6.434117142147356,0.14536420066666667,14.536420066666667,140.5948289913847,103.10287459368212,0.9372988599425647,0.9372988599425647,0.032170585710736777,spring,day,6.434117142147356
2018-04-14 12:00:00,2095.44,832.45,20.13,9.044582653654281,0.15057532966666667,15.057532966666667,129.72535654930834,95.13192813615944,0.8648357103287223,0.8648357103287222,0.04522291326827141,spring,day,9.044582653654281
2018-04-14 13:00:00,2058.4,547.41,19.95,19.670142466097417,0.16315394700000002,16.315394700000002,113.05574267377091,82.90754462743199,0.7537049511584727,0.7537049511584726,0.09835071233048709,spring,day,19.670142466097417
2018-04-14 14:00:00,2037.1200000000001,220.56,19.56,38.68660458792318,0.17772180799999998,17.772180799999997,90.58598736477231,66.42972406749968,0.6039065824318154,0.6039065824318153,0.1934330229396159,spring,day,38.68660458792318
2018-04-14 15:00:00,2021.2,14.83,18.5,53.874684908409755,0.18753101766666666,18.753101766666667,62.316090622312714,45.698466456362645,0.41544060414875145,0.41544060414875134,0.26937342454204877,spring,day,53.874684908409755
2018-04-15 04:00:00,1585.6000000000001,87.67,6.45,177.6676056994295,0.19381683566666666,19.381683566666666,54.61985349404097,40.05455922896338,0.36413235662693977,0.36413235662693977,0.8883380284971474,spring,day,177.6676056994295
2018-04-15 05:00:00,1599.52,327.95,9.59,148.39828227167726,0.1808664623333333,18.08664623333333,84.2398855878539,61.77591609775953,0.5615992372523594,0.5615992372523594,0.7419914113583863,spring,day,148.39828227167726
2018-04-15 06:00:00,1644.96,576.62,11.88,74.01005553603551,0.16821759533333336,16.821759533333335,108.08152527787225,79.25978520377296,0.7205435018524816,0.7205435018524815,0.37005027768017756,spring,day,74.01005553603551
2018-04-15 07:00:00,1714.72,803.25,13.64,95.10744423437559,0.156946669,15.694666900000001,126.14477256409607,92.50616654700377,0.8409651504273071,0.840965150427307,0.47553722117187797,spring,day,95.10744423437559
2018-04-15 08:00:00,1790.88,972.12,15.06,148.87403000552365,0.14846304,14.846304,138.4296274465253,101.51506012745187,0.9228641829768354,0.9228641829768353,0.7443701500276183,spring,day,148.87403000552365
2018-04-15 09:00:00,1895.8400000000001,1073.61,16.28,165.98773455614378,0.143076505,14.3076505,144.93608992515993,106.28646594511727,0.9662405995010662,0.9662405995010661,0.8299386727807189,spring,day,165.98773455614378
2018-04-15 10:00:00,1973.68,1087.72,17.33,157.19696045145065,0.14163616866666667,14.163616866666667,145.66415999999998,106.82038399999996,0.9710943999999999,0.9710943999999997,0.7859848022572532,spring,day,157.19696045145065
2018-04-15 11:00:00,2004.88,1010.77,18.11,112.90942158056036,0.14438114166666666,14.438114166666665,140.61383767104547,103.1168142921,0.9374255844736364,0.9374255844736364,0.5645471079028018,spring,day,112.90942158056036
2018-04-15 12:00:00,1992.32,889.06,18.64,131.57097921458765,0.14927549266666668,14.927549266666668,129.78512293829635,95.17575682141732,0.8652341529219757,0.8652341529219757,0.6578548960729382,spring,day,131.57097921458765
2018-04-15 13:00:00,1967.6000000000001,659.62,18.8,134.9124148321482,0.15916106066666666,15.916106066666666,113.17801580175274,82.997211587952,0.7545201053450182,0.7545201053450181,0.674562074160741,spring,day,134.9124148321482
2018-04-15 14:00:00,1939.04,412.02,18.6,148.95228277338546,0.170121754,17.0121754,90.79251626141443,66.58117859170392,0.6052834417427629,0.6052834417427629,0.7447614138669273,spring,day,148.95228277338546
2018-04-15 15:00:00,1931.3600000000001,155.73,17.93,125.97942799007502,0.181830759,18.183075900000002,62.62862431728165,45.92765783267321,0.417524162115211,0.41752416211521104,0.6298971399503751,spring,day,125.97942799007502
2018-04-15 16:00:00,1938.72,3.5,16.27,178.53546586960377,0.18977682533333332,18.977682533333333,54.61985349404097,40.05455922896338,0.36413235662693977,0.36413235662693977,0.8926773293480188,spring,day,178.53546586960377
2018-04-16 04:00:00,1542.24,25.03,3.76,9.725859827552606,0.19866275366666666,19.866275366666667,37.796067559417814,27.717116210239734,0.2519737837294521,0.2519737837294521,0.04862929913776303,spring,day,9.725859827552606
2018-04-16 05:00:00,1540.4,168.47,8.07,23.08229803763459,0.18901891433333334,18.901891433333333,72.88949055978196,53.45229307717344,0.4859299370652131,0.48592993706521304,0.11541149018817295,spring,day,23.08229803763459
2018-04-16 06:00:00,1566.56,379.97,10.83,21.683769237687592,0.17762276033333335,17.762276033333336,101.13675052270588,74.16695038331764,0.6742450034847058,0.6742450034847058,0.10841884618843796,spring,day,21.683769237687592
2018-04-16 07:00:00,1602.4,432.27,13.1,23.469244639616452,0.173557879,17.3557879,122.53784744818972,89.86108812867245,0.8169189829879315,0.8169189829879313,0.11734622319808226,spring,day,23.469244639616452
2018-04-16 08:00:00,1672.88,653.51,14.77,0.0,0.16259282233333333,16.259282233333334,137.09278133623334,100.53470631323778,0.913951875574889,0.9139518755748889,0.0,spring,day,34.6685946908303
2018-04-16 09:00:00,1787.3600000000001,830.68,16.17,0.0,0.15376274466666667,15.376274466666667,144.80155218683677,106.18780493701362,0.9653436812455785,0.9653436812455783,0.0,spring,day,0.0
2018-04-16 10:00:00,1886.4,682.12,17.31,0.0,0.15934955666666667,15.934955666666667,145.66415999999998,106.82038399999998,0.9710943999999999,0.9710943999999998,0.0,spring,day,22.067741204051483
2018-04-16 11:00:00,1948.32,897.65,18.16,2.2055849101824707,0.14927767433333333,14.927767433333333,139.68060477572305,102.43244350219689,0.9312040318381537,0.9312040318381536,0.011027924550912354,spring,day,2.2055849101824707
2018-04-16 12:00:00,2004.0,722.34,18.71,0.0,0.15649506400000002,15.649506400000002,126.85088651400591,93.02398344360434,0.8456725767600394,0.8456725767600394,0.0,spring,day,0.0
2018-04-16 13:00:00,2044.64,466.2,18.95,0.6254107931474964,0.16748281,16.748281000000002,107.17500521484865,78.59500382422233,0.7145000347656577,0.7145000347656576,0.003127053965737482,spring,day,0.6254107931474964
2018-04-16 14:00:00,2086.2400000000002,208.71,18.82,4.265911983507147,0.178820059,17.8820059,80.65296087825111,59.14550464405081,0.5376864058550074,0.5376864058550074,0.021329559917535733,spring,day,4.265911983507147
2018-04-16 15:00:00,2124.08,68.45,18.29,10.227167000506817,0.18535633233333335,18.535633233333336,47.2847535042135,34.6754859030899,0.31523169002809,0.31523169002809,0.05113583500253409,spring,day,10.227167000506817
2018-04-16 16:00:00,2152.48,4.37,16.59,13.019746735779794,0.18948753633333332,18.948753633333332,37.796067559417814,27.717116210239734,0.2519737837294521,0.2519737837294521,0.06509873367889897,spring,day,13.019746735779794
2018-04-17 04:00:00,1660.72,41.72,4.02,58.11085697598219,0.19773030933333333,19.77303093333333,46.37533039828289,34.00857562540745,0.3091688693218859,0.3091688693218859,0.2905542848799109,spring,day,58.11085697598219
2018-04-17 05:00:00,1694.56,249.24,9.04,66.13024426861773,0.184732812,18.4732812,78.67760642437898,57.69691137787792,0.5245173761625265,0.5245173761625265,0.33065122134308866,spring,day,66.13024426861773
2018-04-17 06:00:00,1819.04,533.41,14.58,46.1231542337609,0.16798241166666666,16.798241166666667,104.67822734681775,76.76403338766634,0.697854848978785,0.6978548489787849,0.2306157711688045,spring,day,46.1231542337609
2018-04-17 07:00:00,1994.48,794.43,15.6,0.0,0.155792131,15.5792131,124.3771931655993,91.20994165477279,0.8291812877706619,0.8291812877706617,0.0,spring,day,0.0
2018-04-17 08:00:00,2146.4,952.27,17.11,0.0,0.14771909166666666,14.771909166666667,137.7745038807235,101.03463617919724,0.9184966925381567,0.9184966925381567,0.0,spring,day,48.4829570666798
2018-04-17 09:00:00,2257.76,1005.61,18.43,0.3871374652787607,0.14435496166666667,14.435496166666667,144.8701594921904,106.2381169609396,0.9658010632812694,0.9658010632812691,0.0019356873263938034,spring,day,0.3871374652787607
2018-04-17 10:00:00,2317.04,1071.55,19.55,0.0,0.14059813166666668,14.059813166666668,145.66415999999998,106.82038399999996,0.9710943999999999,0.9710943999999997,0.0,spring,day,0.0
2018-04-17 11:00:00,2360.32,1026.38,20.31,9.591657239880288,0.14197214533333333,14.197214533333332,140.15650540415228,102.78143729637833,0.9343767026943486,0.9343767026943485,0.047958286199401436,spring,day,9.591657239880288
2018-04-17 12:00:00,2358.56,882.62,20.81,0.0,0.1478521733333333,14.78521733333333,128.34719570464728,94.12127685007465,0.8556479713643151,0.855647971364315,0.0,spring,day,6.840737556777426
2018-04-17 13:00:00,2350.4,666.84,20.92,0.0,0.15718098000000003,15.718098000000003,110.236230901485,80.83990266108898,0.7349082060099,0.7349082060098998,0.0,spring,day,4.178711820837937
2018-04-17 14:00:00,2334.48,413.17,20.8,0.0,0.16834369566666668,16.83436956666667,85.82361099466534,62.937314729421246,0.5721574066311023,0.5721574066311023,0.0,spring,day,46.2492193821726
2018-04-17 15:00:00,2308.32,161.36,20.29,2.2346027609760903,0.17973155933333332,17.97315593333333,55.10933598418849,40.41351305507156,0.36739557322792327,0.36739557322792327,0.011173013804880451,spring,day,2.2346027609760903
2018-04-17 16:00:00,2293.6,10.5,18.07,17.840502135443895,0.188057672,18.805767200000002,46.37533039828289,34.00857562540745,0.3091688693218859,0.3091688693218859,0.08920251067721947,spring,day,17.840502135443895
2018-04-18 04:00:00,1646.56,94.37,6.56,37.197416834783226,0.1934380983333333,19.34380983333333,54.83449812748301,40.21196529348754,0.36556332084988674,0.3655633208498867,0.18598708417391613,spring,day,37.197416834783226
2018-04-18 05:00:00,1683.52,321.67,11.36,64.43169853905849,0.17975032166666666,17.975032166666665,84.38469849677288,61.882112230966776,0.5625646566451525,0.5625646566451525,0.32215849269529245,spring,day,64.43169853905849
2018-04-18 06:00:00,1827.6000000000001,565.48,17.0,46.1231542337609,0.16468242266666666,16.468242266666667,108.1701295098479,79.32476164055512,0.7211341967323193,0.7211341967323193,0.2306157711688045,spring,day,46.1231542337609
2018-04-18 07:00:00,2028.32,795.09,18.59,42.457530309745344,0.15341498699999997,15.341498699999997,126.19079116670818,92.53991352225266,0.8412719411113879,0.8412719411113878,0.21228765154872672,spring,day,42.457530309745344
2018-04-18 08:00:00,2149.6,970.85,20.29,31.18795885530287,0.14441081233333333,14.441081233333334,138.4466834673536,101.52756787605932,0.9229778897823574,0.9229778897823575,0.15593979427651436,spring,day,31.18795885530287
2018-04-18 09:00:00,2176.16,1065.6,21.56,7.0345018053173165,0.13927909600000002,13.927909600000001,144.9378064117842,106.2877247019751,0.966252042745228,0.9662520427452281,0.035172509026586585,spring,day,7.0345018053173165
2018-04-18 10:00:00,2167.2,1089.61,22.49,1.7138727555184532,0.13750103766666666,13.750103766666665,145.66415999999998,106.82038399999998,0.9710943999999999,0.9710943999999998,0.008569363777592267,spring,day,1.7138727555184532
2018-04-18 11:00:00,2170.64,1018.94,23.13,1.4197843557643413,0.14008194933333334,14.008194933333334,140.62574423200095,103.12554577013402,0.9375049615466731,0.937504961546673,0.007098921778821706,spring,day,1.4197843557643413
2018-04-18 12:00:00,2170.8,856.05,23.44,11.881658422024012,0.14694590899999999,14.694590899999998,129.82255910778707,95.20321001237718,0.8654837273852471,0.8654837273852471,0.05940829211012006,spring,day,11.881658422024012
2018-04-18 13:00:00,2170.64,672.45,23.44,17.737741582635454,0.154956989,15.495698899999999,113.25460462735845,83.05337672672951,0.7550306975157229,0.7550306975157228,0.08868870791317728,spring,day,17.737741582635454
2018-04-18 14:00:00,2182.96,426.3,23.15,13.437217069423998,0.1659251,16.59251,90.92188079071491,66.67604591319092,0.6061458719380994,0.6061458719380992,0.06718608534711999,spring,day,13.437217069423998
2018-04-18 15:00:00,2194.08,160.7,22.42,53.87056315146583,0.1780874553333333,17.80874553333333,62.82438759785663,46.07121757176153,0.4188292506523775,0.4188292506523775,0.26935281575732917,spring,day,53.87056315146583
2018-04-18 16:00:00,2208.0,11.37,20.18,124.58719547693022,0.18636251699999998,18.6362517,54.83449812748301,40.21196529348754,0.36556332084988674,0.3655633208498867,0.6229359773846511,spring,day,124.58719547693022
2018-04-19 04:00:00,1657.92,94.27,7.49,178.95714585059736,0.19271203966666664,19.271203966666665,54.75362402687035,40.15265761970492,0.36502416017913564,0.36502416017913564,0.8947857292529868,spring,day,178.95714585059736
2018-04-19 05:00:00,1702.56,321.62,11.42,179.0,0.17970537933333333,17.970537933333333,84.33013568950341,61.84209950563582,0.5622009045966894,0.5622009045966893,0.895,spring,day,179.0
2018-04-19 06:00:00,1846.56,564.68,13.98,178.266739439674,0.16708923733333333,16.708923733333332,108.13674508529186,79.30027972921403,0.7209116339019458,0.7209116339019457,0.8913336971983701,spring,day,178.266739439674
2018-04-19 07:00:00,2072.08,796.48,15.89,117.18034975742154,0.15547491666666666,15.547491666666666,126.1734522142358,92.52719829043957,0.8411563480949052,0.8411563480949052,0.5859017487871077,spring,day,117.18034975742154
2018-04-19 08:00:00,2203.12,960.78,17.47,54.63718569740858,0.14706502800000001,14.7065028,138.44025707633514,101.52285518931241,0.9229350471755676,0.9229350471755674,0.27318592848704293,spring,day,54.63718569740858
2018-04-19 09:00:00,2230.56,1065.42,18.8,85.41835138797408,0.14145465399999999,14.145465399999999,144.93715967158985,106.28725042583255,0.9662477311439324,0.9662477311439323,0.42709175693987045,spring,day,85.41835138797408
2018-04-19 10:00:00,2227.92,1078.19,19.84,105.20857336280372,0.1400806403333333,14.008064033333332,145.66415999999998,106.82038399999996,0.9710943999999999,0.9710943999999997,0.5260428668140186,spring,day,105.20857336280372
2018-04-19 11:00:00,2225.2000000000003,1001.6,20.5,128.6501204018977,0.1429041533333333,14.290415333333332,140.62125806156556,103.12225591181473,0.9374750537437704,0.9374750537437703,0.6432506020094886,spring,day,128.6501204018977
2018-04-19 12:00:00,2220.64,865.54,20.77,137.48033002229243,0.14862884666666665,14.862884666666664,129.80845385628655,95.19286616127678,0.8653896923752437,0.8653896923752434,0.6874016501114621,spring,day,137.48033002229243
2018-04-19 13:00:00,2213.92,653.07,20.64,116.59507239419762,0.158001723,15.800172300000002,113.22574738416296,83.03221474838617,0.7548383158944197,0.7548383158944197,0.5829753619709881,spring,day,116.59507239419762
2018-04-19 14:00:00,2233.2000000000003,406.39,20.13,140.38441085965763,0.16916574766666667,16.916574766666667,90.87313864519473,66.6403016731428,0.6058209243012982,0.6058209243012982,0.7019220542982881,spring,day,140.38441085965763
2018-04-19 15:00:00,2233.68,163.22,19.13,136.0093477058894,0.18056146533333334,18.056146533333333,62.75062763938201,46.0171269355468,0.41833751759588006,0.41833751759588,0.6800467385294471,spring,day,136.0093477058894
2018-04-19 16:00:00,2243.6,13.12,17.29,148.21411247317064,0.18855596466666666,18.855596466666665,54.75362402687035,40.15265761970492,0.36502416017913564,0.36502416017913564,0.7410705623658532,spring,day,148.21411247317064
2018-04-20 04:00:00,1679.52,104.08,4.78,57.285093279300874,0.19441243066666666,19.441243066666665,72.96359983218561,53.5066398769361,0.4864239988812374,0.4864239988812373,0.28642546639650435,spring,day,57.285093279300874
2018-04-20 05:00:00,1718.72,345.21,8.03,1.3985031336755964,0.181338575,18.1338575,96.61574248723342,70.85154449063783,0.6441049499148894,0.6441049499148894,0.006992515668377982,spring,day,1.3985031336755964
2018-04-20 06:00:00,1859.92,588.55,9.83,20.868393277716436,0.16930711966666667,16.930711966666667,115.65373209144971,84.81273686706311,0.7710248806096648,0.7710248806096647,0.10434196638858217,spring,day,20.868393277716436
2018-04-20 07:00:00,2093.28,757.03,11.8,45.039695868382225,0.16040853766666666,16.040853766666665,130.07756864483457,95.390217006212,0.8671837909655639,0.8671837909655636,0.22519847934191112,spring,day,45.039695868382225
2018-04-20 08:00:00,2237.2000000000003,518.5,12.8,136.5514799721622,0.17003099666666666,17.003099666666664,139.88725214738787,102.58398490808443,0.9325816809825858,0.9325816809825858,0.6827573998608111,spring,day,136.5514799721622
2018-04-20 09:00:00,2282.48,455.1,12.97,104.79335484196022,0.172663832,17.2663832,145.0827825991097,106.39404057268044,0.9672185506607313,0.9672185506607313,0.5239667742098011,spring,day,104.79335484196022
2018-04-20 10:00:00,2282.32,528.29,12.16,0.0,0.1701064823333333,17.01064823333333,145.66415999999998,106.82038399999998,0.9710943999999999,0.9710943999999998,0.0,spring,day,7.584942745606187
2018-04-20 11:00:00,2280.7200000000003,349.36,10.66,128.52683137801588,0.17909189466666667,17.909189466666668,141.6313843500588,103.86301519004311,0.944209229000392,0.944209229000392,0.6426341568900794,spring,day,128.52683137801588
2018-04-20 12:00:00,2264.32,349.23,9.76,118.68385758523827,0.179804427,17.980442699999998,132.98445564928608,97.52193414280978,0.8865630376619071,0.8865630376619071,0.5934192879261914,spring,day,118.68385758523827
2018-04-20 13:00:00,2268.7200000000003,156.68,8.93,123.27029413334311,0.18885790733333335,18.885790733333334,119.72337389768191,87.79714085830005,0.798155825984546,0.7981558259845459,0.6163514706667156,spring,day,123.27029413334311
2018-04-20 14:00:00,2294.8,63.04,8.34,149.99126859362076,0.19340711866666668,19.34071186666667,101.84813909524617,74.68863533651384,0.6789875939683078,0.6789875939683077,0.7499563429681038,spring,day,149.99126859362076
2018-04-20 15:00:00,2313.44,123.26,7.78,176.17864524906193,0.19121934333333332,19.121934333333332,79.35875124197901,58.19641757745126,0.5290583416131934,0.5290583416131932,0.8808932262453096,spring,day,176.17864524906193
2018-04-20 16:00:00,2342.32,13.99,7.11,166.6831598122871,0.19651337566666668,19.65133756666667,72.96359983218561,53.5066398769361,0.4864239988812374,0.4864239988812373,0.8334157990614355,spring,day,166.6831598122871
2018-04-21 04:00:00,1671.52,102.65,2.2,45.48687315905918,0.19650115833333331,19.65011583333333,67.78183025959082,49.70667552369993,0.45187886839727215,0.4518788683972721,0.22743436579529588,spring,day,45.48687315905918
2018-04-21 05:00:00,1710.48,317.33,4.2,29.56018308633038,0.1855631543333333,18.55631543333333,93.1197914675314,68.28784707618968,0.6207986097835426,0.6207986097835425,0.14780091543165189,spring,day,29.56018308633038
2018-04-21 06:00:00,1833.3600000000001,456.67,6.28,30.48005013088572,0.17784965366666666,17.784965366666665,113.514723508323,83.24413057277019,0.75676482338882,0.7567648233888199,0.15240025065442858,spring,day,30.48005013088572
2018-04-21 07:00:00,2063.76,625.15,8.67,18.43943130319308,0.16862120366666666,16.862120366666666,128.9666263819657,94.5755260134415,0.8597775092131047,0.8597775092131046,0.0921971565159654,spring,day,18.43943130319308
2018-04-21 08:00:00,2211.76,409.59,9.93,47.511334696145376,0.17703720099999998,17.703720099999998,139.47550008845943,102.28203339820357,0.9298366672563961,0.929836667256396,0.23755667348072687,spring,day,47.511334696145376
2018-04-21 09:00:00,2278.32,615.3,10.24,71.74096772432654,0.167817914,16.781791400000003,145.0413446278042,106.3636527270564,0.9669422975186946,0.9669422975186945,0.3587048386216327,spring,day,71.74096772432654
2018-04-21 10:00:00,2305.04,499.43,11.04,58.136078491634585,0.17224538833333333,17.224538833333334,145.66415999999998,106.82038399999998,0.9710943999999999,0.9710943999999998,0.2906803924581729,spring,day,58.136078491634585
2018-04-21 11:00:00,2332.64,707.57,12.19,80.42965560776982,0.16226033633333334,16.226033633333333,141.34394620504685,103.65222721703434,0.9422929747003124,0.9422929747003121,0.40214827803884906,spring,day,80.42965560776982
2018-04-21 12:00:00,2336.08,669.49,12.66,74.61078342639229,0.16355275566666666,16.355275566666666,132.08070324294474,96.85918237815946,0.8805380216196316,0.8805380216196315,0.37305391713196145,spring,day,74.61078342639229
2018-04-21 13:00:00,2330.48,375.83,12.86,58.276406131353866,0.17620904033333334,17.620904033333336,117.8744311136937,86.44124948337537,0.785829540757958,0.785829540757958,0.2913820306567693,spring,day,58.276406131353866
2018-04-21 14:00:00,2333.44,186.73,12.42,42.65815076758409,0.18480567966666667,18.480567966666666,98.72512981729363,72.39842853268199,0.6581675321152909,0.6581675321152908,0.21329075383792045,spring,day,42.65815076758409
2018-04-21 15:00:00,2320.96,141.11,11.91,33.868934444559684,0.18719678633333334,18.719678633333334,74.6327993537447,54.73071952607945,0.49755199569163133,0.49755199569163133,0.16934467222279842,spring,day,33.868934444559684
2018-04-21 16:00:00,2313.68,15.74,11.04,29.865238560736092,0.1933503953333333,19.33503953333333,67.78183025959082,49.70667552369993,0.45187886839727215,0.4518788683972721,0.14932619280368045,spring,day,29.865238560736092
2018-04-22 04:00:00,1625.1200000000001,105.43,3.14,20.383724667719747,0.19564158166666668,19.56415816666667,56.69049982740519,41.573033206763796,0.3779366655160346,0.3779366655160345,0.10191862333859873,spring,day,20.383724667719747
2018-04-22 05:00:00,1628.96,339.88,5.52,5.717590233105452,0.18354249466666667,18.354249466666666,85.63687517975929,62.80037513182347,0.5709125011983952,0.5709125011983952,0.02858795116552726,spring,day,5.717590233105452
2018-04-22 06:00:00,1671.92,590.95,7.75,0.0,0.17083603166666667,17.083603166666666,108.93627773601138,79.886603673075,0.7262418515734091,0.7262418515734091,0.0,spring,day,5.295924269116188
2018-04-22 07:00:00,1737.04,814.46,9.31,0.0,0.15985832133333333,15.985832133333332,126.58870749616153,92.83171883051844,0.8439247166410769,0.8439247166410767,0.0,spring,day,41.349356556221274
2018-04-22 08:00:00,1833.04,989.43,11.02,0.0,0.150880763,15.0880763,138.5941644602097,101.63572060415376,0.923961096401398,0.9239610964013978,0.0,spring,day,0.0
2018-04-22 09:00:00,1971.1200000000001,1078.06,12.57,0.0,0.14579617066666667,14.579617066666668,144.95264862815583,106.29860899398095,0.9663509908543721,0.9663509908543723,0.0,spring,day,13.21448005180706
2018-04-22 10:00:00,2058.64,1094.45,13.99,0.0,0.14396575233333334,14.396575233333333,145.66415999999998,106.82038399999998,0.9710943999999999,0.9710943999999998,0.0,spring,day,0.0
2018-04-22 11:00:00,2097.84,1022.66,15.06,0.0,0.14625781133333335,14.625781133333335,140.72869857574216,103.20104562221091,0.9381913238382811,0.9381913238382811,0.0,spring,day,19.660265402950138
2018-04-22 12:00:00,2101.6,879.21,15.85,0.0,0.151896547,15.189654699999998,130.14626435538236,95.4405938606137,0.8676417623692158,0.8676417623692155,0.0,spring,day,8.83145827029244
2018-04-22 13:00:00,2084.56,671.18,16.31,0.0,0.16061230533333332,16.061230533333333,113.91685733892056,83.5390287152084,0.7594457155928037,0.7594457155928037,0.0,spring,day,15.097101628060118
2018-04-22 14:00:00,2063.2,416.69,16.42,0.0,0.1716301583333333,17.163015833333333,92.04047752635672,67.49635018599491,0.6136031835090449,0.6136031835090446,0.0,spring,day,0.0
2018-04-22 15:00:00,2041.6000000000001,170.33,16.08,0.0,0.18264670233333333,18.264670233333334,64.51712491769098,47.31255827297338,0.43011416611793984,0.4301141661179398,0.0,spring,day,0.0
2018-04-22 16:00:00,2030.0,16.61,14.69,0.0,0.19044572433333334,19.044572433333336,56.69049982740519,41.573033206763796,0.3779366655160346,0.3779366655160345,0.0,spring,day,35.144824306554646
2018-04-23 04:00:00,1636.16,107.02,9.3,0.0,0.19073414066666666,19.073414066666665,57.80204071340968,42.38816318983376,0.38534693808939785,0.38534693808939785,0.0,spring,day,0.0
2018-04-23 05:00:00,1643.1200000000001,348.32,10.06,19.892174845119165,0.17960851333333333,17.960851333333334,86.38679129228183,63.35031361434001,0.5759119419485456,0.5759119419485456,0.09946087422559582,spring,day,19.892174845119165
2018-04-23 06:00:00,1683.1200000000001,595.5,14.68,19.35392339485128,0.16519467799999998,16.519467799999997,109.39511625871111,80.22308525638815,0.7293007750580741,0.729300775058074,0.0967696169742564,spring,day,19.35392339485128
2018-04-23 07:00:00,1729.52,819.1,15.8,21.520344605564212,0.15455861666666668,15.455861666666667,126.82701561269762,93.00647811597824,0.8455134374179841,0.845513437417984,0.10760172302782106,spring,day,21.520344605564212
2018-04-23 08:00:00,1794.8,984.55,17.43,4.581974215840143,0.14605927966666665,14.605927966666666,138.68248935424128,101.70049219311025,0.9245499290282753,0.924549929028275,0.022909871079200714,spring,day,4.581974215840143
2018-04-23 09:00:00,1847.76,1077.85,18.57,0.0,0.14109293366666667,14.109293366666668,144.96153748334206,106.30512748778418,0.9664102498889471,0.9664102498889471,0.0,spring,day,42.65815076758409
2018-04-23 10:00:00,1880.64,1088.18,19.4,0.0,0.13999031933333334,13.999031933333333,145.66415999999998,106.82038399999998,0.9710943999999999,0.9710943999999998,0.0,spring,day,45.22776315176381
2018-04-23 11:00:00,1880.4,1022.37,19.87,0.0,0.142492691,14.249269100000001,140.7903569042151,103.24626172975772,0.9386023793614339,0.9386023793614339,0.0,spring,day,9.778300850229185
2018-04-23 12:00:00,1866.72,877.83,19.96,0.0,0.14872876699999998,14.872876699999999,130.34012819598735,95.58276067705737,0.868934187973249,0.8689341879732487,0.0,spring,day,28.949693299564633
2018-04-23 13:00:00,1854.72,670.99,19.92,0.0,0.15778530166666666,15.778530166666666,114.31347387531679,83.82988084189897,0.7620898258354453,0.7620898258354452,0.0,spring,day,0.0
2018-04-23 14:00:00,1848.88,416.82,19.75,0.0,0.16900910400000002,16.9009104,92.71039394220331,67.98762222428242,0.618069292948022,0.6180692929480219,0.0,spring,day,5.03763368831619
2018-04-23 15:00:00,1846.56,170.46,19.28,0.0,0.18012774999999998,18.012774999999998,65.53088839664707,48.055984824207854,0.4368725893109805,0.4368725893109805,0.0,spring,day,36.955021158036246
2018-04-23 16:00:00,1867.44,17.49,17.88,8.139197068744078,0.187901901,18.7901901,57.80204071340968,42.38816318983376,0.38534693808939785,0.38534693808939785,0.04069598534372039,spring,day,8.139197068744078
2018-04-24 04:00:00,1627.1200000000001,113.32,7.47,0.0,0.19189653266666667,19.189653266666667,58.771276288716905,43.09893594505906,0.39180850859144606,0.391808508591446,0.0,spring,day,2.905444085744396
2018-04-24 05:00:00,1685.28,355.25,11.46,22.487292115741297,0.17820657433333334,17.820657433333334,87.04069919967841,63.82984607976417,0.5802713279978561,0.5802713279978561,0.11243646057870649,spring,day,22.487292115741297
2018-04-24 06:00:00,1842.8,608.28,15.49,4.178617490187289,0.16400087,16.400087,109.79521186034086,80.51648869758327,0.731968079068939,0.7319680790689388,0.020893087450936446,spring,day,4.178617490187289
2018-04-24 07:00:00,2083.84,822.23,16.75,0.0,0.15367591433333333,15.367591433333333,127.03481427070426,93.15886379851645,0.846898761804695,0.846898761804695,0.0,spring,day,25.775394926080626
2018-04-24 08:00:00,2245.28,993.34,17.99,0.0,0.14523591866666669,14.523591866666669,138.7595064307686,101.75697138256362,0.925063376205124,0.9250633762051238,0.0,spring,day,0.0
2018-04-24 09:00:00,2293.44,1086.63,19.07,0.0,0.140317133,14.031713300000002,144.96928834053384,106.31081144972481,0.9664619222702255,0.9664619222702255,0.0,spring,day,0.0
2018-04-24 10:00:00,2311.36,1096.94,19.93,0.0,0.13919182933333332,13.919182933333332,145.66415999999998,106.82038399999998,0.9710943999999999,0.9710943999999998,0.0,spring,day,44.06845233580219
2018-04-24 11:00:00,2317.68,1035.72,20.59,2.048315447723304,0.141344698,14.1344698,140.8441214091671,103.28568903338919,0.9389608093944473,0.9389608093944471,0.010241577238616519,spring,day,2.048315447723304
2018-04-24 12:00:00,2313.04,898.77,20.96,2.4329662917014616,0.14702968500000002,14.702968500000003,130.50917256803513,95.70672654989241,0.8700611504535675,0.8700611504535674,0.012164831458507308,spring,day,2.4329662917014616
2018-04-24 13:00:00,2302.08,676.08,21.06,1.6599766162590068,0.156667852,15.6667852,114.6593134766041,84.08349654950968,0.7643954231773606,0.7643954231773606,0.008299883081295034,spring,day,1.6599766162590068
2018-04-24 14:00:00,2299.68,417.96,20.85,0.0,0.168095422,16.8095422,93.29454413487395,68.41599903224089,0.6219636275658263,0.6219636275658262,0.0,spring,day,34.93165673566598
2018-04-24 15:00:00,2274.4,171.26,20.38,5.7308677457314525,0.17922890333333333,17.92289033333333,66.41486454284481,48.704233998086195,0.4427657636189654,0.4427657636189654,0.02865433872865726,spring,day,5.7308677457314525
2018-04-24 16:00:00,2268.0,18.36,18.83,13.984569722708537,0.18711781,18.711781,58.771276288716905,43.09893594505906,0.39180850859144606,0.391808508591446,0.06992284861354268,spring,day,13.984569722708537
2018-04-25 04:00:00,1699.3600000000001,113.06,7.8,0.0,0.19164869533333334,19.164869533333334,59.351854948944535,43.52469362922598,0.3956790329929636,0.3956790329929634,0.0,spring,day,0.0
2018-04-25 05:00:00,1740.88,354.11,12.14,0.0,0.17772224433333333,17.772224433333335,87.43239445567254,64.11708926749318,0.5828826297044836,0.5828826297044835,0.0,spring,day,7.229447270599071
2018-04-25 06:00:00,1896.32,601.21,17.04,0.0,0.16309198766666666,16.309198766666665,110.03487182977968,80.69223934183842,0.7335658121985311,0.733565812198531,0.0,spring,day,11.072360538193367
2018-04-25 07:00:00,2139.52,816.67,18.75,0.0,0.15234771566666666,15.234771566666666,127.15928707126604,93.25014385226174,0.8477285804751069,0.8477285804751068,0.0,spring,day,11.250994756510202
2018-04-25 08:00:00,2286.96,985.15,20.11,0.0,0.14392822766666666,14.392822766666665,138.80564018013155,101.79080279876311,0.9253709345342103,0.92537093453421,0.0,spring,day,34.05345277398439
2018-04-25 09:00:00,2331.6,1071.24,20.98,0.0,0.13948853599999997,13.948853599999996,144.97393115637618,106.31421618134253,0.9664928743758412,0.9664928743758412,0.0,spring,day,2.4329662917014616
2018-04-25 10:00:00,2358.4,1075.58,21.64,0.0,0.13878080333333334,13.878080333333335,145.66415999999998,106.82038399999998,0.9710943999999999,0.9710943999999998,0.0,spring,day,1.203824086185287
2018-04-25 11:00:00,2380.0,986.08,22.13,0.0,0.14230114066666666,14.230114066666665,140.87632671100295,103.3093062547355,0.9391755114066863,0.9391755114066864,0.0,spring,day,12.83931531020722
2018-04-25 12:00:00,2378.32,857.93,22.36,0.0,0.1477121103333333,14.771211033333332,130.61043128938508,95.78098294554906,0.8707362085959005,0.8707362085959005,0.0,spring,day,0.0
2018-04-25 13:00:00,2375.36,608.2,22.34,0.0,0.15862437066666665,15.862437066666665,114.86647373514643,84.2354140724407,0.7657764915676428,0.7657764915676427,0.0,spring,day,38.54112172132045
2018-04-25 14:00:00,2376.56,418.95,21.96,1.2515778415614798,0.167180431,16.7180431,93.64445404828683,68.67259963541034,0.6242963603219122,0.6242963603219122,0.006257889207807399,spring,day,1.2515778415614798
2018-04-25 15:00:00,2356.56,168.9,21.37,17.375219421250055,0.178554332,17.8554332,66.94437222880649,49.09253963445808,0.4462958148587099,0.4462958148587098,0.08687609710625027,spring,day,17.375219421250055
2018-04-25 16:00:00,2352.96,19.24,19.73,14.841204166618104,0.18637255266666666,18.637255266666667,59.351854948944535,43.52469362922598,0.3956790329929636,0.3956790329929634,0.07420602083309052,spring,day,14.841204166618104
2018-04-26 04:00:00,1705.52,42.64,8.23,33.805250269072275,0.19438363266666664,19.438363266666663,48.997581538846546,35.93155979515414,0.3266505435923103,0.3266505435923104,0.16902625134536137,spring,day,33.805250269072275
2018-04-26 05:00:00,1747.44,268.01,13.48,34.93165673566598,0.1804266383333333,18.042663833333332,80.44674366993539,58.994278691285956,0.5363116244662359,0.5363116244662359,0.17465828367832992,spring,day,34.93165673566598
2018-04-26 06:00:00,1897.28,555.02,16.97,34.4045385752022,0.16516238933333333,16.516238933333334,105.76067951266556,77.55783164262141,0.7050711967511037,0.7050711967511037,0.17202269287601102,spring,day,34.4045385752022
2018-04-26 07:00:00,2140.8,760.09,19.37,34.6685946908303,0.15432954166666665,15.432954166666665,124.93938906703715,91.62221864916057,0.8329292604469144,0.8329292604469143,0.17334297345415148,spring,day,34.6685946908303
2018-04-26 08:00:00,2280.32,838.88,21.18,35.144824306554646,0.14947009733333333,14.947009733333333,137.9828723330501,101.18743971090339,0.9198858155536673,0.9198858155536672,0.17572412153277323,spring,day,35.144824306554646
2018-04-26 09:00:00,2316.64,1000.56,21.99,22.067741204051483,0.141779286,14.177928600000001,144.89112931070437,106.25349482784986,0.9659408620713624,0.9659408620713624,0.11033870602025742,spring,day,22.067741204051483
2018-04-26 10:00:00,2338.7200000000003,1060.2,22.69,23.94057057685905,0.138627214,13.8627214,145.66415999999998,106.82038399999998,0.9710943999999999,0.9710943999999998,0.11970285288429525,spring,day,23.94057057685905
2018-04-26 11:00:00,2342.8,953.5,23.15,48.4829570666798,0.14292160666666667,14.292160666666668,140.30196440093698,102.88810722735379,0.9353464293395799,0.9353464293395799,0.242414785333399,spring,day,48.4829570666798
2018-04-26 12:00:00,2343.6,836.05,23.48,24.32480166838368,0.14778715966666667,14.778715966666667,128.80454251351534,94.45666450991123,0.8586969500901023,0.8586969500901022,0.1216240083419184,spring,day,24.32480166838368
2018-04-26 13:00:00,2330.48,623.5,23.42,36.955021158036246,0.15710854866666665,15.710854866666665,111.17189433773507,81.52605584767238,0.7411459622515671,0.7411459622515671,0.18477510579018122,spring,day,36.955021158036246
2018-04-26 14:00:00,2317.12,375.45,23.24,22.269807307524232,0.168073169,16.8073169,87.40401987359607,64.09628124063713,0.5826934658239739,0.5826934658239739,0.11134903653762115,spring,day,22.269807307524232
2018-04-26 15:00:00,2295.84,99.97,22.54,52.68330924798715,0.18064305966666666,18.064305966666666,57.50091912109855,42.16734068880561,0.3833394608073237,0.38333946080732373,0.2634165462399357,spring,day,52.68330924798715
2018-04-26 16:00:00,2293.36,13.12,20.94,9.778300850229185,0.18568925466666666,18.568925466666666,48.997581538846546,35.93155979515414,0.3266505435923103,0.3266505435923104,0.048891504251145926,spring,day,9.778300850229185
2018-04-27 04:00:00,1679.8400000000001,118.4,9.62,12.83931531020722,0.18998626533333332,18.998626533333333,53.90837472005416,39.532808128039726,0.3593891648003611,0.35938916480036115,0.06419657655103611,spring,day,12.83931531020722
2018-04-27 05:00:00,1714.88,258.11,13.45,26.36987350554141,0.18088217033333334,18.088217033333333,83.75987679731057,61.423909651361086,0.5583991786487371,0.5583991786487371,0.13184936752770704,spring,day,26.36987350554141
2018-04-27 06:00:00,1864.24,572.87,18.01,25.22685575232288,0.1635667183333333,16.35667183333333,107.78783039566078,79.0444089568179,0.7185855359710719,0.7185855359710719,0.1261342787616144,spring,day,25.22685575232288
2018-04-27 07:00:00,2095.68,803.53,20.22,39.67972677004601,0.15176651966666668,15.176651966666668,125.99223551510488,92.39430604441023,0.8399482367673659,0.8399482367673657,0.19839863385023004,spring,day,39.67972677004601
2018-04-27 08:00:00,2248.16,968.95,21.86,15.861023817063858,0.14326063766666663,14.326063766666664,138.37309215564278,101.47360091413802,0.9224872810376186,0.9224872810376183,0.07930511908531929,spring,day,15.861023817063858
2018-04-27 09:00:00,2283.12,1058.24,22.79,7.845567347043229,0.13863419533333332,13.863419533333332,144.9304003172745,106.28229356600127,0.9662026687818299,0.9662026687818297,0.03922783673521615,spring,day,7.845567347043229
2018-04-27 10:00:00,2294.08,946.88,23.56,17.491437813550796,0.14288844533333334,14.288844533333334,145.66415999999998,106.82038399999998,0.9710943999999999,0.9710943999999998,0.08745718906775397,spring,day,17.491437813550796
2018-04-27 11:00:00,2311.92,889.86,23.97,19.59532651615771,0.145054404,14.5054404,140.57437120381937,103.08787221613419,0.9371624746921291,0.937162474692129,0.09797663258078854,spring,day,19.59532651615771
2018-04-27 12:00:00,2348.32,750.92,24.17,44.20746161944004,0.15095973933333334,15.095973933333335,129.66103392873254,95.08475821440385,0.8644068928582169,0.8644068928582168,0.2210373080972002,spring,day,44.20746161944004
2018-04-27 13:00:00,2377.6,664.11,24.01,54.17097861860571,0.154873213,15.487321300000001,112.92414817473957,82.81104199480902,0.7528276544982638,0.7528276544982638,0.27085489309302857,spring,day,54.17097861860571
2018-04-27 14:00:00,2408.48,415.56,23.62,49.9412589190729,0.166024584,16.6024584,90.36371394184035,66.2667235573496,0.6024247596122689,0.602424759612269,0.2497062945953645,spring,day,49.9412589190729
2018-04-27 15:00:00,2445.28,157.84,22.68,72.6008450211262,0.17800804266666667,17.800804266666667,61.97973123003504,45.451802902025705,0.4131982082002336,0.4131982082002337,0.363004225105631,spring,day,72.6008450211262
2018-04-27 16:00:00,2463.36,18.36,20.89,120.55589897510042,0.185499886,18.5499886,53.90837472005416,39.532808128039726,0.3593891648003611,0.35938916480036115,0.6027794948755021,spring,day,120.55589897510042
2018-04-28 04:00:00,1713.6000000000001,116.91,9.88,157.34398594620367,0.189847075,18.9847075,59.08207229126573,43.32685301359487,0.39388048194177155,0.39388048194177155,0.7867199297310183,spring,day,157.34398594620367
2018-04-28 05:00:00,1744.08,350.62,14.14,151.99514559161636,0.17630372466666666,17.630372466666667,87.25038193195897,63.98361341676991,0.5816692128797265,0.5816692128797265,0.7599757279580818,spring,day,151.99514559161636
2018-04-28 06:00:00,1875.44,599.05,16.58,159.5564238455624,0.16354751966666667,16.354751966666665,109.92350689695718,80.61057172443526,0.7328233793130479,0.7328233793130479,0.797782119227812,spring,day,159.5564238455624
2018-04-28 07:00:00,2087.28,815.7,18.61,145.99815895759505,0.152499996,15.2499996,127.10144718626042,93.20772793659097,0.8473429812417361,0.8473429812417361,0.7299907947879752,spring,day,145.99815895759505
2018-04-28 08:00:00,2243.84,982.42,20.0,145.08634146189468,0.14413374066666665,14.413374066666664,138.78420279986864,101.77508205323699,0.925228018665791,0.9252280186657907,0.7254317073094734,spring,day,145.08634146189468
2018-04-28 09:00:00,2332.7200000000003,1067.14,21.13,156.5299389497766,0.13954962266666668,13.954962266666668,144.97177373778183,106.31263407437334,0.9664784915852122,0.9664784915852122,0.782649694748883,spring,day,156.5299389497766
2018-04-28 10:00:00,2382.96,1081.97,21.99,135.15791394941792,0.13822709633333333,13.822709633333332,145.66415999999998,106.82038399999998,0.9710943999999999,0.9710943999999998,0.6757895697470896,spring,day,135.15791394941792
2018-04-28 11:00:00,2434.88,1020.72,22.64,91.06298841736144,0.140389128,14.0389128,140.86136158652315,103.29833183011696,0.9390757439101542,0.9390757439101542,0.4553149420868072,spring,day,91.06298841736144
2018-04-28 12:00:00,2474.88,876.45,23.04,67.61955021919907,0.146369949,14.6369949,130.5633784973513,95.74647756472427,0.8704225233156753,0.8704225233156752,0.3380977510959953,spring,day,67.61955021919907
2018-04-28 13:00:00,2513.28,666.15,23.14,0.0,0.155467499,15.546749900000002,114.77021073248446,84.16482120382193,0.7651347382165631,0.765134738216563,0.0,spring,day,36.955021158036246
2018-04-28 14:00:00,2566.7200000000003,411.65,22.85,52.79692426586525,0.16679994833333334,16.679994833333332,93.48185829192252,68.55336274740985,0.6232123886128168,0.6232123886128168,0.26398462132932626,spring,day,52.79692426586525
2018-04-28 15:00:00,2612.32,170.35,22.28,140.91372931096086,0.17777634966666667,17.777634966666668,66.69832117566567,48.91210219548816,0.44465547450443776,0.4446554745044378,0.7045686465548043,spring,day,140.91372931096086
2018-04-28 16:00:00,2658.7200000000003,21.86,20.83,163.76215552582266,0.18539429333333332,18.53942933333333,59.08207229126573,43.32685301359487,0.39388048194177155,0.39388048194177155,0.8188107776291134,spring,day,163.76215552582266
2018-04-29 04:00:00,1760.0,121.41,8.78,11.391230717444403,0.19051466499999997,19.051466499999997,60.623862264291205,44.457498993813545,0.4041590817619414,0.4041590817619413,0.056956153587222016,spring,day,11.391230717444403
2018-04-29 05:00:00,1750.8,362.7,12.89,30.30743640534032,0.176758384,17.6758384,88.29057141797382,64.74641903984747,0.5886038094531588,0.5886038094531588,0.1515371820267016,spring,day,30.30743640534032
2018-04-29 06:00:00,1786.88,607.44,15.32,35.81756777669203,0.16417104000000002,16.417104000000002,110.55995009256395,81.07729673454689,0.7370663339504263,0.7370663339504263,0.17908783888346014,spring,day,35.81756777669203
2018-04-29 07:00:00,1835.28,821.25,17.74,7.427978058281335,0.152941129,15.294112900000002,127.43199828806168,93.45013207791189,0.8495466552537445,0.8495466552537444,0.03713989029140667,spring,day,7.427978058281335
2018-04-29 08:00:00,1950.4,987.99,19.47,0.0,0.144306965,14.430696500000002,138.90671600446694,101.8649250699424,0.926044773363113,0.9260447733631127,0.0,spring,day,0.0
2018-04-29 09:00:00,2104.7200000000003,1072.78,20.78,0.0,0.13957842066666667,13.957842066666668,144.98410324177968,106.32167571063843,0.9665606882785311,0.9665606882785311,0.0,spring,day,0.608744575019328
2018-04-29 10:00:00,2227.76,1082.89,21.87,0.0,0.13828120166666666,13.828120166666666,145.66415999999998,106.82038399999998,0.9710943999999999,0.9710943999999998,0.0,spring,day,12.83931531020722
2018-04-29 11:00:00,2327.28,1020.5,22.68,0.0,0.14036731133333333,14.036731133333333,140.94688627912785,103.36104993802707,0.9396459085275191,0.9396459085275187,0.0,spring,day,0.0
2018-04-29 12:00:00,2378.8,886.04,23.21,0.0,0.14581798733333334,14.581798733333335,130.8322820791632,95.94367352471969,0.872215213861088,0.872215213861088,0.0,spring,day,13.022692579713256
2018-04-29 13:00:00,2448.16,670.21,23.43,27.628018597751993,0.15506258166666667,15.506258166666667,115.32034740010616,84.56825476007785,0.7688023160007077,0.7688023160007077,0.13814009298875995,spring,day,27.628018597751993
2018-04-29 14:00:00,2520.64,418.03,23.34,61.19701642634584,0.16613672166666668,16.613672166666667,94.41108224195656,69.23479364410147,0.6294072149463771,0.629407214946377,0.3059850821317292,spring,day,61.19701642634584
2018-04-29 15:00:00,2598.32,173.37,22.9,75.9481905107751,0.17715762899999998,17.715762899999998,68.1044866047146,49.943290176790704,0.4540299106980973,0.4540299106980973,0.3797409525538755,spring,day,75.9481905107751
2018-04-29 16:00:00,2676.4,22.74,21.56,93.45809894763133,0.184782554,18.4782554,60.623862264291205,44.457498993813545,0.4041590817619414,0.4041590817619413,0.46729049473815665,spring,day,93.45809894763133
2018-04-30 03:00:00,1822.08,1.75,7.13,1.2980510299423007,0.19703173966666668,19.703173966666668,28.970182392899105,21.244800421459335,0.19313454928599402,0.19313454928599394,0.006490255149711504,spring,day,1.2980510299423007
2018-04-30 04:00:00,1762.16,123.28,8.61,0.0,0.19056658866666668,19.056658866666666,28.970182392899105,21.244800421459335,0.19313454928599402,0.19313454928599394,0.0,spring,day,13.216506077187216
2018-04-30 05:00:00,1734.4,369.66,13.97,0.6771906015294,0.175606464,17.5606464,66.93498760178699,49.085657574643776,0.4462332506785799,0.4462332506785798,0.003385953007647,spring,day,0.6771906015294
2018-04-30 06:00:00,1736.64,609.78,17.04,0.0,0.16271804999999998,16.271804999999997,97.49346923425972,71.49521077179045,0.6499564615617315,0.6499564615617314,0.0,spring,day,0.5860060580294721
2018-04-30 07:00:00,1744.48,823.51,19.18,0.0,0.15171154166666667,15.171154166666668,120.64562729031746,88.47346001289947,0.8043041819354497,0.8043041819354497,0.0,spring,day,0.0
2018-04-30 08:00:00,1802.8,990.12,20.95,0.11479244624039665,0.143051634,14.305163400000001,136.39146176996007,100.02040529797071,0.9092764117997338,0.9092764117997337,0.0005739622312019832,spring,day,0.11479244624039665
2018-04-30 09:00:00,1915.04,1074.89,22.2,7.334964248363797,0.13837108633333334,13.837108633333333,144.73097267318758,106.13604662700422,0.9648731511545838,0.9648731511545838,0.036674821241818985,spring,day,7.334964248363797
2018-04-30 10:00:00,2013.8400000000001,1083.87,23.14,11.31639052187561,0.137240983,13.724098300000001,145.66415999999998,106.82038399999998,0.9710943999999999,0.9710943999999998,0.056581952609378046,spring,day,11.31639052187561
2018-04-30 11:00:00,2083.28,1028.09,23.8,12.73473178916215,0.13915648633333333,13.915648633333333,139.19102375039733,102.07341741695802,0.9279401583359822,0.927940158335982,0.06367365894581076,spring,day,12.73473178916215
2018-04-30 12:00:00,2132.56,882.6,24.2,22.19239555992094,0.14519054,14.519054,125.31156392437954,91.89514687787832,0.8354104261625303,0.8354104261625301,0.11096197779960469,spring,day,22.19239555992094
2018-04-30 13:00:00,2161.84,668.21,24.36,23.17334037483738,0.15441942633333333,15.441942633333333,104.02578052194671,76.28557238276092,0.6935052034796447,0.6935052034796447,0.1158667018741869,spring,day,23.17334037483738
2018-04-30 14:00:00,2176.32,416.57,24.24,30.747770367208812,0.16549356633333334,16.549356633333336,75.33367354309871,55.24469393160571,0.5022244902873247,0.5022244902873246,0.15373885183604405,spring,day,30.747770367208812
2018-04-30 15:00:00,2206.8,173.1,23.71,0.0,0.176533236,17.6533236,39.23524298783572,28.772511524412852,0.26156828658557146,0.2615682865855714,0.0,spring,day,41.349356556221274
2018-04-30 16:00:00,2248.0,22.74,22.05,60.72345686052398,0.184397708,18.439770799999998,28.970182392899105,21.244800421459335,0.19313454928599402,0.19313454928599394,0.3036172843026199,spring,day,60.72345686052398
2018-05-01 03:00:00,1668.0,3.5,7.63,5.573198040973485,0.19656268133333335,19.656268133333334,28.919617637495044,21.207719600829705,0.19279745091663364,0.1927974509166337,0.027865990204867422,spring,day,5.573198040973485
2018-05-01 04:00:00,1664.96,123.52,9.24,0.0,0.19006131466666668,19.006131466666666,28.919617637495044,21.207719600829705,0.19279745091663364,0.1927974509166337,0.0,spring,day,18.71226736725247
2018-05-01 05:00:00,1706.32,355.21,14.67,2.615962071387392,0.17568718566666666,17.568718566666668,66.9008734047469,49.060640496814386,0.4460058226983127,0.4460058226983126,0.01307981035693696,spring,day,2.615962071387392
2018-05-01 06:00:00,1848.24,596.23,18.44,0.0,0.16220972166666667,16.220972166666666,97.47259635593164,71.47990399434985,0.6498173090395443,0.6498173090395442,0.0,spring,day,28.949693299564633
2018-05-01 07:00:00,2074.2400000000002,812.98,20.5,0.0,0.15113427266666668,15.113427266666669,120.63478649104937,88.4655100934362,0.8042319099403291,0.804231909940329,0.0,spring,day,0.0
2018-05-01 08:00:00,2248.48,982.44,22.24,0.0,0.14237357199999998,14.237357199999998,136.38744381010002,100.01745879407333,0.9092496254006668,0.9092496254006667,0.0,spring,day,16.13850594979607
2018-05-01 09:00:00,2319.92,1048.82,23.38,0.0,0.13858183533333335,13.858183533333335,144.73056831308355,106.13575009626126,0.964870455420557,0.9648704554205569,0.0,spring,day,18.33039870921147
2018-05-01 10:00:00,2365.68,1018.58,23.93,0.0,0.13946933733333333,13.946933733333333,145.66415999999998,106.82038399999998,0.9710943999999999,0.9710943999999998,0.0,spring,day,28.949693299564633
2018-05-01 11:00:00,2402.08,923.7,24.34,0.0,0.14328725399999998,14.328725399999998,139.18821887084937,102.07136050528953,0.9279214591389958,0.9279214591389957,0.0,spring,day,0.0
2018-05-01 12:00:00,2440.2400000000002,488.25,24.55,0.0,0.162122455,16.2122455,125.30274492563169,91.88867961212988,0.8353516328375445,0.8353516328375443,0.0,spring,day,0.0
2018-05-01 13:00:00,2476.08,478.9,24.73,0.0,0.16238905466666664,16.238905466666665,104.00773816434693,76.27234132052108,0.6933849210956462,0.6933849210956462,0.0,spring,day,0.0
2018-05-01 14:00:00,2517.52,318.66,24.27,0.0,0.16974214399999998,16.974214399999997,75.30319858699502,55.22234563046301,0.5020213239133001,0.5020213239133001,0.0,spring,day,17.019189027051322
2018-05-01 15:00:00,2565.44,168.81,23.94,0.0,0.176539781,17.6539781,39.189126193576136,28.738692541955835,0.2612608412905076,0.2612608412905076,0.0,spring,day,36.36671309117683
2018-05-01 16:00:00,2606.8,25.35,22.59,6.731973180067527,0.183859709,18.3859709,28.919617637495044,21.207719600829705,0.19279745091663364,0.1927974509166337,0.033659865900337635,spring,day,6.731973180067527
2018-05-02 03:00:00,1860.88,2.62,8.91,12.634757210670372,0.19559576666666667,19.55957666666667,30.85237964277294,22.62507840470016,0.2056825309518196,0.20568253095181965,0.06317378605335186,spring,day,12.634757210670372
2018-05-02 04:00:00,1832.08,120.9,10.16,0.0679843177531405,0.189453066,18.945306600000002,30.85237964277294,22.62507840470016,0.2056825309518196,0.20568253095181965,0.0003399215887657025,spring,day,0.0679843177531405
2018-05-02 05:00:00,1858.08,347.36,15.58,0.0,0.17531499333333334,17.531499333333333,68.20483746731888,50.01688080936718,0.45469891644879257,0.45469891644879257,0.0,spring,day,40.90158827833548
2018-05-02 06:00:00,1984.88,523.78,18.7,2.6849081166425335,0.16516675266666667,16.516675266666667,98.27043085252821,72.06498262518735,0.6551362056835214,0.6551362056835214,0.013424540583212668,spring,day,2.6849081166425335
2018-05-02 07:00:00,2196.64,545.18,20.57,0.0,0.16276430133333333,16.276430133333335,121.04915979840105,88.76938385216076,0.806994398656007,0.8069943986560069,0.0,spring,day,20.01742018819751
2018-05-02 08:00:00,2346.32,912.22,22.21,0.0,0.14546106666666667,14.546106666666667,136.54102430493728,100.13008449028733,0.9102734953662486,0.9102734953662485,0.0,spring,day,10.227167000506817
2018-05-02 09:00:00,2394.32,118.66,23.39,0.0,0.17915996266666664,17.915996266666664,144.74602437213693,106.14708453956708,0.9649734958142462,0.9649734958142462,0.0,spring,day,19.54380000830309
2018-05-02 10:00:00,2434.16,86.22,24.13,0.0,0.179994232,17.9994232,145.66415999999998,106.82038399999998,0.9710943999999999,0.9710943999999998,0.0,spring,day,53.874684908409755
2018-05-02 11:00:00,2460.88,399.71,24.64,0.0,0.16591506433333333,16.591506433333333,139.2954311885265,102.14998287158609,0.92863620792351,0.9286362079235099,0.0,spring,day,26.89591576621466
2018-05-02 12:00:00,2475.76,146.49,24.9,0.0,0.17675969300000002,17.675969300000002,125.63983793771641,92.13588115432536,0.8375989195847761,0.8375989195847761,0.0,spring,day,2.6849081166425335
2018-05-02 13:00:00,2472.88,192.03,24.95,0.0,0.17473336099999998,17.473336099999997,104.69738024756981,76.77807884821786,0.6979825349837987,0.6979825349837987,0.0,spring,day,39.64685878912179
2018-05-02 14:00:00,2470.4,80.65,24.31,0.0,0.18009589766666667,18.009589766666668,76.46805811808652,56.07657595326345,0.5097870541205768,0.5097870541205768,0.0,spring,day,16.12311300603269
2018-05-02 15:00:00,2471.44,106.61,23.55,0.0,0.17956008033333332,17.956008033333333,40.951871549266784,30.031372469462312,0.2730124769951119,0.27301247699511194,0.0,spring,day,0.0
2018-05-02 16:00:00,2485.6,11.37,19.97,0.0,0.186527451,18.6527451,30.85237964277294,22.62507840470016,0.2056825309518196,0.20568253095181965,0.0,spring,day,5.073643751234253
2018-05-03 03:00:00,1697.04,1.75,9.74,13.086419185051536,0.19498184566666665,19.498184566666666,27.435840520253244,20.119616381519048,0.18290560346835497,0.182905603468355,0.06543209592525769,spring,day,13.086419185051536
2018-05-03 04:00:00,1685.68,122.34,11.26,8.540172040177577,0.18852629399999998,18.852629399999998,27.435840520253244,20.119616381519048,0.18290560346835497,0.182905603468355,0.04270086020088788,spring,day,8.540172040177577
2018-05-03 05:00:00,1723.6000000000001,332.78,14.98,32.04003512094503,0.17642240733333334,17.642240733333335,65.89982307756406,48.32653692354698,0.4393321538504271,0.4393321538504271,0.16020017560472513,spring,day,32.04003512094503
2018-05-03 06:00:00,1851.68,574.71,17.32,37.96286952912275,0.16402835899999998,16.4028359,96.86010057726699,71.0307404233291,0.6457340038484466,0.6457340038484464,0.18981434764561375,spring,day,37.96286952912275
2018-05-03 07:00:00,2056.16,786.82,18.55,0.0,0.15380725066666667,15.380725066666667,120.3166730193621,88.23222688086553,0.802111153462414,0.8021111534624139,0.0,spring,day,0.0
2018-05-03 08:00:00,2195.92,956.19,19.99,0.0,0.145286097,14.5286097,136.2695404038493,99.93099629615614,0.9084636026923287,0.9084636026923285,0.0,spring,day,0.0
2018-05-03 09:00:00,2231.12,1025.4,20.68,0.0,0.141724308,14.172430799999999,144.7187027307286,106.12704866920096,0.9647913515381907,0.9647913515381905,0.0,spring,day,26.36987350554141
2018-05-03 10:00:00,2234.4,738.58,21.66,0.0,0.15346952866666666,15.346952866666665,145.66415999999998,106.82038399999998,0.9710943999999999,0.9710943999999998,0.0,spring,day,29.27713355102024
2018-05-03 11:00:00,2239.92,806.86,22.54,0.49433882762089143,0.1497990926666667,14.979909266666668,139.10591221166354,102.01100228855324,0.9273727480777569,0.9273727480777567,0.002471694138104457,spring,day,0.49433882762089143
2018-05-03 12:00:00,2257.68,165.95,22.88,0.0,0.17749709633333333,17.74970963333333,125.04395936571916,91.69890353486072,0.833626395771461,0.833626395771461,0.0,spring,day,54.63718569740858
2018-05-03 13:00:00,2257.6,549.68,22.98,3.4870234222766396,0.1606751373333333,16.06751373333333,103.47830146216697,75.88408773892243,0.6898553430811131,0.6898553430811131,0.017435117111383198,spring,day,3.4870234222766396
2018-05-03 14:00:00,2241.44,408.61,22.7,16.13850594979607,0.16705040366666668,16.70504036666667,74.40893850100679,54.56655490073831,0.4960595900067119,0.4960595900067119,0.08069252974898035,spring,day,16.13850594979607
2018-05-03 15:00:00,2215.68,160.97,22.28,33.137610503856656,0.17818563033333332,17.81856303333333,37.83587048223884,27.746305020308483,0.2522391365482589,0.2522391365482589,0.16568805251928329,spring,day,33.137610503856656
2018-05-03 16:00:00,2206.2400000000002,28.86,21.55,29.016653665681734,0.184523372,18.4523372,27.435840520253244,20.119616381519048,0.18290560346835497,0.182905603468355,0.14508326832840868,spring,day,29.016653665681734
2018-05-04 03:00:00,1677.44,3.5,11.95,0.0,0.19316975333333333,19.316975333333332,27.985732258731264,20.52287032306959,0.18657154839154177,0.18657154839154172,0.0,spring,day,57.0842364265787
2018-05-04 04:00:00,1675.04,122.02,12.9,0.0,0.18725220066666667,18.72522006666667,27.985732258731264,20.52287032306959,0.18657154839154177,0.18657154839154172,0.0,spring,day,0.0
2018-05-04 05:00:00,1718.72,337.73,17.65,0.0,0.17410940433333333,17.410940433333334,66.27081498620183,48.598597656547994,0.4418054332413455,0.4418054332413454,0.0,spring,day,28.949693299564633
2018-05-04 06:00:00,1865.44,573.51,21.31,0.0,0.160946973,16.0946973,97.0870931387687,71.19720163509703,0.6472472875917913,0.6472472875917912,0.0,spring,day,38.54112172132045
2018-05-04 07:00:00,2071.76,784.02,22.34,0.0,0.150952758,15.0952758,120.43456671643202,88.31868225871679,0.8028971114428801,0.8028971114428799,0.0,spring,day,0.0
2018-05-04 08:00:00,2200.2400000000002,953.07,23.22,0.0,0.142885391,14.2885391,136.31323571919168,99.9630395274072,0.9087549047946112,0.908754904794611,0.0,spring,day,13.21448005180706
2018-05-04 09:00:00,2214.7200000000003,1026.76,23.93,5.03763368831619,0.13911241666666668,13.911241666666669,144.72310014704766,106.13027344116827,0.9648206676469844,0.9648206676469843,0.025188168441580953,spring,day,5.03763368831619
2018-05-04 10:00:00,2206.7200000000003,669.41,24.61,4.137351050651826,0.15417071633333335,15.417071633333334,145.66415999999998,106.82038399999996,0.9710943999999999,0.9710943999999997,0.020686755253259127,spring,day,4.137351050651826
2018-05-04 11:00:00,2204.48,592.3,25.01,0.0,0.15722112266666666,15.722112266666667,139.1364152780487,102.03337120390236,0.927576101853658,0.9275761018536578,0.0,spring,day,0.0
2018-05-04 12:00:00,2198.88,713.24,25.23,0.0,0.15177131933333335,15.177131933333335,125.13986598119375,91.76923505287539,0.8342657732079584,0.834265773207958,0.0,spring,day,0.0
2018-05-04 13:00:00,2192.56,597.53,25.46,8.83317592157768,0.15663949033333333,15.663949033333333,103.6745121094352,76.02797554691914,0.6911634140629013,0.6911634140629013,0.044165879607888404,spring,day,8.83317592157768
2018-05-04 14:00:00,2203.12,356.26,25.36,49.94970245940058,0.16724544466666666,16.724544466666664,74.74035366277292,54.80959268603346,0.49826902441848614,0.49826902441848603,0.24974851229700287,spring,day,49.94970245940058
2018-05-04 15:00:00,2202.8,173.52,24.23,90.55387869789827,0.176106502,17.6106502,38.3373906412071,28.114086470218535,0.255582604274714,0.25558260427471396,0.45276939348949136,spring,day,90.55387869789827
2018-05-04 16:00:00,2207.44,30.6,22.05,119.17529224110069,0.18405475,18.405475,27.985732258731264,20.52287032306959,0.18657154839154177,0.18657154839154172,0.5958764612055034,spring,day,119.17529224110069
2018-05-05 03:00:00,1694.8,8.74,10.33,0.0,0.19421346266666664,19.421346266666664,27.17396020007039,19.927570813384946,0.18115973466713592,0.18115973466713586,0.0,spring,day,18.43943130319308
2018-05-05 04:00:00,1684.72,113.22,12.15,0.0,0.188225224,18.8225224,27.17396020007039,19.927570813384946,0.18115973466713592,0.18115973466713586,0.0,spring,day,0.0
2018-05-05 05:00:00,1727.52,284.29,17.22,0.0,0.17677889166666666,17.677889166666667,65.7231419728648,48.19697078010084,0.43815427981909866,0.43815427981909855,0.0,spring,day,32.821926351802176
2018-05-05 06:00:00,1867.04,472.33,20.14,0.0,0.16628071166666666,16.628071166666665,96.75199768987005,70.95146497257136,0.645013317932467,0.6450133179324669,0.0,spring,day,29.27713355102024
2018-05-05 07:00:00,2095.04,686.0,21.15,0.0,0.15616432333333333,15.616432333333332,120.26052735108627,88.19105339079657,0.8017368490072417,0.8017368490072415,0.0,spring,day,42.65815076758409
2018-05-05 08:00:00,2259.92,855.42,22.68,0.0,0.14757030200000001,14.7570302,136.24873095651333,99.91573603477642,0.9083248730434221,0.9083248730434219,0.0,spring,day,1.2515778415614798
2018-05-05 09:00:00,2347.28,906.28,23.83,0.0,0.14444790066666666,14.444790066666666,144.71660850615123,106.12551290451088,0.9647773900410083,0.964777390041008,0.0,spring,day,0.0
2018-05-05 10:00:00,2403.04,169.66,24.72,0.0,0.17589008066666664,17.589008066666665,145.66415999999998,106.82038399999998,0.9710943999999999,0.9710943999999998,0.0,spring,day,7.044358411215042
2018-05-05 11:00:00,2439.2000000000003,823.34,24.39,0.0,0.14762702533333333,14.762702533333332,139.09138543805966,102.00034932124373,0.9272759029203977,0.9272759029203975,0.0,spring,day,12.73473178916215
2018-05-05 12:00:00,2437.92,312.04,22.36,0.0,0.17153111066666668,17.153111066666668,124.99828482033018,91.66540886824212,0.8333218988022012,0.8333218988022011,0.0,spring,day,5.7308677457314525
2018-05-05 13:00:00,2429.36,111.25,19.98,8.83317592157768,0.18216149966666664,18.216149966666663,103.38485814681164,75.8155626409952,0.689232387645411,0.6892323876454108,0.044165879607888404,spring,day,8.83317592157768
2018-05-05 14:00:00,2409.2000000000003,266.06,20.37,31.367500769358465,0.17510031733333334,17.510031733333335,74.25110541750388,54.450810639502826,0.4950073694500259,0.4950073694500257,0.15683750384679232,spring,day,31.367500769358465
2018-05-05 15:00:00,2368.2400000000002,19.47,20.45,34.142012964909895,0.185797029,18.5797029,37.597026632407086,27.571152863765192,0.2506468442160472,0.2506468442160472,0.17071006482454948,spring,day,34.142012964909895
2018-05-05 16:00:00,2338.7200000000003,4.37,19.67,46.2492193821726,0.18706850433333333,18.706850433333333,27.17396020007039,19.927570813384946,0.18115973466713592,0.18115973466713586,0.23124609691086298,spring,day,46.2492193821726
2018-05-06 03:00:00,1681.1200000000001,17.49,10.26,23.907481354569406,0.19388664899999997,19.388664899999995,17.546008787300256,12.867073110686857,0.11697339191533504,0.11697339191533505,0.11953740677284702,spring,day,23.907481354569406
2018-05-06 04:00:00,1652.24,53.77,11.89,0.0,0.19102342966666666,19.102342966666665,17.546008787300256,12.867073110686857,0.11697339191533504,0.11697339191533505,0.0,spring,day,34.6685946908303
2018-05-06 05:00:00,1650.8,125.08,14.56,0.0,0.18581491866666666,18.581491866666667,59.227514159322226,43.43351038350296,0.3948500943954815,0.39485009439548147,0.0,spring,day,21.683769237687592
2018-05-06 06:00:00,1684.96,200.44,15.88,0.0,0.18148998266666666,18.148998266666666,92.77762746338202,68.03692680648014,0.6185175164225468,0.6185175164225467,0.0,spring,day,0.0
2018-05-06 07:00:00,1729.44,141.85,17.22,0.5336780711275493,0.18299402366666667,18.299402366666666,118.19634869947976,86.67732237961849,0.7879756579965317,0.7879756579965317,0.0026683903556377463,spring,day,0.5336780711275493
2018-05-06 08:00:00,1822.56,637.3,18.66,0.0,0.16024491266666666,16.024491266666665,135.48367786761534,99.3546971029179,0.9032245191174356,0.9032245191174354,0.0,spring,day,33.82915949005071
2018-05-06 09:00:00,1938.8,85.29,20.16,0.0,0.183152849,18.3152849,144.63961496778876,106.0690509763784,0.9642640997852584,0.9642640997852583,0.0,spring,day,43.8170342543331
2018-05-06 10:00:00,2010.8,79.74,20.75,0.0,0.18293162799999999,18.293162799999998,145.66415999999998,106.82038399999998,0.9710943999999999,0.9710943999999998,0.0,spring,day,16.685943462782397
2018-05-06 11:00:00,2065.28,86.22,21.41,0.0,0.18213052000000002,18.213052,138.55731296424912,101.60869617378268,0.9237154197616608,0.9237154197616607,0.0,spring,day,0.0
2018-05-06 12:00:00,2075.92,76.95,19.51,0.0,0.18402726099999997,18.402726099999995,123.3190738605361,90.43398749772646,0.8221271590702406,0.8221271590702406,0.0,spring,day,15.078838607954099
2018-05-06 13:00:00,2050.0,67.68,16.26,0.0,0.186984292,18.6984292,99.94944268886098,73.29625797183138,0.6663296179257399,0.6663296179257399,0.0,spring,day,19.018132039528744
2018-05-06 14:00:00,2022.32,245.63,16.15,0.0,0.1793061343333333,17.93061343333333,68.44841944922362,50.195507596097315,0.4563227963281575,0.4563227963281574,0.0,spring,day,3.06212559169832
2018-05-06 15:00:00,2011.44,44.5,16.1,64.28749766009324,0.18812137666666665,18.812137666666665,28.816004141624248,21.131736370524447,0.192106694277495,0.19210669427749497,0.3214374883004662,spring,day,64.28749766009324
2018-05-06 16:00:00,2003.68,27.11,15.85,1.203824086185287,0.18907651033333334,18.907651033333334,17.546008787300256,12.867073110686857,0.11697339191533504,0.11697339191533505,0.0060191204309264345,spring,day,1.203824086185287
2018-05-07 03:00:00,1628.24,6.12,9.4,132.89513000127027,0.19505820399999999,19.505820399999998,32.21488740865998,23.624250766350645,0.2147659160577332,0.21476591605773312,0.6644756500063513,spring,day,132.89513000127027
2018-05-07 04:00:00,1609.6000000000001,129.39,10.85,53.12196116933812,0.18854069300000004,18.854069300000003,32.21488740865998,23.624250766350645,0.2147659160577332,0.21476591605773312,0.2656098058466906,spring,day,53.12196116933812
2018-05-07 05:00:00,1611.68,350.51,12.89,45.22776315176381,0.1772902743333333,17.72902743333333,69.12407178423959,50.69098597510903,0.46082714522826396,0.4608271452282639,0.22613881575881906,spring,day,45.22776315176381
2018-05-07 06:00:00,1641.2,584.39,14.2,2.223771973278606,0.16605643633333333,16.605643633333333,98.83286724900998,72.47743598260732,0.6588857816600665,0.6588857816600665,0.011118859866393029,spring,day,2.223771973278606
2018-05-07 07:00:00,1667.92,701.78,15.77,0.0,0.15970124133333333,15.970124133333332,121.3412738029713,88.9836007888456,0.808941825353142,0.8089418253531419,0.0,spring,day,7.845567347043229
2018-05-07 08:00:00,1735.68,805.25,16.97,0.19480013357148998,0.15424402033333334,15.424402033333335,136.64929144612339,100.20948039382381,0.9109952763074892,0.9109952763074892,0.0009740006678574499,spring,day,0.19480013357148998
2018-05-07 09:00:00,1831.8400000000001,881.99,18.21,0.0,0.14992170233333332,14.992170233333333,144.7569201784663,106.15507479754194,0.9650461345231086,0.9650461345231086,0.0,spring,day,11.958380684550278
2018-05-07 10:00:00,1914.64,563.94,19.19,0.0,0.163029592,16.3029592,145.66415999999998,106.82038399999998,0.9710943999999999,0.9710943999999998,0.0,spring,day,0.0
2018-05-07 11:00:00,1957.6000000000001,690.11,19.67,0.0,0.15714738233333334,15.714738233333334,139.37101091072452,102.20540800119798,0.9291400727381635,0.9291400727381635,0.0,spring,day,1.3794202135267841
2018-05-07 12:00:00,1967.76,405.98,20.11,0.0,0.16919934533333333,16.919934533333333,125.87747291063988,92.3101468011359,0.8391831527375992,0.8391831527375991,0.0,spring,day,26.774548208437626
2018-05-07 13:00:00,1967.04,616.94,19.64,0.0,0.16036359533333333,16.036359533333332,105.18354599974609,77.13460039981379,0.7012236399983073,0.7012236399983072,0.0,spring,day,30.288039902074747
2018-05-07 14:00:00,1956.08,301.99,18.22,0.0,0.17522118166666667,17.522118166666665,77.28923017804303,56.67876879723154,0.5152615345202869,0.5152615345202868,0.0,spring,day,7.044358411215042
2018-05-07 15:00:00,1939.52,125.55,17.37,0.0,0.183587437,18.358743699999998,42.1945254455309,30.942651993389315,0.28129683630353935,0.28129683630353924,0.0,spring,day,7.584942745606187
2018-05-07 16:00:00,1930.72,33.23,16.68,1.3794202135267841,0.18815759233333332,18.81575923333333,32.21488740865998,23.624250766350645,0.2147659160577332,0.21476591605773312,0.00689710106763392,spring,day,1.3794202135267841
2018-05-08 03:00:00,1706.0,16.61,7.6,80.92551509093994,0.19601421033333333,19.60142103333333,31.596270757496768,23.170598555497623,0.21064180504997845,0.2106418050499784,0.4046275754546997,spring,day,80.92551509093994
2018-05-08 04:00:00,1712.0,130.94,8.75,6.840737556777426,0.19012240133333333,19.012240133333332,31.596270757496768,23.170598555497623,0.21064180504997845,0.2106418050499784,0.03420368778388713,spring,day,6.840737556777426
2018-05-08 05:00:00,1768.64,345.02,11.5,30.07713626680157,0.17862152733333334,17.862152733333332,68.70671368250606,50.38492336717111,0.45804475788337373,0.45804475788337373,0.15038568133400784,spring,day,30.07713626680157
2018-05-08 06:00:00,1934.32,513.25,13.09,33.93732227208905,0.1700323056666667,17.00323056666667,98.57750538701184,72.29017061714201,0.6571833692467456,0.6571833692467456,0.16968661136044524,spring,day,33.93732227208905
2018-05-08 07:00:00,2159.68,491.38,14.37,22.96069863102946,0.16998125466666666,16.998125466666668,121.20864587101417,88.88634030541039,0.8080576391400944,0.8080576391400944,0.11480349315514729,spring,day,22.96069863102946
2018-05-08 08:00:00,2279.68,559.43,15.05,17.019189027051322,0.16647793433333333,16.647793433333334,136.60013513451298,100.17343243197617,0.9106675675634199,0.9106675675634197,0.0850959451352566,spring,day,17.019189027051322
2018-05-08 09:00:00,2276.0,793.11,15.44,4.734844801391723,0.155975391,15.597539099999999,144.75197317750826,106.15144699683937,0.9650131545167218,0.9650131545167215,0.02367422400695861,spring,day,4.734844801391723
2018-05-08 10:00:00,2249.68,921.4,16.26,6.179585770368948,0.14973364266666667,14.973364266666668,145.66415999999998,106.82038399999998,0.9710943999999999,0.9710943999999998,0.03089792885184474,spring,day,6.179585770368948
2018-05-08 11:00:00,2240.2400000000002,771.11,16.7,5.519789087323364,0.15594572033333334,15.594572033333334,139.33669560198825,102.18024344145803,0.9289113040132551,0.9289113040132548,0.02759894543661682,spring,day,5.519789087323364
2018-05-08 12:00:00,2232.64,771.24,17.14,13.216506077187216,0.155594472,15.559447200000001,125.769579983473,92.23102532121351,0.8384638665564866,0.8384638665564864,0.06608253038593608,spring,day,13.216506077187216
2018-05-08 13:00:00,2222.56,501.38,16.43,7.564663549906838,0.16792699733333333,16.792699733333333,104.96281314445426,76.97272963926645,0.6997520876296951,0.699752087629695,0.03782331774953419,spring,day,7.564663549906838
2018-05-08 14:00:00,2213.28,325.56,14.83,0.0,0.17685525,17.685525,76.91639508493193,56.405356395616735,0.5127759672328795,0.5127759672328794,0.0,spring,day,46.1231542337609
2018-05-08 15:00:00,2195.68,164.58,14.7,12.716811238566953,0.183981446,18.3981446,41.6303258049062,30.52890559026454,0.2775355053660413,0.27753550536604127,0.06358405619283476,spring,day,12.716811238566953
2018-05-08 16:00:00,2200.64,34.11,13.61,18.92677147844427,0.190530373,19.0530373,31.596270757496768,23.170598555497623,0.21064180504997845,0.2106418050499784,0.09463385739222135,spring,day,18.92677147844427
2018-05-09 03:00:00,1756.64,2.62,9.37,3.853869261235677,0.19523448266666665,19.523448266666666,11.653132799999998,8.545630719999998,0.07768755199999999,0.07768755199999998,0.019269346306178384,spring,day,3.853869261235677
2018-05-09 04:00:00,1759.76,28.74,9.8,25.775394926080626,0.19375705799999998,19.3757058,11.653132799999998,8.545630719999998,0.07768755199999999,0.07768755199999998,0.12887697463040312,spring,day,25.775394926080626
2018-05-09 05:00:00,1821.28,34.3,10.66,29.370276165842245,0.19283901266666667,19.283901266666668,55.25180556630893,40.517990748626545,0.36834537044205956,0.3683453704420595,0.14685138082921123,spring,day,29.370276165842245
2018-05-09 06:00:00,1976.8,250.46,11.82,40.90158827833548,0.18249616733333332,18.249616733333333,90.34507770609424,66.25305698446911,0.6023005180406283,0.6023005180406283,0.2045079413916774,spring,day,40.90158827833548
2018-05-09 07:00:00,2196.2400000000002,131.65,12.83,12.517600815594488,0.18688698966666667,18.688698966666667,116.93294921935608,85.75082942752778,0.7795529947957072,0.779552994795707,0.06258800407797244,spring,day,12.517600815594488
2018-05-09 08:00:00,2311.52,617.73,13.37,15.5789986595824,0.16525358299999998,16.525358299999997,135.01542010609433,99.01130807780248,0.9001028007072955,0.9001028007072953,0.077894993297912,spring,day,15.5789986595824
2018-05-09 09:00:00,2285.44,620.12,14.28,15.557904962281087,0.16443458533333333,16.443458533333335,144.59249036630897,106.03449293529323,0.9639499357753931,0.963949935775393,0.07778952481140544,spring,day,15.557904962281087
2018-05-09 10:00:00,2239.44,617.51,15.09,10.985061877655971,0.16391229433333335,16.391229433333336,145.66415999999998,106.82038399999996,0.9710943999999999,0.9710943999999997,0.05492530938827986,spring,day,10.985061877655971
2018-05-09 11:00:00,2220.64,200.26,14.87,19.660265402950138,0.18229109066666668,18.22910906666667,138.23042900716746,101.36898127192279,0.9215361933811164,0.9215361933811163,0.0983013270147507,spring,day,19.660265402950138
2018-05-09 12:00:00,2199.6,89.93,15.27,6.41416602011652,0.18679099633333332,18.679099633333333,122.29129738781135,89.68028475106166,0.8152753159187424,0.8152753159187424,0.0320708301005826,spring,day,6.41416602011652
2018-05-09 13:00:00,2184.32,526.55,15.6,3.9763888652320922,0.16748062833333335,16.748062833333336,97.84676514193173,71.75429443741659,0.6523117676128781,0.6523117676128781,0.019881944326160462,spring,day,3.9763888652320922
2018-05-09 14:00:00,2175.92,183.2,15.09,16.12311300603269,0.18286268733333333,18.286268733333333,64.8968322695284,47.591010330987494,0.4326455484635227,0.43264554846352266,0.08061556503016344,spring,day,16.12311300603269
2018-05-09 15:00:00,2168.56,131.62,14.62,22.81756304439225,0.18548243266666667,18.548243266666667,23.441498770601644,17.19043243177454,0.15627665847067762,0.15627665847067762,0.11408781522196126,spring,day,22.81756304439225
2018-05-09 16:00:00,2165.6,35.85,13.76,34.75414539304603,0.190336641,19.0336641,11.653132799999998,8.545630719999998,0.07768755199999999,0.07768755199999998,0.17377072696523016,spring,day,34.75414539304603
2018-05-10 03:00:00,1705.04,3.5,8.75,1.4604001411131136,0.1956830333333333,19.568303333333333,23.03837607074015,16.894809118542774,0.15358917380493434,0.1535891738049343,0.007302000705565568,spring,day,1.4604001411131136
2018-05-10 04:00:00,1705.3600000000001,29.67,9.8,33.60858184877389,0.193716479,19.3716479,23.03837607074015,16.894809118542774,0.15358917380493434,0.1535891738049343,0.16804290924386944,spring,day,33.60858184877389
2018-05-10 05:00:00,1753.3600000000001,355.34,12.97,7.229447270599071,0.17701669333333334,17.701669333333335,62.93301413112138,46.15087702948901,0.4195534275408092,0.41955342754080915,0.036147236352995354,spring,day,7.229447270599071
2018-05-10 06:00:00,1907.76,459.71,14.66,8.587801063157244,0.17113535633333335,17.113535633333335,95.04484922930075,69.69955610148722,0.6336323281953383,0.6336323281953383,0.04293900531578622,spring,day,8.587801063157244
2018-05-10 07:00:00,2121.2,719.41,15.91,3.4689108008385454,0.15882202966666667,15.882202966666666,119.37388136527835,87.54084633453746,0.7958258757685224,0.7958258757685224,0.017344554004192728,spring,day,3.4689108008385454
2018-05-10 08:00:00,2253.68,907.38,17.14,0.0,0.14965423000000003,14.965423000000003,135.9201105390541,99.67474772863966,0.9061340702603606,0.9061340702603605,0.0,spring,day,11.921809941459657
2018-05-10 09:00:00,2259.84,1011.54,17.97,0.0,0.1444575,14.445749999999999,144.68353675062798,106.10126028379383,0.9645569116708532,0.964556911670853,0.0,spring,day,13.028710041781016
2018-05-10 10:00:00,2229.2000000000003,941.31,18.58,0.0,0.14704277500000001,14.704277500000002,145.66415999999998,106.82038399999998,0.9710943999999999,0.9710943999999998,0.0,spring,day,13.844090547807614
2018-05-10 11:00:00,2209.92,298.21,19.09,0.0,0.17470281766666665,17.470281766666666,138.86198028717018,101.83211887725813,0.9257465352478013,0.9257465352478011,0.0,spring,day,30.747770367208812
2018-05-10 12:00:00,2201.6,813.01,17.47,0.0,0.15351272566666668,15.351272566666669,124.27699761213853,91.13646491556827,0.8285133174142568,0.8285133174142569,0.0,spring,day,0.0
2018-05-10 13:00:00,2210.96,571.14,18.18,0.0,0.163508686,16.3508686,101.90921197490508,74.73342211493039,0.6793947464993672,0.6793947464993672,0.0,spring,day,0.0
2018-05-10 14:00:00,2232.16,393.75,16.84,0.0,0.172301239,17.2301239,71.7586233754697,52.622990475344444,0.4783908225031313,0.4783908225031313,0.0,spring,day,14.73544776326618
2018-05-10 15:00:00,2253.04,168.1,15.05,0.0,0.18355296666666668,18.355296666666668,33.82523181383259,24.805169996810562,0.2255015454255506,0.22550154542555056,0.0,spring,day,0.7595936338914577
2018-05-10 16:00:00,2251.04,33.23,14.75,0.0,0.18967341433333332,18.96734143333333,23.03837607074015,16.894809118542774,0.15358917380493434,0.1535891738049343,0.0,spring,day,0.0
2018-05-11 03:00:00,1689.2,3.5,9.03,0.0,0.1954631213333333,19.54631213333333,29.840217312214445,21.882826028957254,0.19893478208142965,0.1989347820814296,0.0,spring,day,0.0
2018-05-11 04:00:00,1683.8400000000001,93.74,10.55,0.0,0.19033184133333333,19.033184133333332,29.840217312214445,21.882826028957254,0.19893478208142965,0.1989347820814296,0.0,spring,day,0.0
2018-05-11 05:00:00,1725.68,307.57,12.58,2.6361596275075563,0.17940736366666665,17.940736366666666,67.52196844312796,49.51611019162717,0.45014645628751976,0.45014645628751976,0.013180798137537782,spring,day,2.6361596275075563
2018-05-11 06:00:00,1858.4,529.41,14.04,13.844090547807614,0.168581061,16.8581061,97.85261530086174,71.75858455396528,0.6523507686724116,0.6523507686724116,0.06922045273903807,spring,day,13.844090547807614
2018-05-11 07:00:00,2072.4,670.44,14.97,5.318964435827209,0.16169702999999996,16.169702999999995,120.83215788541591,88.61024911597165,0.805547719236106,0.8055477192361059,0.026594822179136047,spring,day,5.318964435827209
2018-05-11 08:00:00,2219.12,765.02,15.99,36.769802736071796,0.15676908133333334,15.676908133333335,136.46059619679033,100.07110387764624,0.9097373079786022,0.9097373079786022,0.18384901368035897,spring,day,36.769802736071796
2018-05-11 09:00:00,2262.0,647.77,16.41,50.10119824201568,0.16155522166666667,16.155522166666668,144.73793023498501,106.14114883898901,0.9649195348999001,0.9649195348999001,0.2505059912100784,spring,day,50.10119824201568
2018-05-11 10:00:00,2282.32,441.53,17.53,35.66549312968268,0.16967451233333333,16.967451233333332,145.66415999999998,106.82038399999998,0.9710943999999999,0.9710943999999998,0.1783274656484134,spring,day,35.66549312968268
2018-05-11 11:00:00,2304.56,121.45,17.77,32.39529723177219,0.18345217366666666,18.345217366666667,139.23928549183526,102.10880936067919,0.9282619032789018,0.9282619032789017,0.16197648615886096,spring,day,32.39529723177219
2018-05-11 12:00:00,2314.08,530.71,18.42,16.685943462782397,0.16508428566666666,16.508428566666666,125.46330671049084,92.0064249210266,0.8364220447366056,0.8364220447366055,0.08342971731391198,spring,day,16.685943462782397
2018-05-11 13:00:00,2299.84,592.08,17.7,26.89591576621466,0.162971996,16.2971996,104.33622365596673,76.51323068104226,0.6955748243731116,0.6955748243731115,0.1344795788310733,spring,day,26.89591576621466
2018-05-11 14:00:00,2293.44,364.41,16.67,15.992266922636365,0.173714959,17.3714959,75.85803632826283,55.62922664072607,0.5057202421884188,0.5057202421884188,0.07996133461318182,spring,day,15.992266922636365
2018-05-11 15:00:00,2281.68,114.97,15.95,19.458031095425625,0.18516434566666667,18.516434566666668,40.028744727379326,29.354412800078165,0.2668582981825288,0.26685829818252876,0.09729015547712812,spring,day,19.458031095425625
2018-05-11 16:00:00,2276.8,5.25,15.36,11.958380684550278,0.190415181,19.041518099999998,29.840217312214445,21.882826028957254,0.19893478208142965,0.1989347820814296,0.05979190342275139,spring,day,11.958380684550278
2018-05-12 03:00:00,1717.52,3.5,8.9,166.9023402991881,0.19556522333333334,19.556522333333334,15.40632611222022,11.297972482294824,0.1027088407481348,0.10270884074813477,0.8345117014959405,spring,day,166.9023402991881
2018-05-12 04:00:00,1711.6000000000001,21.33,9.64,160.17740289760977,0.194206045,19.4206045,15.40632611222022,11.297972482294824,0.1027088407481348,0.10270884074813477,0.8008870144880489,spring,day,160.17740289760977
2018-05-12 05:00:00,1754.64,89.01,10.28,161.90123075689434,0.19075028499999996,19.075028499999995,57.78394826450783,42.3748953939724,0.3852263217633855,0.38522632176338545,0.8095061537844717,spring,day,161.90123075689434
2018-05-12 06:00:00,1887.76,239.79,10.74,165.6004833684466,0.183809967,18.3809967,91.894377148399,67.38920990882593,0.6126291809893267,0.6126291809893266,0.828002416842233,spring,day,165.6004833684466
2018-05-12 07:00:00,2090.2400000000002,388.66,11.37,91.01293937752911,0.17681947066666667,17.681947066666666,117.73761276389388,86.3409160268555,0.7849174184259592,0.7849174184259591,0.45506469688764556,spring,day,91.01293937752911
2018-05-12 08:00:00,2217.28,380.01,12.37,136.28572363179475,0.176411499,17.6411499,135.31365511099233,99.23001374806104,0.9020910340732822,0.9020910340732822,0.6814286181589737,spring,day,136.28572363179475
2018-05-12 09:00:00,2242.0,141.85,13.61,141.25207706479975,0.1858293176666667,18.58293176666667,144.62250418969438,106.05650307244252,0.9641500279312959,0.9641500279312957,0.7062603853239987,spring,day,141.25207706479975
2018-05-12 10:00:00,2254.32,332.06,14.4,113.15248401210708,0.17690935533333332,17.69093553333333,145.66415999999998,106.82038399999998,0.9710943999999999,0.9710943999999998,0.5657624200605355,spring,day,113.15248401210708
2018-05-12 11:00:00,2264.4,165.03,13.82,84.23229158172757,0.18465296299999998,18.4652963,138.43862254190924,101.52165653073344,0.9229241502793949,0.9229241502793949,0.42116145790863785,spring,day,84.23229158172757
2018-05-12 12:00:00,2258.48,177.07,14.39,78.27880160627932,0.18367993966666668,18.367993966666667,122.94589181542207,90.16032066464285,0.8196392787694805,0.8196392787694805,0.39139400803139657,spring,day,78.27880160627932
2018-05-12 13:00:00,2243.6,53.77,12.96,96.67430589098352,0.19018305166666666,19.018305166666664,99.1859678205386,72.73637640172828,0.6612397854702573,0.6612397854702571,0.48337152945491757,spring,day,96.67430589098352
2018-05-12 14:00:00,2230.88,261.93,13.62,140.51827097781918,0.18058197299999998,18.058197299999996,67.15885055725857,49.249823741989616,0.44772567038172384,0.4477256703817238,0.702591354889096,spring,day,140.51827097781918
2018-05-12 15:00:00,2207.44,28.74,13.61,114.61725944746514,0.190764684,19.0764684,26.864540025582308,19.70066268542702,0.17909693350388206,0.179096933503882,0.5730862972373257,spring,day,114.61725944746514
2018-05-12 16:00:00,2191.92,34.11,12.63,121.03711409830504,0.19130006500000002,19.1300065,15.40632611222022,11.297972482294824,0.1027088407481348,0.10270884074813477,0.6051855704915252,spring,day,121.03711409830504
2018-05-13 03:00:00,1680.16,3.5,8.24,91.15976484584236,0.19608358733333334,19.608358733333333,15.04105924610254,11.030110113808528,0.10027372830735026,0.10027372830735025,0.4557988242292118,spring,day,91.15976484584236
2018-05-13 04:00:00,1668.64,65.82,8.35,70.14332018019218,0.19327796399999997,19.327796399999997,15.04105924610254,11.030110113808528,0.10027372830735026,0.10027372830735025,0.3507166009009609,spring,day,70.14332018019218
2018-05-13 05:00:00,1677.1200000000001,103.84,9.02,26.09097603421153,0.19109280666666664,19.109280666666663,57.53751602641276,42.19417841936935,0.3835834401760851,0.38358344017608503,0.13045488017105764,spring,day,26.09097603421153
2018-05-13 06:00:00,1724.88,379.11,10.18,3.5533920435089796,0.178170795,17.8170795,91.74359681152534,67.27863766178524,0.6116239787435023,0.6116239787435022,0.017766960217544897,spring,day,3.5533920435089796
2018-05-13 07:00:00,1789.1200000000001,607.4,11.46,4.121086021917368,0.16720442933333332,16.72044293333333,117.65930160144042,86.28348784105631,0.7843953440096028,0.7843953440096029,0.02060543010958684,spring,day,4.121086021917368
2018-05-13 08:00:00,1901.2,616.75,12.92,11.250994756510202,0.16564977366666667,16.564977366666668,135.2846303961579,99.20872895718246,0.9018975359743859,0.9018975359743859,0.05625497378255101,spring,day,11.250994756510202
2018-05-13 09:00:00,2034.88,557.85,14.2,16.058749952930935,0.167214465,16.7214465,144.61958319567776,106.05436101016367,0.9641305546378518,0.9641305546378516,0.08029374976465467,spring,day,16.058749952930935
2018-05-13 10:00:00,2133.2,544.2,14.67,13.028710041781016,0.167440922,16.7440922,145.66415999999998,106.82038399999998,0.9710943999999999,0.9710943999999998,0.06514355020890508,spring,day,13.028710041781016
2018-05-13 11:00:00,2182.4,664.23,15.44,21.973833336561537,0.16159885499999999,16.159885499999998,138.41836080912466,101.5067979266914,0.922789072060831,0.9227890720608309,0.10986916668280769,spring,day,21.973833336561537
2018-05-13 12:00:00,2185.2000000000003,636.04,15.97,26.981117937512376,0.16241261666666668,16.241261666666666,122.88218562305171,90.11360279023792,0.8192145708203448,0.8192145708203448,0.1349055896875619,spring,day,26.981117937512376
2018-05-13 13:00:00,2162.48,451.38,16.32,17.73661870693858,0.17019505799999998,17.019505799999997,99.05563444178122,72.64079859063956,0.6603708962785415,0.6603708962785415,0.08868309353469289,spring,day,17.73661870693858
2018-05-13 14:00:00,2124.32,343.05,16.3,11.921809941459657,0.174937565,17.4937565,66.93870726531306,49.08838532789623,0.4462580484354204,0.44625804843542033,0.05960904970729828,spring,day,11.921809941459657
2018-05-13 15:00:00,2088.32,46.35,16.1,3.089370670284297,0.188040655,18.8040655,26.531404093647406,19.456363002008096,0.1768760272909827,0.1768760272909827,0.015446853351421486,spring,day,3.089370670284297
2018-05-13 16:00:00,2069.52,12.24,15.47,3.9298615030237944,0.19002379,19.002379,15.04105924610254,11.030110113808528,0.10027372830735026,0.10027372830735025,0.019649307515118973,spring,day,3.9298615030237944
2018-05-14 03:00:00,1671.04,14.87,4.91,0.0,0.19820285833333331,19.820285833333333,31.482639384429255,23.08726888191478,0.2098842625628617,0.20988426256286163,0.0,spring,day,15.611071080802411
2018-05-14 04:00:00,1654.0,133.56,7.38,0.0,0.19108408000000002,19.108408,31.482639384429255,23.08726888191478,0.2098842625628617,0.20988426256286163,0.0,spring,day,17.500867847911874
2018-05-14 05:00:00,1658.8,351.18,12.38,0.0,0.177661594,17.7661594,68.63005073773783,50.32870387434108,0.45753367158491887,0.4575336715849189,0.0,spring,day,30.30743640534032
2018-05-14 06:00:00,1684.72,617.5,14.58,0.0,0.16431328466666667,16.431328466666667,98.53059892409433,72.25577254433585,0.6568706594939623,0.6568706594939623,0.0,spring,day,43.8170342543331
2018-05-14 07:00:00,1709.52,812.45,15.82,0.0,0.15483307033333332,15.483307033333332,121.18428394349885,88.86847489189917,0.8078952262899923,0.8078952262899924,0.0,spring,day,0.0
2018-05-14 08:00:00,1776.4,859.75,17.05,0.0,0.15180317166666668,15.180317166666669,136.5911057959513,100.16681091703096,0.9106073719730087,0.9106073719730087,0.0,spring,day,7.570597667624625
2018-05-14 09:00:00,1849.68,844.55,17.98,0.0,0.15173597633333333,15.173597633333333,144.7510644814517,106.15078061973124,0.9650070965430113,0.9650070965430112,0.0,spring,day,0.0
2018-05-14 10:00:00,1890.64,958.85,18.75,0.0,0.1461439283333333,14.614392833333332,145.66415999999998,106.82038399999998,0.9710943999999999,0.9710943999999998,0.0,spring,day,48.90347325747746
2018-05-14 11:00:00,1904.32,884.11,19.34,0.0,0.14894169766666668,14.894169766666668,139.33039235159626,102.17562105783725,0.928869282343975,0.9288692823439749,0.0,spring,day,0.0
2018-05-14 12:00:00,1884.96,823.21,19.75,0.0,0.15127695366666666,15.127695366666666,125.74976153624044,92.21649179324298,0.8383317435749362,0.8383317435749362,0.0,spring,day,51.979204056631986
2018-05-14 13:00:00,1869.6000000000001,626.44,19.76,0.0,0.15985483066666664,15.985483066666664,104.92226755393264,76.94299620621726,0.6994817836928843,0.6994817836928842,0.0,spring,day,0.0
2018-05-14 14:00:00,1869.44,413.01,19.46,0.0,0.169403113,16.940311299999998,76.84791040467266,56.35513429675995,0.5123194026978177,0.5123194026978177,0.0,spring,day,0.0
2018-05-14 15:00:00,1896.64,176.07,18.8,0.0,0.180259959,18.025995899999998,41.526690088460754,30.452906064871215,0.27684460058973837,0.2768446005897383,0.0,spring,day,0.0
2018-05-14 16:00:00,1887.28,40.22,17.58,0.0,0.1871457353333333,18.714573533333333,31.482639384429255,23.08726888191478,0.2098842625628617,0.20988426256286163,0.0,spring,day,56.30117534411836
2018-05-15 03:00:00,1616.8,27.11,10.87,5.674380354863878,0.19298780233333332,19.298780233333332,31.15966888191443,22.85042384673724,0.20773112587942955,0.20773112587942946,0.02837190177431939,spring,day,5.674380354863878
2018-05-15 04:00:00,1614.96,139.08,11.23,5.0073194540426,0.18781943399999998,18.7819434,31.15966888191443,22.85042384673724,0.20773112587942955,0.20773112587942946,0.025036597270213,spring,day,5.0073194540426
2018-05-15 05:00:00,1670.08,378.19,13.9,9.358491571054431,0.17528924966666667,17.52892496666667,68.412154314174,50.16891316372759,0.45608102876116,0.4560810287611599,0.046792457855272154,spring,day,9.358491571054431
2018-05-15 06:00:00,1820.08,611.89,15.89,18.71226736725247,0.16352919366666666,16.352919366666665,98.3972783147354,72.15800409747261,0.6559818554315694,0.6559818554315692,0.09356133683626235,spring,day,18.71226736725247
2018-05-15 07:00:00,2020.32,821.89,17.17,19.20619023079941,0.15336088166666667,15.336088166666666,121.11504088359877,88.81769664797243,0.8074336058906585,0.8074336058906584,0.09603095115399705,spring,day,19.20619023079941
2018-05-15 08:00:00,2169.52,983.01,18.57,6.443248652200341,0.145231119,14.5231119,136.565442020764,100.14799081522692,0.9104362801384267,0.9104362801384266,0.032216243261001705,spring,day,6.443248652200341
2018-05-15 09:00:00,2195.36,1052.34,19.64,10.006371148568249,0.141365642,14.136564200000002,144.74848172623106,106.1488865992361,0.9649898781748738,0.9649898781748737,0.05003185574284125,spring,day,10.006371148568249
2018-05-15 10:00:00,2194.0,1096.64,20.51,2.999244363255261,0.13874938733333333,13.874938733333334,145.66415999999998,106.82038399999998,0.9710943999999999,0.9710943999999998,0.014996221816276306,spring,day,2.999244363255261
2018-05-15 11:00:00,2202.56,978.71,21.15,0.0,0.14339241033333333,14.339241033333334,139.31247684207082,102.16248301751858,0.9287498456138055,0.9287498456138052,0.0,spring,day,0.0
2018-05-15 12:00:00,2199.92,872.65,21.56,0.0,0.14769814766666667,14.769814766666666,125.6934322524435,92.1751836517919,0.83795621501629,0.83795621501629,0.0,spring,day,52.68330924798715
2018-05-15 13:00:00,2198.56,646.95,21.68,0.0,0.15745194299999998,15.745194299999998,104.80702623111812,76.85848590281994,0.6987135082074541,0.6987135082074539,0.0,spring,day,0.0
2018-05-15 14:00:00,2210.16,417.28,21.47,0.0,0.16763814466666666,16.763814466666666,76.65325877809451,56.21238977060263,0.5110217251872967,0.5110217251872966,0.0,spring,day,13.028710041781016
2018-05-15 15:00:00,2211.68,177.05,20.88,0.0,0.17858356633333333,17.858356633333333,41.232129893372885,30.236895255140105,0.27488086595581923,0.2748808659558191,0.0,spring,day,30.77467392337893
2018-05-15 16:00:00,2218.4,41.1,19.6,0.0,0.18552083,18.552083,31.15966888191443,22.85042384673724,0.20773112587942955,0.20773112587942946,0.0,spring,day,22.96069863102946
2018-05-16 03:00:00,1652.32,26.23,13.79,138.63803456532733,0.19073283166666666,19.073283166666666,30.979363021047384,22.718199548768084,0.20652908680698256,0.2065290868069826,0.6931901728266366,spring,day,138.63803456532733
2018-05-16 04:00:00,1643.2,138.99,14.07,168.2560828761655,0.185592825,18.5592825,30.979363021047384,22.718199548768084,0.20652908680698256,0.2065290868069826,0.8412804143808275,spring,day,168.2560828761655
2018-05-16 05:00:00,1689.2,368.74,16.64,151.2562236768995,0.17354958866666667,17.354958866666667,68.29050852322834,50.07970625036745,0.4552700568215223,0.4552700568215223,0.7562811183844975,spring,day,151.2562236768995
2018-05-16 06:00:00,1818.48,600.1,19.13,141.28033534549454,0.16149893466666665,16.149893466666665,98.32284895646706,72.10342256807584,0.6554856597097803,0.6554856597097803,0.7064016767274727,spring,day,141.28033534549454
2018-05-16 07:00:00,2025.76,805.76,20.45,119.15567752717338,0.15148857533333335,15.148857533333334,121.07638432076365,88.78934850189333,0.8071758954717577,0.8071758954717575,0.5957783876358669,spring,day,119.15567752717338
2018-05-16 08:00:00,2168.64,964.02,21.63,43.72645864549016,0.143656392,14.365639199999999,136.55111461611799,100.13748405181985,0.9103407641074532,0.9103407641074532,0.2186322932274508,spring,day,43.72645864549016
2018-05-16 09:00:00,2208.16,1037.11,22.56,87.34680629530284,0.13973680966666668,13.973680966666668,144.7470398425301,106.1478292178554,0.9649802656168674,0.9649802656168673,0.4367340314765142,spring,day,87.34680629530284
2018-05-16 10:00:00,2235.44,1083.48,23.31,45.253784773176,0.13712448200000002,13.712448200000003,145.66415999999998,106.82038399999998,0.9710943999999999,0.9710943999999998,0.22626892386588002,spring,day,45.253784773176
2018-05-16 11:00:00,2260.96,958.47,23.84,121.35807773609216,0.142162823,14.2162823,139.30247508852767,102.15514839825363,0.9286831672568512,0.9286831672568512,0.6067903886804608,spring,day,121.35807773609216
2018-05-16 12:00:00,2282.0,856.39,24.01,31.917912917962774,0.14648339566666668,14.648339566666667,125.66198510811316,92.15212241261631,0.837746567387421,0.8377465673874209,0.15958956458981388,spring,day,31.917912917962774
2018-05-16 13:00:00,2307.6,634.85,23.86,9.152130202854597,0.15626773433333332,15.626773433333332,104.74269005875644,76.81130604308805,0.6982846003917096,0.6982846003917096,0.045760651014272985,spring,day,9.152130202854597
2018-05-16 14:00:00,2348.96,394.48,23.67,9.33500513323311,0.16690510466666666,16.690510466666666,76.54458994045743,56.132699289668786,0.5102972662697162,0.5102972662697163,0.046675025666165555,spring,day,9.33500513323311
2018-05-16 15:00:00,2383.28,162.0,22.92,1.6754214608221787,0.177638032,17.7638032,41.06768475321633,30.116302152358642,0.27378456502144216,0.2737845650214422,0.008377107304110893,spring,day,1.6754214608221787
2018-05-16 16:00:00,2428.96,39.35,21.06,6.969637170763994,0.18445050433333332,18.445050433333332,30.979363021047384,22.718199548768084,0.20652908680698256,0.2065290868069826,0.03484818585381997,spring,day,6.969637170763994
2018-05-17 03:00:00,1710.4,28.86,14.54,101.9957850531521,0.190029026,19.0029026,33.52498930475847,24.58499215682288,0.2234999286983898,0.22349992869838983,0.5099789252657605,spring,day,101.9957850531521
2018-05-17 04:00:00,1690.16,137.82,15.14,111.56932929275608,0.184803498,18.480349800000003,33.52498930475847,24.58499215682288,0.2234999286983898,0.22349992869838983,0.5578466464637803,spring,day,111.56932929275608
2018-05-17 05:00:00,1721.52,361.36,18.34,83.81727308732437,0.17253642266666666,17.253642266666667,70.00794977136621,51.33916316566856,0.4667196651424414,0.46671966514244145,0.4190863654366218,spring,day,83.81727308732437
2018-05-17 06:00:00,1834.8,582.43,20.73,50.43497872547617,0.16101329566666667,16.101329566666667,99.37367076434694,72.87402522718774,0.6624911384289796,0.6624911384289794,0.2521748936273809,spring,day,50.43497872547617
2018-05-17 07:00:00,2041.1200000000001,793.65,22.21,18.602033099279442,0.150634671,15.0634671,121.62215228370073,89.18957834138052,0.8108143485580048,0.8108143485580047,0.0930101654963972,spring,day,18.602033099279442
2018-05-17 08:00:00,2224.48,944.06,23.4,23.187889267638422,0.14313715533333335,14.313715533333335,136.75339432942752,100.28582250824682,0.9116892955295168,0.9116892955295166,0.11593944633819211,spring,day,23.187889267638422
2018-05-17 09:00:00,2320.96,820.79,24.17,19.018132039528744,0.1479110783333333,14.791107833333331,144.76739690152726,106.16275772778664,0.9651159793435151,0.9651159793435149,0.09509066019764373,spring,day,19.018132039528744
2018-05-17 10:00:00,2399.04,398.0,24.92,27.71113564494861,0.16576976533333335,16.576976533333333,145.66415999999998,106.82038399999998,0.9710943999999999,0.9710943999999998,0.13855567822474305,spring,day,27.71113564494861
2018-05-17 11:00:00,2511.92,216.94,25.47,28.811562919980982,0.17323804666666667,17.323804666666668,139.44368362484576,102.25870132488687,0.9296245574989718,0.9296245574989715,0.1440578145999049,spring,day,28.811562919980982
2018-05-17 12:00:00,2630.8,799.45,25.74,40.97852269011619,0.1476091356666667,14.76091356666667,126.10596777606449,92.47770970244729,0.8407064518404299,0.8407064518404299,0.20489261345058096,spring,day,40.97852269011619
2018-05-17 13:00:00,2762.16,641.75,25.87,88.83486965739435,0.15438801033333335,15.438801033333336,105.65101245365628,77.47740913268126,0.7043400830243752,0.7043400830243751,0.4441743482869718,spring,day,88.83486965739435
2018-05-17 14:00:00,2897.84,351.19,25.64,103.67988644918562,0.16724675366666666,16.724675366666666,78.07881765762096,57.25779961558871,0.5205254510508064,0.5205254510508065,0.5183994322459281,spring,day,103.67988644918562
2018-05-17 15:00:00,3027.6,122.17,25.04,21.367724431900516,0.17771089966666667,17.77108996666667,43.38938338795877,31.81888115116977,0.28926255591972516,0.28926255591972516,0.10683862215950259,spring,day,21.367724431900516
2018-05-17 16:00:00,3156.32,30.6,23.58,61.92456107961562,0.182853088,18.2853088,33.52498930475847,24.58499215682288,0.2234999286983898,0.22349992869838983,0.3096228053980781,spring,day,61.92456107961562
2018-05-18 03:00:00,2146.32,8.74,11.86,0.0,0.19301180066666665,19.301180066666664,20.98660486707736,15.390176902523395,0.13991069911384907,0.13991069911384904,0.0,spring,day,18.6946438256135
2018-05-18 04:00:00,2081.6,107.42,14.25,0.0,0.18682895733333332,18.682895733333332,20.98660486707736,15.390176902523395,0.13991069911384907,0.13991069911384904,0.0,spring,day,23.054471632207598
2018-05-18 05:00:00,2089.76,143.56,18.74,0.0,0.18172560266666668,18.172560266666668,61.54875890109804,45.13575652747189,0.4103250593406536,0.41032505934065355,0.0,spring,day,4.137351050651826
2018-05-18 06:00:00,2189.76,242.33,20.52,0.04498411252693811,0.17601792633333332,17.601792633333332,94.19788833037191,69.07845144227274,0.6279859222024794,0.6279859222024794,0.00022492056263469055,spring,day,0.04498411252693811
2018-05-18 07:00:00,2389.12,310.29,21.11,0.0,0.17258921900000002,17.2589219,118.93399315489911,87.21826164692601,0.7928932876993274,0.7928932876993273,0.0,spring,day,26.41013034192834
2018-05-18 08:00:00,2612.64,613.16,22.58,0.0,0.15821945333333332,15.821945333333332,135.75707337467952,99.55518714143165,0.9050471558311968,0.9050471558311968,0.0,spring,day,6.41416602011652
2018-05-18 09:00:00,2765.44,552.32,23.78,0.0,0.15993162533333333,15.993162533333333,144.66712898971315,106.08922792578964,0.9644475265980876,0.9644475265980876,0.0,spring,day,12.313786753800123
2018-05-18 10:00:00,2909.12,727.89,24.03,0.0,0.152074571,15.2074571,145.66415999999998,106.82038399999998,0.9710943999999999,0.9710943999999998,0.0,spring,day,0.0
2018-05-18 11:00:00,3071.76,456.2,23.27,0.0,0.1645262153333333,16.452621533333332,138.74816640554008,101.74865536406273,0.9249877760369338,0.9249877760369339,0.0,spring,day,0.0
2018-05-18 12:00:00,3226.32,465.43,21.86,0.0,0.16523089366666666,16.523089366666667,123.9191482063334,90.87404201797783,0.8261276547088894,0.8261276547088894,0.0,spring,day,0.0
2018-05-18 13:00:00,3353.6800000000003,487.25,22.98,0.0,0.16339916633333332,16.33991663333333,101.17710540238001,74.19654396174533,0.6745140360158667,0.6745140360158667,0.0,spring,day,0.0
2018-05-18 14:00:00,3478.8,71.38,23.16,8.839413109659041,0.18140358866666667,18.140358866666666,70.52203799367973,51.71616119536513,0.4701469199578649,0.47014691995786484,0.04419706554829521,spring,day,8.839413109659041
2018-05-18 15:00:00,3581.04,38.01,23.05,6.628968655616407,0.182946027,18.294602700000002,31.95394598023283,23.432893718837406,0.21302630653488555,0.2130263065348855,0.03314484327808204,spring,day,6.628968655616407
2018-05-18 16:00:00,3673.2000000000003,13.99,19.72,0.0,0.18660948166666666,18.660948166666667,20.98660486707736,15.390176902523395,0.13991069911384907,0.13991069911384904,0.0,spring,day,7.845567347043229
2018-05-19 03:00:00,2282.48,31.48,12.21,4.955266361431351,0.19174468866666666,19.174468866666665,20.556488040654372,15.074757896479873,0.13704325360436248,0.13704325360436248,0.024776331807156753,spring,day,4.955266361431351
2018-05-19 04:00:00,2209.76,63.04,14.67,10.703746662501095,0.18843553666666668,18.84355366666667,20.556488040654372,15.074757896479873,0.13704325360436248,0.13704325360436248,0.05351873331250547,spring,day,10.703746662501095
2018-05-19 05:00:00,2197.2000000000003,232.57,18.48,0.13771028380823128,0.17804600366666665,17.804600366666666,61.2585747590094,44.92295482327356,0.408390498393396,0.408390498393396,0.0006885514190411564,spring,day,0.13771028380823128
2018-05-19 06:00:00,2293.6,347.66,20.37,0.0,0.17153983733333333,17.153983733333334,94.02033825397875,68.94824805291773,0.626802255026525,0.6268022550265249,0.0,spring,day,1.6599766162590068
2018-05-19 07:00:00,2500.8,771.08,21.11,0.0,0.15248341533333334,15.248341533333335,118.84177852556255,87.15063758541251,0.7922785235037503,0.79227852350375,0.0,spring,day,56.08522558729242
2018-05-19 08:00:00,2745.12,900.19,22.61,0.9734767823212512,0.14567181566666668,14.567181566666667,135.7228955737607,99.53012342075783,0.9048193038250713,0.9048193038250713,0.004867383911606256,spring,day,0.9734767823212512
2018-05-19 09:00:00,2928.56,996.27,23.67,5.127032626472747,0.140647001,14.0647001,144.66368939857318,106.08670555895364,0.9644245959904879,0.9644245959904876,0.025635163132363737,spring,day,5.127032626472747
2018-05-19 10:00:00,3096.88,979.98,24.43,0.0,0.140760884,14.0760884,145.66415999999998,106.82038399999996,0.9710943999999999,0.9710943999999997,0.0,spring,day,6.013668384505603
2018-05-19 11:00:00,3255.12,914.96,24.95,0.5860060580294721,0.14318951533333332,14.318951533333331,138.7243073780412,101.73115874389686,0.924828715853608,0.9248287158536078,0.0029300302901473607,spring,day,0.5860060580294721
2018-05-19 12:00:00,3390.7200000000003,829.03,24.98,0.20654841943979962,0.14691536566666666,14.691536566666667,123.84413153269675,90.81902979064427,0.8256275435513116,0.8256275435513115,0.001032742097198998,spring,day,0.20654841943979962
2018-05-19 13:00:00,3502.2400000000002,361.11,24.97,0.0,0.16734012899999998,16.734012899999996,101.02363246396672,74.08399714024225,0.6734908830931114,0.6734908830931113,0.0,spring,day,0.0
2018-05-19 14:00:00,3621.28,137.22,24.58,0.0,0.17741550199999997,17.7415502,70.26281017185093,51.526060792690686,0.4684187344790062,0.4684187344790062,0.0,spring,day,0.7573854821647115
2018-05-19 15:00:00,3699.44,142.98,23.75,0.608744575019328,0.177816056,17.7816056,31.56166465634965,23.145220747989743,0.21041109770899766,0.21041109770899766,0.00304372287509664,spring,day,0.608744575019328
2018-05-19 16:00:00,3755.84,41.98,22.22,9.000275281858796,0.18342468466666664,18.342468466666663,20.556488040654372,15.074757896479873,0.13704325360436248,0.13704325360436248,0.04500137640929398,spring,day,9.000275281858796
2018-05-20 03:00:00,2018.56,18.36,11.48,7.240579802727223,0.19289050000000002,19.289050000000003,30.7902400943375,22.579509402514166,0.2052682672955833,0.2052682672955833,0.03620289901363612,spring,day,7.240579802727223
2018-05-20 04:00:00,1932.64,133.18,13.81,16.781871294245203,0.18605053866666665,18.605053866666665,30.7902400943375,22.579509402514166,0.2052682672955833,0.2052682672955833,0.08390935647122602,spring,day,16.781871294245203
2018-05-20 05:00:00,1891.6000000000001,318.5,17.67,42.64393070612752,0.17493276533333335,17.493276533333336,68.16291417940087,49.98613706489397,0.4544194278626725,0.4544194278626724,0.2132196535306376,spring,day,42.64393070612752
2018-05-20 06:00:00,1887.8400000000001,507.22,20.21,47.24005641375447,0.16470336666666666,16.470336666666665,98.24477995748302,72.04617196882087,0.6549651997165534,0.6549651997165534,0.23620028206877236,spring,day,47.24005641375447
2018-05-20 07:00:00,1900.24,794.31,20.96,33.277553244214154,0.151587623,15.158762300000001,121.03583742858407,88.75961411429496,0.8069055828572271,0.8069055828572269,0.16638776622107077,spring,day,33.277553244214154
2018-05-20 08:00:00,1979.8400000000001,912.83,22.54,18.33039870921147,0.14517526833333333,14.517526833333333,136.53608659270392,100.12646350131618,0.9102405772846929,0.9102405772846925,0.09165199354605734,spring,day,18.33039870921147
2018-05-20 09:00:00,2088.0,897.0,23.64,20.61337926638415,0.145002044,14.5002044,144.74552744984257,106.14672012988453,0.9649701829989504,0.9649701829989502,0.10306689633192075,spring,day,20.61337926638415
2018-05-20 10:00:00,2165.2,392.77,24.66,21.76332672346464,0.16620217166666668,16.620217166666666,145.66415999999998,106.82038399999998,0.9710943999999999,0.9710943999999998,0.1088166336173232,spring,day,21.76332672346464
2018-05-20 11:00:00,2193.44,886.98,23.82,15.51225650412704,0.145297878,14.5297878,139.29198424317627,102.1474551116626,0.9286132282878419,0.9286132282878418,0.0775612825206352,spring,day,15.51225650412704
2018-05-20 12:00:00,2187.12,220.65,22.09,23.025910281149034,0.175730819,17.573081900000002,125.62900017937136,92.12793346487233,0.8375266678624758,0.8375266678624758,0.11512955140574517,spring,day,23.025910281149034
2018-05-20 13:00:00,2156.96,54.7,22.57,35.20044984107598,0.18259477866666665,18.259477866666664,104.67520780858533,76.76181905962923,0.6978347187239021,0.6978347187239021,0.1760022492053799,spring,day,35.20044984107598
2018-05-20 14:00:00,2127.68,70.46,23.03,39.64685878912179,0.18154583333333332,18.15458333333333,76.430607130818,56.049111895933194,0.50953738087212,0.50953738087212,0.19823429394560893,spring,day,39.64685878912179
2018-05-20 15:00:00,2105.76,124.82,20.76,93.35367302317529,0.18095678333333334,18.095678333333336,40.89519814606961,29.98981197378438,0.27263465430713074,0.27263465430713074,0.46676836511587644,spring,day,93.35367302317529
2018-05-20 16:00:00,2085.44,36.73,17.43,35.23602120964286,0.18741582566666665,18.741582566666665,30.7902400943375,22.579509402514166,0.2052682672955833,0.2052682672955833,0.1761801060482143,spring,day,35.23602120964286
2018-05-21 03:00:00,1592.0,5.25,10.3,95.81696226242317,0.19438930499999998,19.438930499999998,30.267579217216323,22.196224759291965,0.2017838614481088,0.20178386144810878,0.4790848113121159,spring,day,95.81696226242317
2018-05-21 04:00:00,1563.3600000000001,132.94,12.57,67.29311919205423,0.18703490666666664,18.703490666666664,30.267579217216323,22.196224759291965,0.2017838614481088,0.20178386144810878,0.33646559596027115,spring,day,67.29311919205423
2018-05-21 05:00:00,1558.8,356.0,15.75,64.73319899809992,0.17480448333333332,17.48044833333333,67.81029394016952,49.72754888945763,0.45206862626779676,0.45206862626779665,0.32366599499049964,spring,day,64.73319899809992
2018-05-21 06:00:00,1566.8,586.06,17.39,57.67796339153794,0.1634781426666667,16.347814266666667,98.0290281594603,71.8879539836042,0.653526854396402,0.6535268543964019,0.2883898169576897,spring,day,57.67796339153794
2018-05-21 07:00:00,1585.68,793.3,18.18,51.979204056631986,0.15381510466666667,15.381510466666667,120.92378187508879,88.67744004173177,0.8061585458339253,0.8061585458339252,0.25989602028315995,spring,day,51.979204056631986
2018-05-21 08:00:00,1666.24,912.91,19.56,73.6084933657728,0.14751226966666667,14.751226966666668,136.4945550870549,100.09600706384026,0.9099637005803659,0.909963700580366,0.368042466828864,spring,day,73.6084933657728
2018-05-21 09:00:00,1767.8400000000001,689.06,20.59,72.85080533414651,0.15647062933333333,15.647062933333334,144.74134779535865,106.14365504992966,0.9649423186357243,0.9649423186357242,0.3642540266707326,spring,day,72.85080533414651
2018-05-21 10:00:00,1845.68,639.7,21.28,79.3139081258615,0.15808244466666665,15.808244466666665,145.66415999999998,106.82038399999998,0.9710943999999999,0.9710943999999998,0.3965695406293075,spring,day,79.3139081258615
2018-05-21 11:00:00,1882.16,995.34,21.98,78.78384412146437,0.142014906,14.2014906,139.262991700979,102.12619391405126,0.9284199446731933,0.9284199446731932,0.3939192206073219,spring,day,78.78384412146437
2018-05-21 12:00:00,1912.56,787.03,22.8,107.50407678739725,0.15046013766666666,15.046013766666666,125.53784289829562,92.06108479208345,0.8369189526553041,0.836918952655304,0.5375203839369863,spring,day,107.50407678739725
2018-05-21 13:00:00,1928.16,639.18,23.12,86.81400859622659,0.156659998,15.6659998,104.48871359194993,76.62505663409661,0.6965914239463329,0.6965914239463328,0.43407004298113294,spring,day,86.81400859622659
2018-05-21 14:00:00,1930.0,370.8,22.86,114.81200034025149,0.168574516,16.8574516,76.11560378194179,55.81810944009063,0.5074373585462786,0.5074373585462785,0.5740600017012575,spring,day,114.81200034025149
2018-05-21 15:00:00,1937.52,75.09,22.6,81.69437429616538,0.181681533,18.1681533,40.418513468271385,29.640243210065673,0.26945675645514255,0.2694567564551425,0.40847187148082686,spring,day,81.69437429616538
2018-05-21 16:00:00,1961.52,47.22,21.88,94.3864519623651,0.183463082,18.3463082,30.267579217216323,22.196224759291965,0.2017838614481088,0.20178386144810878,0.4719322598118255,spring,day,94.3864519623651
2018-05-22 03:00:00,1633.2,32.36,11.16,56.30117534411836,0.19253096133333333,19.253096133333333,12.378419747137302,9.077507814567351,0.08252279831424868,0.08252279831424865,0.2815058767205918,spring,day,56.30117534411836
2018-05-22 04:00:00,1628.88,115.99,13.16,56.08522558729242,0.18731110566666667,18.73111056666667,12.378419747137302,9.077507814567351,0.08252279831424868,0.08252279831424865,0.2804261279364621,spring,day,56.08522558729242
2018-05-22 05:00:00,1675.28,36.16,16.46,59.52885653143347,0.18820253466666667,18.820253466666667,55.7411302278746,40.8768288337747,0.3716075348524973,0.3716075348524973,0.29764428265716736,spring,day,59.52885653143347
2018-05-22 06:00:00,1814.08,51.92,18.52,61.9845447659644,0.1858969493333333,18.58969493333333,90.64447253317445,66.4726131909946,0.6042964835544964,0.6042964835544963,0.309922723829822,spring,day,61.9845447659644
2018-05-22 07:00:00,2023.68,79.74,19.23,38.57239555213257,0.18412543599999998,18.4125436,117.08844666303698,85.86486088622712,0.7805896444202465,0.7805896444202466,0.19286197776066286,spring,day,38.57239555213257
2018-05-22 08:00:00,2201.2000000000003,675.23,20.48,32.78086334824819,0.15716047233333333,15.716047233333333,135.07305261746208,99.05357191947219,0.9004870174497472,0.9004870174497472,0.16390431674124095,spring,day,32.78086334824819
2018-05-22 09:00:00,2283.52,706.09,21.74,23.064606305163856,0.15482434366666667,15.482434366666666,144.59829039644976,106.03874629072982,0.9639886026429983,0.9639886026429983,0.11532303152581928,spring,day,23.064606305163856
2018-05-22 10:00:00,2334.96,863.94,22.88,30.288039902074747,0.147041466,14.704146600000001,145.66415999999998,106.82038399999998,0.9710943999999999,0.9710943999999998,0.15144019951037374,spring,day,30.288039902074747
2018-05-22 11:00:00,2374.96,956.88,23.5,42.258607045942334,0.142499236,14.2499236,138.27066142811285,101.39848504728275,0.9218044095207523,0.9218044095207523,0.21129303522971166,spring,day,42.258607045942334
2018-05-22 12:00:00,2395.44,852.09,23.83,28.14676595477525,0.14681239100000001,14.6812391,122.41779468078826,89.77304943257805,0.8161186312052551,0.816118631205255,0.14073382977387625,spring,day,28.14676595477525
2018-05-22 13:00:00,2402.08,647.13,23.25,13.022692579713256,0.156211011,15.6211011,98.10555975802633,71.94407715588596,0.6540370650535089,0.6540370650535088,0.06511346289856629,spring,day,13.022692579713256
2018-05-22 14:00:00,2402.4,352.45,23.5,24.86164232610938,0.16887253166666666,16.887253166666667,65.33395665982688,47.911568217206366,0.43555971106551256,0.4355597110655124,0.1243082116305469,spring,day,24.86164232610938
2018-05-22 15:00:00,2390.56,178.52,22.63,34.32513413995876,0.17714497533333334,17.714497533333333,24.10298538619015,17.67552261653944,0.16068656924126765,0.16068656924126762,0.17162567069979381,spring,day,34.32513413995876
2018-05-22 16:00:00,2379.76,10.5,18.32,38.107782623442056,0.18786132199999997,18.786132199999997,12.378419747137302,9.077507814567351,0.08252279831424868,0.08252279831424865,0.19053891311721027,spring,day,38.107782623442056
2018-05-23 03:00:00,1707.68,30.6,10.93,0.0,0.192788398,19.2788398,31.218578097790402,22.89362393837963,0.20812385398526934,0.20812385398526936,0.0,spring,day,29.665187875180763
2018-05-23 04:00:00,1690.88,140.05,13.14,0.0,0.18627699566666667,18.627699566666667,31.218578097790402,22.89362393837963,0.20812385398526934,0.20812385398526936,0.0,spring,day,1.6754214608221787
2018-05-23 05:00:00,1727.68,365.16,16.7,1.3031605121428596,0.17365867200000001,17.3658672,68.45189821448184,50.198058690620016,0.45634598809654564,0.4563459880965456,0.006515802560714298,spring,day,1.3031605121428596
2018-05-23 06:00:00,1852.96,594.12,18.63,0.0,0.162152562,16.2152562,98.42159574464398,72.17583687940558,0.6561439716309598,0.6561439716309598,0.0,spring,day,34.32513413995876
2018-05-23 07:00:00,2045.52,799.15,19.83,0.0,0.15226393966666665,15.226393966666665,121.12767068827692,88.82695850473641,0.8075178045885129,0.8075178045885129,0.0,spring,day,0.0
2018-05-23 08:00:00,2207.76,960.52,21.06,0.0,0.1442567866666667,14.42567866666667,136.57012304538057,100.15142356661241,0.9104674869692038,0.9104674869692037,0.0,spring,day,11.881658422024012
2018-05-23 09:00:00,2275.36,1028.66,21.55,0.0,0.14089876533333334,14.089876533333335,144.74895281595494,106.1492320650336,0.9649930187730329,0.9649930187730328,0.0,spring,day,1.9245900025180194
2018-05-23 10:00:00,2307.12,1073.03,22.42,0.0,0.13827945633333333,13.827945633333332,145.66415999999998,106.82038399999998,0.9710943999999999,0.9710943999999998,0.0,spring,day,57.0842364265787
2018-05-23 11:00:00,2336.88,946.93,23.1,0.0,0.14324754766666667,14.324754766666667,139.31574459751582,102.16487937151157,0.9287716306501055,0.9287716306501053,0.0,spring,day,0.0
2018-05-23 12:00:00,2344.88,820.73,23.54,5.8445680021493205,0.14840849833333333,14.840849833333333,125.70370660850233,92.18271817956837,0.8380247107233488,0.8380247107233488,0.0292228400107466,spring,day,5.8445680021493205
2018-05-23 13:00:00,2356.7200000000003,608.23,23.59,0.0,0.15764131166666664,15.764131166666665,104.82804603295962,76.87390042417039,0.6988536402197308,0.6988536402197308,0.0,spring,day,22.19239555992094
2018-05-23 14:00:00,2365.52,189.28,23.65,5.65611733475791,0.17587437266666667,17.587437266666665,76.68876287088754,56.23842610531753,0.5112584191392503,0.5112584191392503,0.028280586673789552,spring,day,5.65611733475791
2018-05-23 15:00:00,2350.48,143.6,23.15,29.27713355102024,0.17826024333333332,17.826024333333333,41.285857122286316,30.276295223009964,0.27523904748190875,0.27523904748190875,0.1463856677551012,spring,day,29.27713355102024
2018-05-23 16:00:00,2343.36,20.12,22.25,19.92860238746301,0.18435494733333332,18.435494733333332,31.218578097790402,22.89362393837963,0.20812385398526934,0.20812385398526936,0.09964301193731505,spring,day,19.92860238746301
2018-05-24 03:00:00,1689.04,14.87,11.57,0.0,0.19297209433333334,19.297209433333336,32.13487825938115,23.56557739021285,0.2142325217292077,0.21423252172920773,0.0,spring,day,0.0
2018-05-24 04:00:00,1677.2,141.71,14.09,1.9764362496061758,0.18545843433333334,18.545843433333335,32.13487825938115,23.56557739021285,0.2142325217292077,0.21423252172920773,0.009882181248030879,spring,day,1.9764362496061758
2018-05-24 05:00:00,1716.48,359.85,18.22,0.8460574776415309,0.172696557,17.2696557,69.07009252810167,50.65140118727456,0.4604672835206778,0.4604672835206778,0.0042302873882076545,spring,day,0.8460574776415309
2018-05-24 06:00:00,1846.72,585.71,20.28,0.0,0.16122360833333335,16.122360833333335,98.79983987204186,72.45321590616403,0.6586655991469457,0.6586655991469458,0.0,spring,day,0.0
2018-05-24 07:00:00,2045.04,771.91,21.92,0.0,0.15181102566666668,15.181102566666668,121.32412029120185,88.97102154688135,0.8088274686080124,0.8088274686080122,0.0,spring,day,17.375219421250055
2018-05-24 08:00:00,2205.04,867.68,23.09,0.0,0.14671334333333333,14.671334333333332,136.64293378558153,100.20481810942645,0.9109528919038768,0.9109528919038768,0.0,spring,day,34.05345277398439
2018-05-24 09:00:00,2264.8,936.67,23.95,1.3229505333335714,0.14302763566666668,14.302763566666668,144.75628035518093,106.15460559379933,0.9650418690345396,0.9650418690345394,0.006614752666667857,spring,day,1.3229505333335714
2018-05-24 10:00:00,2294.8,981.1,24.57,7.584942745606187,0.14060205866666667,14.060205866666667,145.66415999999998,106.82038399999998,0.9710943999999999,0.9710943999999998,0.03792471372803094,spring,day,7.584942745606187
2018-05-24 11:00:00,2315.44,686.84,25.08,12.180542626152398,0.15304104933333332,15.304104933333331,139.3665727200388,102.20215332802844,0.9291104848002586,0.9291104848002586,0.06090271313076199,spring,day,12.180542626152398
2018-05-24 12:00:00,2322.08,289.85,25.24,22.503345752897182,0.17023738233333333,17.023738233333333,125.86351851529732,92.2999135778847,0.8390901234353154,0.8390901234353154,0.11251672876448592,spring,day,22.503345752897182
2018-05-24 13:00:00,2340.7200000000003,309.08,24.95,47.117118951494355,0.16962607933333332,16.96260793333333,105.15499738577559,77.11366474956876,0.7010333159051706,0.7010333159051705,0.23558559475747176,spring,day,47.117118951494355
2018-05-24 14:00:00,2361.76,387.08,24.85,73.95424209788882,0.16630121933333333,16.630121933333335,77.24100933147346,56.64340684308055,0.5149400622098231,0.5149400622098231,0.3697712104894441,spring,day,73.95424209788882
2018-05-24 15:00:00,2368.48,24.1,23.49,62.124029870072974,0.18320739066666664,18.320739066666665,42.12155435239119,30.88913985842021,0.28081036234927464,0.28081036234927464,0.31062014935036486,spring,day,62.124029870072974
2018-05-24 16:00:00,2370.2400000000002,12.24,20.88,76.52622449231117,0.185774776,18.5774776,32.13487825938115,23.56557739021285,0.2142325217292077,0.21423252172920773,0.38263112246155584,spring,day,76.52622449231117
2018-05-25 03:00:00,1692.88,5.25,10.98,57.3262562960749,0.193855233,19.3855233,24.59974307584983,18.039811588956535,0.1639982871723322,0.16399828717233214,0.28663128148037453,spring,day,57.3262562960749
2018-05-25 04:00:00,1685.68,42.64,13.63,3.531297077494177,0.19014247266666665,19.014247266666665,24.59974307584983,18.039811588956535,0.1639982871723322,0.16399828717233214,0.017656485387470885,spring,day,3.531297077494177
2018-05-25 05:00:00,1719.8400000000001,345.19,15.29,0.0,0.17563744366666667,17.56374436666667,63.98641152696678,46.923368453108964,0.4265760768464452,0.4265760768464451,0.0,spring,day,0.0
2018-05-25 06:00:00,1845.52,190.06,16.75,108.93796329130485,0.18125959866666666,18.125959866666665,95.6893737259136,70.1722073990033,0.6379291581727573,0.6379291581727573,0.5446898164565243,spring,day,108.93796329130485
2018-05-25 07:00:00,2061.04,645.97,18.28,121.50713986368807,0.16016506366666666,16.016506366666665,119.70862967269039,87.78632842663961,0.7980575311512693,0.7980575311512692,0.6075356993184403,spring,day,121.50713986368807
2018-05-25 08:00:00,2229.52,896.4,19.98,146.08693432847843,0.14790278799999998,14.790278799999998,136.04417936729706,99.76573153601782,0.9069611957819804,0.9069611957819802,0.7304346716423922,spring,day,146.08693432847843
2018-05-25 09:00:00,2308.48,954.77,21.45,76.37438017877794,0.14420137233333333,14.420137233333334,144.6960228097336,106.11041672713796,0.9646401520648906,0.9646401520648905,0.3818719008938897,spring,day,76.37438017877794
2018-05-25 10:00:00,2351.36,944.8,22.51,50.26143457391458,0.14380387266666667,14.380387266666666,145.66415999999998,106.82038399999998,0.9710943999999999,0.9710943999999998,0.2513071728695729,spring,day,50.26143457391458
2018-05-25 11:00:00,2381.28,568.82,23.03,55.475066147223245,0.15980072533333334,15.980072533333335,138.94859093809632,101.89563335460394,0.9263239395873087,0.9263239395873086,0.2773753307361162,spring,day,55.475066147223245
2018-05-25 12:00:00,2381.36,76.02,22.93,58.35104023907532,0.18138177200000002,18.1381772,124.54931562402251,91.33616479094984,0.8303287708268168,0.8303287708268167,0.29175520119537657,spring,day,58.35104023907532
2018-05-25 13:00:00,2374.4,629.09,22.69,94.99413228686126,0.15743798033333334,15.743798033333334,102.46633405777865,75.14197830903767,0.6831088937185243,0.6831088937185242,0.4749706614343063,spring,day,94.99413228686126
2018-05-25 14:00:00,2376.32,59.34,22.74,123.08865800307579,0.182258802,18.2258802,72.69964623936457,53.31307390886735,0.48466430826243045,0.48466430826243045,0.615443290015379,spring,day,123.08865800307579
2018-05-25 15:00:00,2358.32,119.61,21.36,155.1849369220835,0.180712873,18.071287299999998,35.249252168780515,25.84945159043904,0.23499501445853677,0.2349950144585367,0.7759246846104175,spring,day,155.1849369220835
2018-05-25 16:00:00,2362.8,51.6,19.18,144.31981589846825,0.18539254799999996,18.539254799999995,24.59974307584983,18.039811588956535,0.1639982871723322,0.16399828717233214,0.7215990794923413,spring,day,144.31981589846825
2018-05-26 03:00:00,1699.6000000000001,6.12,12.43,87.7472713508497,0.19267844199999998,19.2678442,11.653132799999998,8.545630719999998,0.07768755199999999,0.07768755199999998,0.4387363567542485,spring,day,87.7472713508497
2018-05-26 04:00:00,1682.16,20.4,13.74,67.6487480180214,0.19102648400000002,19.102648400000003,11.653132799999998,8.545630719999998,0.07768755199999999,0.07768755199999998,0.338243740090107,spring,day,67.6487480180214
2018-05-26 05:00:00,1718.56,50.99,15.28,83.483841134782,0.18848222433333334,18.848222433333333,55.25180556630893,40.517990748626545,0.36834537044205956,0.3683453704420595,0.41741920567391,spring,day,83.483841134782
2018-05-26 06:00:00,1830.16,199.33,17.37,63.11434865133312,0.18036816966666666,18.036816966666667,90.34507770609424,66.25305698446911,0.6023005180406283,0.6023005180406283,0.3155717432566656,spring,day,63.11434865133312
2018-05-26 07:00:00,2014.4,741.0,18.97,79.64476398031404,0.155476662,15.547666199999998,116.93294921935608,85.75082942752778,0.7795529947957072,0.779552994795707,0.3982238199015702,spring,day,79.64476398031404
2018-05-26 08:00:00,2173.44,779.81,20.05,89.46121911628313,0.15293502033333334,15.293502033333334,135.01542010609433,99.01130807780248,0.9001028007072955,0.9001028007072953,0.44730609558141565,spring,day,89.46121911628313
2018-05-26 09:00:00,2252.56,547.37,20.35,103.92171235364917,0.16284153233333332,16.28415323333333,144.59249036630897,106.03449293529323,0.9639499357753931,0.963949935775393,0.5196085617682459,spring,day,103.92171235364917
2018-05-26 10:00:00,2298.8,619.05,20.14,103.70705367657172,0.159878829,15.9878829,145.66415999999998,106.82038399999996,0.9710943999999999,0.9710943999999997,0.5185352683828586,spring,day,103.70705367657172
2018-05-26 11:00:00,2348.0,571.91,20.52,138.33558246534406,0.16163725233333331,16.16372523333333,138.23042900716746,101.36898127192279,0.9215361933811164,0.9215361933811163,0.6916779123267203,spring,day,138.33558246534406
2018-05-26 12:00:00,2371.12,352.2,18.88,172.66207132982802,0.172511988,17.2511988,122.29129738781135,89.68028475106166,0.8152753159187424,0.8152753159187424,0.8633103566491401,spring,day,172.66207132982802
2018-05-26 13:00:00,2380.08,307.94,18.03,175.4387292635532,0.17511078933333332,17.511078933333334,97.84676514193173,71.75429443741659,0.6523117676128781,0.6523117676128781,0.877193646317766,spring,day,175.4387292635532
2018-05-26 14:00:00,2395.2000000000003,39.87,16.67,167.30891525326362,0.187875721,18.7875721,64.8968322695284,47.591010330987494,0.4326455484635227,0.43264554846352266,0.8365445762663181,spring,day,167.30891525326362
2018-05-26 15:00:00,2395.04,77.88,16.25,169.08636232126273,0.186547086,18.6547086,23.441498770601644,17.19043243177454,0.15627665847067762,0.15627665847067762,0.8454318116063136,spring,day,169.08636232126273
2018-05-26 16:00:00,2392.32,10.5,15.9,177.0326611650309,0.18976199,18.976198999999998,11.653132799999998,8.545630719999998,0.07768755199999999,0.07768755199999998,0.8851633058251545,spring,day,177.0326611650309
2018-05-27 03:00:00,1663.76,26.23,9.87,72.53639407761868,0.19381159966666667,19.381159966666665,31.948778740932845,23.429104410017416,0.21299185827288564,0.2129918582728856,0.3626819703880934,spring,day,72.53639407761868
2018-05-27 04:00:00,1633.76,140.61,12.41,0.0,0.186825903,18.682590299999998,31.948778740932845,23.429104410017416,0.21299185827288564,0.2129918582728856,0.0,spring,day,35.81756777669203
2018-05-27 05:00:00,1631.04,364.31,15.17,175.55616296801148,0.17489742233333333,17.489742233333335,68.94453796760436,50.559327842909866,0.4596302531173624,0.45963025311736244,0.8777808148400574,spring,day,175.55616296801148
2018-05-27 06:00:00,1636.72,595.23,17.23,115.90501754489571,0.16320368899999999,16.3203689,98.72301892087839,72.39688054197748,0.6581534594725226,0.6581534594725226,0.5795250877244785,spring,day,115.90501754489571
2018-05-27 07:00:00,1672.88,747.32,19.06,73.92295917496592,0.15513021333333332,15.513021333333333,121.28422160075502,88.94176250722035,0.8085614773383668,0.8085614773383668,0.36961479587482965,spring,day,73.92295917496592
2018-05-27 08:00:00,1773.52,967.48,20.01,77.14129973367733,0.14477776866666667,14.477776866666666,136.62814600723416,100.19397373863838,0.9108543067148944,0.9108543067148943,0.38570649866838663,spring,day,77.14129973367733
2018-05-27 09:00:00,1899.6000000000001,1016.94,20.7,63.48080315068563,0.14207773799999998,14.207773799999998,144.75479214031583,106.1535142362316,0.9650319476021055,0.9650319476021054,0.31740401575342814,spring,day,63.48080315068563
2018-05-27 10:00:00,2001.76,867.66,21.26,39.71821367551002,0.14815149800000002,14.815149800000002,145.66415999999998,106.82038399999998,0.9710943999999999,0.9710943999999998,0.1985910683775501,spring,day,39.71821367551002
2018-05-27 11:00:00,2077.52,745.39,21.61,55.06059924088129,0.15321165566666667,15.321165566666666,139.3562495862867,102.19458302994357,0.929041663908578,0.9290416639085779,0.27530299620440646,spring,day,55.06059924088129
2018-05-27 12:00:00,2122.0,650.76,21.84,83.97582131729851,0.157160036,15.7160036,125.83106089917595,92.27611132606236,0.8388737393278397,0.8388737393278397,0.4198791065864926,spring,day,83.97582131729851
2018-05-27 13:00:00,2141.12,178.0,22.2,28.125175222077758,0.17750538666666665,17.750538666666664,105.08859393866777,77.06496888835636,0.7005906262577851,0.7005906262577851,0.1406258761103888,spring,day,28.125175222077758
2018-05-27 14:00:00,2161.36,258.79,22.32,128.65861849489067,0.17388600166666665,17.388600166666667,77.12884870476202,56.561155716825475,0.5141923246984135,0.5141923246984134,0.6432930924744533,spring,day,128.65861849489067
2018-05-27 15:00:00,2150.64,161.94,21.93,100.06962135777134,0.178418196,17.8418196,41.951825197458916,30.76467181146987,0.2796788346497261,0.2796788346497261,0.5003481067888567,spring,day,100.06962135777134
2018-05-27 16:00:00,2141.04,47.22,20.78,130.14260859129644,0.18432702199999998,18.432702199999998,31.948778740932845,23.429104410017416,0.21299185827288564,0.2129918582728856,0.6507130429564821,spring,day,130.14260859129644
2018-05-28 03:00:00,1635.8400000000001,27.98,11.11,74.67697399378606,0.1927613453333333,19.27613453333333,31.97653687694206,23.449460376424174,0.21317691251294707,0.21317691251294704,0.37338486996893033,spring,day,74.67697399378606
2018-05-28 04:00:00,1604.0,140.88,13.42,57.0842364265787,0.186020868,18.602086800000002,31.97653687694206,23.449460376424174,0.21317691251294707,0.21317691251294704,0.28542118213289347,spring,day,57.0842364265787
2018-05-28 05:00:00,1596.0,358.13,16.55,92.69102785755031,0.17408322433333331,17.408322433333332,68.96326536999595,50.57306127133036,0.4597551024666397,0.45975510246663964,0.46345513928775156,spring,day,92.69102785755031
2018-05-28 06:00:00,1588.08,579.94,18.72,69.46572152283126,0.16270059666666667,16.27005966666667,98.73447734069877,72.4052833831791,0.6582298489379919,0.6582298489379917,0.3473286076141563,spring,day,69.46572152283126
2018-05-28 07:00:00,1604.32,784.91,21.1,107.96983532206187,0.15188782033333334,15.188782033333334,121.29017278905066,88.94612671197048,0.8086011519270044,0.8086011519270043,0.5398491766103093,spring,day,107.96983532206187
2018-05-28 08:00:00,1691.28,943.24,22.11,62.08797661962808,0.14418610066666668,14.418610066666668,136.6303517150515,100.19559125770441,0.9108690114336766,0.9108690114336764,0.3104398830981404,spring,day,62.08797661962808
2018-05-28 09:00:00,1814.0,1015.22,22.79,60.797193879969406,0.14051130133333334,14.051130133333334,144.75501411870127,106.15367702038091,0.9650334274580085,0.9650334274580082,0.303985969399847,spring,day,60.797193879969406
2018-05-28 10:00:00,1925.04,450.13,23.24,62.30546597390048,0.16481463166666668,16.481463166666668,145.66415999999998,106.82038399999998,0.9710943999999999,0.9710943999999998,0.31152732986950243,spring,day,62.30546597390048
2018-05-28 11:00:00,2009.2,410.96,22.8,90.50402362309859,0.16686932533333335,16.686932533333334,139.3577893589477,102.19571219656164,0.9290519290596514,0.9290519290596513,0.452520118115493,spring,day,90.50402362309859
2018-05-28 12:00:00,2076.64,370.57,22.13,112.80226802283237,0.16915789366666667,16.915789366666665,125.83590219554439,92.27966161006587,0.8389060146369626,0.8389060146369625,0.5640113401141619,spring,day,112.80226802283237
2018-05-28 13:00:00,2122.88,71.38,21.38,163.16559182226084,0.18280160066666665,18.280160066666664,105.09849850979009,77.07223224051272,0.7006566567319339,0.7006566567319338,0.8158279591113042,spring,day,163.16559182226084
2018-05-28 14:00:00,2126.32,46.35,17.62,164.77099190629428,0.18684684699999998,18.6846847,77.14557830168465,56.57342408790207,0.5143038553445644,0.5143038553445642,0.8238549595314715,spring,day,164.77099190629428
2018-05-28 15:00:00,2129.76,43.57,16.91,150.54029874136714,0.18752578166666664,18.752578166666662,41.9771415712283,30.783237152234083,0.27984761047485535,0.2798476104748553,0.7527014937068357,spring,day,150.54029874136714
2018-05-28 16:00:00,2141.92,8.74,17.16,100.77124743355249,0.18884918066666664,18.884918066666664,31.97653687694206,23.449460376424174,0.21317691251294707,0.21317691251294704,0.5038562371677624,spring,day,100.77124743355249
2018-05-29 03:00:00,1613.8400000000001,12.24,11.95,31.473660256293865,0.192788398,19.2788398,30.696711289995836,22.51092161266361,0.20464474193330556,0.20464474193330554,0.15736830128146934,spring,day,31.473660256293865
2018-05-29 04:00:00,1594.0,142.19,13.43,13.354322778944606,0.18595585433333334,18.595585433333333,30.696711289995836,22.51092161266361,0.20464474193330556,0.20464474193330554,0.06677161389472303,spring,day,13.354322778944606
2018-05-29 05:00:00,1594.96,350.01,15.48,12.718837263947108,0.175277905,17.527790500000002,68.0998137048759,49.939863383575656,0.453998758032506,0.45399875803250594,0.06359418631973554,spring,day,12.718837263947108
2018-05-29 06:00:00,1627.3600000000001,556.87,17.48,7.044358411215042,0.16468111366666668,16.46811136666667,98.20617173447084,72.01785927194527,0.654707811563139,0.6547078115631388,0.03522179205607521,spring,day,7.044358411215042
2018-05-29 07:00:00,1657.8400000000001,726.47,17.64,36.36671309117683,0.15715523633333334,15.715523633333333,121.01578537878079,88.74490927777256,0.8067719025252053,0.8067719025252051,0.18183356545588414,spring,day,36.36671309117683
2018-05-29 08:00:00,1730.48,855.17,18.67,4.66218216638488,0.15073066433333335,15.073066433333334,136.52865463780563,100.12101340105745,0.9101910309187042,0.9101910309187041,0.023310910831924398,spring,day,4.66218216638488
2018-05-29 09:00:00,1855.68,676.45,19.8,25.88777341687555,0.15764131166666664,15.764131166666665,144.74477951154537,106.14617164179992,0.9649651967436358,0.9649651967436357,0.12943886708437774,spring,day,25.88777341687555
2018-05-29 10:00:00,1981.1200000000001,1002.05,21.24,28.949693299564633,0.14230332233333334,14.230332233333334,145.66415999999998,106.82038399999998,0.9710943999999999,0.9710943999999998,0.14474846649782316,spring,day,28.949693299564633
2018-05-29 11:00:00,2070.0,850.55,22.09,35.12786751971549,0.14824618233333337,14.824618233333336,139.28679610316956,102.14365047565767,0.928578640687797,0.9285786406877969,0.17563933759857744,spring,day,35.12786751971549
2018-05-29 12:00:00,2117.92,741.84,21.78,106.67637950179702,0.15323303600000002,15.323303600000001,125.61268782105404,92.11597106877295,0.8374179188070269,0.8374179188070269,0.5333818975089851,spring,day,106.67637950179702
2018-05-29 13:00:00,2139.36,585.23,21.6,83.98634998172773,0.16020782433333333,16.020782433333334,104.64183515365347,76.73734577934587,0.6976122343576898,0.6976122343576897,0.41993174990863863,spring,day,83.98634998172773
2018-05-29 14:00:00,2139.04,169.27,20.62,98.65390695286042,0.1791272376666667,17.91272376666667,76.37423810096773,56.00777460737633,0.5091615873397849,0.5091615873397848,0.49326953476430213,spring,day,98.65390695286042
2018-05-29 15:00:00,2145.84,24.1,18.35,163.82183614180767,0.18724434666666664,18.724434666666664,40.80989666299702,29.927257552864475,0.2720659777533135,0.2720659777533134,0.8191091807090384,spring,day,163.82183614180767
2018-05-29 16:00:00,2157.04,13.12,17.11,174.9025129307764,0.18869733666666666,18.869733666666665,30.696711289995836,22.51092161266361,0.20464474193330556,0.20464474193330554,0.8745125646538819,spring,day,174.9025129307764
2018-05-30 03:00:00,1654.8,6.12,10.89,42.72491716866854,0.193887958,19.3887958,14.766126736140773,10.828492939836567,0.09844084490760516,0.09844084490760516,0.2136245858433427,spring,day,42.72491716866854
2018-05-30 04:00:00,1638.16,77.88,12.99,116.16133021273549,0.18910748999999996,18.910748999999996,14.766126736140773,10.828492939836567,0.09844084490760516,0.09844084490760516,0.5808066510636775,spring,day,116.16133021273549
2018-05-30 05:00:00,1678.24,144.44,15.1,88.591510216891,0.18454606133333334,18.454606133333336,57.35202908511121,42.05815466241488,0.3823468605674081,0.38234686056740796,0.442957551084455,spring,day,88.591510216891
2018-05-30 06:00:00,1812.32,439.68,16.84,78.97079004450063,0.17029716,17.029716,91.63010604541738,67.19541109997273,0.6108673736361159,0.6108673736361158,0.39485395022250314,spring,day,78.97079004450063
2018-05-30 07:00:00,2020.64,483.85,18.21,47.92102521355793,0.16729387766666667,16.72938776666667,117.60035761705942,86.24026225251022,0.7840023841137295,0.7840023841137292,0.23960512606778966,spring,day,47.92102521355793
2018-05-30 08:00:00,2205.84,848.65,19.49,78.54212126092428,0.15037112566666666,15.037112566666666,135.2627838000372,99.19270812002726,0.901751892000248,0.9017518920002479,0.3927106063046214,spring,day,78.54212126092428
2018-05-30 09:00:00,2286.08,864.91,19.98,94.01990048049677,0.14927680166666668,14.927680166666669,144.6173845943507,106.05274870252384,0.9641158972956714,0.9641158972956713,0.4700995024024839,spring,day,94.01990048049677
2018-05-30 10:00:00,2333.52,969.59,20.41,93.50636593372589,0.14437154233333335,14.437154233333334,145.66415999999998,106.82038399999998,0.9710943999999999,0.9710943999999998,0.46753182966862944,spring,day,93.50636593372589
2018-05-30 11:00:00,2374.32,812.18,20.47,121.46280673091145,0.15119274133333332,15.119274133333333,138.40311001698507,101.4956140124557,0.9226874001132338,0.9226874001132337,0.6073140336545573,spring,day,121.46280673091145
2018-05-30 12:00:00,2392.7200000000003,776.24,20.91,136.79335436788392,0.15241534733333334,15.241534733333333,122.83423464530593,90.078438739891,0.8188948976353728,0.8188948976353727,0.6839667718394196,spring,day,136.79335436788392
2018-05-30 13:00:00,2400.08,470.65,21.19,161.10556194731137,0.16552934566666666,16.552934566666664,98.95753388496259,72.56885818230589,0.6597168925664172,0.6597168925664172,0.8055278097365569,spring,day,161.10556194731137
2018-05-30 14:00:00,2395.28,98.28,21.22,177.14597311254522,0.18175352800000003,18.175352800000002,66.7730077359549,48.96687233970025,0.445153384906366,0.4451533849063659,0.8857298655627261,spring,day,177.14597311254522
2018-05-30 15:00:00,2378.08,72.31,20.43,153.95687156345272,0.18350715166666665,18.350715166666664,26.28065619828313,19.272481212074293,0.17520437465522087,0.17520437465522085,0.7697843578172636,spring,day,153.95687156345272
2018-05-30 16:00:00,2378.4,36.73,19.34,144.5669031044426,0.18591571166666668,18.591571166666668,14.766126736140773,10.828492939836567,0.09844084490760516,0.09844084490760516,0.7228345155222129,spring,day,144.5669031044426
2018-05-31 03:00:00,1716.08,16.61,11.43,67.67858832601367,0.1930061283333333,19.300612833333332,32.184742291161555,23.6021443468518,0.2145649486077437,0.21456494860774364,0.33839294163006833,spring,day,67.67858832601367
2018-05-31 04:00:00,1706.48,142.82,12.33,67.38547685463459,0.18679230533333332,18.67923053333333,32.184742291161555,23.6021443468518,0.2145649486077437,0.21456494860774364,0.3369273842731729,spring,day,67.38547685463459
2018-05-31 05:00:00,1740.4,324.61,13.79,41.47261527306671,0.17771351766666668,17.77135176666667,69.10373397245903,50.676071579803285,0.4606915598163935,0.4606915598163935,0.20736307636533355,spring,day,41.47261527306671
2018-05-31 06:00:00,1876.0,561.12,15.35,36.94564416098876,0.16616857399999999,16.616857399999997,98.82042349516006,72.46831056311737,0.6588028233010671,0.658802823301067,0.1847282208049438,spring,day,36.94564416098876
2018-05-31 07:00:00,2085.68,567.51,16.74,15.611071080802411,0.164798051,16.4798051,121.33481085926472,88.97886129679412,0.8088987390617648,0.8088987390617648,0.07805535540401205,spring,day,15.611071080802411
2018-05-31 08:00:00,2252.2400000000002,621.49,17.73,26.774548208437626,0.16166517766666666,16.166517766666665,136.64689606477293,100.20772378083348,0.9109793070984862,0.9109793070984862,0.13387274104218813,spring,day,26.774548208437626
2018-05-31 09:00:00,2337.68,784.64,18.67,45.73281475905937,0.15380812333333332,15.380812333333333,144.7566791116847,106.15489801523543,0.9650445274112313,0.9650445274112311,0.22866407379529685,spring,day,45.73281475905937
2018-05-31 10:00:00,2374.96,641.09,19.21,24.520288114264346,0.15964757233333335,15.964757233333335,145.66415999999998,106.82038399999998,0.9710943999999999,0.9710943999999998,0.12260144057132173,spring,day,24.520288114264346
2018-05-31 11:00:00,2426.16,888.53,19.42,10.035995518926885,0.14868600633333334,14.868600633333335,139.3693387297189,102.20418173512718,0.9291289248647926,0.9291289248647925,0.050179977594634426,spring,day,10.035995518926885
2018-05-31 12:00:00,2472.96,794.25,19.82,30.730152886977148,0.152485597,15.2485597,125.87221530084135,92.30629122061697,0.839148102005609,0.8391481020056089,0.15365076443488573,spring,day,30.730152886977148
2018-05-31 13:00:00,2507.6,319.8,20.07,32.04787858195304,0.172991082,17.2991082,105.17278971336741,77.12671245646942,0.7011519314224494,0.7011519314224492,0.16023939290976522,spring,day,32.04787858195304
2018-05-31 14:00:00,2556.7200000000003,196.4,19.84,43.64550552068909,0.1785560773333333,17.855607733333333,77.27106196729693,56.665445442684415,0.5151404131153129,0.5151404131153129,0.21822752760344546,spring,day,43.64550552068909
2018-05-31 15:00:00,2593.52,171.91,19.63,47.02064559337721,0.17978959166666666,17.978959166666666,42.167032062630156,30.922490179262113,0.28111354708420105,0.281113547084201,0.23510322796688604,spring,day,47.02064559337721
2018-05-31 16:00:00,2650.08,36.73,18.58,109.03886147672922,0.18651261566666666,18.651261566666665,32.184742291161555,23.6021443468518,0.2145649486077437,0.21456494860774364,0.5451943073836462,spring,day,109.03886147672922
