DateTime,load_PJME_MW,solar_G_i__POA,solar_T2m,wind_Energy_scaled_MW,eta_eff,eta_eff_pct,P_150MW_adj_MW,P_110MW_adj_MW,CF_150MW,CF_110MW,CF_Wind,season,day_night,wind_Energy_smoothed_MW
2018-01-01 06:00:00,1997.8400000000001,168.55,-1.66,55.31706344390321,0.19665736566666667,19.665736566666666,111.62369538276165,81.85737661402521,0.744157969218411,0.744157969218411,0.27658531721951607,winter,day,55.31706344390321
2018-01-01 07:00:00,2054.08,333.25,-1.12,45.18052357420121,0.1890468396666667,18.904683966666667,127.9844783524852,93.8552841251558,0.8532298556832346,0.8532298556832346,0.22590261787100605,winter,day,45.18052357420121
2018-01-01 08:00:00,2095.76,419.72,-0.38,29.061083780974442,0.18469266933333334,18.469266933333333,139.11148344526612,102.01508785986181,0.9274098896351074,0.9274098896351074,0.14530541890487222,winter,day,29.061083780974442
2018-01-01 09:00:00,2124.8,759.19,0.46,36.04301575871071,0.16922072566666668,16.922072566666667,145.00471066110435,106.3367878181432,0.966698071074029,0.966698071074029,0.18021507879355356,winter,day,36.04301575871071
2018-01-01 10:00:00,2135.04,545.11,1.07,43.74917983064359,0.17808265566666667,17.808265566666666,145.66415999999998,106.82038399999998,0.9710943999999999,0.9710943999999998,0.21874589915321796,winter,day,43.74917983064359
2018-01-01 11:00:00,2125.36,801.74,1.67,11.618814587850014,0.1664137933333333,16.64137933333333,141.089831461953,103.46587640543218,0.94059887641302,0.9405988764130199,0.05809407293925007,winter,day,11.618814587850014
2018-01-01 12:00:00,2115.84,683.96,2.22,9.642076783232145,0.17112095733333332,17.112095733333334,131.28172504696334,96.27326503443979,0.8752115003130889,0.875211500313089,0.048210383916160726,winter,day,9.642076783232145
2018-01-01 13:00:00,2092.96,409.27,2.17,17.223569072749587,0.18314586766666668,18.314586766666668,116.23984075503112,85.24254988702282,0.7749322717002075,0.7749322717002074,0.08611784536374793,winter,day,17.223569072749587
2018-01-01 14:00:00,2070.4,65.76,1.92,29.250454266919157,0.198330704,19.8330704,95.96417858615621,70.37373096318122,0.6397611905743747,0.6397611905743747,0.14625227133459578,winter,day,29.250454266919157
2018-01-02 06:00:00,2108.32,341.01,-2.58,160.66109107498076,0.18985492899999998,18.985492899999997,127.9353674011753,93.81926942752854,0.8529024493411687,0.8529024493411685,0.8033054553749038,winter,day,160.66109107498076
2018-01-02 07:00:00,2215.92,599.67,1.21,169.70834756691724,0.175592065,17.5592065,136.45631243779872,100.06796245438571,0.9097087495853248,0.9097087495853247,0.8485417378345862,winter,day,169.70834756691724
2018-01-02 08:00:00,2299.68,785.05,4.22,167.59457725510737,0.16513926366666667,16.513926366666666,142.25142621647728,104.31771255875,0.9483428414431819,0.9483428414431818,0.8379728862755368,winter,day,167.59457725510737
2018-01-02 09:00:00,2374.56,876.16,5.72,147.88812999016358,0.15998573066666666,15.998573066666665,145.32070873721105,106.56851974062143,0.9688047249147403,0.9688047249147402,0.7394406499508179,winter,day,147.88812999016358
2018-01-02 10:00:00,2474.32,894.69,6.79,178.63726114330467,0.158336827,15.8336827,145.66415999999998,106.82038399999998,0.9710943999999999,0.9710943999999998,0.8931863057165234,winter,day,178.63726114330467
2018-01-02 11:00:00,2550.2400000000002,794.6,7.53,178.85103485492036,0.16212289133333332,16.212289133333332,143.2817800048441,105.07330533688567,0.9552118666989607,0.9552118666989606,0.8942551742746018,winter,day,178.85103485492036
2018-01-02 12:00:00,2593.44,627.14,7.95,175.6634741223283,0.16909986133333332,16.909986133333334,138.1735687517434,101.32728375127849,0.9211571250116227,0.9211571250116226,0.8783173706116415,winter,day,175.6634741223283
2018-01-02 13:00:00,2598.2400000000002,318.08,7.78,63.503594042022684,0.18271869733333335,18.271869733333336,130.3395262406979,95.58231924317845,0.868930174937986,0.8689301749379859,0.3175179702101134,winter,day,63.503594042022684
2018-01-02 14:00:00,2590.0,38.58,6.42,154.4798376599365,0.195982358,19.5982358,119.77965247170754,87.83841181258552,0.7985310164780502,0.7985310164780501,0.7723991882996825,winter,day,154.4798376599365
2018-01-03 06:00:00,2238.0,315.31,0.82,77.90310952224706,0.18830594566666667,18.830594566666665,120.48819123780548,88.35800690772402,0.8032546082520365,0.8032546082520365,0.3895155476112353,winter,day,77.90310952224706
2018-01-03 07:00:00,2506.4,230.95,3.59,104.71112579092897,0.18981129566666666,18.981129566666667,132.58845384004434,97.23153281603251,0.8839230256002956,0.8839230256002956,0.5235556289546449,winter,day,104.71112579092897
2018-01-03 08:00:00,2665.28,706.2,6.13,96.40348827554507,0.167079638,16.7079638,140.81786950115637,103.26643763418133,0.9387857966743758,0.9387857966743757,0.48201744137772534,winter,day,96.40348827554507
2018-01-03 09:00:00,2686.08,780.96,7.91,9.391646711148118,0.162419598,16.2419598,145.17643822114158,106.4627213621705,0.9678429214742772,0.9678429214742773,0.04695823355574059,winter,day,9.391646711148118
2018-01-03 10:00:00,2707.2000000000003,709.52,8.74,15.3688042089599,0.16488488133333334,16.488488133333334,145.66415999999998,106.82038399999998,0.9710943999999999,0.9710943999999998,0.07684402104479951,winter,day,15.3688042089599
2018-01-03 11:00:00,2726.56,303.29,9.02,13.65581414587521,0.18239013833333334,18.239013833333335,142.2810348377316,104.33942554766983,0.9485402322515439,0.9485402322515439,0.06827907072937606,winter,day,13.65581414587521
2018-01-03 12:00:00,2727.36,330.59,8.98,47.28489264333433,0.1812303643333333,18.123036433333333,135.02706273433637,99.01984600518,0.9001804182289092,0.900180418228909,0.23642446321667165,winter,day,47.28489264333433
2018-01-03 13:00:00,2726.56,345.3,8.49,33.39891777128757,0.180973364,18.0973364,123.90224368981438,90.86164537253055,0.8260149579320959,0.8260149579320959,0.16699458885643786,winter,day,33.39891777128757
2018-01-03 14:00:00,2699.92,84.29,7.79,9.087509539943907,0.19291188033333334,19.291188033333334,108.90657770416554,79.86482364972139,0.7260438513611036,0.7260438513611035,0.045437547699719534,winter,day,9.087509539943907
2018-01-04 06:00:00,2200.4,73.25,0.99,75.12670010621986,0.1987343123333333,19.87343123333333,114.57384649695993,84.02082076443727,0.7638256433130662,0.7638256433130661,0.3756335005310993,winter,day,75.12670010621986
2018-01-04 07:00:00,2467.2000000000003,94.46,3.48,84.07945319740249,0.19585320333333334,19.585320333333335,129.51670575001236,94.97891755000907,0.8634447050000824,0.8634447050000825,0.42039726598701244,winter,day,84.07945319740249
2018-01-04 08:00:00,2612.48,127.52,5.2,117.29828049727624,0.19305979733333334,19.305979733333334,139.67937775153652,102.43154368446011,0.9311958516769101,0.9311958516769101,0.5864914024863812,winter,day,117.29828049727624
2018-01-04 09:00:00,2594.0,164.4,6.4,16.50941406814021,0.19050811999999998,19.050811999999997,145.0618625015324,106.37869916779042,0.9670790833435493,0.9670790833435492,0.08254707034070105,winter,day,16.50941406814021
2018-01-04 10:00:00,2575.68,140.92,7.24,0.0,0.19087289466666668,19.087289466666668,145.66415999999998,106.82038399999998,0.9710943999999999,0.9710943999999998,0.0,winter,day,87.54354139108106
2018-01-04 11:00:00,2570.0,43.57,6.82,0.0,0.19545046766666668,19.54504676666667,141.48627024693934,103.75659818108883,0.9432418016462623,0.9432418016462621,0.0,winter,day,44.619255445175476
2018-01-04 12:00:00,2545.04,210.27,5.36,0.0,0.18932347499999996,18.932347499999995,132.5281932423504,97.18734171105694,0.883521288282336,0.8835212882823359,0.0,winter,day,17.005979705257086
2018-01-04 13:00:00,2491.36,185.89,5.02,0.0,0.19065429166666664,19.065429166666664,118.78992898623324,87.11261458990435,0.7919328599082216,0.7919328599082214,0.0,winter,day,84.07945319740249
2018-01-04 14:00:00,2442.56,9.27,4.85,0.0,0.19849432899999997,19.849432899999996,100.27147747858773,73.53241681763099,0.6684765165239182,0.668476516523918,0.0,winter,day,74.45724798023048
2018-01-05 06:00:00,2582.08,74.15,1.7,3.878828621023747,0.19813740833333335,19.813740833333334,116.84184839209166,85.68402215420056,0.7789456559472777,0.7789456559472778,0.019394143105118736,winter,day,3.878828621023747
2018-01-05 07:00:00,2869.92,234.14,2.84,4.469694601751317,0.19026115533333332,19.026115533333332,130.6946435934807,95.84273863521916,0.871297623956538,0.8712976239565379,0.022348473008756583,winter,day,4.469694601751317
2018-01-05 08:00:00,3016.32,610.97,4.48,2.753141567705442,0.17253075033333332,17.25307503333333,140.11596059526175,102.75170443652527,0.9341064039684117,0.9341064039684116,0.01376570783852721,winter,day,2.753141567705442
2018-01-05 09:00:00,3006.08,365.42,6.1,0.0,0.18197256733333333,18.197256733333333,145.10579939743485,106.41091955811888,0.967371995982899,0.9673719959828989,0.0,winter,day,6.491190595330406
2018-01-05 10:00:00,2998.08,256.85,6.7,0.0,0.1862385983333333,18.62385983333333,145.66415999999998,106.82038399999998,0.9710943999999999,0.9710943999999998,0.0,winter,day,21.796078022298897
2018-01-05 11:00:00,2983.04,216.36,6.98,0.0,0.1877854,18.77854,141.7910424029572,103.98009776216861,0.9452736160197147,0.9452736160197146,0.0,winter,day,0.0
2018-01-05 12:00:00,2933.6,363.51,6.89,0.0,0.18143544099999998,18.143544099999996,133.48644660630646,97.89006084462473,0.8899096440420431,0.889909644042043,0.0,winter,day,0.0
2018-01-05 13:00:00,2861.84,176.46,6.37,0.0,0.190005464,19.0005464,120.7503726100478,88.55027324736838,0.8050024840669854,0.8050024840669853,0.0,winter,day,4.080289720283324
2018-01-05 14:00:00,2850.48,23.63,5.33,0.0,0.19749076233333335,19.749076233333334,103.58282041418113,75.9607349703995,0.6905521360945408,0.6905521360945409,0.0,winter,day,29.061083780974442
2018-01-06 06:00:00,2592.32,339.94,0.28,0.0,0.18765537266666668,18.76553726666667,127.370345340782,93.40491991657345,0.8491356356052133,0.8491356356052132,0.0,winter,day,62.67366009713926
2018-01-06 07:00:00,2857.52,594.71,0.7,0.0,0.17620904033333334,17.620904033333336,136.1628555104653,99.85276070767453,0.9077523700697687,0.9077523700697685,0.0,winter,day,55.31706344390321
2018-01-06 08:00:00,3003.12,786.12,2.27,0.0,0.166624106,16.6624106,142.14266134356274,104.23795165194599,0.9476177422904183,0.9476177422904181,0.0,winter,day,0.0
2018-01-06 09:00:00,3008.7200000000003,887.55,4.21,0.0,0.16067470100000003,16.0674701,145.30976284007428,106.5604927493878,0.9687317522671619,0.9687317522671619,0.0,winter,day,61.96240244520543
2018-01-06 10:00:00,2981.52,901.22,5.26,0.0,0.15925356333333335,15.925356333333335,145.66415999999998,106.82038399999998,0.9710943999999999,0.9710943999999998,0.0,winter,day,0.0
2018-01-06 11:00:00,2932.32,480.0,6.22,130.96955426239512,0.176878812,17.6878812,143.20585282333982,105.01762540378252,0.9547056854889322,0.954705685488932,0.6548477713119756,winter,day,130.96955426239512
2018-01-06 12:00:00,2879.6,407.59,6.83,0.0,0.17955920766666666,17.955920766666665,137.9348413100938,101.15221696073543,0.9195656087339585,0.9195656087339584,0.0,winter,day,1.517929525774286
2018-01-06 13:00:00,2843.44,86.1,6.6,0.0,0.19376753,19.376753,129.8511254602619,95.22415867085871,0.8656741697350793,0.8656741697350793,0.0,winter,day,0.0
2018-01-06 14:00:00,2838.88,3.71,6.09,0.0,0.19776303433333334,19.776303433333332,118.95470527384413,87.23345053415234,0.7930313684922942,0.7930313684922939,0.0,winter,day,41.95303029051137
2018-01-07 06:00:00,2570.32,118.95,-1.83,170.9919717845891,0.19895509699999997,19.895509699999998,124.71351993330029,91.45658128442021,0.8314234662220019,0.8314234662220019,0.8549598589229456,winter,day,170.9919717845891
2018-01-07 07:00:00,2679.68,244.87,1.8,178.96151006383212,0.19060978566666664,19.060978566666662,134.78297342232486,98.84084717637157,0.8985531561488324,0.8985531561488325,0.8948075503191606,winter,day,178.96151006383212
2018-01-07 08:00:00,2797.36,306.43,4.5,178.76314444949824,0.18580313766666665,18.580313766666663,141.63123126311635,103.8629029262853,0.9442082084207757,0.9442082084207755,0.8938157222474912,winter,day,178.76314444949824
2018-01-07 09:00:00,2916.56,356.68,5.85,144.7833438352573,0.18255027266666668,18.25502726666667,145.25829345567473,106.52274853416145,0.9683886230378316,0.9683886230378314,0.7239167191762865,winter,day,144.7833438352573
2018-01-07 10:00:00,3040.0,259.36,6.67,147.99066475555122,0.18615264066666667,18.61526406666667,145.66415999999998,106.82038399999998,0.9710943999999999,0.9710943999999998,0.7399533237777561,winter,day,147.99066475555122
2018-01-07 11:00:00,3112.16,195.32,7.21,130.96955426239512,0.18852280333333335,18.852280333333336,142.84883089609218,104.75580932380092,0.9523255393072813,0.952325539307281,0.6548477713119756,winter,day,130.96955426239512
2018-01-07 12:00:00,3135.6800000000003,179.66,7.42,167.18020733128225,0.18904116733333334,18.904116733333336,136.81230614395128,100.32902450556425,0.9120820409596752,0.9120820409596749,0.8359010366564112,winter,day,167.18020733128225
2018-01-07 13:00:00,3133.44,230.3,7.19,159.4698184584816,0.18701221733333334,18.701221733333334,127.55458574357728,93.54002954529,0.8503639049571818,0.8503639049571818,0.797349092292408,winter,day,159.4698184584816
2018-01-07 14:00:00,3114.2400000000002,82.05,6.33,177.16807300345369,0.19415630300000003,19.415630300000004,115.07566969497016,84.3888244429781,0.7671711312998011,0.767171131299801,0.8858403650172684,winter,day,177.16807300345369
2018-01-08 06:00:00,2811.2000000000003,238.43,0.06,27.047769171858707,0.19225738033333334,19.225738033333332,130.33845322723508,95.58153236663904,0.8689230215149005,0.8689230215149003,0.13523884585929355,winter,day,27.047769171858707
2018-01-08 07:00:00,2908.48,376.82,0.85,53.53072429143816,0.18559849733333333,18.559849733333333,137.70440916192146,100.98323338540906,0.9180293944128097,0.9180293944128097,0.2676536214571908,winter,day,53.53072429143816
2018-01-08 08:00:00,2985.92,531.15,3.93,17.941323037925823,0.176445533,17.6445533,142.71401226894443,104.65694233055923,0.9514267484596295,0.9514267484596294,0.08970661518962912,winter,day,17.941323037925823
2018-01-08 09:00:00,3044.88,458.5,5.78,9.109531390233535,0.17816250466666667,17.816250466666666,145.36726254830393,106.60265920208954,0.9691150836553595,0.9691150836553595,0.04554765695116767,winter,day,9.109531390233535
2018-01-08 10:00:00,3071.6,332.67,6.89,0.4213129343705188,0.18278109299999998,18.278109299999997,145.66415999999998,106.82038399999998,0.9710943999999999,0.9710943999999998,0.002106564671852594,winter,day,0.4213129343705188
2018-01-08 11:00:00,3068.56,263.91,7.56,0.6365782257222133,0.185255103,18.5255103,143.6047046240326,105.31011672429057,0.9573646974935506,0.9573646974935506,0.003182891128611067,winter,day,0.6365782257222133
2018-01-08 12:00:00,3053.28,194.46,7.73,6.491190595330406,0.18815192,18.815192,139.1888964204018,102.0718573749613,0.9279259761360119,0.9279259761360118,0.032455952976652026,winter,day,6.491190595330406
2018-01-08 13:00:00,3019.44,175.97,7.47,0.12048608472796328,0.18916290433333333,18.916290433333334,132.41673538910754,97.10560595201218,0.8827782359273836,0.8827782359273835,0.0006024304236398164,winter,day,0.12048608472796328
2018-01-08 14:00:00,2988.4,24.02,6.32,0.0,0.19669619933333332,19.669619933333333,123.28822153014984,90.4113624554432,0.8219214768676656,0.8219214768676654,0.0,winter,day,0.0
2018-01-09 06:00:00,3134.8,23.18,-0.84,0.0,0.20235631533333337,20.235631533333336,114.09657483610098,83.67082154647404,0.7606438322406732,0.7606438322406731,0.0,winter,day,60.0384147950349
2018-01-09 08:00:00,3521.04,179.14,2.96,0.0,0.19256674066666662,19.256674066666662,139.58750453953678,102.36416999566029,0.9305833635969119,0.9305833635969117,0.0,winter,day,18.935296847770203
2018-01-09 09:00:00,3494.08,165.78,4.83,0.0,0.191680984,19.168098399999998,145.05261655013996,106.37191880343596,0.9670174436675997,0.9670174436675997,0.0,winter,day,12.95976911083825
2018-01-09 10:00:00,3457.76,251.46,6.0,0.0,0.187023562,18.7023562,145.66415999999998,106.82038399999998,0.9710943999999999,0.9710943999999998,0.0,winter,day,0.1259484899991096
2018-01-09 11:00:00,3403.84,216.2,6.69,1.517929525774286,0.18802014733333333,18.802014733333333,141.4221348891169,103.70956558535238,0.9428142325941127,0.9428142325941126,0.0075896476288714295,winter,day,1.517929525774286
2018-01-09 12:00:00,3323.28,268.34,6.9,0.0,0.18558017133333332,18.558017133333333,132.32654121749067,97.03946355949316,0.8821769414499379,0.8821769414499377,0.0,winter,day,13.180789234845852
2018-01-09 13:00:00,3248.7200000000003,162.79,6.62,8.340593386713449,0.19040558166666668,19.040558166666667,118.37737898512135,86.81007792242232,0.7891825265674757,0.7891825265674757,0.041702966933567245,winter,day,8.340593386713449
2018-01-09 14:00:00,3223.6800000000003,26.68,5.67,12.95976911083825,0.1970906446666667,19.70906446666667,99.57464819200882,73.02140867413979,0.6638309879467255,0.6638309879467253,0.06479884555419126,winter,day,12.95976911083825
2018-01-10 06:00:00,3050.4,36.16,-1.82,0.0,0.20255964666666665,20.255964666666664,114.35637630078696,83.86134262057709,0.7623758420052464,0.7623758420052463,0.0,winter,day,0.0
2018-01-10 08:00:00,3428.48,140.01,1.01,0.0,0.19580564299999997,19.5805643,139.6375154599421,102.4008446706242,0.9309167697329473,0.9309167697329472,0.0,winter,day,0.0
2018-01-10 09:00:00,3383.04,148.68,3.06,0.0,0.19381727199999998,19.3817272,145.05764955735822,106.37560967539602,0.9670509970490548,0.9670509970490547,0.0,winter,day,9.316185979010019
2018-01-10 10:00:00,3320.4,234.18,4.78,0.0,0.188735734,18.873573399999998,145.66415999999998,106.82038399999998,0.9710943999999999,0.9710943999999998,0.0,winter,day,0.0
2018-01-10 11:00:00,3260.7200000000003,152.84,5.79,0.0,0.19149161533333334,19.149161533333334,141.45704678786745,103.73516764443613,0.943046978585783,0.943046978585783,0.0,winter,day,0.0
2018-01-10 12:00:00,3199.92,153.59,6.13,0.0,0.19119185433333333,19.11918543333333,132.43630992096064,97.11996060870447,0.8829087328064043,0.8829087328064044,0.0,winter,day,80.85837894401196
2018-01-10 13:00:00,3135.92,46.35,6.03,0.0,0.195949633,19.5949633,118.60194939927955,86.97476289280499,0.7906796626618636,0.7906796626618635,0.0,winter,day,0.0
2018-01-10 14:00:00,3098.32,26.51,5.26,0.0,0.19742007633333333,19.742007633333333,99.95396522282408,73.29957449673765,0.6663597681521606,0.6663597681521605,0.0,winter,day,0.0
2018-01-11 06:00:00,2464.0,32.45,-0.63,4.980321946059829,0.2017869003333333,20.17869003333333,98.35716639866128,72.12858869235158,0.6557144426577418,0.6557144426577417,0.024901609730299142,winter,day,4.980321946059829
2018-01-11 07:00:00,2729.12,185.29,1.82,11.429087236552274,0.19319375166666666,19.319375166666667,121.09420785695131,88.80241909509762,0.8072947190463421,0.807294719046342,0.05714543618276137,winter,day,11.429087236552274
2018-01-11 08:00:00,2863.04,229.21,5.14,13.736085362358365,0.18866984766666667,18.86698476666667,136.5577206099378,100.1423284472877,0.910384804066252,0.9103848040662518,0.06868042681179182,winter,day,13.736085362358365
2018-01-11 09:00:00,2811.84,276.27,7.52,118.98218792827711,0.184747211,18.4747211,144.7477046576207,106.14831674892183,0.9649846977174712,0.9649846977174712,0.5949109396413855,winter,day,118.98218792827711
2018-01-11 10:00:00,2729.36,841.79,8.97,0.0,0.15893285833333334,15.893285833333334,145.66415999999998,106.82038399999998,0.9710943999999999,0.9710943999999998,0.0,winter,day,87.54354139108106
2018-01-11 11:00:00,2668.64,99.21,9.53,76.29369072519316,0.190894275,19.0894275,139.30708663707577,102.15853020052222,0.9287139109138385,0.9287139109138384,0.3814684536259658,winter,day,76.29369072519316
2018-01-11 12:00:00,2615.84,102.91,9.95,108.1529140672598,0.19040296366666665,19.040296366666666,125.67648456884797,92.16275535048851,0.8378432304589865,0.8378432304589865,0.540764570336299,winter,day,108.1529140672598
2018-01-11 13:00:00,2562.8,63.04,9.6,96.31018503343051,0.19241751466666668,19.241751466666667,104.77235379531666,76.83305944989888,0.6984823586354444,0.6984823586354444,0.4815509251671526,winter,day,96.31018503343051
2018-01-11 14:00:00,2549.2000000000003,27.31,7.98,90.69707944466403,0.19524888166666668,19.524888166666667,76.59469431648171,56.16944249875324,0.5106312954432114,0.5106312954432113,0.45348539722332015,winter,day,90.69707944466403
2018-01-12 06:00:00,2167.44,33.37,1.44,2.5560954459665157,0.20012097966666664,20.012097966666666,120.06179432217044,88.04531583625833,0.800411962147803,0.800411962147803,0.012780477229832578,winter,day,2.5560954459665157
2018-01-12 07:00:00,2429.36,238.01,3.83,0.0,0.18931474833333334,18.931474833333333,132.36699500249097,97.06912966849339,0.8824466333499398,0.8824466333499399,0.0,winter,day,82.88296777065072
2018-01-12 08:00:00,2569.12,395.94,5.87,0.0,0.18082152,18.082152,140.73578950890274,103.206245639862,0.9382385967260183,0.9382385967260182,0.0,winter,day,59.990002335165364
2018-01-12 09:00:00,2542.2400000000002,168.86,6.93,0.0,0.18989725333333335,18.989725333333336,145.16817784140574,106.45666375036421,0.9677878522760383,0.9677878522760384,0.0,winter,day,47.70720604138768
2018-01-12 10:00:00,2517.36,58.41,7.9,0.0,0.19395471699999997,19.395471699999998,145.66415999999998,106.82038399999998,0.9710943999999999,0.9710943999999998,0.0,winter,day,12.95976911083825
2018-01-12 11:00:00,2489.6,76.95,8.53,0.0,0.19265095299999999,19.2650953,142.22373598468548,104.29740638876933,0.9481582398979032,0.948158239897903,0.0,winter,day,42.184539679800544
2018-01-12 12:00:00,2467.52,115.48,6.89,0.0,0.19225781666666664,19.225781666666663,134.8469057954622,98.88773091667227,0.898979371969748,0.8989793719697479,0.0,winter,day,15.96886534451683
2018-01-12 13:00:00,2422.88,17.61,6.65,0.0,0.19671670699999996,19.671670699999996,123.53366943233021,90.59135758370881,0.8235577962155347,0.8235577962155347,0.0,winter,day,80.85837894401196
2018-01-12 14:00:00,2411.28,42.89,5.98,0.0,0.19613987433333332,19.61398743333333,108.2840268952894,79.40828638987888,0.7218935126352627,0.7218935126352626,0.0,winter,day,41.94305321414414
2018-01-13 06:00:00,2025.92,348.37,0.68,125.52016728400437,0.18697338366666666,18.697338366666667,117.65236952340672,86.27840431716493,0.7843491301560448,0.7843491301560448,0.6276008364200218,winter,day,125.52016728400437
2018-01-13 07:00:00,2295.92,225.85,3.58,121.2333460972797,0.19004167966666669,19.004167966666667,131.11560599018594,96.15144439280303,0.874104039934573,0.874104039934573,0.6061667304863986,winter,day,121.2333460972797
2018-01-13 08:00:00,2459.84,115.89,5.59,165.98888622352493,0.19326094700000002,19.326094700000002,140.27198322521124,102.86612103182156,0.9351465548347416,0.9351465548347415,0.8299444311176246,winter,day,165.98888622352493
2018-01-13 09:00:00,2468.56,237.75,6.69,164.03630085385248,0.187079849,18.7079849,145.1215012284826,106.42243423422056,0.9674766748565506,0.9674766748565505,0.8201815042692624,winter,day,164.03630085385248
2018-01-13 10:00:00,2453.84,216.87,7.69,165.52078798565415,0.187205513,18.7205513,145.66415999999998,106.82038399999998,0.9710943999999999,0.9710943999999998,0.8276039399282707,winter,day,165.52078798565415
2018-01-13 11:00:00,2445.52,462.33,8.21,178.55374707393156,0.176086867,17.6086867,141.89995953976347,104.05997032915987,0.9459997302650898,0.9459997302650897,0.8927687353696578,winter,day,178.55374707393156
2018-01-13 12:00:00,2411.92,127.13,8.15,174.01919617206212,0.19075988433333332,19.075988433333332,133.82889984777302,98.14119322170019,0.8921926656518201,0.8921926656518199,0.8700959808603106,winter,day,174.01919617206212
2018-01-13 13:00:00,2376.64,337.06,7.56,178.93251229145008,0.18206332466666666,18.206332466666666,121.45098092402863,89.06405267762099,0.8096732061601909,0.8096732061601909,0.8946625614572504,winter,day,178.93251229145008
2018-01-13 14:00:00,2370.2400000000002,16.69,6.86,178.5973892062791,0.19659191566666664,19.659191566666664,104.76620276853026,76.8285486969222,0.6984413517902017,0.6984413517902018,0.8929869460313955,winter,day,178.5973892062791
2018-01-14 06:00:00,2210.48,72.76,0.78,24.90626640643474,0.19892062666666666,19.892062666666664,120.38213404043424,88.28023162965178,0.8025475602695615,0.8025475602695616,0.12453133203217369,winter,day,24.90626640643474
2018-01-14 07:00:00,2317.76,25.03,1.2,21.73685049650713,0.20067337766666668,20.067337766666668,132.5333706469377,97.19113847442097,0.883555804312918,0.8835558043129179,0.10868425248253566,winter,day,21.73685049650713
2018-01-14 08:00:00,2427.92,64.9,1.37,18.527962702434028,0.19880019866666668,19.880019866666668,140.79745384236645,103.25146615106874,0.938649692282443,0.9386496922824431,0.09263981351217014,winter,day,18.527962702434028
2018-01-14 09:00:00,2527.12,94.56,1.93,0.0,0.19706621,19.706621,145.17438362672056,106.46121465959507,0.967829224178137,0.967829224178137,0.0,winter,day,81.20636433541067
2018-01-14 10:00:00,2608.32,45.43,1.99,0.0,0.19916279166666667,19.916279166666666,145.66415999999998,106.82038399999998,0.9710943999999999,0.9710943999999998,0.0,winter,day,84.47873021712434
2018-01-14 11:00:00,2648.4,52.84,2.21,0.0,0.19866668066666665,19.866668066666666,142.26678296220476,104.32897417228348,0.9484452197480318,0.9484452197480316,0.0,winter,day,80.78752109301966
2018-01-14 12:00:00,2675.28,66.75,2.1,0.0,0.19814613499999997,19.814613499999997,134.98225251333486,98.98698517644556,0.8998816834222324,0.8998816834222323,0.0,winter,day,0.0
2018-01-14 13:00:00,2678.32,44.5,1.65,0.0,0.19947040666666666,19.947040666666666,123.8105686533903,90.79441701248622,0.8254037910226021,0.825403791022602,0.0,winter,day,84.47873021712434
2018-01-14 14:00:00,2671.76,7.41,1.06,0.0,0.201552153,20.155215300000002,108.75173138237105,79.75126968040543,0.7250115425491404,0.7250115425491402,0.0,winter,day,4.774513302435502
2018-01-15 06:00:00,2240.56,94.95,-3.85,0.0,0.20158880499999998,20.1588805,116.39016685341522,85.35278902583782,0.7759344456894348,0.7759344456894347,0.0,winter,day,14.982859254529503
2018-01-15 07:00:00,2332.8,98.03,-1.44,0.0,0.19956160033333334,19.956160033333333,130.46005261772135,95.67070525299565,0.8697336841181423,0.8697336841181422,0.0,winter,day,22.327874073823736
2018-01-15 08:00:00,2417.92,126.09,-0.33,0.0,0.19746545499999998,19.7465455,140.02901339692085,102.68794315774196,0.9335267559794723,0.9335267559794723,0.0,winter,day,8.327573483896431
2018-01-15 09:00:00,2476.32,128.86,0.47,0.0,0.19671627066666666,19.671627066666666,145.09704919101372,106.40450274007672,0.9673136612734248,0.9673136612734248,0.0,winter,day,35.13472600204201
2018-01-15 10:00:00,2474.88,81.58,1.35,0.0,0.19808810266666668,19.80881026666667,145.66415999999998,106.82038399999998,0.9710943999999999,0.9710943999999998,0.0,winter,day,0.0
2018-01-15 11:00:00,2433.92,215.34,1.85,0.0,0.191859008,19.1859008,141.73034582387965,103.93558693751174,0.9448689721591976,0.9448689721591976,0.0,winter,day,68.67293188170191
2018-01-15 12:00:00,2385.36,68.61,1.88,0.0,0.198237765,19.8237765,133.2956066626527,97.75011155261197,0.8886373777510179,0.8886373777510179,0.0,winter,day,0.6009522097804116
2018-01-15 13:00:00,2339.36,48.21,1.9,0.0,0.199112177,19.9112177,120.35994251631917,88.26395784530072,0.8023996167754611,0.8023996167754611,0.0,winter,day,0.0
2018-01-15 14:00:00,2300.48,7.41,1.52,0.0,0.201190869,20.1190869,102.92335338487895,75.47712581557789,0.6861556892325263,0.6861556892325263,0.0,winter,day,0.0
2018-01-16 06:00:00,2501.6,39.87,-2.12,0.0,0.202633387,20.2633387,105.51914932954779,77.38070950833504,0.7034609955303186,0.7034609955303186,0.0,winter,day,51.4798713870965
2018-01-16 07:00:00,2699.76,51.92,0.24,0.0,0.20025406133333332,20.02540613333333,124.81394492889734,91.53022628119137,0.8320929661926489,0.8320929661926488,0.0,winter,day,0.5957503384737223
2018-01-16 08:00:00,2828.7200000000003,63.04,2.15,0.0,0.19826874466666666,19.826874466666666,137.93637857375592,101.15334428742099,0.9195758571583728,0.9195758571583726,0.0,winter,day,51.62625437267863
2018-01-16 09:00:00,2854.48,69.54,3.27,0.0,0.19710548000000003,19.710548000000003,144.88645026412345,106.25006352702385,0.9659096684274897,0.9659096684274896,0.0,winter,day,0.0
2018-01-16 10:00:00,2830.32,160.66,2.97,0.0,0.1933652306666667,19.33652306666667,145.66415999999998,106.82038399999998,0.9710943999999999,0.9710943999999998,0.0,winter,day,0.06554804046507232
2018-01-16 11:00:00,2784.88,44.5,2.21,178.8138905511668,0.19903058266666668,19.90305826666667,140.26950778138556,102.8643057063494,0.9351300518759037,0.9351300518759036,0.8940694527558339,winter,day,178.8138905511668
2018-01-16 12:00:00,2733.68,76.02,1.43,178.91612224619067,0.198267872,19.826787200000002,128.70249360828015,94.38182864607211,0.858016624055201,0.858016624055201,0.8945806112309533,winter,day,178.91612224619067
2018-01-16 13:00:00,2685.76,28.74,1.77,177.31266181248375,0.20006382,20.006382000000002,110.96311748068376,81.37295281916809,0.7397541165378918,0.7397541165378917,0.8865633090624188,winter,day,177.31266181248375
2018-01-16 14:00:00,2652.8,20.4,1.35,176.83250137414447,0.20075758999999999,20.075758999999998,87.05137939859632,63.837678225637305,0.5803425293239755,0.5803425293239755,0.8841625068707224,winter,day,176.83250137414447
2018-01-17 06:00:00,2336.8,118.69,0.34,0.0,0.19726212366666665,19.726212366666665,108.33485119036804,79.44555753960321,0.7222323412691203,0.7222323412691202,0.0,winter,day,0.0
2018-01-17 07:00:00,2612.88,396.04,1.58,175.88280008300376,0.18418652266666666,18.418652266666665,126.27634307984408,92.60265159188566,0.8418422871989606,0.8418422871989606,0.8794140004150188,winter,day,175.88280008300376
2018-01-17 08:00:00,2761.84,203.6,3.39,165.24624260474422,0.19116174733333333,19.11617473333333,138.4783918446081,101.55082068604591,0.923189278964054,0.9231892789640537,0.8262312130237212,winter,day,165.24624260474422
2018-01-17 09:00:00,2766.08,575.97,3.45,177.81586772126573,0.17486687899999998,17.486687899999996,144.94099748466004,106.29006482208403,0.9662733165644003,0.9662733165644003,0.8890793386063287,winter,day,177.81586772126573
2018-01-17 10:00:00,2763.76,705.94,4.39,173.40590298443374,0.16845757866666666,16.845757866666666,145.66415999999998,106.82038399999998,0.9710943999999999,0.9710943999999998,0.8670295149221687,winter,day,173.40590298443374
2018-01-17 11:00:00,2782.96,437.31,5.67,175.00628422324723,0.179173489,17.9173489,140.6478793906279,103.14177821979379,0.9376525292708527,0.9376525292708526,0.8750314211162362,winter,day,175.00628422324723
2018-01-17 12:00:00,2764.48,105.69,5.69,176.35421997205927,0.193627467,19.3627467,129.89215565654382,95.25424748146547,0.8659477043769588,0.8659477043769588,0.8817710998602963,winter,day,176.35421997205927
2018-01-17 13:00:00,2738.48,28.74,5.48,169.01789266473526,0.197149986,19.7149986,113.39698879774775,83.15779178501501,0.7559799253183184,0.7559799253183183,0.8450894633236763,winter,day,169.01789266473526
2018-01-17 14:00:00,2723.68,51.73,5.19,169.69319404874102,0.19637462166666667,19.637462166666666,91.16237881423959,66.85241113044235,0.6077491920949306,0.6077491920949304,0.8484659702437051,winter,day,169.69319404874102
2018-01-18 06:00:00,2244.08,75.78,3.8,9.894647289758538,0.19641694599999995,19.641694599999994,91.84147035285736,67.35041159209538,0.6122764690190491,0.612276469019049,0.04947323644879269,winter,day,9.894647289758538
2018-01-18 07:00:00,2517.44,24.1,4.35,167.24634940741785,0.19823994666666667,19.823994666666668,117.71013442854553,86.32076524760004,0.7847342295236369,0.7847342295236367,0.8362317470370892,winter,day,167.24634940741785
2018-01-18 08:00:00,2671.84,51.92,4.89,114.54744415852335,0.19660195133333333,19.660195133333332,135.3034707282987,99.22254520075235,0.902023138188658,0.9020231381886578,0.5727372207926167,winter,day,114.54744415852335
2018-01-18 09:00:00,2662.16,89.93,5.69,130.6467479567978,0.19431512833333334,19.431512833333333,144.62147925211684,106.05575145155234,0.9641431950141123,0.9641431950141122,0.653233739783989,winter,day,130.6467479567978
2018-01-18 10:00:00,2647.2000000000003,50.07,6.43,138.35068749226213,0.19547315700000004,19.547315700000002,145.66415999999998,106.82038399999998,0.9710943999999999,0.9710943999999998,0.6917534374613106,winter,day,138.35068749226213
2018-01-18 11:00:00,2628.4,543.9,5.66,0.0,0.174530466,17.4530466,138.4315129719482,101.51644284609533,0.9228767531463213,0.9228767531463212,0.0,winter,day,0.1259484899991096
2018-01-18 12:00:00,2612.48,58.41,1.79,54.32996933131096,0.19875351100000002,19.875351100000003,122.92353816796142,90.14392798983836,0.8194902544530762,0.819490254453076,0.27164984665655484,winter,day,54.32996933131096
2018-01-18 13:00:00,2581.04,63.04,0.63,0.0,0.19946255266666668,19.946255266666668,99.1402355880397,72.7028394312291,0.6609349039202647,0.6609349039202644,0.0,winter,day,3.7243494895177602
2018-01-18 14:00:00,2567.36,52.14,0.28,0.0,0.20021304599999998,20.021304599999997,67.08160523218288,49.19317717026745,0.4472107015478859,0.4472107015478859,0.0,winter,day,3.7243494895177602
2018-01-19 06:00:00,2242.16,112.34,-3.86,32.88073412514049,0.2008378753333333,20.08378753333333,105.04173566614526,77.03060615517316,0.7002782377743018,0.7002782377743014,0.16440367062570246,winter,day,32.88073412514049
2018-01-19 07:00:00,2518.08,170.46,-3.35,68.04181815669827,0.19790135199999997,19.790135199999998,124.56598939485755,91.34839222289551,0.8304399292990503,0.8304399292990501,0.3402090907834914,winter,day,68.04181815669827
2018-01-19 08:00:00,2659.52,461.21,-2.55,84.47873021712434,0.1845866403333333,18.45866403333333,137.84447802673742,101.08595055294074,0.9189631868449162,0.9189631868449158,0.42239365108562166,winter,day,84.47873021712434
2018-01-19 09:00:00,2634.96,318.42,-1.57,115.16057974956296,0.19004735200000003,19.004735200000002,144.87720156178491,106.24328114530891,0.9658480104118994,0.9658480104118992,0.5758028987478148,winter,day,115.16057974956296
2018-01-19 10:00:00,2585.36,530.3,-0.91,90.39964618990072,0.18028395733333336,18.028395733333337,145.66415999999998,106.82038399999996,0.9710943999999999,0.9710943999999997,0.4519982309495036,winter,day,90.39964618990072
2018-01-19 11:00:00,2554.64,884.98,-0.14,69.78833386339593,0.16420332866666665,16.420332866666666,140.2053533413827,102.81725911701398,0.934702355609218,0.934702355609218,0.3489416693169797,winter,day,69.78833386339593
2018-01-19 12:00:00,2514.88,758.25,0.56,60.67677796313405,0.169183201,16.9183201,128.50078158593305,94.23390649635088,0.8566718772395537,0.8566718772395535,0.30338388981567027,winter,day,60.67677796313405
2018-01-19 13:00:00,2488.48,495.27,0.6,122.89863288514562,0.18062647899999998,18.062647899999998,110.55044473365103,81.07032613801074,0.7370029648910069,0.7370029648910067,0.6144931644257281,winter,day,122.89863288514562
2018-01-19 14:00:00,2491.36,212.75,0.22,126.15386316850548,0.19325222033333334,19.325222033333333,86.35434278453656,63.32651804199345,0.575695618563577,0.5756956185635769,0.6307693158425274,winter,day,126.15386316850548
2018-01-20 06:00:00,2376.16,318.59,-3.7,178.90375697535887,0.19171283633333333,19.17128363333333,125.63177007599965,92.12996472239975,0.8375451338399977,0.8375451338399977,0.8945187848767944,winter,day,178.90375697535887
2018-01-20 07:00:00,2636.8,564.17,-0.72,174.09770351902955,0.17865687033333336,17.865687033333337,135.2598873063818,99.19058402467998,0.9017325820425455,0.9017325820425452,0.8704885175951478,winter,day,174.09770351902955
2018-01-20 08:00:00,2773.12,781.8,1.51,171.89336365978423,0.16740950599999999,16.740950599999998,141.80799137050923,103.9925270050401,0.9453866091367282,0.9453866091367282,0.8594668182989211,winter,day,171.89336365978423
2018-01-20 09:00:00,2768.32,876.87,3.57,171.87260940129008,0.161643361,16.1643361,145.27608226838197,106.53579366348009,0.9685072151225464,0.9685072151225463,0.8593630470064504,winter,day,171.87260940129008
2018-01-20 10:00:00,2759.76,817.05,5.29,171.8583044801317,0.16290261900000003,16.290261900000004,145.66415999999998,106.82038399999998,0.9710943999999999,0.9710943999999998,0.8592915224006584,winter,day,171.8583044801317
2018-01-20 11:00:00,2758.64,932.3,6.45,170.93720090849294,0.15696281333333334,15.696281333333333,142.97222456536332,104.84629801459975,0.9531481637690888,0.9531481637690886,0.8546860045424647,winter,day,170.93720090849294
2018-01-20 12:00:00,2723.28,794.05,6.96,171.85081258074536,0.1625945676666667,16.25945676666667,137.20027596447193,100.61353570727941,0.9146685064298129,0.9146685064298128,0.8592540629037267,winter,day,171.85081258074536
2018-01-20 13:00:00,2694.88,539.83,6.9,176.41559778208003,0.17373415766666664,17.373415766666664,128.34831419732586,94.12209707803896,0.8556554279821724,0.8556554279821724,0.8820779889104001,winter,day,176.41559778208003
2018-01-20 14:00:00,2700.2400000000002,168.22,5.59,159.57647498081317,0.19097761466666666,19.097761466666665,116.41633926392507,85.37198212687838,0.7761089284261671,0.7761089284261671,0.7978823749040659,winter,day,159.57647498081317
2018-01-21 06:00:00,2011.8400000000001,339.04,1.44,163.11797340674383,0.18678357866666664,18.678357866666666,120.17067151283815,88.12515910941464,0.8011378100855877,0.8011378100855876,0.8155898670337192,winter,day,163.11797340674383
2018-01-21 07:00:00,2107.2,269.1,3.45,111.29086824274968,0.18825664,18.825664,132.4235428226023,97.11059806990833,0.8828236188173486,0.8828236188173485,0.5564543412137484,winter,day,111.29086824274968
2018-01-21 08:00:00,2205.52,208.88,5.55,151.63400694644045,0.18923489933333335,18.923489933333336,140.75674800705065,103.22161520517045,0.9383783200470043,0.938378320047004,0.7581700347322022,winter,day,151.63400694644045
2018-01-21 09:00:00,2308.08,362.09,6.82,163.8620111491965,0.18155237833333335,18.155237833333334,145.17028706618322,106.458210515201,0.9678019137745548,0.9678019137745546,0.8193100557459825,winter,day,163.8620111491965
2018-01-21 10:00:00,2381.12,177.54,7.91,172.034982379252,0.18874882399999998,18.874882399999997,145.66415999999998,106.82038399999998,0.9710943999999999,0.9710943999999998,0.86017491189626,winter,day,172.034982379252
2018-01-21 11:00:00,2414.56,256.21,8.78,171.66574569396272,0.1846328916666667,18.46328916666667,142.238366808501,104.3081356595674,0.9482557787233401,0.94825577872334,0.8583287284698136,winter,day,171.66574569396272
2018-01-21 12:00:00,2408.7200000000003,513.0,9.11,167.13820177889747,0.173169106,17.3169106,134.89290749168626,98.92146549390324,0.8992860499445751,0.899286049944575,0.8356910088944873,winter,day,167.13820177889747
2018-01-21 13:00:00,2373.52,445.67,9.12,178.1205019278659,0.17609908433333332,17.60990843333333,123.62778204955575,90.66037350300753,0.824185213663705,0.8241852136637049,0.8906025096393294,winter,day,178.1205019278659
2018-01-21 14:00:00,2329.76,97.15,8.52,173.49623007557835,0.19177741366666667,19.177741366666666,108.44299048210942,79.52485968688023,0.7229532698807295,0.7229532698807294,0.8674811503778918,winter,day,173.49623007557835
2018-01-22 06:00:00,1887.3600000000001,40.8,2.65,15.96886534451683,0.19884645,19.884645,98.7796971363216,72.43844456663582,0.6585313142421441,0.6585313142421438,0.07984432672258415,winter,day,15.96886534451683
2018-01-22 07:00:00,1958.24,54.7,2.72,7.50521175204604,0.19818496866666666,19.818496866666667,121.31365870793474,88.96334971915212,0.8087577247195649,0.8087577247195648,0.0375260587602302,winter,day,7.50521175204604
2018-01-22 08:00:00,2042.24,172.78,3.26,16.516033124879584,0.19260862866666667,19.260862866666667,136.63905637575218,100.20197467555158,0.9109270425050146,0.9109270425050144,0.08258016562439792,winter,day,16.516033124879584
2018-01-22 09:00:00,2134.96,117.75,3.76,13.413497267422773,0.19461707099999997,19.461707099999998,144.75589013977392,106.1543194358342,0.9650392675984928,0.9650392675984927,0.06706748633711386,winter,day,13.413497267422773
2018-01-22 10:00:00,2219.44,143.7,4.5,21.796078022298897,0.19290359,19.290359000000002,145.66415999999998,106.82038399999996,0.9710943999999999,0.9710943999999997,0.10898039011149448,winter,day,21.796078022298897
2018-01-22 11:00:00,2266.7200000000003,137.22,5.38,32.68305344982791,0.192495182,19.249518199999997,139.36386595643037,102.20016836804894,0.9290924397095358,0.9290924397095358,0.16341526724913955,winter,day,32.68305344982791
2018-01-22 12:00:00,2286.56,121.8,6.43,63.744219787846426,0.19234333800000003,19.2343338,125.85500800906507,92.29367253998106,0.8390333867271005,0.8390333867271006,0.3187210989392321,winter,day,63.744219787846426
2018-01-22 13:00:00,2293.2000000000003,443.77,6.66,68.55986845188505,0.17811407166666665,17.811407166666665,105.13758615790414,77.10089651579636,0.7009172410526943,0.7009172410526943,0.34279934225942527,winter,day,68.55986845188505
2018-01-22 14:00:00,2293.04,171.13,6.6,70.44705729851678,0.19005738766666666,19.005738766666667,77.21160040294744,56.621840295494785,0.5147440026863163,0.5147440026863163,0.3522352864925839,winter,day,70.44705729851678
2018-01-23 06:00:00,2168.0,119.38,1.21,0.0,0.19654871866666665,19.654871866666664,111.33074913860335,81.6425493683091,0.7422049942573556,0.7422049942573555,0.0,winter,day,0.0
2018-01-23 07:00:00,2461.76,123.8,1.01,0.0,0.1965129393333333,19.65129393333333,127.83233012552088,93.74370875871531,0.8522155341701392,0.8522155341701392,0.0,winter,day,0.0
2018-01-23 08:00:00,2642.64,238.91,0.77,9.316185979010019,0.19167880233333334,19.167880233333335,139.05509226472617,101.97373432746586,0.9270339484315078,0.9270339484315079,0.0465809298950501,winter,day,9.316185979010019
2018-01-23 09:00:00,2684.96,393.94,1.19,7.528802749142796,0.18458445866666667,18.45844586666667,144.9990355562192,106.33262607456075,0.9666602370414614,0.9666602370414613,0.03764401374571398,winter,day,7.528802749142796
2018-01-23 10:00:00,2724.16,151.12,1.85,0.5693482690457834,0.19466114066666665,19.466114066666666,145.66415999999998,106.82038399999998,0.9710943999999999,0.9710943999999998,0.002846741345228917,winter,day,0.5693482690457834
2018-01-23 11:00:00,2766.08,77.88,2.58,0.5514853491743916,0.19728350399999997,19.728350399999997,141.05046559606853,103.43700810378357,0.9403364373071236,0.9403364373071234,0.0027574267458719583,winter,day,0.5514853491743916
2018-01-23 12:00:00,2794.08,91.78,2.35,13.265708035353635,0.19685764266666667,19.685764266666666,131.1579523444248,96.18249838591152,0.8743863489628321,0.874386348962832,0.06632854017676817,winter,day,13.265708035353635
2018-01-23 13:00:00,2811.44,71.38,2.16,11.919868018105383,0.19789698866666666,19.789698866666665,115.98662024506888,85.05685484638383,0.7732441349671259,0.7732441349671257,0.05959934009052691,winter,day,11.919868018105383
2018-01-23 14:00:00,2826.4,44.78,1.69,15.390294928437442,0.19942677333333333,19.942677333333332,95.53646929800064,70.06007748520045,0.6369097953200042,0.6369097953200041,0.07695147464218721,winter,day,15.390294928437442
2018-01-24 06:00:00,2382.7200000000003,63.82,-3.66,9.134121004178086,0.20279788466666665,20.279788466666666,116.10675545632299,85.14495400130352,0.7740450363754866,0.7740450363754865,0.04567060502089043,winter,day,9.134121004178086
2018-01-24 07:00:00,2660.08,138.93,-2.8,0.0,0.19884514099999998,19.884514099999997,130.31285652823757,95.56276145404088,0.8687523768549171,0.8687523768549171,0.0,winter,day,0.0
2018-01-24 08:00:00,2805.52,79.74,-2.11,0.0,0.20088587200000002,20.088587200000003,139.97445764282196,102.64793560473608,0.9331630509521464,0.9331630509521461,0.0,winter,day,29.061083780974442
2018-01-24 09:00:00,2797.04,118.66,-1.44,0.0,0.1986614446666667,19.866144466666668,145.0915588000761,106.4004764533891,0.967277058667174,0.9672770586671736,0.0,winter,day,4.980321946059829
2018-01-24 10:00:00,2772.88,109.39,-0.61,0.0,0.19841404366666668,19.84140436666667,145.66415999999998,106.82038399999998,0.9710943999999999,0.9710943999999998,0.0,winter,day,69.77472600407381
2018-01-24 11:00:00,2750.48,156.9,-0.03,0.0,0.19588549199999997,19.588549199999996,141.6922612425937,103.9076582445687,0.9446150749506247,0.9446150749506245,0.0,winter,day,10.4191582874201
2018-01-24 12:00:00,2724.48,190.96,0.13,0.0,0.19427367666666664,19.427367666666665,133.1758625278572,97.66229918709527,0.887839083519048,0.887839083519048,0.0,winter,day,41.94305321414414
2018-01-24 13:00:00,2707.76,168.8,-0.05,0.0,0.19538196333333335,19.538196333333335,120.11496385579049,88.0843068275797,0.8007664257052699,0.8007664257052699,0.0,winter,day,46.310769942300794
2018-01-24 14:00:00,2692.08,33.37,-0.55,0.0,0.20168392566666665,20.168392566666665,102.50956522639353,75.17368116602192,0.6833971015092902,0.6833971015092902,0.0,winter,day,91.77295498954729
2018-01-25 06:00:00,2331.28,43.57,-5.41,0.0,0.20505590966666667,20.505590966666666,106.0902796026271,77.79953837525989,0.7072685306841807,0.7072685306841808,0.0,winter,day,82.94816426725214
2018-01-25 07:00:00,2613.52,103.42,-4.34,0.0,0.20160407666666666,20.160407666666664,125.11057429400265,91.74775448226859,0.834070495293351,0.8340704952933509,0.0,winter,day,0.0
2018-01-25 08:00:00,2734.08,248.43,-3.41,0.0,0.19454638499999996,19.454638499999994,138.04631925735663,101.23396745539485,0.9203087950490442,0.9203087950490441,0.0,winter,day,0.0
2018-01-25 09:00:00,2680.32,299.49,-2.5,0.0,0.191603753,19.1603753,144.89751449268908,106.25817729463864,0.9659834299512605,0.9659834299512604,0.0,winter,day,26.848557991210335
2018-01-25 10:00:00,2590.96,408.87,-1.81,0.0,0.186289213,18.628921300000002,145.66415999999998,106.82038399999998,0.9710943999999999,0.9710943999999998,0.0,winter,day,0.0
2018-01-25 11:00:00,2523.6,348.23,-1.32,0.0,0.18855029233333334,18.855029233333333,140.34625577928938,102.92058757147888,0.9356417051952626,0.9356417051952625,0.0,winter,day,0.0
2018-01-25 12:00:00,2462.7200000000003,116.82,-0.9,0.0,0.198317614,19.8317614,128.94380183055728,94.55878800907533,0.8596253455370485,0.8596253455370484,0.0,winter,day,8.327573483896431
2018-01-25 13:00:00,2413.04,175.36,-1.08,0.0,0.1959046906666667,19.590469066666667,111.45679815380366,81.73498531278935,0.7430453210253577,0.7430453210253577,0.0,winter,day,47.70720604138768
2018-01-25 14:00:00,2380.4,24.1,-1.56,0.0,0.20288166066666666,20.288166066666665,87.88524474902846,64.44917948262086,0.5859016316601897,0.5859016316601897,0.0,winter,day,21.796078022298897
2018-01-26 06:00:00,2175.76,337.61,-5.17,0.0,0.19203746833333332,19.203746833333334,122.63197015686367,89.93011144836667,0.8175464677124245,0.8175464677124243,0.0,winter,day,0.0
2018-01-26 07:00:00,2439.92,264.2,-3.82,178.82227953882915,0.19418030133333333,19.418030133333332,133.70187368427315,98.0480407018003,0.891345824561821,0.891345824561821,0.8941113976941457,winter,day,178.82227953882915
2018-01-26 08:00:00,2589.6,588.03,-2.62,178.83708149538344,0.179108039,17.9108039,141.23053983393237,103.56906254488374,0.9415369322262158,0.9415369322262158,0.8941854074769172,winter,day,178.83708149538344
2018-01-26 09:00:00,2594.2400000000002,688.06,-1.54,178.87084353388033,0.17389516466666666,17.389516466666667,145.21796860584132,106.49317697761695,0.9681197907056088,0.9681197907056087,0.8943542176694017,winter,day,178.87084353388033
2018-01-26 10:00:00,2576.32,258.79,-0.16,130.28868850651529,0.19154179366666665,19.154179366666664,145.66415999999998,106.82038399999998,0.9710943999999999,0.9710943999999998,0.6514434425325765,winter,day,130.28868850651529
2018-01-26 11:00:00,2537.36,141.85,0.84,178.84904671333564,0.19585887566666665,19.585887566666667,142.5691140164084,104.55068361203283,0.9504607601093894,0.9504607601093893,0.8942452335666782,winter,day,178.84904671333564
2018-01-26 12:00:00,2501.36,137.53,1.49,178.84641606258,0.19553686166666667,19.55368616666667,135.93283065506657,99.68407581371548,0.9062188710337771,0.9062188710337771,0.8942320803129,winter,day,178.84641606258
2018-01-26 13:00:00,2448.7200000000003,80.65,1.46,178.87421367632274,0.19804228766666668,19.804228766666668,125.7553099159745,92.22056060504795,0.8383687327731633,0.8383687327731632,0.8943710683816137,winter,day,178.87421367632274
2018-01-26 14:00:00,2432.8,42.49,1.08,178.89313738982096,0.20000578766666666,20.000578766666667,112.0365517991321,82.1601379860302,0.7469103453275473,0.7469103453275472,0.8944656869491048,winter,day,178.89313738982096
2018-01-27 06:00:00,2299.52,68.22,-4.37,178.88747603543055,0.20316353199999998,20.3163532,123.10683456914703,90.27834535070781,0.8207122304609802,0.8207122304609801,0.8944373801771528,winter,day,178.88747603543055
2018-01-27 07:00:00,2572.7200000000003,103.36,-2.32,178.89233728406126,0.20002018666666668,20.002018666666668,133.94850520735326,98.22890381872571,0.8929900347156884,0.8929900347156883,0.8944616864203063,winter,day,178.89233728406126
2018-01-27 08:00:00,2720.7200000000003,147.68,-1.19,178.86399414366443,0.19719885533333334,19.719885533333333,141.32194965856417,103.63609641628037,0.9421463310570944,0.9421463310570942,0.8943199707183221,winter,day,178.86399414366443
2018-01-27 09:00:00,2719.12,174.48,0.6,178.8766988533034,0.19462361599999997,19.462361599999998,145.22716792277976,106.4999231433718,0.9681811194851984,0.9681811194851982,0.894383494266517,winter,day,178.8766988533034
2018-01-27 10:00:00,2676.2400000000002,120.52,1.82,178.89154930111636,0.19601988266666664,19.601988266666666,145.66415999999998,106.82038399999998,0.9710943999999999,0.9710943999999998,0.8944577465055817,winter,day,178.89154930111636
2018-01-27 11:00:00,2628.56,138.13,2.65,178.90832727644107,0.19459961766666664,19.459961766666662,142.63292589022493,104.59747898616493,0.9508861726014995,0.9508861726014993,0.8945416363822054,winter,day,178.90832727644107
2018-01-27 12:00:00,2617.68,97.35,3.15,178.89417995187148,0.195986285,19.5986285,136.13346559345453,99.83120810186665,0.9075564372896969,0.9075564372896968,0.8944708997593573,winter,day,178.89417995187148
2018-01-27 13:00:00,2627.36,61.19,3.24,178.85058631078212,0.19749338033333333,19.749338033333334,126.16577910968886,92.52157134710515,0.8411051940645924,0.8411051940645923,0.8942529315539106,winter,day,178.85058631078212
2018-01-27 14:00:00,2647.2000000000003,36.16,3.05,178.87103749891298,0.19873474866666668,19.87347486666667,112.72986643892779,82.66856872188038,0.7515324429261853,0.7515324429261853,0.8943551874945649,winter,day,178.87103749891298
2018-01-28 06:00:00,2243.68,92.86,-3.1,178.85554454192962,0.20109094866666663,20.109094866666663,131.84994948469262,96.68996295544125,0.8789996632312841,0.8789996632312841,0.8942777227096481,winter,day,178.85554454192962
2018-01-28 07:00:00,2348.4,155.88,-1.18,178.8511318374367,0.19683320799999998,19.683320799999997,138.48943877135068,101.55892176565716,0.9232629251423379,0.9232629251423379,0.8942556591871835,winter,day,178.8511318374367
2018-01-28 08:00:00,2442.56,194.31,0.57,178.84005158494622,0.19378192900000002,19.378192900000002,143.00497028612125,104.87031154315558,0.9533664685741416,0.9533664685741416,0.8942002579247311,winter,day,178.84005158494622
2018-01-28 09:00:00,2541.36,170.75,2.02,178.87302564049773,0.19367110033333332,19.367110033333333,145.39654402900436,106.62413228793652,0.9693102935266957,0.9693102935266956,0.8943651282024887,winter,day,178.87302564049773
2018-01-28 10:00:00,2601.6,119.59,3.15,178.88439684053716,0.19501587966666667,19.501587966666666,145.66415999999998,106.82038399999998,0.9710943999999999,0.9710943999999998,0.8944219842026858,winter,day,178.88439684053716
2018-01-28 11:00:00,2619.2000000000003,108.48,4.07,178.8949679348169,0.19477807799999997,19.477807799999997,143.80781819910814,105.45906667934597,0.9587187879940543,0.9587187879940542,0.8944748396740845,winter,day,178.8949679348169
2018-01-28 12:00:00,2609.44,99.21,4.67,170.11988075213978,0.194711319,19.4711319,139.8275186263288,102.54018032597446,0.9321834575088588,0.9321834575088588,0.8505994037606989,winter,day,170.11988075213978
2018-01-28 13:00:00,2568.8,53.77,4.56,178.20133685522515,0.19678041166666668,19.678041166666667,133.72326128166202,98.06372493988547,0.8914884085444135,0.8914884085444134,0.8910066842761257,winter,day,178.20133685522515
2018-01-28 14:00:00,2521.84,46.99,4.38,178.847895045954,0.19721761766666665,19.721761766666663,125.49504616510775,92.02970052107901,0.8366336411007184,0.8366336411007183,0.89423947522977,winter,day,178.847895045954
2018-01-29 06:00:00,2190.4,231.3,-3.83,19.62148603458534,0.19562369200000002,19.562369200000003,113.59655363212875,83.30413933022774,0.757310357547525,0.757310357547525,0.09810743017292671,winter,day,19.62148603458534
2018-01-29 07:00:00,2269.52,282.78,-1.11,55.75576991791949,0.19124116,19.124116,129.00912669899515,94.60669291259643,0.8600608446599677,0.8600608446599676,0.2787788495895974,winter,day,55.75576991791949
2018-01-29 08:00:00,2334.4,653.75,0.73,47.70720604138768,0.17360936633333335,17.360936633333335,139.49125211592917,102.2935848850147,0.9299416807728611,0.9299416807728609,0.2385360302069384,winter,day,47.70720604138768
2018-01-29 09:00:00,2392.56,713.41,2.11,57.810047517369355,0.16992234966666667,16.99223496666667,145.04292988293076,106.36481524748255,0.9669528658862051,0.966952865886205,0.2890502375868468,winter,day,57.810047517369355
2018-01-29 10:00:00,2417.04,960.56,3.24,69.77472600407381,0.15825086933333332,15.825086933333331,145.66415999999998,106.82038399999998,0.9710943999999999,0.9710943999999998,0.3488736300203691,winter,day,69.77472600407381
2018-01-29 11:00:00,2408.08,925.12,4.13,59.13325272451779,0.15909822866666667,15.909822866666667,141.35494246713682,103.660291142567,0.9423662831142455,0.9423662831142455,0.29566626362258897,winter,day,59.13325272451779
2018-01-29 12:00:00,2363.12,534.27,4.65,87.88193763617811,0.175743909,17.5743909,132.1152772843413,96.88453667518361,0.880768515228942,0.880768515228942,0.43940968818089055,winter,day,87.88193763617811
2018-01-29 13:00:00,2324.16,597.28,4.59,80.64963013902336,0.17304169666666666,17.304169666666667,117.94516445161341,86.49312059784984,0.7863010963440894,0.7863010963440894,0.40324815069511677,winter,day,80.64963013902336
2018-01-29 14:00:00,2319.28,295.53,3.97,87.99306747707556,0.186695003,18.6695003,98.84460396895308,72.48604291056559,0.6589640264596872,0.6589640264596871,0.4399653373853778,winter,day,87.99306747707556
2018-01-30 06:00:00,2465.12,361.37,-1.81,0.0,0.18836179633333333,18.836179633333334,126.35047399598147,92.65701426371974,0.8423364933065431,0.8423364933065431,0.0,winter,day,0.0
2018-01-30 07:00:00,2753.68,624.13,0.94,0.0,0.17473685166666666,17.473685166666666,135.63316236731222,99.46431906936229,0.9042210824487481,0.9042210824487481,0.0,winter,day,0.0
2018-01-30 08:00:00,2904.4,826.54,3.13,0.0,0.16418500266666666,16.418500266666666,141.9463394917589,104.09398229395651,0.9463089299450593,0.9463089299450592,0.0,winter,day,3.878828621023747
2018-01-30 09:00:00,2900.08,938.78,4.69,0.0,0.1580623733333333,15.806237333333332,145.29000536932148,106.5460039375024,0.9686000357954765,0.9686000357954764,0.0,winter,day,0.0
2018-01-30 10:00:00,2852.56,992.62,5.9,0.0,0.15476282066666666,15.476282066666666,145.66415999999998,106.82038399999998,0.9710943999999999,0.9710943999999998,0.0,winter,day,63.3087985965705
2018-01-30 11:00:00,2786.4,916.1,6.52,0.0,0.15761469533333333,15.761469533333333,143.06880338379443,104.91712248144924,0.9537920225586295,0.9537920225586295,0.0,winter,day,1.460094324174422
2018-01-30 12:00:00,2730.64,769.66,6.83,0.0,0.16376088666666666,16.376088666666668,137.5039355207048,100.83621938185017,0.9166929034713653,0.9166929034713652,0.0,winter,day,6.676562825504312
2018-01-30 13:00:00,2706.48,529.89,6.65,0.0,0.17436422299999998,17.436422299999997,128.96955641073112,94.5776747012028,0.8597970427382075,0.8597970427382072,0.0,winter,day,82.88296777065072
2018-01-30 14:00:00,2714.2400000000002,284.22,5.71,0.0,0.18582189999999998,18.582189999999997,117.46566605387329,86.14148843950709,0.7831044403591553,0.7831044403591553,0.0,winter,day,58.948088855218785
2018-01-31 06:00:00,2637.2000000000003,386.1,-0.23,0.0,0.186041812,18.6041812,126.9940357745497,93.12895956800311,0.8466269051636647,0.8466269051636647,0.0,winter,day,30.474613048564116
2018-01-31 07:00:00,2907.68,651.27,2.39,0.0,0.172413813,17.2413813,135.96741066543424,99.7094344879851,0.9064494044362283,0.9064494044362282,0.0,winter,day,7.776169537527482
2018-01-31 08:00:00,3037.68,851.49,4.57,0.0,0.161965375,16.196537499999998,142.0702229999708,104.18483019997858,0.9471348199998054,0.9471348199998052,0.0,winter,day,0.0
2018-01-31 09:00:00,3026.88,959.41,5.62,0.0,0.15643179566666668,15.643179566666667,145.30247277815937,106.55514670398354,0.9686831518543958,0.9686831518543958,0.0,winter,day,31.226863997868506
2018-01-31 10:00:00,3007.12,1013.29,6.18,0.0,0.15364100766666666,15.364100766666667,145.66415999999998,106.82038399999998,0.9710943999999999,0.9710943999999998,0.0,winter,day,1.3106251351964682
2018-01-31 11:00:00,2969.2000000000003,922.74,6.51,0.0,0.157332824,15.7332824,143.15528466549262,104.98054208802792,0.9543685644366174,0.9543685644366174,0.0,winter,day,20.730684165938147
2018-01-31 12:00:00,2885.52,747.72,6.58,0.0,0.16491455200000002,16.4914552,137.77584677463727,101.03562096806733,0.9185056451642485,0.9185056451642485,0.0,winter,day,31.226863997868506
2018-01-31 13:00:00,2831.36,541.03,6.15,0.0,0.17427084766666667,17.427084766666667,129.52584632743398,94.98562064011826,0.8635056421828932,0.8635056421828933,0.0,winter,day,23.23972490726381
2018-01-31 14:00:00,2795.04,310.78,5.11,0.0,0.18513423866666667,18.513423866666667,118.40528332388268,86.83054110418064,0.7893685554925512,0.7893685554925512,0.0,winter,day,0.0
2018-02-01 06:00:00,2455.92,347.41,-1.4,178.91403712208964,0.18864890366666667,18.864890366666668,126.3814355460954,92.67971940046995,0.842542903640636,0.8425429036406359,0.8945701856104482,winter,day,178.91403712208964
2018-02-01 07:00:00,2733.52,647.24,2.89,178.92154114429073,0.17219695533333332,17.219695533333333,135.64924294539725,99.4761114932913,0.9043282863026483,0.9043282863026482,0.8946077057214536,winter,day,178.92154114429073
2018-02-01 08:00:00,2847.36,855.46,6.12,155.3074379630204,0.16057478066666667,16.05747806666667,141.95229948748195,104.09835295748675,0.9463486632498797,0.9463486632498795,0.776537189815102,winter,day,155.3074379630204
2018-02-01 09:00:00,2813.6,978.22,7.9,178.267030387223,0.15382034066666667,15.382034066666666,145.29060517234953,106.54644379305631,0.9686040344823302,0.9686040344823301,0.891335151936115,winter,day,178.267030387223
2018-02-01 10:00:00,2753.6,1020.15,8.9,175.1964669377662,0.151205395,15.1205395,145.66415999999998,106.82038399999998,0.9710943999999999,0.9710943999999998,0.8759823346888309,winter,day,175.1964669377662
2018-02-01 11:00:00,2707.52,982.67,9.51,178.40175122521669,0.15236167833333333,15.236167833333333,143.0729639704333,104.92017357831776,0.9538197598028887,0.9538197598028887,0.8920087561260834,winter,day,178.40175122521669
2018-02-01 12:00:00,2695.04,817.56,9.73,178.88434834927898,0.15939319,15.939319,137.51701708364953,100.84581252800965,0.9167801138909969,0.9167801138909968,0.8944217417463949,winter,day,178.88434834927898
2018-02-01 13:00:00,2673.92,557.82,9.48,173.92554742973277,0.17092286199999998,17.092286199999997,128.99631933964864,94.59730084907565,0.8599754622643242,0.8599754622643241,0.8696277371486638,winter,day,173.92554742973277
2018-02-01 14:00:00,2664.48,212.98,8.2,171.9124813383151,0.18697469266666666,18.697469266666666,117.51087073843058,86.17463854151575,0.7834058049228706,0.7834058049228705,0.8595624066915755,winter,day,171.9124813383151
2018-02-02 05:00:00,2216.8,1.86,-1.55,178.80301638652327,0.203844212,20.3844212,75.02486662887502,55.01823552784167,0.5001657775258335,0.5001657775258334,0.8940150819326164,winter,day,178.80301638652327
2018-02-02 06:00:00,2388.8,220.96,-0.39,178.8450704301662,0.19337308466666667,19.337308466666666,102.44328706004637,75.12507717736733,0.6829552470669759,0.6829552470669757,0.894225352150831,winter,day,178.8450704301662
2018-02-02 07:00:00,2677.12,484.96,3.66,178.82227953882915,0.17867301466666669,17.867301466666667,123.21642661274461,90.35871284934603,0.821442844084964,0.8214428440849639,0.8941113976941457,winter,day,178.82227953882915
2018-02-02 08:00:00,2812.64,798.06,6.17,178.83708149538344,0.16304006399999998,16.3040064,137.34428528696964,100.71914254377772,0.9156285685797976,0.9156285685797975,0.8941854074769172,winter,day,178.83708149538344
2018-02-02 09:00:00,2777.68,1007.04,7.68,178.87084353388033,0.152735616,15.273561599999999,144.82686308272142,106.20636626066236,0.9655124205514761,0.965512420551476,0.8943542176694017,winter,day,178.87084353388033
2018-02-02 10:00:00,2691.28,1004.12,8.68,130.28868850651529,0.15207762533333333,15.207762533333332,145.66415999999998,106.82038399999998,0.9710943999999999,0.9710943999999998,0.6514434425325765,winter,day,130.28868850651529
2018-02-02 11:00:00,2645.76,925.84,9.12,178.84904671333564,0.15514766666666666,15.514766666666665,139.85617603880536,102.5611957617906,0.932374506925369,0.932374506925369,0.8942452335666782,winter,day,178.84904671333564
2018-02-02 12:00:00,2624.56,246.91,9.03,178.84641606258,0.18484233166666666,18.484233166666666,127.40291119913755,93.4288015460342,0.8493527413275836,0.8493527413275835,0.8942320803129,winter,day,178.84641606258
2018-02-02 13:00:00,2615.12,98.69,8.74,178.87421367632274,0.19153743033333334,19.153743033333335,108.30436548099657,79.4232013527308,0.7220291032066438,0.7220291032066436,0.8943710683816137,winter,day,178.87421367632274
2018-02-02 14:00:00,2600.16,41.72,7.56,178.89313738982096,0.19494999333333335,19.494999333333336,82.56053888438228,60.54439518188033,0.5504035925625486,0.5504035925625484,0.8944656869491048,winter,day,178.89313738982096
2018-02-03 05:00:00,2396.64,2.78,1.59,178.89179175740716,0.20133791333333334,20.133791333333335,68.53940574279989,50.262230878053245,0.4569293716186659,0.45692937161866587,0.8944589587870359,winter,day,178.89179175740716
2018-02-03 06:00:00,2576.8,88.01,2.45,178.88747603543055,0.19694360033333336,19.694360033333336,98.47513749997911,72.215100833318,0.6565009166665274,0.6565009166665273,0.8944373801771528,winter,day,178.88747603543055
2018-02-03 07:00:00,2863.36,168.54,5.65,178.89233728406126,0.190916528,19.0916528,121.1554788042888,88.84735112314512,0.8077031920285921,0.807703192028592,0.8944616864203063,winter,day,178.89233728406126
2018-02-03 08:00:00,2996.2400000000002,153.13,7.88,178.86399414366443,0.18983747566666664,18.983747566666665,136.58042965572884,100.15898174753447,0.9105361977048589,0.9105361977048588,0.8943199707183221,winter,day,178.86399414366443
2018-02-03 09:00:00,2985.2000000000003,242.65,9.03,178.8766988533034,0.18502820966666667,18.50282096666667,144.74999005429925,106.1499927064861,0.9649999336953283,0.9649999336953282,0.894383494266517,winter,day,178.8766988533034
2018-02-03 10:00:00,2960.56,440.58,9.5,178.89154930111636,0.176022726,17.6022726,145.66415999999998,106.82038399999998,0.9710943999999999,0.9710943999999998,0.8944577465055817,winter,day,178.89154930111636
2018-02-03 11:00:00,2924.88,184.7,10.13,178.90832727644107,0.18669282133333334,18.669282133333333,139.32293949283113,102.17015562807616,0.9288195966188741,0.9288195966188741,0.8945416363822054,winter,day,178.90832727644107
2018-02-03 12:00:00,2876.2400000000002,237.17,9.66,178.89417995187148,0.18477251833333333,18.477251833333334,125.72632853279266,92.19930759071461,0.8381755235519511,0.838175523551951,0.8944708997593573,winter,day,178.89417995187148
2018-02-03 13:00:00,2817.2000000000003,86.22,8.98,178.85058631078212,0.19189304199999999,19.1893042,104.8743271198846,76.90783988791536,0.6991621807992306,0.6991621807992305,0.8942529315539106,winter,day,178.85058631078212
2018-02-03 14:00:00,2777.2000000000003,39.87,8.42,178.87103749891298,0.19435527100000002,19.4355271,76.76693525410681,56.29575251967833,0.511779568360712,0.5117795683607121,0.8943551874945649,winter,day,178.87103749891298
2018-02-04 06:00:00,2570.88,30.6,5.24,178.85554454192962,0.19725732399999998,19.7257324,112.15236084821649,82.24506462202542,0.7476824056547766,0.7476824056547766,0.8942777227096481,winter,day,178.85554454192962
2018-02-04 07:00:00,2693.84,66.75,6.59,178.8511318374367,0.194619689,19.461968900000002,128.25905266374605,94.0566386200804,0.8550603510916404,0.85506035109164,0.8942556591871835,winter,day,178.8511318374367
2018-02-04 08:00:00,2788.32,224.33,8.96,178.84005158494622,0.18588255033333334,18.588255033333333,139.2132497942198,102.08971651576118,0.9280883319614652,0.9280883319614653,0.8942002579247311,winter,day,178.84005158494622
2018-02-04 09:00:00,2812.16,166.88,10.06,178.87302564049773,0.18752534533333337,18.752534533333336,145.01495223963778,106.3442983090677,0.9667663482642519,0.9667663482642518,0.8943651282024887,winter,day,178.87302564049773
2018-02-04 10:00:00,2782.08,249.61,10.98,178.88439684053716,0.18319299166666664,18.319299166666664,145.66415999999998,106.82038399999998,0.9710943999999999,0.9710943999999998,0.8944219842026858,winter,day,178.88439684053716
2018-02-04 11:00:00,2724.8,190.25,10.95,178.8949679348169,0.18580662833333333,18.580662833333335,141.16087307530645,103.51797358855805,0.9410724871687097,0.9410724871687095,0.8944748396740845,winter,day,178.8949679348169
2018-02-04 12:00:00,2646.7200000000003,70.46,11.0,170.11988075213978,0.1909941953333333,19.099419533333332,131.50509146555714,96.43706707474189,0.876700609770381,0.8767006097703808,0.8505994037606989,winter,day,170.11988075213978
2018-02-04 13:00:00,2566.7200000000003,92.71,11.47,178.20133685522515,0.18965421566666665,18.965421566666667,116.6968151707521,85.57766445855154,0.7779787678050141,0.777978767805014,0.8910066842761257,winter,day,178.20133685522515
2018-02-04 14:00:00,2493.92,46.35,10.53,178.847895045954,0.192415333,19.2415333,96.73604419089123,70.93976573998691,0.6449069612726083,0.6449069612726083,0.89423947522977,winter,day,178.847895045954
2018-02-05 05:00:00,2292.88,3.71,0.55,21.645206564632726,0.20211415033333333,20.21141503333333,62.02797903176043,45.48718462329097,0.4135198602117362,0.4135198602117361,0.10822603282316363,winter,day,21.645206564632726
2018-02-05 06:00:00,2336.2400000000002,106.93,1.62,19.62148603458534,0.19676993966666664,19.676993966666664,94.4911006685646,69.29347382361404,0.629940671123764,0.629940671123764,0.09810743017292671,winter,day,19.62148603458534
2018-02-05 07:00:00,2406.08,107.55,6.58,55.75576991791949,0.19284730299999997,19.284730299999996,119.08627958379071,87.32993836144652,0.7939085305586048,0.7939085305586048,0.2787788495895974,winter,day,55.75576991791949
2018-02-05 08:00:00,2468.2400000000002,111.25,8.55,47.70720604138768,0.19113862166666667,19.113862166666667,135.81351577743865,99.59657823678833,0.9054234385162577,0.9054234385162576,0.2385360302069384,winter,day,47.70720604138768
2018-02-05 09:00:00,2548.0,125.16,9.41,57.810047517369355,0.18985623799999998,18.9856238,144.67280924950842,106.09339344963948,0.9644853949967228,0.9644853949967225,0.2890502375868468,winter,day,57.810047517369355
2018-02-05 10:00:00,2598.4,557.29,9.68,69.77472600407381,0.17078890766666668,17.078890766666667,145.66415999999998,106.82038399999996,0.9710943999999999,0.9710943999999997,0.3488736300203691,winter,day,69.77472600407381
2018-02-05 11:00:00,2581.68,273.59,9.57,59.13325272451779,0.18325407833333332,18.325407833333333,138.78756802891346,101.77754988786984,0.9252504535260897,0.9252504535260895,0.29566626362258897,winter,day,59.13325272451779
2018-02-05 12:00:00,2546.48,52.84,8.79,87.88193763617811,0.19349874866666666,19.349874866666667,124.04303333624873,90.96489111324905,0.8269535555749915,0.8269535555749914,0.43940968818089055,winter,day,87.88193763617811
2018-02-05 13:00:00,2518.88,133.63,7.93,80.64963013902336,0.19064905566666665,19.064905566666663,101.43055592200591,74.38240767613763,0.6762037061467061,0.6762037061467058,0.40324815069511677,winter,day,80.64963013902336
2018-02-05 14:00:00,2494.8,61.38,7.06,87.99306747707556,0.19448486199999998,19.448486199999998,70.9501357861848,52.03009957653551,0.473000905241232,0.47300090524123195,0.4399653373853778,winter,day,87.99306747707556
2018-02-06 05:00:00,2214.4,6.49,-0.72,88.69965784541137,0.20299030766666665,20.299030766666665,76.00824926323205,55.739382793036825,0.5067216617548803,0.5067216617548802,0.4434982892270568,winter,day,88.69965784541137
2018-02-06 06:00:00,2406.7200000000003,227.29,0.29,123.57611637576878,0.19256281366666667,19.256281366666666,103.0449728055082,75.56631339070601,0.6869664853700547,0.6869664853700547,0.6178805818788439,winter,day,123.57611637576878
2018-02-06 07:00:00,2694.8,365.72,3.74,78.93523989085932,0.18381302133333333,18.38130213333333,123.52892565032315,90.58787881023696,0.8235261710021543,0.8235261710021542,0.3946761994542966,winter,day,78.93523989085932
2018-02-06 08:00:00,2817.2000000000003,570.0,5.9,80.85837894401196,0.17320314,17.320314,137.46010779767676,100.8040790516296,0.9164007186511783,0.9164007186511782,0.4042918947200598,winter,day,80.85837894401196
2018-02-06 09:00:00,2742.48,378.68,7.9,24.752241501636103,0.17998026933333333,17.998026933333332,144.83851924756902,106.21491411488395,0.9655901283171269,0.9655901283171269,0.12376120750818051,winter,day,24.752241501636103
2018-02-06 10:00:00,2637.28,513.86,9.36,1.0288640277692336,0.17293523133333333,17.293523133333334,145.66415999999998,106.82038399999998,0.9710943999999999,0.9710943999999998,0.005144320138846168,winter,day,1.0288640277692336
2018-02-06 11:00:00,2558.96,714.89,9.78,0.0,0.16383375433333333,16.383375433333335,139.93703005496968,102.62048870697774,0.9329135336997979,0.9329135336997976,0.0,winter,day,6.350826208329666
2018-02-06 12:00:00,2492.16,805.29,10.1,0.0,0.15963797300000002,15.963797300000001,127.65712941247804,93.61522823581721,0.8510475294165203,0.8510475294165201,0.0,winter,day,16.50941406814021
2018-02-06 13:00:00,2440.88,499.29,10.02,0.5957503384737223,0.173052605,17.3052605,108.82445807252512,79.80460258651843,0.7254963871501675,0.7254963871501675,0.002978751692368611,winter,day,0.5957503384737223
2018-02-06 14:00:00,2407.6,168.18,9.29,4.080289720283324,0.18807338,18.807338,83.43901603511082,61.18861175908127,0.5562601069007388,0.5562601069007388,0.02040144860141662,winter,day,4.080289720283324
2018-02-07 05:00:00,2073.04,2.78,-1.57,61.04338399766771,0.2038197773333333,20.381977733333333,60.145363576010084,44.10659995574073,0.4009690905067339,0.4009690905067339,0.30521691998833855,winter,day,61.04338399766771
2018-02-07 06:00:00,2238.4,91.78,0.07,26.579422416289567,0.1986483546666667,19.86483546666667,93.33921650431787,68.4487587698331,0.6222614433621192,0.6222614433621192,0.13289711208144783,winter,day,26.579422416289567
2018-02-07 07:00:00,2512.64,203.08,5.83,29.30171861890936,0.18926806066666668,18.926806066666668,118.48802261087083,86.89121658130526,0.7899201507391389,0.7899201507391387,0.14650859309454678,winter,day,29.30171861890936
2018-02-07 08:00:00,2648.32,279.9,8.71,0.0,0.183654196,18.3654196,135.59178189566884,99.43397339015713,0.9039452126377923,0.9039452126377922,0.0,winter,day,22.973538206980173
2018-02-07 09:00:00,2626.96,405.78,10.45,7.413240504179027,0.17679503600000002,17.6795036,144.65049435871188,106.07702919638871,0.9643366290580793,0.9643366290580792,0.03706620252089513,winter,day,7.413240504179027
2018-02-07 10:00:00,2624.32,964.55,11.6,8.435692320731986,0.15151082833333332,15.151082833333332,145.66415999999998,106.82038399999998,0.9710943999999999,0.9710943999999998,0.04217846160365993,winter,day,8.435692320731986
2018-02-07 11:00:00,2630.88,977.71,12.36,30.474613048564116,0.15033970966666665,15.033970966666665,138.6327788195332,101.66403780099101,0.9242185254635547,0.9242185254635547,0.15237306524282057,winter,day,30.474613048564116
2018-02-07 12:00:00,2600.16,838.87,12.76,28.65668184140537,0.15608360166666665,15.608360166666666,123.55635081731148,90.60799059936174,0.8237090054487433,0.8237090054487431,0.14328340920702684,winter,day,28.65668184140537
2018-02-07 13:00:00,2567.36,588.74,12.81,68.56349317343306,0.16695833733333335,16.695833733333334,100.43487599333487,73.65224239511224,0.6695658399555658,0.6695658399555658,0.34281746586716527,winter,day,68.56349317343306
2018-02-07 14:00:00,2548.64,242.42,12.29,112.08063324165144,0.18247784133333333,18.247784133333333,69.26835434760325,50.796793188242376,0.4617890289840217,0.4617890289840216,0.5604031662082573,winter,day,112.08063324165144
2018-02-08 05:00:00,1935.6000000000001,35.83,1.76,113.37578625595202,0.1997623136666667,19.97623136666667,72.53984644099371,53.195887390062055,0.4835989762732914,0.4835989762732914,0.5668789312797601,winter,day,113.37578625595202
2018-02-08 06:00:00,2089.2,102.38,3.22,169.403313307437,0.19571183133333334,19.571183133333335,100.92281967329954,74.01006776041966,0.6728187978219969,0.6728187978219969,0.847016566537185,winter,day,169.403313307437
2018-02-08 07:00:00,2360.2400000000002,289.73,6.22,164.46853980631101,0.18518092633333333,18.51809263333333,122.42673764535314,89.7796076065923,0.816178250969021,0.8161782509690209,0.8223426990315551,winter,day,164.46853980631101
2018-02-08 08:00:00,2488.48,87.15,9.17,172.55397219256585,0.19170323699999997,19.170323699999997,137.05160035715443,100.5045069285799,0.9136773357143628,0.9136773357143627,0.8627698609628293,winter,day,172.55397219256585
2018-02-08 09:00:00,2471.6,325.66,11.1,178.77212745507288,0.17978042866666666,17.978042866666666,144.79740780870338,106.18476572638247,0.9653160520580225,0.9653160520580224,0.8938606372753644,winter,day,178.77212745507288
2018-02-08 10:00:00,2436.48,468.17,12.83,171.89023597363266,0.17220350033333334,17.220350033333336,145.66415999999998,106.82038399999996,0.9710943999999999,0.9710943999999997,0.8594511798681633,winter,day,171.89023597363266
2018-02-08 11:00:00,2398.96,644.36,14.22,171.87131226013395,0.16342403733333333,16.342403733333335,139.65185693104434,102.4113617494325,0.9310123795402956,0.9310123795402955,0.8593565613006697,winter,day,171.87131226013395
2018-02-08 12:00:00,2352.48,101.05,14.54,120.35291456842619,0.18687913566666667,18.687913566666666,126.76049860183635,92.95769897467997,0.845069990678909,0.8450699906789089,0.6017645728421309,winter,day,120.35291456842619
2018-02-08 13:00:00,2325.36,199.31,14.91,146.83077810589893,0.18230112633333334,18.230112633333334,106.9900850123761,78.45939567574246,0.7132672334158406,0.7132672334158405,0.7341538905294946,winter,day,146.83077810589893
2018-02-08 14:00:00,2310.8,102.98,14.49,165.51721175536431,0.18683419333333331,18.683419333333333,80.34061616266345,58.91645185261986,0.5356041077510897,0.5356041077510896,0.8275860587768216,winter,day,165.51721175536431
2018-02-09 05:00:00,2039.2,18.3,3.76,75.61317046952811,0.198956406,19.8956406,60.615954713462386,44.451700123205754,0.4041063647564159,0.4041063647564159,0.37806585234764056,winter,day,75.61317046952811
2018-02-09 06:00:00,2214.2400000000002,97.01,4.4,50.316802498626835,0.1950193703333333,19.50193703333333,93.62714916598304,68.65990938838755,0.624180994439887,0.6241809944398868,0.25158401249313417,winter,day,50.316802498626835
2018-02-09 07:00:00,2457.84,199.74,5.84,0.0,0.189405942,18.9405942,118.63756692089719,87.00088240865793,0.7909171128059812,0.7909171128059812,0.0,winter,day,9.134121004178086
2018-02-09 08:00:00,2633.44,675.21,7.55,0.4987253922949554,0.167316567,16.7316567,135.64720797820473,99.47461918401679,0.9043147198546982,0.904314719854698,0.002493626961474777,winter,day,0.4987253922949554
2018-02-09 09:00:00,2741.2000000000003,785.22,8.61,14.982859254529503,0.16168393999999997,16.168393999999996,144.65607233790567,106.08111971446414,0.9643738155860379,0.9643738155860376,0.07491429627264751,winter,day,14.982859254529503
2018-02-09 10:00:00,2813.2000000000003,981.07,9.47,4.694972864366426,0.15246290766666665,15.246290766666664,145.66415999999998,106.82038399999998,0.9710943999999999,0.9710943999999998,0.023474864321832132,winter,day,4.694972864366426
2018-02-09 11:00:00,2847.6,794.14,9.86,0.1259484899991096,0.16031298066666666,16.031298066666665,138.67147096448775,101.69241204062435,0.924476473096585,0.924476473096585,0.000629742449995548,winter,day,0.1259484899991096
2018-02-09 12:00:00,2857.2000000000003,595.86,10.13,6.676562825504312,0.16875254,16.875254,123.67800523136894,90.69720383633721,0.824520034875793,0.8245200348757928,0.03338281412752156,winter,day,6.676562825504312
2018-02-09 13:00:00,2857.6,426.21,9.91,7.541564284474873,0.176327723,17.6327723,100.68376280064358,73.83475938713862,0.6712250853376238,0.6712250853376238,0.03770782142237437,winter,day,7.541564284474873
2018-02-09 14:00:00,2835.52,208.57,9.41,7.776169537527482,0.18621678166666666,18.621678166666666,69.68874367231153,51.105078693028446,0.46459162448207686,0.4645916244820768,0.038880847687637415,winter,day,7.776169537527482
2018-02-10 05:00:00,2644.4,1.86,2.04,77.86482567392665,0.20102462599999996,20.102462599999996,66.60614394852874,48.8445055622544,0.44404095965685825,0.44404095965685814,0.3893241283696332,winter,day,77.86482567392665
2018-02-10 06:00:00,2811.44,44.5,3.19,120.36532833051615,0.19826089066666663,19.826089066666665,97.29226521484927,71.34766115755613,0.6486151014323285,0.6486151014323285,0.6018266416525807,winter,day,120.36532833051615
2018-02-10 07:00:00,3069.28,171.93,5.72,21.516828989347324,0.19071363300000002,19.0713633,120.54112745315672,88.39682679898159,0.8036075163543781,0.8036075163543781,0.10758414494673663,winter,day,21.516828989347324
2018-02-10 08:00:00,3173.52,184.73,8.05,17.896220106426117,0.1883251443333333,18.83251443333333,136.352730663451,99.99200248653072,0.9090182044230067,0.9090182044230065,0.08948110053213058,winter,day,17.896220106426117
2018-02-10 09:00:00,3134.48,402.67,9.41,0.0,0.17774755166666667,17.774755166666665,144.7270748457321,106.13318822020352,0.9648471656382139,0.9648471656382138,0.0,winter,day,0.0
2018-02-10 10:00:00,3050.88,310.31,9.81,3.7243494895177602,0.18146336633333332,18.14633663333333,145.66415999999998,106.82038399999998,0.9710943999999999,0.9710943999999998,0.0186217474475888,winter,day,3.7243494895177602
2018-02-10 11:00:00,2984.64,313.42,9.89,3.4634460633462423,0.18126483466666665,18.126483466666667,139.16398612625477,102.05358982592014,0.9277599075083651,0.9277599075083649,0.01731723031673121,winter,day,3.4634460633462423
2018-02-10 12:00:00,2912.8,281.51,9.75,1.3106251351964682,0.18276713033333333,18.276713033333333,125.22655322449637,91.83280569796398,0.8348436881633091,0.8348436881633089,0.006553125675982341,winter,day,1.3106251351964682
2018-02-10 13:00:00,2835.76,184.04,9.04,75.58853691038082,0.18757770533333332,18.757770533333332,103.85186129472484,76.15803161613154,0.6923457419648322,0.6923457419648321,0.3779426845519041,winter,day,75.58853691038082
2018-02-10 14:00:00,2786.16,26.88,8.74,41.582438880697104,0.19467074,19.467074,75.03991033694005,55.0292675804227,0.5002660689129337,0.5002660689129336,0.20791219440348552,winter,day,41.582438880697104
2018-02-11 05:00:00,2242.88,29.88,2.57,161.75051992652084,0.19938575799999997,19.938575799999995,87.85534317895547,64.42725166456734,0.5857022878597031,0.585702287859703,0.8087525996326042,winter,day,161.75051992652084
2018-02-11 06:00:00,2303.92,385.63,4.18,171.88592025165607,0.18259870566666664,18.259870566666663,110.29365433108651,80.8820131761301,0.7352910288739101,0.73529102887391,0.8594296012582804,winter,day,171.88592025165607
2018-02-11 07:00:00,2402.0,652.82,8.83,171.82970676062928,0.16728820533333333,16.728820533333334,127.29369158925653,93.34870716545478,0.8486246105950435,0.8486246105950435,0.8591485338031464,winter,day,171.82970676062928
2018-02-11 08:00:00,2484.48,858.27,11.2,171.28956263594117,0.156462339,15.6462339,138.85545495346545,101.82733363254133,0.925703033023103,0.925703033023103,0.8564478131797059,winter,day,171.28956263594117
2018-02-11 09:00:00,2558.2400000000002,1009.14,12.48,173.9293176250553,0.148874066,14.8874066,144.97894442371327,106.31789257738973,0.9665262961580885,0.9665262961580884,0.8696465881252764,winter,day,173.9293176250553
2018-02-11 10:00:00,2568.64,838.13,13.43,177.11429619814987,0.15558967233333332,15.558967233333332,145.66415999999998,106.82038399999998,0.9710943999999999,0.9710943999999998,0.8855714809907493,winter,day,177.11429619814987
2018-02-11 11:00:00,2533.44,923.84,12.82,170.1614013919429,0.15232895333333332,15.232895333333332,140.91110168232564,103.33480790037213,0.9394073445488376,0.9394073445488376,0.8508070069597145,winter,day,170.1614013919429
2018-02-11 12:00:00,2500.16,809.67,12.49,59.34185605573189,0.157569753,15.7569753,130.7197694706902,95.86116427850614,0.8714651298046014,0.8714651298046012,0.29670928027865945,winter,day,59.34185605573189
2018-02-11 13:00:00,2429.44,642.01,10.93,158.99407072463524,0.16611054166666667,16.611054166666666,115.0901633650937,84.39945313440205,0.7672677557672913,0.7672677557672913,0.7949703536231761,winter,day,158.99407072463524
2018-02-11 14:00:00,2374.16,354.79,10.36,164.2761749851747,0.17909058566666664,17.909058566666662,94.02228336553605,68.94967446805977,0.626815222436907,0.626815222436907,0.8213808749258734,winter,day,164.2761749851747
2018-02-12 05:00:00,1960.24,49.85,2.24,0.0,0.19877358233333334,19.877358233333332,80.83985911448576,59.2825633506229,0.5389323940965718,0.5389323940965718,0.0,winter,day,0.0
2018-02-12 06:00:00,2011.52,168.02,3.49,0.0,0.1926356813333333,19.26356813333333,106.00120842892154,77.73421951454247,0.706674722859477,0.7066747228594771,0.0,winter,day,6.676562825504312
2018-02-12 07:00:00,2094.16,618.08,5.32,0.0,0.17156078133333333,17.156078133333335,125.06431317469091,91.71382966144,0.8337620878312727,0.8337620878312727,0.0,winter,day,0.0
2018-02-12 08:00:00,2177.44,554.01,6.21,0.0,0.173657363,17.365736300000002,138.02917335179376,101.22139379131542,0.9201944890119584,0.9201944890119583,0.0,winter,day,47.71595568278264
2018-02-12 09:00:00,2298.08,925.69,6.89,0.0,0.15690565366666664,15.690565366666664,144.89578896023013,106.25691190416876,0.9659719264015343,0.9659719264015342,0.0,winter,day,0.0
2018-02-12 10:00:00,2408.4,704.28,7.32,0.0,0.166228788,16.6228788,145.66415999999998,106.82038399999998,0.9710943999999999,0.9710943999999998,0.0,winter,day,0.0
2018-02-12 11:00:00,2482.32,101.05,7.66,0.0,0.19228268766666667,19.228268766666666,140.33428647110338,102.91181007880914,0.9355619098073559,0.9355619098073558,0.0,winter,day,48.170415754295064
2018-02-12 12:00:00,2523.6,781.37,7.69,0.0,0.16257449633333335,16.257449633333334,128.90616837354028,94.53119014059621,0.8593744558236018,0.859374455823602,0.0,winter,day,9.109531390233535
2018-02-12 13:00:00,2529.68,534.5,7.43,0.0,0.17355046133333332,17.35504613333333,111.37980570731074,81.67852418536121,0.7425320380487382,0.7425320380487382,0.0,winter,day,35.13472600204201
2018-02-12 14:00:00,2513.44,106.55,6.71,0.0,0.19278883433333333,19.278883433333334,87.75519847241463,64.35381221310408,0.5850346564827642,0.5850346564827643,0.0,winter,day,36.599307472367386
2018-02-13 05:00:00,2264.32,9.27,-1.21,0.0,0.20325385299999998,20.325385299999997,78.03648461615336,57.226755385179125,0.5202432307743557,0.5202432307743556,0.0,winter,day,18.394310187471536
2018-02-13 06:00:00,2468.64,299.68,0.18,0.0,0.18949059066666668,18.949059066666667,104.28595496002063,76.4763669706818,0.6952396997334709,0.6952396997334709,0.0,winter,day,0.0
2018-02-13 07:00:00,2758.32,363.49,2.61,0.0,0.1847978256666667,18.47978256666667,124.17345767033899,91.06053562491525,0.8278230511355933,0.8278230511355932,0.0,winter,day,8.327573483896431
2018-02-13 08:00:00,2880.32,818.91,3.46,0.0,0.16425874299999998,16.425874299999997,137.69899274710835,100.97926134787943,0.9179932849807223,0.9179932849807221,0.0,winter,day,0.5957503384737223
2018-02-13 09:00:00,2861.6,503.15,3.99,1.4595227524107088,0.17762014233333331,17.762014233333332,144.86256019032868,106.23254413957434,0.9657504012688579,0.9657504012688577,0.007297613762053544,winter,day,1.4595227524107088
2018-02-13 10:00:00,2820.56,508.16,5.09,1.460094324174422,0.17653759933333332,17.653759933333333,145.66415999999998,106.82038399999996,0.9710943999999999,0.9710943999999997,0.00730047162087211,winter,day,1.460094324174422
2018-02-13 11:00:00,2786.32,680.29,5.49,0.0,0.16871283366666665,16.871283366666663,140.10379217612234,102.74278092915637,0.934025281174149,0.9340252811741488,0.0,winter,day,31.226863997868506
2018-02-13 12:00:00,2749.2000000000003,716.24,5.52,0.0,0.16712065333333334,16.712065333333335,128.1814567186957,93.99973492704349,0.8545430447913046,0.8545430447913045,0.0,winter,day,90.3072400360622
2018-02-13 13:00:00,2706.0,575.39,5.48,9.381124865802448,0.17329782433333332,17.32978243333333,109.89715362772009,80.59124599366139,0.7326476908514672,0.7326476908514672,0.04690562432901224,winter,day,9.381124865802448
2018-02-13 14:00:00,2689.04,255.22,5.02,6.181025733433629,0.18762919266666667,18.762919266666668,85.25088290319542,62.51731412900996,0.5683392193546362,0.568339219354636,0.030905128667168148,winter,day,6.181025733433629
2018-02-14 05:00:00,2418.64,107.36,-1.45,178.89810774378276,0.19916235533333332,19.91623553333333,92.1142328193467,67.55043740085424,0.6140948854623113,0.6140948854623113,0.8944905387189138,winter,day,178.89810774378276
2018-02-14 06:00:00,2598.4,414.0,0.29,178.4524488356271,0.18441603399999998,18.441603399999998,112.89946929933018,82.79294415284213,0.7526631286622012,0.7526631286622011,0.8922622441781356,winter,day,178.4524488356271
2018-02-14 07:00:00,2883.36,676.24,3.73,173.29621575846693,0.17027185266666667,17.027185266666667,128.6470802573873,94.34119218875068,0.8576472017159154,0.8576472017159152,0.8664810787923346,winter,day,173.29621575846693
2018-02-14 08:00:00,2980.96,869.38,5.84,171.90359531525684,0.16018731666666666,16.018731666666667,139.357065693518,102.19518150857985,0.9290471046234533,0.9290471046234532,0.8595179765762841,winter,day,171.90359531525684
2018-02-14 09:00:00,2931.68,976.32,7.61,171.9001160674833,0.15413101,15.413101000000001,145.0294256077222,106.3549121123296,0.9668628373848147,0.9668628373848146,0.8595005803374165,winter,day,171.9001160674833
2018-02-14 10:00:00,2871.36,1036.26,8.95,171.91605756860497,0.150463192,15.0463192,145.66415999999998,106.82038399999998,0.9710943999999999,0.9710943999999998,0.8595802878430249,winter,day,171.91605756860497
2018-02-14 11:00:00,2828.64,750.08,9.99,174.0548978608851,0.1621333633333333,16.21333633333333,141.26126887035136,103.59159717159099,0.941741792469009,0.941741792469009,0.8702744893044254,winter,day,174.0548978608851
2018-02-14 12:00:00,2766.96,154.83,10.36,143.3091368501864,0.18781550700000002,18.7815507,131.82075221877628,96.6685516271026,0.8788050147918418,0.8788050147918418,0.716545684250932,winter,day,143.3091368501864
2018-02-14 13:00:00,2682.08,30.6,10.44,96.54033666749085,0.19317324400000002,19.317324400000004,117.3426100452748,86.05124736653485,0.7822840669684986,0.7822840669684986,0.4827016833374542,winter,day,96.54033666749085
2018-02-14 14:00:00,2618.56,35.23,9.5,172.1566833144287,0.19370949766666667,19.37094976666667,97.82684234984683,71.73968438988767,0.6521789489989789,0.6521789489989789,0.8607834165721435,winter,day,172.1566833144287
2018-02-15 05:00:00,2266.7200000000003,3.71,0.17,40.63232238315839,0.20241260233333333,20.241260233333332,56.204332307416514,41.21651035877211,0.3746955487161101,0.3746955487161101,0.20316161191579193,winter,day,40.63232238315839
2018-02-15 06:00:00,2438.56,99.99,1.7,31.226863997868506,0.19700992299999998,19.700992299999996,90.92788417660954,66.68044839618032,0.6061858945107302,0.6061858945107302,0.15613431998934252,winter,day,31.226863997868506
2018-02-15 07:00:00,2721.52,72.31,4.49,66.87065122811524,0.19602642766666664,19.602642766666666,117.23564288046447,85.97280477900726,0.7815709525364298,0.7815709525364296,0.3343532561405762,winter,day,66.87065122811524
2018-02-15 08:00:00,2827.92,398.04,6.26,14.378964278874,0.180423584,18.0423584,135.1276084189812,99.09357950725285,0.900850722793208,0.9008507227932078,0.07189482139436999,winter,day,14.378964278874
2018-02-15 09:00:00,2806.56,511.42,7.62,2.37338512067923,0.17440829266666666,17.440829266666665,144.60378079215968,106.0427725809171,0.9640252052810645,0.9640252052810646,0.01186692560339615,winter,day,2.37338512067923
2018-02-15 10:00:00,2772.96,588.3,8.26,0.81169820110977,0.17055110599999998,17.0551106,145.66415999999998,106.82038399999998,0.9710943999999999,0.9710943999999998,0.00405849100554885,winter,day,0.81169820110977
2018-02-15 11:00:00,2731.92,799.59,8.77,22.364350107425743,0.160931265,16.0931265,138.30874604250215,101.42641376450156,0.9220583069500143,0.9220583069500142,0.11182175053712871,winter,day,22.364350107425743
2018-02-15 12:00:00,2656.88,244.94,8.89,13.233953838015315,0.18503824533333332,18.503824533333333,122.53753891966608,89.86086187442179,0.8169169261311072,0.8169169261311071,0.06616976919007658,winter,day,13.233953838015315
2018-02-15 13:00:00,2571.36,262.11,9.09,39.0466976403449,0.184131981,18.4131981,98.35053863149189,72.12372832976071,0.6556702575432792,0.6556702575432791,0.1952334882017245,winter,day,39.0466976403449
2018-02-15 14:00:00,2528.32,106.36,9.07,53.20066854274533,0.19094358066666667,19.09435806666667,65.74774517797941,48.21501313051823,0.4383183011865294,0.43831830118652937,0.26600334271372666,winter,day,53.20066854274533
2018-02-15 15:00:00,2540.0,1.75,8.22,82.71498192955654,0.19617565366666667,19.617565366666668,24.72915855912887,18.134716276694505,0.16486105706085913,0.16486105706085913,0.4135749096477827,winter,day,82.71498192955654
2018-02-16 05:00:00,2352.88,38.7,0.46,142.2350433590409,0.20065810599999997,20.0658106,67.97413603014654,49.847699755440786,0.4531609068676436,0.4531609068676435,0.7111752167952045,winter,day,142.2350433590409
2018-02-16 06:00:00,2542.2400000000002,104.92,2.07,136.14450496520658,0.19650421266666668,19.65042126666667,98.1292754554788,71.96146866735111,0.654195169703192,0.6541951697031919,0.6807225248260329,winter,day,136.14450496520658
2018-02-16 07:00:00,2826.7200000000003,322.05,5.14,105.76882923681507,0.184618929,18.4618929,120.97584756513034,88.71562154776224,0.8065056504342022,0.8065056504342022,0.5288441461840754,winter,day,105.76882923681507
2018-02-16 08:00:00,2926.2400000000002,499.46,7.13,105.51231048112784,0.17531499333333334,17.531499333333333,136.51385235910107,100.1101583966741,0.9100923490606738,0.9100923490606736,0.5275615524056392,winter,day,105.51231048112784
2018-02-16 09:00:00,2879.76,513.61,8.96,64.47201295881466,0.17326029966666667,17.326029966666667,144.74328983739093,106.14507921408668,0.9649552655826062,0.9649552655826061,0.3223600647940733,winter,day,64.47201295881466
2018-02-16 10:00:00,2827.6,755.8,10.34,52.2327890912003,0.16160889066666667,16.160889066666666,145.66415999999998,106.82038399999998,0.9710943999999999,0.9710943999999998,0.2611639454560015,winter,day,52.2327890912003
2018-02-16 11:00:00,2802.08,903.58,10.92,80.7906972704294,0.15470522466666667,15.470522466666667,139.27646284692827,102.13607275441404,0.9285097523128552,0.9285097523128549,0.403953486352147,winter,day,80.7906972704294
2018-02-16 12:00:00,2773.36,825.74,11.14,100.56637186780986,0.15792885533333334,15.792885533333333,125.58019837817571,92.09214547732884,0.8372013225211714,0.8372013225211713,0.5028318593390493,winter,day,100.56637186780986
2018-02-16 13:00:00,2751.84,449.3,11.07,93.23202057925626,0.17440916533333334,17.440916533333333,104.57536659374239,76.68860216874441,0.6971691106249492,0.6971691106249491,0.4661601028962813,winter,day,93.23202057925626
2018-02-16 14:00:00,2738.7200000000003,333.56,10.62,82.88296777065072,0.17981271733333334,17.981271733333333,76.26196749362816,55.92544282866065,0.5084131166241878,0.5084131166241878,0.4144148388532536,winter,day,82.88296777065072
2018-02-16 15:00:00,2721.52,2.62,9.38,101.92483021964347,0.19522662866666665,19.522662866666664,40.640001077833254,29.802667457077717,0.27093334051888834,0.27093334051888834,0.5096241510982173,winter,day,101.92483021964347
2018-02-17 05:00:00,2489.52,69.95,-1.7,87.54354139108106,0.20099102833333335,20.099102833333333,91.5494101467863,67.13623410764329,0.6103294009785754,0.6103294009785754,0.4377177069554053,winter,day,87.54354139108106
2018-02-17 06:00:00,2665.6,445.21,0.62,132.0807920572942,0.18279505566666665,18.279505566666664,112.55388077771119,82.53951257032153,0.7503592051847412,0.7503592051847412,0.660403960286471,winter,day,132.0807920572942
2018-02-17 07:00:00,2921.68,696.37,4.87,143.43912979050964,0.16849815766666668,16.84981576666667,128.46759107849505,94.20956679089636,0.856450607189967,0.8564506071899669,0.7171956489525482,winter,day,143.43912979050964
2018-02-17 08:00:00,3016.2400000000002,887.44,6.51,106.75011045983527,0.15887308066666667,15.887308066666666,139.2905410491378,102.14639676936771,0.928603606994252,0.9286036069942519,0.5337505522991763,winter,day,106.75011045983527
2018-02-17 09:00:00,2958.64,1017.41,8.3,113.40587508164273,0.15179619033333333,15.179619033333333,145.02273068963945,106.35000250573557,0.9668182045975963,0.9668182045975962,0.5670293754082136,winter,day,113.40587508164273
2018-02-17 10:00:00,2873.84,1060.47,9.67,114.6678600753592,0.14884134100000002,14.8841341,145.66415999999998,106.82038399999998,0.9710943999999999,0.9710943999999998,0.573339300376796,winter,day,114.6678600753592
2018-02-17 11:00:00,2787.84,997.98,10.23,100.51840189067144,0.151128164,15.112816400000002,141.21482898021947,103.55754125216092,0.9414321932014631,0.9414321932014629,0.5025920094533572,winter,day,100.51840189067144
2018-02-17 12:00:00,2676.56,706.22,10.43,92.39021839893748,0.1637015453333333,16.37015453333333,131.67473763029784,96.5614742622184,0.8778315842019856,0.8778315842019854,0.46195109199468737,winter,day,92.39021839893748
2018-02-17 13:00:00,2589.92,494.06,10.39,87.95105586328366,0.17299020933333334,17.299020933333335,117.04388595023514,85.83218303017243,0.7802925730015676,0.7802925730015675,0.4397552793164183,winter,day,87.95105586328366
2018-02-17 14:00:00,2524.16,142.3,9.9,60.3829209386606,0.18872351666666665,18.872351666666663,97.3222739400313,71.36966755602295,0.6488151596002086,0.6488151596002086,0.301914604693303,winter,day,60.3829209386606
2018-02-17 15:00:00,2475.84,9.62,8.62,91.77295498954729,0.1955180993333333,19.55180993333333,72.50990159968644,53.17392783977006,0.4833993439979096,0.4833993439979096,0.4588647749477364,winter,day,91.77295498954729
2018-02-18 05:00:00,2219.44,86.86,-1.57,0.0,0.20015108666666667,20.015108666666666,92.84196158887556,68.0841051651754,0.6189464105925038,0.6189464105925037,0.0,winter,day,50.183775823965036
2018-02-18 06:00:00,2291.92,454.24,-0.63,0.0,0.18338279666666665,18.338279666666665,113.34473242671325,83.11947044625637,0.7556315495114216,0.7556315495114215,0.0,winter,day,3.642221967058041
2018-02-18 07:00:00,2394.7200000000003,703.87,1.47,0.0,0.17084126766666666,17.084126766666667,128.87833768674457,94.51078097027934,0.8591889179116304,0.8591889179116304,0.0,winter,day,0.0
2018-02-18 08:00:00,2455.04,894.71,3.31,0.0,0.16106914633333336,16.106914633333336,139.44277736896947,102.25803673724425,0.9296185157931298,0.9296185157931296,0.0,winter,day,80.78752109301966
2018-02-18 09:00:00,2447.52,969.07,4.89,0.0,0.15658363966666666,15.658363966666666,145.03805147338795,106.36123774715114,0.9669203431559197,0.9669203431559195,0.0,winter,day,32.97651951353243
2018-02-18 10:00:00,2383.44,1046.15,6.18,0.0,0.15220721633333334,15.220721633333334,145.66415999999998,106.82038399999998,0.9710943999999999,0.9710943999999998,0.0,winter,day,0.0
2018-02-18 11:00:00,2305.28,1020.39,7.11,0.0,0.152600789,15.260078899999998,141.32110294880565,103.63547549579079,0.942140686325371,0.9421406863253707,0.0,winter,day,0.0
2018-02-18 12:00:00,2224.32,828.96,7.54,0.0,0.160615796,16.0615796,132.0088803198049,96.80651223452357,0.8800592021320326,0.8800592021320324,0.0,winter,day,0.0
2018-02-18 13:00:00,2150.16,651.45,7.51,0.0,0.168384711,16.8384711,117.72749211299774,86.33349421619833,0.7848499474199849,0.7848499474199848,0.0,winter,day,0.0
2018-02-18 14:00:00,2090.88,321.25,7.11,0.0,0.18310659766666665,18.310659766666664,98.47693832838412,72.21642144081501,0.6565129221892275,0.6565129221892274,0.0,winter,day,62.67366009713926
2018-02-18 15:00:00,2049.28,11.37,6.32,0.0,0.197248161,19.7248161,74.25721896596417,54.45529390837371,0.49504812643976115,0.49504812643976104,0.0,winter,day,36.599307472367386
2018-02-19 05:00:00,1748.24,63.81,-3.07,165.09400429973857,0.20233493500000002,20.2334935,75.76622086905456,55.561895303973344,0.5051081391270305,0.5051081391270305,0.8254700214986929,winter,day,165.09400429973857
2018-02-19 06:00:00,1786.24,249.17,-0.1,104.86584927291531,0.1919144223333333,19.19144223333333,102.89688697433138,75.45771711450968,0.6859792464955425,0.6859792464955425,0.5243292463645766,winter,day,104.86584927291531
2018-02-19 07:00:00,1855.68,399.7,3.33,121.75040838308178,0.18265237466666667,18.26523746666667,123.4520139400644,90.53147688938056,0.8230134262670961,0.823013426267096,0.6087520419154089,winter,day,121.75040838308178
2018-02-19 08:00:00,1912.24,745.18,5.03,140.92936774171875,0.1662427506666667,16.62427506666667,137.4316017662535,100.7831746285859,0.9162106784416899,0.91621067844169,0.7046468387085938,winter,day,140.92936774171875
2018-02-19 09:00:00,1992.48,1004.51,6.6,161.86746871839745,0.15369424033333334,15.369424033333335,144.8356504528987,106.21281033212571,0.9655710030193247,0.9655710030193246,0.8093373435919873,winter,day,161.86746871839745
2018-02-19 10:00:00,2033.44,933.49,7.97,177.67654021374597,0.15571708166666667,15.571708166666667,145.66415999999998,106.82038399999998,0.9710943999999999,0.9710943999999998,0.8883827010687299,winter,day,177.67654021374597
2018-02-19 11:00:00,2016.48,794.26,8.85,177.00733660545453,0.16110099866666666,16.110099866666665,139.9171304075574,102.60589563220876,0.9327808693837161,0.932780869383716,0.8850366830272727,winter,day,177.00733660545453
2018-02-19 12:00:00,1999.2,495.83,9.26,174.22750249431962,0.17380048033333334,17.380048033333335,127.59456167557093,93.56934522875201,0.8506304111704729,0.8506304111704729,0.8711375124715981,winter,day,174.22750249431962
2018-02-19 13:00:00,1980.48,458.44,9.16,170.0923255946884,0.17551047066666667,17.551047066666666,108.69645380404059,79.71073278962976,0.7246430253602706,0.7246430253602706,0.8504616279734419,winter,day,170.0923255946884
2018-02-19 14:00:00,1928.88,162.29,8.44,113.3949039344829,0.18899797033333332,18.899797033333332,83.22280679296628,61.03005831484194,0.5548187119531085,0.5548187119531085,0.5669745196724145,winter,day,113.3949039344829
2018-02-19 15:00:00,1908.0,13.12,7.06,163.26475644520607,0.19659060666666667,19.659060666666665,51.17362064234819,37.52732180438867,0.34115747094898796,0.3411574709489879,0.8163237822260304,winter,day,163.26475644520607
2018-02-20 05:00:00,1835.8400000000001,15.76,-0.28,58.948088855218785,0.20224025066666665,20.224025066666666,81.35899066454341,59.66325982066516,0.5423932710969561,0.542393271096956,0.2947404442760939,winter,day,58.948088855218785
2018-02-20 06:00:00,1972.8,269.64,2.35,62.75127035583064,0.189097018,18.9097018,106.31884069410123,77.96714984234089,0.7087922712940081,0.7087922712940081,0.31375635177915323,winter,day,62.75127035583064
2018-02-20 07:00:00,2160.32,580.16,5.81,39.424520309032886,0.17283051133333333,17.283051133333334,125.22928264242583,91.83480727111228,0.8348618842828389,0.8348618842828389,0.19712260154516442,winter,day,39.424520309032886
2018-02-20 08:00:00,2263.84,712.13,7.77,32.31067998627612,0.16553283633333332,16.553283633333333,138.09031650951718,101.26623210697926,0.9206021100634478,0.9206021100634478,0.1615533999313806,winter,day,32.31067998627612
2018-02-20 09:00:00,2285.84,972.77,9.11,36.54112099327434,0.15310780833333335,15.310780833333334,144.90194229537522,106.26142434994182,0.9660129486358348,0.9660129486358348,0.1827056049663717,winter,day,36.54112099327434
2018-02-20 10:00:00,2283.36,588.33,9.95,16.775570461387513,0.16922247099999999,16.9222471,145.66415999999998,106.82038399999996,0.9710943999999999,0.9710943999999997,0.08387785230693756,winter,day,16.775570461387513
2018-02-20 11:00:00,2278.7200000000003,399.43,10.03,0.0,0.17740197566666666,17.740197566666666,140.3769696233915,102.94311105715374,0.9358464641559433,0.9358464641559431,0.0,winter,day,0.0
2018-02-20 12:00:00,2249.84,295.17,10.08,21.97986746749932,0.181911917,18.1911917,129.04037116554974,94.62960552140314,0.8602691411036649,0.8602691411036648,0.10989933733749661,winter,day,21.97986746749932
2018-02-20 13:00:00,2216.16,184.59,10.04,8.755585362459948,0.186768307,18.6768307,111.65436462647475,81.87986739274814,0.744362430843165,0.7443624308431649,0.04377792681229974,winter,day,8.755585362459948
2018-02-20 14:00:00,2196.16,75.41,9.01,6.58552048830152,0.19234115633333332,19.23411563333333,88.21895000616641,64.6938966711887,0.5881263333744428,0.5881263333744426,0.0329276024415076,winter,day,6.58552048830152
2018-02-20 15:00:00,2183.76,12.24,7.88,6.046763289364512,0.195984976,19.5984976,58.73412730462491,43.071693356724936,0.3915608486974994,0.3915608486974994,0.030233816446822562,winter,day,6.046763289364512
2018-02-21 05:00:00,2067.92,5.56,1.12,0.0,0.20158575066666667,20.158575066666668,62.28670352979793,45.676915921851815,0.4152446901986529,0.41524469019865284,0.0,winter,day,0.0
2018-02-21 06:00:00,2256.48,44.5,2.7,0.0,0.19864573666666668,19.86457366666667,94.64940206319186,69.40956151300736,0.6309960137546123,0.6309960137546123,0.0,winter,day,13.413497267422773
2018-02-21 07:00:00,2534.48,114.03,4.78,0.0,0.193978279,19.3978279,119.1684969769091,87.39023111639997,0.7944566465127273,0.7944566465127271,0.0,winter,day,3.642221967058041
2018-02-21 08:00:00,2644.32,178.83,6.04,0.0,0.19016123499999998,19.0161235,135.84398827094952,99.61892473202963,0.9056265884729968,0.9056265884729966,0.0,winter,day,0.0
2018-02-21 09:00:00,2601.92,338.63,6.93,0.0,0.18248962233333332,18.248962233333334,144.67587594531315,106.09564235989629,0.964505839635421,0.9645058396354208,0.0,winter,day,52.82497645871308
2018-02-21 10:00:00,2529.52,287.27,7.64,0.0,0.18417299633333334,18.417299633333332,145.66415999999998,106.82038399999996,0.9710943999999999,0.9710943999999997,0.0,winter,day,32.97651951353243
2018-02-21 11:00:00,2475.84,218.58,7.96,0.0,0.186918842,18.6918842,138.80884043501007,101.7931496523407,0.9253922695667338,0.9253922695667337,0.0,winter,day,33.25935386888451
2018-02-21 12:00:00,2436.8,394.21,8.35,0.0,0.17894921366666666,17.894921366666665,124.10991725034337,91.01393931691845,0.8273994483356225,0.8273994483356223,0.0,winter,day,36.599307472367386
2018-02-21 13:00:00,2402.96,136.32,8.46,0.0,0.19011541999999998,19.011542,101.56739044599993,74.48275299373327,0.6771159363066662,0.6771159363066661,0.0,winter,day,76.29369072519316
2018-02-21 14:00:00,2377.68,65.82,8.26,0.0,0.19334864999999998,19.334864999999997,71.18126002197963,52.19959068278505,0.47454173347986417,0.4745417334798641,0.0,winter,day,0.0
2018-02-21 15:00:00,2358.96,4.37,7.82,0.0,0.19637549433333332,19.63754943333333,32.95152597828266,24.16445238407395,0.21967683985521774,0.21967683985521774,0.0,winter,day,43.37202997816266
2018-02-22 05:00:00,2000.96,21.33,-1.59,60.0384147950349,0.203026087,20.3026087,62.55042815768393,45.87031398230155,0.41700285438455953,0.4170028543845596,0.3001920739751745,winter,day,60.0384147950349
2018-02-22 06:00:00,2164.64,143.06,1.83,0.0,0.1950285333333333,19.50285333333333,94.81076280293074,69.5278927221492,0.6320717520195382,0.6320717520195382,0.0,winter,day,3.878828621023747
2018-02-22 07:00:00,2429.6,176.17,4.89,0.0,0.19118050966666666,19.118050966666665,119.25230330978583,87.45168909384293,0.7950153553985722,0.795015355398572,0.0,winter,day,0.0
2018-02-22 08:00:00,2545.52,265.3,7.39,0.0,0.18532797066666665,18.532797066666664,135.87504967824907,99.64170309738263,0.9058336645216605,0.9058336645216603,0.0,winter,day,28.65668184140537
2018-02-22 09:00:00,2546.16,545.7,9.37,0.0,0.17153809199999998,17.153809199999998,144.67900190832046,106.09793473276832,0.9645266793888031,0.964526679388803,0.0,winter,day,19.62148603458534
2018-02-22 10:00:00,2509.92,925.18,10.7,0.0,0.15393553266666668,15.393553266666668,145.66415999999998,106.82038399999998,0.9710943999999999,0.9710943999999998,0.0,winter,day,9.653909407900052
2018-02-22 11:00:00,2477.76,843.97,11.19,0.0,0.15709414966666665,15.709414966666666,138.83052395328775,101.80905089907766,0.9255368263552517,0.9255368263552515,0.0,winter,day,23.23972490726381
2018-02-22 12:00:00,2412.7200000000003,175.12,11.39,0.0,0.18612122466666667,18.612122466666666,124.17809376818364,91.06393543000134,0.8278539584545577,0.8278539584545576,0.0,winter,day,17.223569072749587
2018-02-22 13:00:00,2355.28,224.21,11.42,0.0,0.18395570233333333,18.395570233333334,101.70686944468778,74.58503759277103,0.6780457962979185,0.6780457962979185,0.0,winter,day,84.78619510091993
2018-02-22 14:00:00,2320.48,73.47,11.12,0.0,0.190768611,19.076861100000002,71.41685098279999,52.37235738738666,0.47611233988533325,0.47611233988533325,0.0,winter,day,57.810047517369355
2018-02-22 15:00:00,2285.84,13.99,10.16,0.0,0.19411790566666667,19.411790566666667,33.3080383825205,24.425894813848366,0.22205358921680335,0.22205358921680332,0.0,winter,day,16.775570461387513
2018-02-23 05:00:00,1905.3600000000001,25.96,3.96,63.309047114268964,0.19846509466666667,19.846509466666667,74.49019895047462,54.62614589701471,0.49660132633649745,0.49660132633649734,0.31654523557134484,winter,day,63.309047114268964
2018-02-23 06:00:00,2065.44,161.71,4.75,22.327874073823736,0.19192140366666666,19.192140366666667,102.11614896607034,74.88517590845157,0.680774326440469,0.6807743264404689,0.11163937036911868,winter,day,22.327874073823736
2018-02-23 07:00:00,2323.2000000000003,482.33,7.52,0.0,0.17575612633333332,17.575612633333332,123.0465200788208,90.23411472446858,0.8203101338588054,0.8203101338588052,0.0,winter,day,45.453065660008
2018-02-23 08:00:00,2434.96,770.55,9.09,0.0,0.161947049,16.1947049,137.2813122887259,100.67296234506566,0.915208748591506,0.9152087485915059,0.0,winter,day,59.990002335165364
2018-02-23 09:00:00,2419.76,955.38,10.16,0.0,0.153041922,15.3041922,144.82052559578563,106.20171877024278,0.9654701706385709,0.9654701706385707,0.0,winter,day,33.25935386888451
2018-02-23 10:00:00,2382.2400000000002,859.68,10.88,0.0,0.156652144,15.6652144,145.66415999999998,106.82038399999998,0.9710943999999999,0.9710943999999998,0.0,winter,day,43.74917983064359
2018-02-23 11:00:00,2352.0,100.12,11.27,0.0,0.1894879726666667,18.94879726666667,139.81221550136902,102.52895803433728,0.9320814366757935,0.9320814366757935,0.0,winter,day,0.0
2018-02-23 12:00:00,2308.4,47.28,11.36,0.0,0.191722872,19.1722872,127.2646920998927,93.32744087325464,0.8484312806659513,0.8484312806659513,0.0,winter,day,3.642221967058041
2018-02-23 13:00:00,2263.12,66.75,11.47,0.0,0.19078693700000002,19.078693700000002,108.02158979557107,79.21583251675212,0.7201439319704739,0.7201439319704738,0.0,winter,day,3.462812646286473
2018-02-23 14:00:00,2256.08,22.25,10.7,0.0,0.19333337833333336,19.333337833333335,82.08290858840402,60.194132964829606,0.5472193905893602,0.5472193905893601,0.0,winter,day,0.0
2018-02-23 15:00:00,2251.04,13.12,9.44,137.0883994281824,0.19472135466666665,19.472135466666664,49.44864847839171,36.26234221748726,0.3296576565226114,0.3296576565226114,0.685441997140912,winter,day,137.0883994281824
2018-02-24 05:00:00,1748.8,52.06,-0.42,8.401341568054226,0.20076631666666667,20.076631666666668,89.62869047964452,65.72770635173931,0.5975246031976301,0.5975246031976301,0.042006707840271135,winter,day,8.401341568054226
2018-02-24 06:00:00,1899.8400000000001,424.08,2.88,0.0,0.181942024,18.1942024,111.37868243235602,81.67770045039441,0.7425245495490401,0.7425245495490401,0.0,winter,day,3.462812646286473
2018-02-24 07:00:00,2147.28,581.93,5.8,0.0,0.17276113433333334,17.276113433333336,127.85722536074735,93.76196526454805,0.8523815024049823,0.8523815024049823,0.0,winter,day,0.0
2018-02-24 08:00:00,2252.4,935.82,7.58,0.0,0.155921722,15.592172200000002,139.06431926481847,101.9805007942002,0.9270954617654564,0.9270954617654563,0.0,winter,day,0.0
2018-02-24 09:00:00,2252.64,550.64,9.17,0.0,0.17147962333333333,17.147962333333332,144.99996414456933,106.33330703935084,0.9666664276304622,0.9666664276304622,0.0,winter,day,3.462812646286473
2018-02-24 10:00:00,2244.4,302.45,10.24,0.0,0.1814686023333333,18.14686023333333,145.66415999999998,106.82038399999998,0.9710943999999999,0.9710943999999998,0.0,winter,day,68.56349317343306
2018-02-24 11:00:00,2250.2400000000002,954.03,11.06,0.0,0.15239396700000002,15.239396700000002,141.05690683111044,103.44173167614764,0.9403793788740696,0.9403793788740694,0.0,winter,day,0.0
2018-02-24 12:00:00,2258.64,228.33,11.14,0.0,0.183995845,18.3995845,131.17820463790065,96.19735006779382,0.874521364252671,0.8745213642526711,0.0,winter,day,0.0
2018-02-24 13:00:00,2254.7200000000003,129.74,10.42,0.3536992148462755,0.18886314333333334,18.886314333333335,116.0280534203707,85.08723917493852,0.7735203561358046,0.7735203561358047,0.0017684960742313774,winter,day,0.3536992148462755
2018-02-24 14:00:00,2264.2400000000002,360.73,9.88,32.97651951353243,0.17920839566666666,17.920839566666665,95.60645317852047,70.11139899758167,0.6373763545234697,0.6373763545234697,0.16488259756766216,winter,day,32.97651951353243
2018-02-24 15:00:00,2260.16,18.36,9.2,16.294731145433918,0.19468121199999996,19.468121199999995,69.9134039123501,51.26982953572341,0.46608935941566737,0.46608935941566737,0.0814736557271696,winter,day,16.294731145433918
2018-02-25 05:00:00,1637.8400000000001,98.48,2.32,13.443742174350719,0.19658886133333334,19.658886133333333,74.7169531616243,54.792432318524476,0.49811302107749533,0.4981130210774952,0.0672187108717536,winter,day,13.443742174350719
2018-02-25 06:00:00,1685.44,131.76,2.55,10.4191582874201,0.194956102,19.495610199999998,102.25488924051237,74.98691877637572,0.6816992616034158,0.6816992616034157,0.0520957914371005,winter,day,10.4191582874201
2018-02-25 07:00:00,1759.04,223.13,3.4,3.6596333594425325,0.1903017343333333,19.03017343333333,123.11857796379402,90.28695717344894,0.8207905197586268,0.8207905197586267,0.01829816679721266,winter,day,3.6596333594425325
2018-02-25 08:00:00,1836.56,273.01,3.59,4.602976992032398,0.18797607766666663,18.797607766666662,137.30801933146918,100.69254750974405,0.9153867955431279,0.9153867955431277,0.02301488496016199,winter,day,4.602976992032398
2018-02-25 09:00:00,1946.88,286.82,3.36,4.615036161797039,0.18755414333333334,18.755414333333334,144.82321334353782,106.20368978526106,0.9654880889569187,0.9654880889569187,0.023075180808985195,winter,day,4.615036161797039
2018-02-25 10:00:00,2014.0,388.9,4.39,0.0,0.18229109066666668,18.22910906666667,145.66415999999998,106.82038399999998,0.9710943999999999,0.9710943999999998,0.0,winter,day,28.65668184140537
2018-02-25 11:00:00,2050.88,177.07,4.78,6.377932442805329,0.19122763366666665,19.122763366666664,139.8308593008557,102.54263015396083,0.9322057286723714,0.9322057286723712,0.03188966221402664,winter,day,6.377932442805329
2018-02-25 12:00:00,2060.96,608.23,4.71,9.653909407900052,0.17246966366666666,17.246966366666665,127.3233112461049,93.37042824714358,0.8488220749740326,0.8488220749740325,0.04826954703950026,winter,day,9.653909407900052
2018-02-25 13:00:00,2055.6,441.2,4.4,6.350826208329666,0.18000121333333335,18.000121333333336,108.14151583574767,79.30377827954828,0.7209434389049845,0.7209434389049844,0.03175413104164833,winter,day,6.350826208329666
2018-02-25 14:00:00,2044.88,159.41,4.14,9.978762953802995,0.19250085433333333,19.250085433333332,82.28547306978386,60.34268025117482,0.5485698204652257,0.5485698204652256,0.04989381476901498,winter,day,9.978762953802995
2018-02-25 15:00:00,2035.1200000000001,18.36,3.42,9.838110271118916,0.19922082400000002,19.9220824,49.75518294821369,36.48713416202336,0.3317012196547579,0.3317012196547578,0.04919055135559458,winter,day,9.838110271118916
2018-02-26 05:00:00,1820.48,7.41,-1.06,0.0,0.20321720100000001,20.3217201,70.62116660204569,51.78885550816683,0.47080777734697127,0.4708077773469712,0.0,winter,day,0.0
2018-02-26 06:00:00,1886.88,92.75,0.57,0.0,0.19821333033333333,19.82133303333333,99.74886940321485,73.1491708956909,0.6649924626880991,0.6649924626880991,0.0,winter,day,0.0
2018-02-26 07:00:00,1984.0,223.75,2.71,0.0,0.19081660766666667,19.081660766666666,121.81702014359496,89.33248143863628,0.8121134676239664,0.8121134676239662,0.0,winter,day,41.582438880697104
2018-02-26 08:00:00,2078.56,349.97,4.01,0.0,0.18428818833333332,18.42881883333333,136.82561882318583,100.33878713700292,0.9121707921545722,0.9121707921545721,0.0,winter,day,0.0
2018-02-26 09:00:00,2182.32,439.53,5.63,0.0,0.179108039,17.9108039,144.7746654419875,106.16808799079082,0.9651644362799168,0.9651644362799165,0.0,winter,day,75.58853691038082
2018-02-26 10:00:00,2231.68,505.06,7.56,0.0,0.17473292466666668,17.473292466666667,145.66415999999998,106.82038399999998,0.9710943999999999,0.9710943999999998,0.0,winter,day,38.15543437669904
2018-02-26 11:00:00,2229.6,313.76,8.25,13.624461516768603,0.18253805533333334,18.253805533333335,139.49410249722334,102.29567516463042,0.9299606833148223,0.9299606833148221,0.06812230758384302,winter,day,13.624461516768603
2018-02-26 12:00:00,2205.6,455.88,8.37,43.37202997816266,0.176242638,17.6242638,126.26449293365746,92.59396148468213,0.8417632862243831,0.841763286224383,0.2168601498908133,winter,day,43.37202997816266
2018-02-26 13:00:00,2161.6,273.09,8.15,18.394310187471536,0.184391163,18.4391163,105.97533130930248,77.71524296015514,0.7065022087286832,0.7065022087286831,0.09197155093735768,winter,day,18.394310187471536
2018-02-26 14:00:00,2128.4,84.49,7.38,61.96240244520543,0.19322516766666667,19.322516766666666,78.62661762415821,57.65951959104935,0.5241774508277214,0.5241774508277214,0.3098120122260271,winter,day,61.96240244520543
2018-02-26 15:00:00,2108.7200000000003,4.37,6.33,55.61767893748338,0.19754574033333336,19.754574033333334,44.218351878224894,32.426791377364914,0.2947890125214993,0.2947890125214992,0.2780883946874169,winter,day,55.61767893748338
2018-02-27 05:00:00,2208.32,11.13,1.19,0.0,0.20128773500000002,20.1287735,71.28365606875796,52.27468111708917,0.4752243737917198,0.4752243737917198,0.0,winter,day,0.0
2018-02-27 06:00:00,2396.8,192.25,2.28,0.0,0.19252877966666665,19.252877966666667,100.15421565879524,73.44642481644983,0.667694771058635,0.6676947710586348,0.0,winter,day,57.810047517369355
2018-02-27 07:00:00,2668.8,441.84,3.62,0.0,0.1805859,18.05859,122.02754584693812,89.48686695442129,0.8135169723129209,0.8135169723129207,0.0,winter,day,7.776169537527482
2018-02-27 08:00:00,2755.6,785.41,5.05,0.0,0.16447167366666668,16.44716736666667,136.90364663318655,100.39600753100346,0.9126909775545771,0.912690977554577,0.0,winter,day,9.978762953802995
2018-02-27 09:00:00,2698.4,1087.95,6.65,0.0,0.150014205,15.001420500000002,144.78251801754053,106.17384654619636,0.9652167867836035,0.9652167867836032,0.0,winter,day,92.39021839893748
2018-02-27 10:00:00,2602.56,847.11,7.89,0.0,0.15954896100000002,15.954896100000001,145.66415999999998,106.82038399999998,0.9710943999999999,0.9710943999999998,0.0,winter,day,3.4634460633462423
2018-02-27 11:00:00,2530.16,792.26,8.35,0.0,0.16158096533333335,16.158096533333335,139.54857258056504,102.33561989241436,0.9303238172037669,0.9303238172037669,0.0,winter,day,13.180789234845852
2018-02-27 12:00:00,2456.16,501.16,8.98,98.5676046361434,0.17378782666666667,17.378782666666666,126.43575575923563,92.71955422343945,0.8429050383949043,0.842905038394904,0.492838023180717,winter,day,98.5676046361434
2018-02-27 13:00:00,2409.44,121.45,9.64,108.22824523681747,0.18983747566666664,18.983747566666665,106.3257095360118,77.97218699307533,0.708838063573412,0.7088380635734121,0.5411412261840873,winter,day,108.22824523681747
2018-02-27 14:00:00,2422.88,154.55,9.52,48.170415754295064,0.18848746033333336,18.848746033333335,79.21843391089344,58.09351820132185,0.5281228927392896,0.5281228927392896,0.24085207877147533,winter,day,48.170415754295064
2018-02-27 15:00:00,2434.16,98.69,8.4,74.45724798023048,0.19180446633333334,19.180446633333332,45.11392888388073,33.0835478481792,0.30075952589253824,0.3007595258925382,0.3722862399011524,winter,day,74.45724798023048
2018-02-28 05:00:00,1993.68,21.33,1.09,173.53337437933195,0.20092121500000001,20.0921215,82.09643744472616,60.20405412613252,0.5473095829648411,0.5473095829648411,0.8676668718966597,winter,day,173.53337437933195
2018-02-28 06:00:00,2162.48,77.88,3.36,168.73887396525996,0.196670892,19.667089200000003,106.77004981674635,78.29803653228065,0.7118003321116423,0.7118003321116423,0.8436943698262998,winter,day,168.73887396525996
2018-02-28 07:00:00,2423.92,372.97,6.18,151.7548107933411,0.18158030366666666,18.158030366666665,125.46362825828388,92.0066607227415,0.8364241883885591,0.8364241883885591,0.7587740539667055,winter,day,151.7548107933411
2018-02-28 08:00:00,2515.04,363.16,7.89,105.8673392277751,0.18066531266666666,18.066531266666665,138.17717276933865,101.329926697515,0.921181151795591,0.921181151795591,0.5293366961388756,winter,day,105.8673392277751
2018-02-28 09:00:00,2438.32,425.5,7.86,105.33389901952842,0.17796877266666666,17.796877266666666,144.9106833499107,106.26783445660116,0.966071222332738,0.9660712223327379,0.526669495097642,winter,day,105.33389901952842
2018-02-28 10:00:00,2352.2400000000002,470.58,8.94,98.9630084166193,0.17515355,17.515355,145.66415999999998,106.82038399999998,0.9710943999999999,0.9710943999999998,0.4948150420830965,winter,day,98.9630084166193
2018-02-28 11:00:00,2306.96,132.58,9.92,116.44108840389805,0.18913192466666665,18.913192466666665,140.43760271960656,102.98757532771148,0.936250684797377,0.9362506847973772,0.5822054420194902,winter,day,116.44108840389805
2018-02-28 12:00:00,2281.76,178.75,9.01,63.3087985965705,0.18783208766666665,18.783208766666665,129.23101150873043,94.76940843973563,0.8615400767248695,0.8615400767248693,0.31654399298285246,winter,day,63.3087985965705
2018-02-28 13:00:00,2266.56,73.24,7.68,15.68602038170202,0.19348042266666668,19.348042266666667,112.04438636737159,82.16588333607248,0.7469625757824773,0.7469625757824772,0.0784301019085101,winter,day,15.68602038170202
2018-02-28 14:00:00,2275.2000000000003,64.9,7.44,0.0,0.19403282066666666,19.403282066666666,88.87772729552995,65.17700001672195,0.5925181819701997,0.5925181819701996,0.0,winter,day,4.615036161797039
2018-02-28 15:00:00,2289.04,8.34,7.21,0.0,0.19668136399999997,19.668136399999998,59.73103429320567,43.80275848168415,0.39820689528803777,0.3982068952880377,0.0,winter,day,0.0
2018-12-01 05:00:00,1975.52,2.78,2.43,0.0,0.20067817733333335,20.067817733333335,88.6292935799743,64.99481529198115,0.5908619571998287,0.5908619571998287,0.0,winter,day,0.0
2018-12-01 06:00:00,2142.56,138.36,2.53,0.0,0.19468383,19.468383,110.76719830849463,81.22927875956272,0.7384479887232975,0.7384479887232974,0.0,winter,day,80.4942095952008
2018-12-01 07:00:00,2411.6,169.72,2.84,0.0,0.19307201466666668,19.30720146666667,127.53963731475739,93.52906736415542,0.8502642487650492,0.8502642487650494,0.0,winter,day,84.47873021712434
2018-12-01 08:00:00,2539.36,202.32,3.69,0.0,0.190981978,19.0981978,138.94661059876253,101.8941811057592,0.9263107373250835,0.9263107373250836,0.0,winter,day,32.97651951353243
2018-12-01 09:00:00,2494.64,205.53,4.47,0.0,0.190229303,19.0229303,144.98811816051008,106.32461998437405,0.9665874544034005,0.9665874544034004,0.0,winter,day,41.94305321414414
2018-12-01 10:00:00,2421.76,235.51,4.91,0.0,0.18857559966666665,18.857559966666663,145.66415999999998,106.82038399999998,0.9710943999999999,0.9710943999999998,0.0,winter,day,50.4189402418382
2018-12-01 11:00:00,2388.96,204.75,5.22,0.0,0.18967428699999997,18.967428699999996,140.9747361172323,103.38147315263701,0.939831574114882,0.9398315741148819,0.0,winter,day,45.18052357420121
2018-12-01 12:00:00,2343.12,159.02,5.39,0.0,0.19153612133333334,19.153612133333333,130.919846512207,96.00788744228512,0.8727989767480466,0.8727989767480466,0.0,winter,day,0.0
2018-12-01 13:00:00,2298.7200000000003,255.46,5.32,0.0,0.18738310066666666,18.738310066666667,115.49949118492412,84.69962686894436,0.7699966078994942,0.7699966078994942,0.0,winter,day,0.0
2018-12-01 14:00:00,2290.32,4.37,5.04,0.0,0.19855890633333334,19.855890633333335,94.71367013538358,69.45669143261462,0.6314244675692239,0.6314244675692238,0.0,winter,day,0.0
2018-12-02 05:00:00,2112.4,2.78,0.23,42.184539679800544,0.2024060573333333,20.240605733333332,65.63437023950794,48.13187150897248,0.4375624682633863,0.4375624682633862,0.2109226983990027,winter,day,42.184539679800544
2018-12-02 06:00:00,2199.84,72.24,1.06,35.56304625470044,0.198723404,19.8723404,96.69768242672154,70.91163377959579,0.6446512161781436,0.6446512161781436,0.17781523127350218,winter,day,35.56304625470044
2018-12-02 07:00:00,2316.56,211.11,4.54,18.90156663166175,0.189930851,18.993085100000002,120.23231749637762,88.17036616401025,0.8015487833091841,0.8015487833091841,0.09450783315830875,winter,day,18.90156663166175
2018-12-02 08:00:00,2408.48,570.27,5.87,0.0,0.173214921,17.3214921,136.23827544847606,99.90806866221577,0.9082551696565071,0.908255169656507,0.0,winter,day,3.878828621023747
2018-12-02 09:00:00,2441.52,491.84,7.06,8.663013277597276,0.17570245733333334,17.570245733333334,144.71555628301687,106.12474127421234,0.9647703752201124,0.9647703752201122,0.04331506638798638,winter,day,8.663013277597276
2018-12-02 10:00:00,2386.16,124.23,8.33,0.0,0.190745049,19.0745049,145.66415999999998,106.82038399999998,0.9710943999999999,0.9710943999999998,0.0,winter,day,9.134121004178086
2018-12-02 11:00:00,2327.84,183.68,8.99,0.0,0.18763268333333333,18.763268333333333,139.08408659942555,101.99499683957872,0.9272272439961703,0.9272272439961702,0.0,winter,day,11.429087236552274
2018-12-02 12:00:00,2272.48,241.45,9.2,0.0,0.18494705166666667,18.494705166666666,124.97533608129345,91.64857979294852,0.833168907208623,0.8331689072086229,0.0,winter,day,25.487669015061233
2018-12-02 13:00:00,2240.7200000000003,333.35,9.1,0.0,0.1810156883333333,18.10156883333333,103.3379084456038,75.78113286010944,0.6889193896373587,0.6889193896373585,0.0,winter,day,0.0
2018-12-02 14:00:00,2219.12,7.87,8.07,0.0,0.19602642766666664,19.602642766666666,74.1718036923564,54.39265604106136,0.49447869128237604,0.494478691282376,0.0,winter,day,0.0
2018-12-03 06:00:00,2030.0800000000002,125.76,1.14,0.0,0.196325316,19.6325316,126.3955797637752,92.69009182676848,0.842637198425168,0.842637198425168,0.0,winter,day,18.394310187471536
2018-12-03 07:00:00,2105.28,336.13,4.32,0.0,0.18464859966666666,18.464859966666666,135.6565890632762,99.48149864640251,0.9043772604218412,0.9043772604218411,0.0,winter,day,64.47201295881466
2018-12-03 08:00:00,2182.7200000000003,472.68,6.84,0.0,0.17671126,17.671126,141.95502220248062,104.10034961515245,0.9463668146832042,0.9463668146832042,0.0,winter,day,0.0
2018-12-03 09:00:00,2259.68,384.31,8.32,0.0,0.17940474566666664,17.940474566666666,145.29087918138856,106.54664473301827,0.9686058612092571,0.968605861209257,0.0,winter,day,0.0
2018-12-03 10:00:00,2285.12,339.58,9.61,0.0,0.18034329866666665,18.034329866666667,145.66415999999998,106.82038399999998,0.9710943999999999,0.9710943999999998,0.0,winter,day,68.04181815669827
2018-12-03 11:00:00,2268.48,286.99,10.16,0.0,0.18220600566666664,18.220600566666665,143.07486465831488,104.92156741609759,0.9538324310554326,0.9538324310554326,0.0,winter,day,0.9842385268015414
2018-12-03 12:00:00,2241.92,190.64,10.17,0.0,0.18640222333333334,18.640222333333334,137.52299315633329,100.85019498131106,0.9168199543755552,0.9168199543755551,0.0,winter,day,41.95303029051137
2018-12-03 13:00:00,2211.84,146.25,9.91,0.0,0.18854331100000002,18.854331100000003,129.0085454940552,94.60626669564046,0.860056969960368,0.8600569699603678,0.0,winter,day,26.579422416289567
2018-12-03 14:00:00,2187.04,4.37,8.78,0.06554804046507232,0.1956215103333333,19.56215103333333,117.53152167148053,86.18978255908571,0.7835434778098702,0.7835434778098701,0.00032774020232536157,winter,day,0.06554804046507232
2018-12-04 05:00:00,2203.04,2.78,0.64,36.599307472367386,0.20208404333333332,20.208404333333334,103.53439969266533,75.92522644128792,0.6902293312844355,0.6902293312844356,0.18299653736183694,winter,day,36.599307472367386
2018-12-04 06:00:00,2398.56,229.28,1.63,52.80576179766538,0.19142354733333333,19.142354733333335,119.88693417658412,87.91708506282835,0.7992462278438941,0.7992462278438941,0.2640288089883269,winter,day,52.80576179766538
2018-12-04 07:00:00,2683.92,337.97,4.75,32.576457541569035,0.18423059233333333,18.423059233333333,132.27617744927701,97.0025301294698,0.8818411829951801,0.88184118299518,0.16288228770784519,winter,day,32.576457541569035
2018-12-04 08:00:00,2806.08,208.0,7.18,56.38430148342614,0.18799309466666667,18.799309466666667,140.70212951074396,103.18156164121223,0.938014196738293,0.938014196738293,0.28192150741713073,winter,day,56.38430148342614
2018-12-04 09:00:00,2773.92,56.55,9.08,68.53787160490056,0.193109103,19.3109103,145.16479036098494,106.45417959805562,0.9677652690732329,0.9677652690732329,0.3426893580245028,winter,day,68.53787160490056
2018-12-04 10:00:00,2668.96,114.03,10.34,51.4798713870965,0.18961145499999998,18.961145499999997,145.66415999999998,106.82038399999998,0.9710943999999999,0.9710943999999998,0.2573993569354825,winter,day,51.4798713870965
2018-12-04 11:00:00,2578.7200000000003,128.36,11.16,53.94753090098629,0.18834216133333334,18.834216133333335,142.2002384277891,104.28017484704533,0.9480015895185939,0.9480015895185939,0.2697376545049314,winter,day,53.94753090098629
2018-12-04 12:00:00,2519.04,56.55,11.21,72.41751775822979,0.191436201,19.1436201,134.7730256443523,98.83355213919165,0.8984868376290153,0.898486837629015,0.36208758879114894,winter,day,72.41751775822979
2018-12-04 13:00:00,2468.56,74.75,10.73,118.27704017487194,0.19101906633333332,19.101906633333332,123.38252164968952,90.48051587643899,0.8225501443312635,0.8225501443312635,0.5913852008743598,winter,day,118.27704017487194
2018-12-05 05:00:00,1997.6000000000001,1.86,4.5,0.0,0.19909254199999996,19.909254199999996,66.70308775832032,48.9155976894349,0.44468725172213547,0.4446872517221354,0.0,winter,day,2.37338512067923
2018-12-05 06:00:00,2154.7200000000003,130.84,4.86,0.0,0.19318197066666665,19.318197066666663,97.35158058856491,71.39115909828092,0.6490105372570995,0.6490105372570993,0.0,winter,day,1.0288640277692336
2018-12-05 07:00:00,2413.12,109.86,5.71,0.0,0.19342980799999998,19.3429808,120.57193422785524,88.4194184337605,0.8038128948523683,0.8038128948523682,0.0,winter,day,4.774513302435502
2018-12-05 08:00:00,2539.92,320.84,7.48,0.0,0.18283388933333333,18.283388933333335,136.36414867619118,100.00037569587353,0.9090943245079411,0.9090943245079411,0.0,winter,day,0.06554804046507232
2018-12-05 09:00:00,2529.04,451.73,8.8,0.0,0.17608599433333333,17.60859943333333,144.72822393357276,106.13403088462003,0.9648548262238185,0.9648548262238185,0.0,winter,day,47.70720604138768
2018-12-05 10:00:00,2514.08,408.42,9.74,0.0,0.177237478,17.7237478,145.66415999999998,106.82038399999998,0.9710943999999999,0.9710943999999998,0.0,winter,day,39.0466976403449
2018-12-05 11:00:00,2500.56,218.16,10.12,0.0,0.185240704,18.5240704,139.1719568754729,102.05943504201343,0.9278130458364859,0.9278130458364857,0.0,winter,day,18.935296847770203
2018-12-05 12:00:00,2489.2000000000003,175.65,9.52,0.0,0.187566797,18.7566797,125.25161455999141,91.85118401066036,0.8350107637332761,0.835010763733276,0.0,winter,day,43.68238615322639
2018-12-05 13:00:00,2455.92,74.81,9.49,0.0,0.19199034433333334,19.199034433333335,103.90313305355564,76.19563090594079,0.6926875536903709,0.6926875536903708,0.0,winter,day,8.401341568054226
2018-12-05 14:00:00,2464.32,4.37,8.53,178.78534132292253,0.19581786033333332,19.58178603333333,75.12651235616542,55.09277572785463,0.5008434157077695,0.5008434157077694,0.8939267066146127,winter,day,178.78534132292253
2018-12-06 06:00:00,2106.48,21.33,4.58,178.79496683766808,0.198180169,19.8180169,111.15432877774569,81.5131744370135,0.7410288585183046,0.7410288585183046,0.8939748341883405,winter,day,178.79496683766808
2018-12-06 07:00:00,2409.44,83.44,4.98,178.79780357627064,0.19515594266666664,19.515594266666664,127.74070223938084,93.67651497554594,0.8516046815958722,0.8516046815958722,0.8939890178813532,winter,day,178.79780357627064
2018-12-06 08:00:00,2585.2000000000003,77.88,5.01,119.6543616261313,0.19537498199999997,19.537498199999998,139.0211319303016,101.94883008222116,0.9268075462020107,0.9268075462020106,0.5982718081306565,winter,day,119.6543616261313
2018-12-06 09:00:00,2599.68,85.29,4.92,113.56810258583019,0.19512234499999997,19.512234499999998,144.99561785050798,106.33011975703917,0.9666374523367199,0.9666374523367197,0.5678405129291509,winter,day,113.56810258583019
2018-12-06 10:00:00,2598.7200000000003,144.97,4.56,133.4486819588407,0.19280105166666667,19.280105166666665,145.66415999999998,106.82038399999998,0.9710943999999999,0.9710943999999998,0.6672434097942035,winter,day,133.4486819588407
2018-12-06 11:00:00,2571.2000000000003,117.75,4.02,168.8509493856916,0.194412867,19.4412867,141.02675837877763,103.4196228111036,0.9401783891918508,0.9401783891918508,0.8442547469284579,winter,day,168.8509493856916
2018-12-06 12:00:00,2515.52,143.24,3.06,151.2347299267186,0.19405463733333334,19.405463733333335,131.08341298684093,96.12783619035,0.8738894199122729,0.8738894199122726,0.7561736496335929,winter,day,151.2347299267186
2018-12-06 13:00:00,2462.8,25.03,2.08,162.99776357775545,0.19998222566666668,19.99822256666667,115.83412382418986,84.94502413773921,0.7722274921612657,0.7722274921612655,0.8149888178887772,winter,day,162.99776357775545
2018-12-07 06:00:00,2353.44,160.52,0.55,132.2581124655854,0.19527200733333336,19.527200733333334,129.5882189394385,95.03136055558822,0.8639214595962567,0.8639214595962565,0.661290562327927,winter,day,132.2581124655854
2018-12-07 07:00:00,2643.6,189.1,0.92,63.76795625871767,0.19373436866666668,19.37343686666667,137.3147580946274,100.6974892693934,0.9154317206308493,0.9154317206308491,0.31883978129358836,winter,day,63.76795625871767
2018-12-07 08:00:00,2765.92,189.87,1.69,41.94305321414414,0.193096013,19.3096013,142.5695946564506,104.55103608139709,0.9504639643763373,0.9504639643763372,0.20971526607072072,winter,day,41.94305321414414
2018-12-07 09:00:00,2716.16,251.34,2.95,68.61106309769188,0.189424268,18.9424268,145.35272862490814,106.59200099159929,0.9690181908327209,0.9690181908327208,0.3430553154884594,winter,day,68.61106309769188
2018-12-07 10:00:00,2632.4,189.78,3.67,37.306637332390196,0.19154484799999996,19.154484799999995,145.66415999999998,106.82038399999998,0.9710943999999999,0.9710943999999998,0.18653318666195098,winter,day,37.306637332390196
2018-12-07 11:00:00,2578.16,233.92,3.86,46.22354326097479,0.18946964666666666,18.946964666666666,143.50388878172618,105.23618510659918,0.9566925918781745,0.9566925918781743,0.23111771630487396,winter,day,46.22354326097479
2018-12-07 12:00:00,2531.84,200.57,3.96,38.15543437669904,0.1908462783333333,19.084627833333332,138.8719149700867,101.8394043113969,0.9258127664672446,0.9258127664672446,0.19077717188349522,winter,day,38.15543437669904
2018-12-07 13:00:00,2493.52,75.87,3.74,41.64257713293131,0.196460143,19.6460143,131.76823856508156,96.63004161439314,0.8784549237672103,0.8784549237672103,0.20821288566465654,winter,day,41.64257713293131
2018-12-08 06:00:00,2393.76,410.97,-2.6,0.0,0.186818049,18.681804900000003,129.47472589085777,94.94813231996237,0.8631648392723851,0.8631648392723852,0.0,winter,day,69.77472600407381
2018-12-08 07:00:00,2675.68,642.48,-0.88,0.0,0.17536560799999998,17.536560799999997,137.25581292479274,100.65426281151468,0.9150387528319516,0.9150387528319517,0.0,winter,day,0.0
2018-12-08 08:00:00,2813.44,820.79,0.62,14.648527183007326,0.1664072483333333,16.64072483333333,142.54774762096145,104.53501492203839,0.9503183174730763,0.9503183174730763,0.07324263591503663,winter,day,14.648527183007326
2018-12-08 09:00:00,2810.96,887.23,1.85,10.339452297164991,0.16254220766666666,16.254220766666666,145.35052997936384,106.59038865153349,0.9690035331957589,0.9690035331957589,0.05169726148582496,winter,day,10.339452297164991
2018-12-08 10:00:00,2785.36,929.74,2.78,25.487669015061233,0.15995693266666666,15.995693266666667,145.66415999999998,106.82038399999998,0.9710943999999999,0.9710943999999998,0.12743834507530616,winter,day,25.487669015061233
2018-12-08 11:00:00,2756.08,775.45,3.51,39.76519867396725,0.1661157776666667,16.61157776666667,143.48863768286986,105.22500096743788,0.9565909178857991,0.9565909178857989,0.19882599336983625,winter,day,39.76519867396725
2018-12-08 12:00:00,2709.44,606.13,3.85,50.183775823965036,0.17323673766666667,17.323673766666666,138.82396302797343,101.80423955384718,0.9254930868531562,0.9254930868531562,0.2509188791198252,winter,day,50.183775823965036
2018-12-08 13:00:00,2689.76,386.13,3.73,98.19439772909182,0.18293031899999998,18.2930319,131.67013603531078,96.5580997592279,0.8778009069020718,0.8778009069020718,0.4909719886454591,winter,day,98.19439772909182
2018-12-08 14:00:00,2700.96,5.25,3.01,158.62980439330772,0.200114871,20.0114871,122.0271567048818,89.48658158357999,0.8135143780325453,0.8135143780325453,0.7931490219665386,winter,day,158.62980439330772
2018-12-09 06:00:00,2235.12,117.82,-1.63,178.85376248819182,0.19884732266666666,19.884732266666667,119.92791673809512,87.94713894126974,0.7995194449206341,0.799519444920634,0.8942688124409591,winter,day,178.85376248819182
2018-12-09 07:00:00,2339.28,364.25,2.08,178.8287894902374,0.18518092633333333,18.51809263333333,132.2974626652328,97.01813928783739,0.8819830844348854,0.8819830844348854,0.894143947451187,winter,day,178.8287894902374
2018-12-09 08:00:00,2454.08,766.14,4.58,178.8328506331089,0.165681626,16.5681626,140.71001851792954,103.18734691314832,0.9380667901195303,0.9380667901195302,0.8941642531655445,winter,day,178.8328506331089
2018-12-09 09:00:00,2577.52,555.24,6.37,178.84949525747342,0.17347803,17.347803,145.16558429618527,106.45476181720252,0.9677705619745685,0.9677705619745683,0.8942474762873671,winter,day,178.84949525747342
2018-12-09 10:00:00,2689.44,253.94,7.74,174.60875288881928,0.18554875533333334,18.554875533333334,145.66415999999998,106.82038399999998,0.9710943999999999,0.9710943999999998,0.8730437644440964,winter,day,174.60875288881928
2018-12-09 11:00:00,2768.7200000000003,235.71,8.53,178.55111642317644,0.185723725,18.5723725,142.20574562937375,104.28421346154073,0.948038304195825,0.9480383041958248,0.8927555821158822,winter,day,178.55111642317644
2018-12-09 12:00:00,2803.04,216.48,8.87,177.0349402541646,0.186295758,18.6295758,134.7903411843065,98.84625020182477,0.8986022745620433,0.8986022745620434,0.8851747012708231,winter,day,177.0349402541646
2018-12-09 13:00:00,2798.8,440.21,8.58,178.83668144250385,0.17676143833333333,17.67614383333333,123.41794666479834,90.5064942208521,0.8227863110986555,0.8227863110986555,0.8941834072125192,winter,day,178.83668144250385
2018-12-09 14:00:00,2784.88,6.99,7.09,178.84194274401463,0.19683451700000001,19.683451700000003,108.08856207084911,79.26494551862268,0.7205904138056607,0.7205904138056607,0.8942097137200732,winter,day,178.84194274401463
2018-12-10 06:00:00,2323.04,28.74,4.07,132.05421884782035,0.1982574,19.82574,100.33100226103603,73.57606832475976,0.6688733484069069,0.6688733484069069,0.6602710942391018,winter,day,132.05421884782035
2018-12-10 07:00:00,2410.08,195.36,5.31,178.19860922195366,0.190013318,19.0013318,122.11936394878568,89.55420022910948,0.8141290929919045,0.8141290929919044,0.8909930461097683,winter,day,178.19860922195366
2018-12-10 08:00:00,2483.52,321.2,6.95,143.28862504798306,0.18323444333333333,18.323444333333335,136.9376774678629,100.42096347643276,0.9129178497857526,0.9129178497857524,0.7164431252399153,winter,day,143.28862504798306
2018-12-10 09:00:00,2558.2400000000002,869.84,8.17,173.96264324222818,0.1583372633333333,15.833726333333331,144.78594281826764,106.1763580667296,0.965239618788451,0.965239618788451,0.8698132162111409,winter,day,173.96264324222818
2018-12-10 10:00:00,2584.64,359.92,8.77,109.87157760754943,0.18011553266666666,18.011553266666667,145.66415999999998,106.82038399999998,0.9710943999999999,0.9710943999999998,0.5493578880377471,winter,day,109.87157760754943
2018-12-10 11:00:00,2566.88,546.18,9.13,68.67293188170191,0.17170564400000002,17.170564400000004,139.57232901305994,102.35304127624394,0.9304821934203996,0.9304821934203995,0.3433646594085096,winter,day,68.67293188170191
2018-12-10 12:00:00,2540.96,98.97,9.11,127.7930737822935,0.191234615,19.1234615,126.51044985744747,92.77432989546146,0.8434029990496498,0.8434029990496497,0.6389653689114675,winter,day,127.7930737822935
2018-12-10 13:00:00,2522.2400000000002,67.88,8.72,34.754933375991186,0.19289748133333331,19.289748133333333,106.47852253316262,78.0842498576526,0.7098568168877508,0.7098568168877508,0.17377466687995594,winter,day,34.754933375991186
2018-12-11 06:00:00,2455.36,166.54,2.1,121.99034312847692,0.19379196466666665,19.379196466666667,126.47310261846431,92.74694192020715,0.8431540174564287,0.8431540174564286,0.6099517156423846,winter,day,121.99034312847692
2018-12-11 07:00:00,2744.08,189.26,2.23,59.990002335165364,0.19269851333333332,19.26985133333333,135.69685230312092,99.51102502228865,0.9046456820208061,0.9046456820208059,0.2999500116758268,winter,day,59.990002335165364
2018-12-11 08:00:00,2881.68,356.1,2.54,43.68238615322639,0.185175254,18.5175254,141.96994509492907,104.11129306961463,0.9464663006328605,0.9464663006328603,0.21841193076613194,winter,day,43.68238615322639
2018-12-11 09:00:00,2861.12,165.35,2.88,34.60589549402433,0.19323127633333334,19.323127633333335,145.29238099388874,106.54774606218507,0.9686158732925916,0.9686158732925916,0.17302947747012165,winter,day,34.60589549402433
2018-12-11 10:00:00,2789.52,330.84,3.53,50.6911519809491,0.185499886,18.5499886,145.66415999999998,106.82038399999998,0.9710943999999999,0.9710943999999998,0.2534557599047455,winter,day,50.6911519809491
2018-12-11 11:00:00,2712.96,79.74,3.6,41.365604158409816,0.19640123799999998,19.640123799999998,143.0852821132628,104.92920688305936,0.9539018807550853,0.9539018807550851,0.2068280207920491,winter,day,41.365604158409816
2018-12-11 12:00:00,2652.7200000000003,355.46,3.7,1.4500073848004127,0.1842921153333333,18.42921153333333,137.55574733367712,100.87421471136321,0.9170383155578474,0.9170383155578473,0.007250036924002064,winter,day,1.4500073848004127
2018-12-11 13:00:00,2610.8,154.7,3.33,1.0910351244667655,0.19334254133333334,19.334254133333335,129.07555566124304,94.65540748491155,0.8605037044082869,0.8605037044082868,0.005455175622333827,winter,day,1.0910351244667655
2018-12-12 06:00:00,2373.84,79.2,-1.19,19.46345302422907,0.20018686600000002,20.018686600000002,127.80168317616607,93.72123432918843,0.8520112211744404,0.8520112211744403,0.09731726512114536,winter,day,19.46345302422907
2018-12-12 07:00:00,2642.96,157.0,-0.03,6.810060774581441,0.19588112866666665,19.588112866666666,136.3868805259246,100.01704571901135,0.9092458701728307,0.9092458701728304,0.0340503038729072,winter,day,6.810060774581441
2018-12-12 08:00:00,2770.0,162.2,0.94,18.813115546067056,0.19489239733333333,19.48923973333333,142.2256924464831,104.29884112742093,0.948171282976554,0.9481712829765538,0.09406557773033528,winter,day,18.813115546067056
2018-12-12 09:00:00,2758.2400000000002,114.03,2.02,17.005979705257086,0.19614598300000002,19.6145983,145.31811893784155,106.56662055441713,0.9687874595856103,0.9687874595856103,0.08502989852628544,winter,day,17.005979705257086
2018-12-12 10:00:00,2737.2000000000003,89.01,2.75,8.327573483896431,0.19666434700000002,19.666434700000003,145.66415999999998,106.82038399999998,0.9710943999999999,0.9710943999999998,0.04163786741948216,winter,day,8.327573483896431
2018-12-12 11:00:00,2716.2400000000002,193.46,3.23,3.642221967058041,0.19172985333333334,19.172985333333333,143.2638156329584,105.06013146416947,0.9550921042197227,0.9550921042197225,0.018211109835290205,winter,day,3.642221967058041
2018-12-12 12:00:00,2694.8,109.95,3.44,4.2668162697043135,0.19520873900000002,19.5208739,138.11708583671677,101.28586294692562,0.9207805722447785,0.9207805722447784,0.021334081348521567,winter,day,4.2668162697043135
2018-12-12 13:00:00,2665.68,84.74,2.99,3.2349931386732114,0.19666216533333333,19.666216533333333,130.22397061127515,95.49757844826843,0.8681598040751677,0.8681598040751676,0.01617496569336606,winter,day,3.2349931386732114
2018-12-12 14:00:00,2663.36,6.12,2.41,0.0,0.20054814999999998,20.054814999999998,119.58446995663346,87.69527796819784,0.7972297997108897,0.7972297997108895,0.0,winter,day,9.894647289758538
2018-12-13 06:00:00,2885.52,48.21,-5.04,96.18977517800181,0.20456285300000002,20.4562853,98.74171884200719,72.41059381747192,0.6582781256133813,0.6582781256133811,0.48094887589000906,winter,day,96.18977517800181
2018-12-13 07:00:00,3180.7200000000003,89.01,-4.18,109.7776257948568,0.202107169,20.2107169,121.29393382578216,88.94888480557357,0.8086262255052145,0.8086262255052142,0.548888128974284,winter,day,109.7776257948568
2018-12-13 08:00:00,3292.8,122.38,-3.07,109.16796945159071,0.19977933066666664,19.977933066666665,136.63174568003927,100.19661349869546,0.9108783045335952,0.9108783045335951,0.5458398472579535,winter,day,109.16796945159071
2018-12-13 09:00:00,3235.92,215.37,-1.93,128.87168908326302,0.19482651099999998,19.482651099999998,144.75515440477858,106.1537798968376,0.9650343626985238,0.9650343626985237,0.6443584454163152,winter,day,128.87168908326302
2018-12-13 10:00:00,3144.96,342.63,-0.98,96.79323070163058,0.18852760300000002,18.8527603,145.66415999999998,106.82038399999998,0.9710943999999999,0.9710943999999998,0.48396615350815286,winter,day,96.79323070163058
2018-12-13 11:00:00,3087.52,431.34,-0.16,124.29120483709757,0.184012862,18.4012862,139.35876246570362,102.19642580818264,0.9290584164380241,0.929058416438024,0.6214560241854878,winter,day,124.29120483709757
2018-12-13 12:00:00,3020.48,401.35,0.29,159.26399731320478,0.18496799566666666,18.496799566666667,125.83896180188941,92.28190532138557,0.8389264120125961,0.8389264120125961,0.7963199865660239,winter,day,159.26399731320478
2018-12-13 13:00:00,2955.76,259.42,0.33,178.32184975457733,0.19112945866666667,19.112945866666667,105.10475800855743,77.07682253960877,0.7006983867237162,0.7006983867237161,0.8916092487728866,winter,day,178.32184975457733
2018-12-13 14:00:00,2934.16,6.99,-0.27,178.74551787715563,0.20261506099999999,20.2615061,77.1561510857075,56.58117746285217,0.5143743405713834,0.5143743405713833,0.8937275893857781,winter,day,178.74551787715563
2018-12-14 06:00:00,2643.6,37.08,-0.8,23.073142281952524,0.201718396,20.1718396,121.53900671106032,89.12860492144424,0.8102600447404021,0.8102600447404021,0.11536571140976262,winter,day,23.073142281952524
2018-12-14 07:00:00,2879.76,71.38,-0.12,50.62515840929131,0.19968770066666666,19.968770066666668,133.1342185129513,97.63176024283095,0.8875614567530086,0.8875614567530087,0.2531257920464565,winter,day,50.62515840929131
2018-12-14 08:00:00,3005.2000000000003,139.2,0.73,46.310769942300794,0.196060898,19.6060898,141.02014799507157,103.4147751963858,0.9401343199671438,0.9401343199671437,0.23155384971150397,winter,day,46.310769942300794
2018-12-14 09:00:00,2993.04,115.89,1.75,31.982921510938827,0.19627688299999999,19.6276883,145.19679515742112,106.47764978210881,0.9679786343828075,0.9679786343828074,0.15991460755469414,winter,day,31.982921510938827
2018-12-14 10:00:00,2953.6,38.01,2.12,45.453065660008,0.199384449,19.9384449,145.66415999999998,106.82038399999998,0.9710943999999999,0.9710943999999998,0.22726532830004,winter,day,45.453065660008
2018-12-14 11:00:00,2915.44,57.48,2.7,62.67366009713926,0.198079376,19.8079376,142.42224252280815,104.44297785005931,0.949481616818721,0.949481616818721,0.3133683004856963,winter,day,62.67366009713926
2018-12-14 12:00:00,2867.76,31.52,2.71,47.71595568278264,0.1992042433333333,19.92042433333333,135.47104272584562,99.34543133228678,0.9031402848389708,0.9031402848389707,0.2385797784139132,winter,day,47.71595568278264
2018-12-14 13:00:00,2812.96,36.16,4.24,83.16172582961326,0.19780012266666663,19.780012266666663,124.81056060911243,91.52774444668243,0.8320704040607495,0.8320704040607494,0.4158086291480663,winter,day,83.16172582961326
2018-12-14 14:00:00,2782.32,1.75,3.98,81.20636433541067,0.19950574966666668,19.950574966666668,110.44079617260847,80.9899171932462,0.7362719744840565,0.7362719744840563,0.4060318216770533,winter,day,81.20636433541067
2018-12-15 06:00:00,2790.96,46.35,2.57,178.850040784128,0.198667117,19.8667117,95.02357916729021,69.68395805601281,0.6334905277819347,0.6334905277819347,0.89425020392064,winter,day,178.850040784128
2018-12-15 07:00:00,3056.96,51.92,3.81,178.85952082509905,0.19745018333333333,19.745018333333334,119.36283427972305,87.53274513846355,0.795752228531487,0.7957522285314869,0.8942976041254953,winter,day,178.85952082509905
2018-12-15 08:00:00,3190.2400000000002,123.81,5.11,178.86696423322724,0.193292363,19.329236299999998,135.91601612265228,99.67174515661166,0.9061067741510151,0.9061067741510151,0.8943348211661362,winter,day,178.86696423322724
2018-12-15 09:00:00,3189.92,268.22,5.78,178.8749167995661,0.18646505533333332,18.646505533333332,144.68312469607793,106.10095811045714,0.9645541646405195,0.9645541646405195,0.8943745839978305,winter,day,178.8749167995661
2018-12-15 10:00:00,3163.12,377.5,7.03,126.05272252678982,0.18071505466666665,18.071505466666665,145.66415999999998,106.82038399999998,0.9710943999999999,0.9710943999999998,0.6302636126339491,winter,day,126.05272252678982
2018-12-15 11:00:00,3145.84,529.43,8.26,125.35262998704798,0.17311980033333332,17.31198003333333,138.8591220344185,101.83002282524023,0.9257274802294567,0.9257274802294567,0.6267631499352398,winter,day,125.35262998704798
2018-12-15 12:00:00,3128.2400000000002,380.58,8.48,78.55210439869892,0.17944183400000002,17.944183400000004,124.26801079933344,91.12987458617785,0.8284534053288896,0.8284534053288896,0.3927605219934946,winter,day,78.55210439869892
2018-12-15 13:00:00,3098.64,85.75,9.19,82.29475062490023,0.19174861566666668,19.174861566666667,101.89082629474485,74.71993928281289,0.6792721752982991,0.679272175298299,0.4114737531245012,winter,day,82.29475062490023
2018-12-16 06:00:00,2620.32,118.03,2.55,26.848557991210335,0.19555518766666663,19.555518766666662,100.71693956264173,73.85908901260393,0.6714462637509448,0.6714462637509448,0.13424278995605168,winter,day,26.848557991210335
2018-12-16 07:00:00,2732.7200000000003,93.51,3.91,18.935296847770203,0.195556933,19.555693299999998,122.31980917493085,89.70119339494929,0.815465394499539,0.8154653944995389,0.09467648423885101,winter,day,18.935296847770203
2018-12-16 08:00:00,2824.2400000000002,111.25,5.67,131.9674316185217,0.1934005736666667,19.34005736666667,137.01196911858693,100.47544402029709,0.9134131274572462,0.9134131274572462,0.6598371580926085,winter,day,131.9674316185217
2018-12-16 09:00:00,2899.2000000000003,260.65,7.22,123.25544368553065,0.18566438366666665,18.566438366666667,144.79341939361,106.18184088864732,0.9652894626240667,0.9652894626240665,0.6162772184276533,winter,day,123.25544368553065
2018-12-16 10:00:00,2909.44,234.26,8.33,131.5352775257647,0.18594407333333335,18.594407333333336,145.66415999999998,106.82038399999998,0.9710943999999999,0.9710943999999998,0.6576763876288235,winter,day,131.5352775257647
2018-12-16 11:00:00,2838.0,163.09,8.75,82.12811041621985,0.18871958966666663,18.871958966666664,139.624190937757,102.39107335435511,0.9308279395850466,0.9308279395850465,0.4106405520810993,winter,day,82.12811041621985
2018-12-16 12:00:00,2751.12,473.7,8.64,51.62625437267863,0.17525303399999997,17.5253034,126.67351220688096,92.89390895171269,0.8444900813792063,0.8444900813792062,0.25813127186339313,winter,day,51.62625437267863
2018-12-16 13:00:00,2661.12,172.44,8.31,26.57026362990388,0.18865719399999997,18.865719399999996,106.81212380737193,78.32889079207274,0.7120808253824795,0.7120808253824794,0.1328513181495194,winter,day,26.57026362990388
2018-12-16 14:00:00,2610.96,6.12,7.5,50.4189402418382,0.19655046399999998,19.655046399999996,80.0400257392298,58.696018875435186,0.5336001715948654,0.5336001715948653,0.252094701209191,winter,day,50.4189402418382
2018-12-17 06:00:00,2335.04,103.91,2.12,0.6009522097804116,0.1965090123333333,19.65090123333333,119.5165729398324,87.64548682254375,0.796777152932216,0.7967771529322158,0.003004761048902058,winter,day,0.6009522097804116
2018-12-17 07:00:00,2430.56,216.05,4.46,4.774513302435502,0.18977813433333335,18.977813433333335,132.08382200307565,96.86146946892214,0.8805588133538377,0.8805588133538376,0.02387256651217751,winter,day,4.774513302435502
2018-12-17 08:00:00,2508.4,264.75,6.95,0.9842385268015414,0.18569754500000002,18.569754500000002,140.63083620085135,103.12927988062431,0.9375389080056756,0.9375389080056755,0.004921192634007707,winter,day,0.9842385268015414
2018-12-17 09:00:00,2571.28,361.32,8.18,0.0,0.180517832,18.0517832,145.15761553315946,106.44891805765025,0.9677174368877297,0.9677174368877295,0.0,winter,day,10.4191582874201
2018-12-17 10:00:00,2576.8,104.76,9.25,51.67889163341559,0.19087202199999997,19.087202199999997,145.66415999999998,106.82038399999998,0.9710943999999999,0.9710943999999998,0.25839445816707796,winter,day,51.67889163341559
2018-12-17 11:00:00,2528.7200000000003,101.05,9.67,0.0,0.19070403366666666,19.070403366666667,142.15046960137298,104.2436777076735,0.9476697973424865,0.9476697973424864,0.0,winter,day,13.443742174350719
2018-12-17 12:00:00,2479.52,174.84,9.74,0.0,0.18742935200000002,18.7429352,134.61654433727838,98.7187991806708,0.8974436289151893,0.8974436289151891,0.0,winter,day,76.29369072519316
2018-12-17 13:00:00,2460.0,25.96,9.19,0.0,0.19435745266666665,19.435745266666665,123.06238420771626,90.24574841899192,0.8204158947181084,0.8204158947181084,0.0,winter,day,9.653909407900052
2018-12-18 06:00:00,2374.8,113.0,0.97,26.335375006061394,0.19701559533333332,19.70155953333333,127.07879281803976,93.19111473322914,0.8471919521202651,0.8471919521202649,0.13167687503030698,winter,day,26.335375006061394
2018-12-18 07:00:00,2641.28,191.77,3.96,95.61715403315867,0.19123025166666668,19.123025166666668,136.0114311440951,99.7417161723364,0.9067428742939673,0.9067428742939673,0.47808577016579334,winter,day,95.61715403315867
2018-12-18 08:00:00,2798.2400000000002,297.12,6.16,49.92144720940911,0.1849056,18.490560000000002,142.08653844977357,104.19679486316728,0.9472435896651571,0.9472435896651571,0.24960723604704554,winter,day,49.92144720940911
2018-12-18 09:00:00,2793.92,196.27,7.77,52.75893742650095,0.18804152766666665,18.804152766666665,145.30411473507522,106.55635080572182,0.9686940982338348,0.9686940982338347,0.26379468713250476,winter,day,52.75893742650095
2018-12-18 10:00:00,2725.92,112.18,8.65,51.67889163341559,0.19101950266666665,19.101950266666666,145.66415999999998,106.82038399999998,0.9710943999999999,0.9710943999999998,0.25839445816707796,winter,day,51.67889163341559
2018-12-18 11:00:00,2655.04,176.9,9.14,80.4942095952008,0.18781070733333335,18.781070733333337,143.16667424454792,104.9888944460018,0.9544444949636528,0.9544444949636527,0.402471047976004,winter,day,80.4942095952008
2018-12-18 12:00:00,2587.28,181.22,9.01,82.94816426725214,0.18772431333333334,18.772431333333333,137.811657468719,101.06188214372726,0.9187443831247933,0.9187443831247932,0.41474082133626067,winter,day,82.94816426725214
2018-12-18 13:00:00,2534.96,154.69,8.54,84.78619510091993,0.18925104366666667,18.925104366666666,129.59910967251326,95.03934709317637,0.8639940644834218,0.8639940644834215,0.4239309755045996,winter,day,84.78619510091993
2018-12-18 14:00:00,2515.52,4.37,7.61,44.14018909084849,0.19654042833333335,19.654042833333335,118.52903085593063,86.92128929434911,0.7901935390395375,0.7901935390395374,0.22070094545424243,winter,day,44.14018909084849
2018-12-19 06:00:00,2260.88,314.45,3.92,107.39145584031151,0.18590873033333333,18.59087303333333,114.93304354125411,84.28423193025301,0.7662202902750274,0.7662202902750274,0.5369572792015576,winter,day,107.39145584031151
2018-12-19 07:00:00,2534.96,271.55,5.4,108.49047383815325,0.18661820833333334,18.661820833333334,129.70326282152288,95.11572606911677,0.8646884188101526,0.8646884188101525,0.5424523691907662,winter,day,108.49047383815325
2018-12-19 08:00:00,2681.68,292.29,6.68,103.9137597873103,0.184707941,18.4707941,139.74852199140344,102.48224946036252,0.9316568132760229,0.9316568132760229,0.5195687989365515,winter,day,103.9137597873103
2018-12-19 09:00:00,2660.32,57.48,7.57,90.3072400360622,0.19425447799999998,19.425447799999997,145.06882105089582,106.38380210399026,0.9671254736726388,0.9671254736726388,0.451536200180311,winter,day,90.3072400360622
2018-12-19 10:00:00,2595.68,664.45,8.07,52.82497645871308,0.16737765366666668,16.737765366666668,145.66415999999998,106.82038399999998,0.9710943999999999,0.9710943999999998,0.2641248822935654,winter,day,52.82497645871308
2018-12-19 11:00:00,2524.48,544.68,8.11,35.26924075218877,0.172572202,17.2572202,141.53453883871597,103.7919951483917,0.9435635922581065,0.9435635922581064,0.17634620376094387,winter,day,35.26924075218877
2018-12-19 12:00:00,2456.56,190.57,7.91,35.63696511636412,0.18818028166666667,18.818028166666668,132.67995756704377,97.29863554916543,0.8845330504469585,0.8845330504469584,0.17818482558182058,winter,day,35.63696511636412
2018-12-19 13:00:00,2409.84,124.58,7.46,23.500503316910404,0.19141307533333332,19.141307533333332,119.1004161849834,87.34030520232116,0.794002774566556,0.794002774566556,0.11750251658455202,winter,day,23.500503316910404
2018-12-19 14:00:00,2394.88,2.62,6.23,22.973538206980173,0.19770063866666665,19.770063866666664,100.79591469253477,73.91700410785884,0.6719727646168985,0.6719727646168986,0.11486769103490087,winter,day,22.973538206980173
2018-12-20 06:00:00,2199.6,250.82,-0.59,0.0,0.1922272733333333,19.22272733333333,132.2434370461667,96.97852050052225,0.8816229136411112,0.8816229136411113,0.0,winter,day,69.77472600407381
2018-12-20 07:00:00,2486.96,191.17,1.24,0.0,0.19339271966666666,19.339271966666665,138.69380539493653,101.70879062295346,0.9246253692995768,0.9246253692995768,0.0,winter,day,82.29475062490023
2018-12-20 08:00:00,2642.8,139.26,1.91,0.0,0.195131508,19.513150800000002,143.08071533683201,104.92585791367681,0.9538714355788801,0.9538714355788801,0.0,winter,day,0.0
2018-12-20 09:00:00,2647.6,148.77,2.45,0.0,0.19429243899999998,19.4292439,145.40416687185316,106.62972237269231,0.9693611124790211,0.969361112479021,0.0,winter,day,82.88296777065072
2018-12-20 10:00:00,2641.76,199.0,3.06,0.0,0.19162164266666665,19.162164266666665,145.66415999999998,106.82038399999998,0.9710943999999999,0.9710943999999998,0.0,winter,day,18.527962702434028
2018-12-20 11:00:00,2632.64,247.39,3.67,0.0,0.18903113166666666,18.903113166666667,143.86069472127247,105.49784279559981,0.9590712981418165,0.9590712981418165,0.0,winter,day,0.0
2018-12-20 12:00:00,2601.68,185.84,4.49,0.0,0.19107273533333333,19.107273533333334,139.99377103567062,102.66209875949178,0.9332918069044708,0.9332918069044708,0.0,winter,day,90.69707944466403
2018-12-20 13:00:00,2554.96,227.16,4.95,0.0,0.188908522,18.8908522,134.06338894319444,98.31315189167591,0.893755926287963,0.8937559262879629,0.0,winter,day,0.6009522097804116
2018-12-20 14:00:00,2528.16,1.75,4.66,0.0,0.19897167766666665,19.897167766666666,126.06954844384389,92.4510021921522,0.8404636562922926,0.8404636562922928,0.0,winter,day,3.4634460633462423
2018-12-21 06:00:00,2529.28,81.67,0.16,0.0,0.1990188016666667,19.90188016666667,130.29487058548082,95.54957176268593,0.8686324705698721,0.868632470569872,0.0,winter,day,0.0
2018-12-21 07:00:00,2805.04,144.81,2.74,0.0,0.19423746099999997,19.4237461,137.68177353575607,100.96663392622109,0.9178784902383738,0.9178784902383735,0.0,winter,day,9.894647289758538
2018-12-21 08:00:00,2940.08,180.43,4.81,0.0,0.19105746366666665,19.105746366666665,142.70562275493432,104.65079002028516,0.9513708183662288,0.9513708183662287,0.0,winter,day,17.941323037925823
2018-12-21 09:00:00,2899.2000000000003,185.99,6.04,13.180789234845852,0.18984882033333333,18.984882033333335,145.36641824301563,106.60204004487812,0.9691094549534376,0.9691094549534375,0.06590394617422926,winter,day,13.180789234845852
2018-12-21 10:00:00,2781.52,84.37,6.72,24.42668937854522,0.19374876766666665,19.374876766666667,145.66415999999998,106.82038399999998,0.9710943999999999,0.9710943999999998,0.1221334468927261,winter,day,24.42668937854522
2018-12-21 11:00:00,2689.76,102.91,7.45,18.737422207425013,0.19236646366666668,19.23664636666667,143.59884802588738,105.30582188565074,0.9573256535059158,0.9573256535059158,0.09368711103712507,winter,day,18.737422207425013
2018-12-21 12:00:00,2610.56,57.48,7.75,33.25935386888451,0.19411310599999998,19.411310599999997,139.17048232067782,102.0583537018304,0.9278032154711855,0.9278032154711855,0.16629676934442256,winter,day,33.25935386888451
2018-12-21 13:00:00,2546.2400000000002,27.81,7.86,80.78752109301966,0.19532131300000002,19.532131300000003,132.37906288437134,97.07797944853895,0.8825270858958089,0.8825270858958086,0.4039376054650983,winter,day,80.78752109301966
2018-12-21 14:00:00,2526.0,9.62,7.05,76.57458846092254,0.19675117733333333,19.675117733333334,123.22458971696784,90.3646991257764,0.8214972647797856,0.8214972647797855,0.3828729423046127,winter,day,76.57458846092254
2018-12-22 06:00:00,2405.6,379.73,-0.55,176.1757600192012,0.18657108433333333,18.657108433333335,130.73093849148682,95.869354893757,0.8715395899432455,0.8715395899432455,0.8808788000960059,winter,day,176.1757600192012
2018-12-22 07:00:00,2631.84,602.86,1.72,162.23818438706076,0.17505232066666668,17.505232066666668,137.90825521988032,101.13272049457889,0.9193883681325354,0.9193883681325353,0.8111909219353037,winter,day,162.23818438706076
2018-12-22 08:00:00,2772.08,782.49,4.28,178.85842977179038,0.165203841,16.520384099999998,142.7895643807637,104.71234721256002,0.9519304292050913,0.9519304292050911,0.8942921488589519,winter,day,178.85842977179038
2018-12-22 09:00:00,2792.16,731.99,5.56,160.41783467840136,0.16640201233333332,16.640201233333332,145.3748659741369,106.60823504770039,0.9691657731609127,0.9691657731609127,0.8020891733920068,winter,day,160.41783467840136
2018-12-22 10:00:00,2779.12,842.69,6.48,118.4833462327304,0.16084923433333334,16.084923433333334,145.66415999999998,106.82038399999998,0.9710943999999999,0.9710943999999998,0.592416731163652,winter,day,118.4833462327304
2018-12-22 11:00:00,2748.0,839.42,7.09,175.83880638903477,0.1605128213333333,16.05128213333333,143.65744645835295,105.34879406945882,0.957716309722353,0.9577163097223529,0.8791940319451739,winter,day,175.83880638903477
2018-12-22 12:00:00,2684.56,685.54,7.34,91.65596982922679,0.16703076866666666,16.703076866666667,139.35472534919577,102.1934652560769,0.9290315023279718,0.9290315023279718,0.45827984914613396,winter,day,91.65596982922679
2018-12-22 13:00:00,2604.48,315.53,7.1,171.17009229864001,0.18336403433333334,18.336403433333334,132.7559966725285,97.35439755985422,0.8850399778168567,0.8850399778168565,0.8558504614932001,winter,day,171.17009229864001
2018-12-22 14:00:00,2558.2400000000002,8.74,5.99,161.10277369996695,0.19762209866666663,19.762209866666662,123.86126042835106,90.83159098079076,0.825741736189007,0.8257417361890069,0.8055138684998348,winter,day,161.10277369996695
2018-12-23 06:00:00,1977.04,157.31,-1.73,178.8456159568203,0.19720278233333333,19.72027823333333,121.62069782231691,89.18851173636573,0.8108046521487794,0.8108046521487793,0.8942280797841015,winter,day,178.8456159568203
2018-12-23 07:00:00,2068.2400000000002,378.9,1.95,178.82133395929495,0.1846438,18.46438,133.17664663068376,97.66287419583475,0.8878443108712251,0.887844310871225,0.8941066697964747,winter,day,178.82133395929495
2018-12-23 08:00:00,2174.16,462.72,4.38,171.68306919594153,0.17907793200000002,17.907793200000004,141.03587326308656,103.42630705959681,0.9402391550872438,0.9402391550872438,0.8584153459797076,winter,day,171.68306919594153
2018-12-23 09:00:00,2294.8,542.45,5.15,136.57730156713453,0.17499428833333333,17.499428833333333,145.1983777195253,106.47881032765189,0.9679891847968353,0.9679891847968353,0.6828865078356726,winter,day,136.57730156713453
2018-12-23 10:00:00,2397.04,365.93,5.64,120.04922594136025,0.18231159833333332,18.231159833333333,145.66415999999998,106.82038399999998,0.9710943999999999,0.9710943999999998,0.6002461297068012,winter,day,120.04922594136025
2018-12-23 11:00:00,2449.76,592.58,5.77,106.84032844564928,0.17232000133333333,17.232000133333333,142.4332201045106,104.45102807664111,0.9495548006967374,0.9495548006967374,0.5342016422282464,winter,day,106.84032844564928
2018-12-23 12:00:00,2456.2400000000002,404.72,5.64,98.99424284828402,0.18061906133333333,18.061906133333334,135.5055580330572,99.37074255757528,0.9033703868870481,0.9033703868870481,0.4949712142414201,winter,day,98.99424284828402
2018-12-23 13:00:00,2427.36,44.5,5.24,54.92548441141462,0.19665082066666667,19.665082066666667,124.88117378563977,91.57952744280249,0.8325411585709318,0.8325411585709317,0.27462742205707313,winter,day,54.92548441141462
2018-12-23 14:00:00,2383.12,7.87,4.46,102.2807075633086,0.19886172166666666,19.886172166666665,110.56006736225824,81.07738273232269,0.7370671157483882,0.7370671157483881,0.511403537816543,winter,day,102.2807075633086
2018-12-24 06:00:00,1981.68,116.85,0.17,157.9664076131817,0.19747592699999997,19.7475927,104.64214656787118,76.7375741497722,0.6976143104524746,0.6976143104524746,0.7898320380659085,winter,day,157.9664076131817
2018-12-24 07:00:00,2079.52,155.35,0.55,178.84983469628057,0.19549759166666664,19.549759166666664,124.35845380077151,91.1961994538991,0.82905635867181,0.8290563586718099,0.8942491734814029,winter,day,178.84983469628057
2018-12-24 08:00:00,2179.2,285.25,1.66,178.8672673035905,0.18895782766666666,18.895782766666667,137.7675584504264,101.02954286364603,0.9184503896695094,0.9184503896695093,0.8943363365179525,winter,day,178.8672673035905
2018-12-24 09:00:00,2271.76,226.14,2.93,178.83618440710742,0.190539536,19.0539536,144.86946051683591,106.23760437901299,0.9657964034455727,0.9657964034455727,0.8941809220355371,winter,day,178.83618440710742
2018-12-24 10:00:00,2327.12,396.99,3.61,178.79283322230884,0.182550709,18.2550709,145.66415999999998,106.82038399999998,0.9710943999999999,0.9710943999999998,0.8939641661115442,winter,day,178.79283322230884
2018-12-24 11:00:00,2348.96,300.66,4.13,178.8007251745753,0.1863455,18.63455,140.1516568999187,102.77788172660703,0.9343443793327912,0.9343443793327912,0.8940036258728764,winter,day,178.8007251745753
2018-12-24 12:00:00,2353.68,662.75,4.95,178.81001125051367,0.16990227833333332,16.990227833333332,128.331951216592,94.11009755883413,0.8555463414439466,0.8555463414439466,0.8940500562525684,winter,day,178.81001125051367
2018-12-24 13:00:00,2353.04,400.02,5.38,178.7716789109351,0.181028342,18.1028342,110.20504295001993,80.81703149668127,0.7347002863334662,0.7347002863334661,0.8938583945546754,winter,day,178.7716789109351
2018-12-24 14:00:00,2349.76,9.62,4.65,178.7383169253183,0.19863613733333335,19.863613733333334,85.77093210020239,62.89868354014841,0.5718062140013492,0.5718062140013492,0.8936915846265915,winter,day,178.7383169253183
2018-12-25 06:00:00,2098.56,27.81,4.07,101.18790250791898,0.19829797899999999,19.8297979,109.84232344119064,80.55103719020647,0.7322821562746042,0.7322821562746042,0.5059395125395949,winter,day,101.18790250791898
2018-12-25 07:00:00,2208.4,38.94,5.44,78.66516782851528,0.19673634199999998,19.6736342,127.05928273083549,93.17680733594602,0.8470618848722367,0.8470618848722365,0.3933258391425764,winter,day,78.66516782851528
2018-12-25 08:00:00,2315.84,109.39,6.1,44.619255445175476,0.19314400966666664,19.314400966666664,138.76857525385202,101.7636218528248,0.9251238350256802,0.92512383502568,0.22309627722587738,winter,day,44.619255445175476
2018-12-25 09:00:00,2404.08,147.84,6.28,24.390361849421325,0.191324936,19.1324936,144.97020101024017,106.31148074084278,0.9664680067349345,0.9664680067349344,0.12195180924710662,winter,day,24.390361849421325
2018-12-25 10:00:00,2448.48,74.17,6.43,41.95303029051137,0.19442159366666664,19.442159366666665,145.66415999999998,106.82038399999998,0.9710943999999999,0.9710943999999998,0.20976515145255686,winter,day,41.95303029051137
2018-12-25 11:00:00,2463.52,88.08,6.27,38.70279460674264,0.193940318,19.3940318,140.8504522231315,103.29033163029642,0.9390030148208767,0.9390030148208766,0.1935139730337132,winter,day,38.70279460674264
2018-12-25 12:00:00,2462.0,54.7,5.51,35.13472600204201,0.19599370266666666,19.599370266666664,130.52907767963467,95.72132363173209,0.8701938511975644,0.8701938511975644,0.17567363001021005,winter,day,35.13472600204201
2018-12-25 13:00:00,2438.96,23.18,4.47,25.83770619282129,0.19818584133333333,19.818584133333335,114.70003636950956,84.113360004307,0.7646669091300637,0.7646669091300636,0.12918853096410646,winter,day,25.83770619282129
2018-12-25 14:00:00,2417.36,6.99,3.15,23.23972490726381,0.199928993,19.9928993,93.36332829275605,68.46644074802109,0.6224221886183737,0.6224221886183735,0.11619862453631905,winter,day,23.23972490726381
2018-12-26 06:00:00,2507.6,33.37,-6.68,0.0,0.20649842766666668,20.64984276666667,116.32884662768664,85.30782086030354,0.7755256441845776,0.7755256441845776,0.0,winter,day,44.14018909084849
2018-12-26 07:00:00,2683.68,122.39,-5.79,0.0,0.20191518233333336,20.191518233333337,130.42820457799493,95.64735002386294,0.8695213638532996,0.8695213638532995,0.0,winter,day,56.38430148342614
2018-12-26 08:00:00,2807.6,84.37,-4.47,0.0,0.20253739366666668,20.253739366666668,140.0172094568166,102.67928693499883,0.933448063045444,0.9334480630454439,0.0,winter,day,0.0
2018-12-26 09:00:00,2862.2400000000002,159.43,-3.86,0.0,0.19878318166666667,19.878318166666666,145.0958612641516,106.40363159371117,0.9673057417610107,0.9673057417610106,0.0,winter,day,28.65668184140537
2018-12-26 10:00:00,2893.36,63.04,-3.59,0.0,0.20277694066666668,20.27769406666667,145.66415999999998,106.82038399999998,0.9710943999999999,0.9710943999999998,0.0,winter,day,14.648527183007326
2018-12-26 11:00:00,2893.92,71.38,-3.34,0.0,0.20221668866666667,20.22166886666667,141.72210566436175,103.92954415386527,0.9448140377624117,0.9448140377624115,0.0,winter,day,53.53072429143816
2018-12-26 12:00:00,2830.64,58.41,-3.14,0.0,0.202625533,20.2625533,133.26969825723685,97.73111205530702,0.8884646550482457,0.8884646550482457,0.0,winter,day,29.061083780974442
2018-12-26 13:00:00,2749.2000000000003,32.45,-3.42,0.0,0.20397816633333332,20.39781663333333,120.30693777862538,88.22508770432528,0.8020462518575026,0.8020462518575026,0.0,winter,day,4.694972864366426
2018-12-26 14:00:00,2720.4,1.75,-4.14,0.0,0.20588319766666668,20.588319766666668,102.8338242285272,75.41147110091995,0.6855588281901813,0.6855588281901814,0.0,winter,day,52.75893742650095
2018-12-27 06:00:00,2661.92,130.59,-12.99,0.0,0.207212269,20.7212269,124.2214656897116,91.0957415057885,0.8281431045980773,0.8281431045980773,0.0,winter,day,78.93523989085932
2018-12-27 07:00:00,2866.7200000000003,53.77,-12.91,0.0,0.2105013496666667,21.05013496666667,134.5274139733639,98.65343691380019,0.8968494264890927,0.8968494264890926,0.0,winter,day,90.39964618990072
2018-12-27 08:00:00,3010.8,66.75,-9.83,0.0,0.20751595699999997,20.751595699999996,141.53651245296274,103.79344246550599,0.9435767496864182,0.9435767496864181,0.0,winter,day,0.0
2018-12-27 09:00:00,3081.6800000000003,78.81,-6.93,0.0,0.204712079,20.4712079,145.24876112850808,106.51575816090593,0.9683250741900539,0.968325074190054,0.0,winter,day,4.980321946059829
2018-12-27 10:00:00,3110.64,86.22,-5.54,0.0,0.20329705,20.329705,145.66415999999998,106.82038399999998,0.9710943999999999,0.9710943999999998,0.0,winter,day,0.0
2018-12-27 11:00:00,3100.96,74.17,-4.67,0.0,0.20313953366666668,20.313953366666667,142.78270906743842,104.70731998278816,0.9518847271162562,0.951884727116256,0.0,winter,day,24.42668937854522
2018-12-27 12:00:00,3040.7200000000003,43.57,-4.18,0.0,0.20408986766666667,20.40898676666667,136.6044083308234,100.17656610927048,0.9106960555388226,0.9106960555388226,0.0,winter,day,0.0
2018-12-27 13:00:00,2968.0,29.67,-4.16,0.0,0.20468066299999998,20.468066299999997,127.12925779015494,93.22812237944694,0.8475283852676996,0.8475283852676995,0.0,winter,day,22.973538206980173
2018-12-27 14:00:00,2951.44,1.75,-4.79,0.0,0.20639370766666665,20.639370766666666,114.35725744543296,83.86198879331751,0.7623817163028864,0.7623817163028864,0.0,winter,day,0.0
2018-12-28 06:00:00,3023.52,79.35,-11.05,0.0,0.20792436500000003,20.792436500000004,128.91550461252203,94.53803671584947,0.8594366974168135,0.8594366974168134,0.0,winter,day,0.0
2018-12-28 07:00:00,3216.7200000000003,139.29,-8.47,0.0,0.203282651,20.3282651,136.9653687642132,100.44127042708965,0.913102458428088,0.9131024584280877,0.0,winter,day,0.0
2018-12-28 08:00:00,3337.52,80.65,-6.41,0.0,0.20422338566666665,20.422338566666664,142.44009937935655,104.4560728781948,0.9496006625290437,0.9496006625290436,0.0,winter,day,0.12048608472796328
2018-12-28 09:00:00,3385.76,131.65,-4.68,0.0,0.20063934366666664,20.063934366666665,145.33969645795216,106.58244406916491,0.968931309719681,0.968931309719681,0.0,winter,day,46.310769942300794
2018-12-28 10:00:00,3330.0,89.01,-3.57,0.0,0.201628075,20.1628075,145.66415999999998,106.82038399999998,0.9710943999999999,0.9710943999999998,0.0,winter,day,0.0
2018-12-28 11:00:00,3260.48,56.55,-2.76,0.0,0.20240823900000002,20.240823900000002,143.41349000550005,105.16989267070002,0.9560899333700004,0.9560899333700003,0.0,winter,day,87.95105586328366
2018-12-28 12:00:00,3191.6,78.81,-2.58,0.0,0.201295589,20.1295589,138.58768647445234,101.63097008126505,0.9239179098296822,0.9239179098296822,0.0,winter,day,0.0
2018-12-28 13:00:00,3149.52,30.6,-2.84,0.0,0.203603356,20.360335600000003,131.1867494068569,96.20361623169504,0.874578329379046,0.8745783293790458,0.0,winter,day,8.435692320731986
2018-12-28 14:00:00,3130.56,6.99,-3.74,0.0,0.20534039899999998,20.534039899999996,121.21067880271364,88.88783112198999,0.808071192018091,0.8080711920180909,0.0,winter,day,0.0
2018-12-29 06:00:00,3008.16,25.03,-11.98,20.730684165938147,0.21102494966666666,21.102494966666665,106.25658806589234,77.92149791498771,0.7083772537726156,0.7083772537726155,0.10365342082969073,winter,day,20.730684165938147
2018-12-29 07:00:00,3168.56,50.99,-8.96,56.79797434541504,0.20752032033333334,20.752032033333336,125.19695033848024,91.8110969148855,0.8346463355898682,0.8346463355898681,0.28398987172707524,winter,day,56.79797434541504
2018-12-29 08:00:00,3291.84,70.46,-7.17,0.0,0.20526491333333333,20.526491333333333,138.07833308502748,101.25744426235347,0.9205222205668498,0.9205222205668497,0.0,winter,day,68.04181815669827
2018-12-29 09:00:00,3312.88,116.82,-4.93,0.0,0.20148277599999997,20.148277599999997,144.90073630553405,106.26053995739164,0.9660049087035604,0.9660049087035604,0.0,winter,day,32.68305344982791
2018-12-29 10:00:00,3254.64,146.88,-4.34,0.0,0.19970777199999998,19.970777199999997,145.66415999999998,106.82038399999998,0.9710943999999999,0.9710943999999998,0.0,winter,day,0.5514853491743916
2018-12-29 11:00:00,3212.48,97.35,-4.04,0.0,0.20163331099999995,20.163331099999997,140.3686041684253,102.93697639017854,0.9357906944561686,0.9357906944561686,0.0,winter,day,0.0
2018-12-29 12:00:00,3189.92,67.68,-4.11,0.0,0.20298289,20.298289,129.01406881080996,94.61031712792729,0.8600937920720664,0.8600937920720663,0.0,winter,day,76.29369072519316
2018-12-29 13:00:00,3142.96,28.74,-4.25,0.0,0.20479192799999998,20.4791928,111.60055392715401,81.84040621324627,0.7440036928476934,0.7440036928476933,0.0,winter,day,12.95976911083825
2018-12-29 14:00:00,3038.16,1.75,-4.64,0.0,0.20627589766666665,20.627589766666667,88.12805951745734,64.62724364613538,0.587520396783049,0.5875203967830489,0.0,winter,day,0.0
2018-12-30 06:00:00,2770.0,18.54,-6.27,0.0,0.20682349600000002,20.682349600000002,104.8452117195103,76.88648859430754,0.6989680781300687,0.6989680781300686,0.0,winter,day,0.0
2018-12-30 07:00:00,2852.8,27.81,-5.25,0.0,0.205617907,20.5617907,124.46392025885463,91.27354152316005,0.8297594683923641,0.829759468392364,0.0,winter,day,0.0
2018-12-30 08:00:00,2939.44,81.58,-4.2,0.0,0.20244707266666667,20.244707266666666,137.8066478187177,101.05820840039296,0.9187109854581179,0.9187109854581178,0.0,winter,day,1.517929525774286
2018-12-30 09:00:00,3020.2400000000002,136.29,-2.25,0.0,0.198528363,19.8528363,144.87339439909948,106.24048922600628,0.9658226293273299,0.9658226293273298,0.0,winter,day,13.624461516768603
2018-12-30 10:00:00,3115.84,114.96,-1.37,0.0,0.19876791,19.876791,145.66415999999998,106.82038399999998,0.9710943999999999,0.9710943999999998,0.0,winter,day,32.31067998627612
2018-12-30 11:00:00,3147.52,78.81,-0.84,0.0,0.199928993,19.9928993,140.17894462141928,102.79789272237413,0.9345262974761285,0.9345262974761285,0.0,winter,day,24.42668937854522
2018-12-30 12:00:00,3119.6800000000003,61.19,-0.56,0.0,0.20047790033333335,20.047790033333335,128.41774826335728,94.17301539312868,0.8561183217557152,0.8561183217557152,0.0,winter,day,80.78752109301966
2018-12-30 13:00:00,3055.52,56.55,-0.55,0.0,0.200672505,20.0672505,110.38057092581411,80.94575201226368,0.7358704728387607,0.7358704728387607,0.0,winter,day,20.730684165938147
2018-12-30 14:00:00,2984.7200000000003,36.81,-1.26,0.0,0.202091461,20.2091461,86.0674126087896,63.116102579779024,0.573782750725264,0.5737827507252639,0.0,winter,day,25.487669015061233
2018-12-31 06:00:00,2835.04,54.04,-6.42,0.0,0.20539232266666665,20.539232266666666,123.38759624100467,90.48423724340341,0.8225839749400311,0.822583974940031,0.0,winter,day,8.401341568054226
2018-12-31 07:00:00,2929.2000000000003,70.46,-5.1,0.0,0.20363913533333333,20.36391353333333,134.09432510238352,98.33583840841457,0.8939621673492235,0.8939621673492234,0.0,winter,day,0.0
2018-12-31 08:00:00,3008.96,89.93,-3.53,0.0,0.20155651633333332,20.15565163333333,141.37599534934236,103.67572992285105,0.9425066356622824,0.9425066356622822,0.0,winter,day,0.0
2018-12-31 09:00:00,3074.8,115.89,-1.83,0.0,0.199088615,19.9088615,145.2326069818812,106.50391178671285,0.968217379879208,0.9682173798792078,0.0,winter,day,58.948088855218785
2018-12-31 10:00:00,3104.2400000000002,64.9,-1.5,0.0,0.2010542966666667,20.10542966666667,145.66415999999998,106.82038399999998,0.9710943999999999,0.9710943999999998,0.0,winter,day,0.0
2018-12-31 11:00:00,3150.0,54.7,-1.27,0.0,0.20131871466666665,20.131871466666666,142.6706544036988,104.62514656271244,0.9511376960246586,0.9511376960246586,0.0,winter,day,0.0
2018-12-31 12:00:00,3165.2000000000003,50.99,-1.42,0.0,0.20159840433333334,20.159840433333333,136.2520901929776,99.91819947485021,0.908347267953184,0.9083472679531838,0.0,winter,day,75.58853691038082
2018-12-31 13:00:00,3173.12,31.52,-1.67,0.0,0.20264429533333334,20.264429533333335,126.4084673678364,92.69954273641335,0.842723115785576,0.8427231157855759,0.0,winter,day,58.948088855218785
2018-12-31 14:00:00,3191.04,3.71,-2.54,3.462812646286473,0.20454103633333331,20.454103633333332,113.13978592827515,82.96917634740177,0.7542652395218343,0.7542652395218343,0.017314063231432364,winter,day,3.462812646286473
