DateTime,load_PJME_MW,solar_G_i__POA,solar_T2m,wind_Energy_scaled_MW,eta_eff,eta_eff_pct,P_150MW_adj_MW,P_110MW_adj_MW,CF_150MW,CF_110MW,CF_Wind,season,day_night,wind_Energy_smoothed_MW
2018-09-01 04:00:00,1808.88,84.59,17.98,177.62286039095846,0.18489556433333332,18.48955643333333,54.79492441084886,40.182944567955836,0.3652994960723257,0.36529949607232576,0.8881143019547924,fall,day,177.62286039095846
2018-09-01 05:00:00,1813.44,318.37,20.07,164.467351770486,0.17305347766666665,17.305347766666664,84.35799955289235,61.862533005454395,0.562386663685949,0.562386663685949,0.8223367588524301,fall,day,164.467351770486
2018-09-01 06:00:00,1902.32,574.75,22.63,169.08755035708774,0.15985613966666667,15.985613966666667,108.15379367739516,79.31278203008978,0.7210252911826344,0.7210252911826344,0.8454377517854387,fall,day,169.08755035708774
2018-09-01 07:00:00,2052.0,800.59,25.34,166.4529596869686,0.14787355366666666,14.787355366666667,126.18230678435737,92.53369164186208,0.8412153785623825,0.8412153785623825,0.832264798434843,fall,day,166.4529596869686
2018-09-01 08:00:00,2160.48,979.27,27.1,89.26999383971365,0.13869484566666665,13.869484566666666,138.44353887377892,101.52526184077121,0.9229569258251928,0.9229569258251928,0.44634996919856823,fall,day,89.26999383971365
2018-09-01 09:00:00,2233.92,1082.37,28.46,65.89607392153643,0.13312810500000002,13.312810500000003,144.9374899456598,106.28749262681717,0.9662499329710653,0.9662499329710652,0.3294803696076821,fall,day,65.89607392153643
2018-09-01 10:00:00,2271.52,1064.79,29.53,62.64793548468329,0.133054801,13.3054801,145.66415999999998,106.82038399999998,0.9710943999999999,0.9710943999999998,0.31323967742341646,fall,day,62.64793548468329
2018-09-01 11:00:00,2301.44,1019.16,30.32,56.975294753706265,0.13442532399999998,13.4425324,140.62354903679955,103.12393596031967,0.937490326911997,0.937490326911997,0.2848764737685313,fall,day,56.975294753706265
2018-09-01 12:00:00,2321.68,778.78,30.81,56.336731559167326,0.14452905866666665,14.452905866666665,129.81565705605843,95.19814850777618,0.8654377137070561,0.8654377137070562,0.28168365779583665,fall,day,56.336731559167326
2018-09-01 13:00:00,2339.28,504.98,30.92,88.03095127251588,0.15638947133333334,15.638947133333334,113.24048405777671,83.0430216423696,0.7549365603851781,0.7549365603851781,0.4401547563625794,fall,day,88.03095127251588
2018-09-01 14:00:00,2361.92,225.85,30.7,89.04361846238245,0.16874163166666667,16.874163166666666,90.89803004195426,66.65855536409978,0.6059868669463617,0.6059868669463616,0.4452180923119123,fall,day,89.04361846238245
2018-09-01 15:00:00,2369.76,110.02,30.1,91.93443694064034,0.17426692066666666,17.426692066666664,62.78829500859123,46.04474967296691,0.4185886333906082,0.41858863339060826,0.4596721847032017,fall,day,91.93443694064034
2018-09-01 16:00:00,2367.2000000000003,1.75,28.96,104.76192038385571,0.17988645766666667,17.988645766666668,54.79492441084886,40.182944567955836,0.3652994960723257,0.36529949607232576,0.5238096019192785,fall,day,104.76192038385571
2018-09-02 04:00:00,1632.56,78.4,16.31,172.2208372489796,0.18647727266666664,18.647727266666664,53.187358891149636,39.00406318684306,0.3545823926076642,0.3545823926076642,0.8611041862448979,fall,day,172.2208372489796
2018-09-02 05:00:00,1626.96,308.1,19.75,176.67092850194223,0.17375291999999998,17.375291999999998,83.27343370350509,61.067184715903736,0.5551562246900339,0.555156224690034,0.8833546425097112,fall,day,176.67092850194223
2018-09-02 06:00:00,1656.08,570.07,23.24,174.14447333752867,0.15958124966666665,15.958124966666665,107.4901986648417,78.82614568755056,0.716601324432278,0.7166013244322779,0.8707223666876434,fall,day,174.14447333752867
2018-09-02 07:00:00,1707.6000000000001,798.57,25.64,149.8869881429392,0.14772607299999999,14.772607299999999,125.83765377515954,92.28094610178366,0.8389176918343969,0.8389176918343969,0.749434940714696,fall,day,149.8869881429392
2018-09-02 08:00:00,1764.88,977.36,27.45,104.81460613585082,0.13850329533333333,13.850329533333333,138.31579903445854,101.43158595860291,0.9221053268963902,0.9221053268963901,0.5240730306792541,fall,day,104.81460613585082
2018-09-02 09:00:00,1888.56,1079.37,28.89,88.23597837344066,0.132921283,13.2921283,144.92463444273866,106.27806525800835,0.9661642296182578,0.9661642296182578,0.4411798918672033,fall,day,88.23597837344066
2018-09-02 10:00:00,1998.32,1111.27,29.92,123.68213038892944,0.13072041766666667,13.072041766666667,145.66415999999998,106.82038399999998,0.9710943999999999,0.9710943999999998,0.6184106519446472,fall,day,123.68213038892944
2018-09-02 11:00:00,2063.6,1042.51,30.52,85.14733374609585,0.13324940566666668,13.324940566666669,140.53437570624249,103.05854218457782,0.9368958380416166,0.9368958380416165,0.4257366687304793,fall,day,85.14733374609585
2018-09-02 12:00:00,2083.6,878.74,30.83,76.18142133972935,0.14015176266666668,14.015176266666668,129.53528156146615,94.99253981174184,0.8635685437431077,0.8635685437431075,0.38090710669864675,fall,day,76.18142133972935
2018-09-02 13:00:00,2084.7200000000003,676.32,30.76,75.27198597708666,0.149039,14.9039,112.66687756567102,82.62237688149207,0.7511125171044735,0.7511125171044734,0.37635992988543326,fall,day,75.27198597708666
2018-09-02 14:00:00,2075.92,407.62,30.37,99.97473002695166,0.16106958266666666,16.106958266666666,89.92916371885698,65.94805339382845,0.5995277581257132,0.5995277581257131,0.4998736501347583,fall,day,99.97473002695166
2018-09-02 15:00:00,2066.64,142.35,29.59,71.68589983927424,0.173256809,17.325680900000002,61.32214002102421,44.96956934875108,0.4088142668068281,0.408814266806828,0.35842949919637124,fall,day,71.68589983927424
2018-09-03 04:00:00,1615.76,85.84,16.38,140.57443597758783,0.18609766266666666,18.609766266666668,54.68431811367933,40.10183328336484,0.3645621207578622,0.3645621207578622,0.7028721798879392,fall,day,140.57443597758783
2018-09-03 05:00:00,1611.92,322.16,19.26,135.07260570349277,0.17352428133333334,17.352428133333333,84.2833775165478,61.80781017880172,0.561889183443652,0.561889183443652,0.6753630285174639,fall,day,135.07260570349277
2018-09-03 06:00:00,1636.08,581.31,21.56,120.51557849393711,0.16041028300000001,16.0410283,108.10813595069023,79.27929969717283,0.7207209063379348,0.7207209063379348,0.6025778924696855,fall,day,120.51557849393711
2018-09-03 07:00:00,1681.44,805.36,23.49,92.32164569848652,0.14911841266666667,14.911841266666666,126.1585934161067,92.51630183847824,0.8410572894407113,0.8410572894407113,0.4616082284924326,fall,day,92.32164569848652
2018-09-03 08:00:00,1737.44,979.34,25.28,93.4407208929867,0.14012121933333335,14.012121933333335,138.43474991279717,101.5188166027179,0.9228983327519812,0.922898332751981,0.46720360446493353,fall,day,93.4407208929867
2018-09-03 09:00:00,1857.68,1081.52,26.74,94.18509807424651,0.13451608133333334,13.451608133333334,144.93660544076158,106.28684398989182,0.9662440362717439,0.9662440362717438,0.47092549037123255,fall,day,94.18509807424651
2018-09-03 10:00:00,1959.2,1105.95,27.86,60.73884677358389,0.13257047100000002,13.257047100000003,145.66415999999998,106.82038399999998,0.9710943999999999,0.9710943999999998,0.30369423386791944,fall,day,60.73884677358389
2018-09-03 11:00:00,2032.48,1043.42,28.77,47.55461617476031,0.13458414933333332,13.458414933333332,140.6174135905124,103.11943663304241,0.9374494239367493,0.9374494239367492,0.23777308087380156,fall,day,47.55461617476031
2018-09-03 12:00:00,2070.48,863.05,29.39,45.78002402958558,0.14196734566666666,14.196734566666667,129.7963662122988,95.1840018890191,0.865309108081992,0.8653091080819918,0.2289001201479279,fall,day,45.78002402958558
2018-09-03 13:00:00,2093.84,675.57,29.6,39.82376702171837,0.14998278899999998,14.998278899999997,113.2010178653592,83.01407976793007,0.754673452435728,0.7546734524357279,0.19911883510859185,fall,day,39.82376702171837
2018-09-03 14:00:00,2109.52,405.22,29.35,58.37616477221139,0.16197541066666668,16.19754106666667,90.83136854969354,66.60967026977525,0.605542456997957,0.6055424569979568,0.29188082386105696,fall,day,58.37616477221139
2018-09-03 15:00:00,2122.2400000000002,139.15,28.74,35.70353755241591,0.17406402566666668,17.406402566666667,62.687418265301936,45.97077339455475,0.4179161217686796,0.41791612176867954,0.17851768776207955,fall,day,35.70353755241591
2018-09-04 04:00:00,1616.96,83.82,15.52,0.0,0.18686124599999998,18.6861246,50.32907318565602,36.90798700281441,0.33552715457104015,0.3355271545710401,0.0,fall,day,0.0
2018-09-04 05:00:00,1613.6000000000001,316.31,19.23,0.0,0.17380309833333332,17.38030983333333,81.34505254206405,59.65303853084697,0.542300350280427,0.542300350280427,0.0,fall,day,6.533928820318714
2018-09-04 06:00:00,1651.2,481.17,23.93,0.0,0.162918327,16.2918327,106.31031261019845,77.96089591414552,0.7087354174013231,0.708735417401323,0.0,fall,day,53.31482302587039
2018-09-04 07:00:00,1686.72,778.1,26.52,0.0,0.14792809533333331,14.792809533333331,125.22485339005928,91.83155915271014,0.8348323559337285,0.8348323559337285,0.0,fall,day,64.13053751882421
2018-09-04 08:00:00,1730.8,891.99,28.28,0.0,0.141576391,14.157639099999999,138.08867488164648,101.26502824654075,0.9205911658776432,0.9205911658776432,0.0,fall,day,0.21149088145721018
2018-09-04 09:00:00,1853.1200000000001,1082.43,29.54,0.0,0.132277255,13.227725500000002,144.90177708496006,106.26130319563737,0.9660118472330671,0.966011847233067,0.0,fall,day,0.0
2018-09-04 10:00:00,1986.0800000000002,1100.57,30.62,1.982632712607414,0.13063751433333334,13.063751433333334,145.66415999999998,106.82038399999998,0.9710943999999999,0.9710943999999998,0.00991316356303707,fall,day,1.982632712607414
2018-09-04 11:00:00,2100.7200000000003,1043.21,31.38,0.0,0.13254341833333333,13.254341833333333,140.3758236267663,102.94227065962862,0.935838824178442,0.935838824178442,0.0,fall,day,3.373131852691815
2018-09-04 12:00:00,2202.2400000000002,862.39,31.8,0.0,0.14010332966666666,14.010332966666667,129.036767965259,94.62696317452327,0.8602451197683934,0.8602451197683934,0.0,fall,day,8.463057301530515
2018-09-04 13:00:00,2280.88,673.72,31.86,3.705661413226922,0.14828850666666668,14.828850666666668,111.64699301547812,81.87446154468395,0.7443132867698541,0.7443132867698541,0.01852830706613461,fall,day,3.705661413226922
2018-09-04 14:00:00,2352.4,405.05,31.49,7.265258822429045,0.16030207233333332,16.030207233333332,88.20649877742352,64.68476577011057,0.5880433251828234,0.5880433251828234,0.036326294112145226,fall,day,7.265258822429045
2018-09-04 15:00:00,2420.32,139.86,30.79,8.463057301530515,0.17242297599999998,17.242297599999997,58.71528525109541,43.05787585080329,0.3914352350073027,0.39143523500730265,0.04231528650765257,fall,day,8.463057301530515
2018-09-05 04:00:00,1823.8400000000001,32.45,16.98,0.0,0.18795600633333334,18.795600633333333,48.36783927949315,35.469748804961625,0.3224522618632876,0.3224522618632875,0.0,fall,day,0.21592984415584332
2018-09-05 05:00:00,1860.56,297.29,18.94,0.0,0.17486077033333333,17.486077033333334,80.02187952596043,58.68271165237097,0.5334791968397362,0.5334791968397361,0.0,fall,day,0.0
2018-09-05 06:00:00,2010.64,508.33,22.94,0.0,0.16251079166666668,16.251079166666667,105.50072505520788,77.36719837381911,0.7033381670347192,0.7033381670347192,0.0,fall,day,0.0
2018-09-05 07:00:00,2247.28,774.79,25.48,0.0,0.14888933766666665,14.888933766666664,124.80437586723562,91.52320896930613,0.8320291724482375,0.8320291724482375,0.0,fall,day,15.949961330591952
2018-09-05 08:00:00,2404.96,959.76,27.64,0.0,0.13912201600000002,13.912201600000001,137.93283196204356,101.15074343883194,0.9195522130802904,0.9195522130802903,0.0,fall,day,0.0
2018-09-05 09:00:00,2527.12,1059.54,29.51,0.5036283131008729,0.133299584,13.3299584,144.88609333963169,106.24980178239656,0.9659072889308778,0.9659072889308778,0.0025181415655043645,fall,day,0.5036283131008729
2018-09-05 10:00:00,2655.28,1059.31,30.47,6.699647695093967,0.13255563566666667,13.255563566666668,145.66415999999998,106.82038399999998,0.9710943999999999,0.9710943999999998,0.03349823847546984,fall,day,6.699647695093967
2018-09-05 11:00:00,2799.28,836.68,31.02,17.909861303488352,0.14183775466666665,14.183775466666665,140.2670319431485,102.86249009164224,0.9351135462876567,0.9351135462876567,0.08954930651744177,fall,day,17.909861303488352
2018-09-05 12:00:00,2929.36,640.42,30.97,21.38118530209644,0.15044050266666667,15.044050266666668,128.69470916907727,94.3761200573233,0.8579647277938485,0.8579647277938482,0.1069059265104822,fall,day,21.38118530209644
2018-09-05 13:00:00,3070.7200000000003,649.92,31.17,17.41148330559757,0.149868906,14.986890599999999,110.94719167778624,81.36127389704323,0.739647944518575,0.7396479445185749,0.08705741652798786,fall,day,17.41148330559757
2018-09-05 14:00:00,3210.88,405.17,30.33,18.946831705805973,0.16120790033333332,16.120790033333332,87.02447946927535,63.81795161080191,0.5801631964618357,0.5801631964618356,0.09473415852902986,fall,day,18.946831705805973
2018-09-05 15:00:00,3328.4,126.16,29.49,53.31482302587039,0.17404177266666668,17.404177266666668,56.926572543544765,41.74615319859949,0.37951048362363177,0.3795104836236317,0.2665741151293519,fall,day,53.31482302587039
2018-09-06 04:00:00,1964.8,63.75,15.94,22.024724912004586,0.187407099,18.7407099,29.324124710757438,21.50435812122212,0.1954941647383829,0.1954941647383829,0.11012362456002293,fall,day,22.024724912004586
2018-09-06 05:00:00,1990.32,135.5,16.9,0.0,0.18352242333333332,18.352242333333333,67.17377958002868,49.260771692021024,0.4478251972001912,0.44782519720019115,0.0,fall,day,0.0
2018-09-06 06:00:00,2123.6,193.29,17.6,13.681987302469198,0.180451073,18.045107299999998,97.63957485420755,71.60235489308553,0.6509304990280503,0.6509304990280503,0.06840993651234599,fall,day,13.681987302469198
2018-09-06 07:00:00,2362.2400000000002,751.71,19.21,5.7519762177130005,0.15482085299999998,15.482085299999998,120.72151053329418,88.52910772441572,0.8048100702219612,0.8048100702219612,0.028759881088565004,fall,day,5.7519762177130005
2018-09-06 08:00:00,2499.76,780.08,21.0,31.236734999608547,0.15217710933333334,15.217710933333334,136.41958661728845,100.04103018601151,0.909463910781923,0.9094639107819228,0.15618367499804273,fall,day,31.236734999608547
2018-09-06 09:00:00,2558.16,770.22,22.95,10.123701051427235,0.151075804,15.107580400000002,144.7338031061904,106.13812227787295,0.964892020707936,0.9648920207079359,0.050618505257136175,fall,day,10.123701051427235
2018-09-06 10:00:00,2606.8,680.46,23.98,0.0,0.15418337000000001,15.418337000000001,145.66415999999998,106.82038399999996,0.9710943999999999,0.9710943999999997,0.0,fall,day,0.0
2018-09-06 11:00:00,2625.12,616.58,24.11,0.0,0.15686856533333332,15.686856533333332,139.21065729871728,102.08781535239265,0.9280710486581152,0.9280710486581151,0.0,fall,day,8.463057301530515
2018-09-06 12:00:00,2626.96,381.13,23.02,0.0,0.16799811966666664,16.799811966666663,125.37329500234222,91.94041633505094,0.8358219666822815,0.8358219666822813,0.0,fall,day,17.909861303488352
2018-09-06 13:00:00,2615.28,546.58,23.45,0.0,0.16044126266666667,16.044126266666666,104.15207311087488,76.37818694797491,0.6943471540724993,0.6943471540724991,0.0,fall,day,63.487852567340845
2018-09-06 14:00:00,2601.12,396.95,23.2,0.0,0.16716646833333332,16.716646833333332,75.54699162431513,55.40112719116443,0.5036466108287675,0.5036466108287675,0.0,fall,day,0.0
2018-09-06 15:00:00,2571.68,133.0,22.84,1.121904640472026,0.17896623066666667,17.896623066666667,39.55805054266317,29.009237064619654,0.26372033695108776,0.26372033695108776,0.00560952320236013,fall,day,1.121904640472026
2018-09-07 04:00:00,1740.96,85.94,13.03,29.447807626239133,0.18872438933333333,18.87243893333333,57.42041147843049,42.10830175084902,0.3828027431895366,0.38280274318953655,0.14723903813119565,fall,day,29.447807626239133
2018-09-07 05:00:00,1774.72,323.82,14.25,20.02401348395599,0.177386704,17.7386704,86.12931996043612,63.16150130431981,0.5741954664029074,0.5741954664029074,0.10012006741977995,fall,day,20.02401348395599
2018-09-07 06:00:00,1903.8400000000001,548.57,15.94,17.281411566980108,0.16625278633333332,16.62527863333333,109.2375816177441,80.10755985301233,0.728250544118294,0.7282505441182939,0.08640705783490053,fall,day,17.281411566980108
2018-09-07 07:00:00,2135.76,809.69,17.84,16.457152614654024,0.15336699033333334,15.336699033333334,126.74519645035454,92.94647739692664,0.844967976335697,0.8449679763356968,0.08228576307327012,fall,day,16.457152614654024
2018-09-07 08:00:00,2240.7200000000003,955.52,19.25,16.553378970424927,0.14589652733333333,14.589652733333333,138.65216445826732,101.67825393606269,0.9243477630551155,0.9243477630551153,0.08276689485212463,fall,day,16.553378970424927
2018-09-07 09:00:00,2291.28,876.94,20.38,2.221146247416619,0.14843773266666668,14.843773266666668,144.95848564148247,106.30288947042047,0.9663899042765498,0.9663899042765497,0.011105731237083093,fall,day,2.221146247416619
2018-09-07 10:00:00,2337.2000000000003,943.28,21.62,8.673038845222669,0.1445692013333333,14.456920133333332,145.66415999999998,106.82038399999998,0.9710943999999999,0.9710943999999998,0.043365194226113346,fall,day,8.673038845222669
2018-09-07 11:00:00,2386.8,718.07,22.27,14.069588536436271,0.15388535433333334,15.388535433333333,140.76918753381992,103.23073752480126,0.9384612502254661,0.938461250225466,0.07034794268218135,fall,day,14.069588536436271
2018-09-07 12:00:00,2400.2400000000002,546.4,22.39,2.6875859327232536,0.16128164066666667,16.128164066666667,130.27356824294222,95.53395004482428,0.8684904549529481,0.868490454952948,0.013437929663616267,fall,day,2.6875859327232536
2018-09-07 13:00:00,2414.64,486.7,22.27,11.716322173582679,0.16398079866666668,16.398079866666667,114.17730212736691,83.73002156006905,0.7611820141824461,0.7611820141824459,0.05858161086791339,fall,day,11.716322173582679
2018-09-07 14:00:00,2449.6,290.62,21.8,0.9334771769053158,0.17290556066666665,17.290556066666664,92.48038918709392,67.81895207053553,0.6165359279139595,0.6165359279139594,0.004667385884526579,fall,day,0.9334771769053158
2018-09-07 15:00:00,2469.52,59.34,21.55,3.373131852691815,0.183193428,18.319342799999998,65.1828294221234,47.80074157622383,0.43455219614748936,0.43455219614748936,0.016865659263459076,fall,day,3.373131852691815
2018-09-08 04:00:00,1689.76,73.74,13.63,4.159949871145995,0.18878547599999998,18.878547599999997,52.90453436565832,38.796658534816096,0.35269689577105545,0.3526968957710554,0.020799749355729973,fall,day,4.159949871145995
2018-09-08 05:00:00,1721.28,309.71,15.34,10.959087989826033,0.17714628433333332,17.71462843333333,83.08262230704368,60.92725635849868,0.5538841487136246,0.5538841487136243,0.054795439949130165,fall,day,10.959087989826033
2018-09-08 06:00:00,1843.6000000000001,575.53,17.67,0.0,0.16371768966666667,16.371768966666668,107.3734501141643,78.74053008372047,0.7158230007610953,0.7158230007610952,0.0,fall,day,49.49796395975278
2018-09-08 07:00:00,2060.8,807.36,19.23,0.0,0.15237695,15.237695,125.7770177870203,92.23647971048153,0.8385134519134687,0.8385134519134685,0.0,fall,day,12.844747846473393
2018-09-08 08:00:00,2171.76,969.26,20.81,0.0,0.14407178133333334,14.407178133333334,138.2933253256116,101.4151052387818,0.921955502170744,0.9219555021707437,0.0,fall,day,41.25964469791432
2018-09-08 09:00:00,2235.6,1062.69,22.13,0.1785694843813954,0.138958391,13.895839099999998,144.92237272993816,106.27640666862129,0.966149151532921,0.9661491515329208,0.0008928474219069769,fall,day,0.1785694843813954
2018-09-08 10:00:00,2280.96,1091.79,22.97,0.0,0.13702892499999997,13.702892499999997,145.66415999999998,106.82038399999996,0.9710943999999999,0.9710943999999997,0.0,fall,day,32.6054128841002
2018-09-08 11:00:00,2324.16,701.55,23.44,0.0,0.15368725900000002,15.368725900000001,140.51868713579717,103.04703723291789,0.9367912475719811,0.9367912475719808,0.0,fall,day,15.154392534228997
2018-09-08 12:00:00,2351.2000000000003,829.2,23.43,9.256744030936046,0.14812531799999998,14.812531799999999,129.48595413732963,94.95636636737504,0.8632396942488642,0.863239694248864,0.04628372015468023,fall,day,9.256744030936046
2018-09-08 13:00:00,2374.64,663.84,23.26,26.1633492370212,0.155474044,15.547404400000001,112.56596100459743,82.54837140337142,0.7504397400306495,0.7504397400306493,0.130816746185106,fall,day,26.1633492370212
2018-09-08 14:00:00,2400.32,381.82,22.91,28.740092866854642,0.16805440666666666,16.805440666666666,89.75870773760045,65.82305234090698,0.5983913849173363,0.5983913849173362,0.14370046433427322,fall,day,28.740092866854642
2018-09-08 15:00:00,2409.52,140.93,22.12,26.76284060029466,0.17918570633333333,17.918570633333335,61.064194336338865,44.78040917998183,0.4070946289089258,0.4070946289089257,0.1338142030014733,fall,day,26.76284060029466
2018-09-09 04:00:00,1633.92,40.57,12.65,37.04585740739184,0.19100248566666664,19.100248566666664,31.022359773618504,22.749730500653566,0.20681573182412336,0.20681573182412333,0.1852292870369592,fall,day,37.04585740739184
2018-09-09 05:00:00,1632.24,25.96,15.19,17.821226860323733,0.18964505266666667,18.964505266666666,68.31951686466249,50.10097903408582,0.4554634457644166,0.4554634457644165,0.08910613430161866,fall,day,17.821226860323733
2018-09-09 06:00:00,1671.92,485.94,17.86,11.006538201291256,0.167477574,16.747757399999998,98.34059780104761,72.1164383874349,0.6556039853403174,0.6556039853403173,0.05503269100645628,fall,day,11.006538201291256
2018-09-09 07:00:00,1731.2,782.75,19.75,2.23189861565754,0.15304235833333332,15.304235833333331,121.08560258277399,88.79610856070092,0.8072373505518265,0.8072373505518265,0.0111594930782877,fall,day,2.23189861565754
2018-09-09 08:00:00,1805.6000000000001,832.73,21.47,24.599980466353156,0.14951067633333334,14.951067633333334,136.5545312098415,100.13998955388377,0.9103635413989434,0.9103635413989434,0.12299990233176578,fall,day,24.599980466353156
2018-09-09 09:00:00,1915.92,1001.58,22.73,31.543651326046266,0.141153584,14.1153584,144.7473836822502,106.14808136698345,0.9649825578816679,0.9649825578816678,0.15771825663023134,fall,day,31.543651326046266
2018-09-09 10:00:00,1987.52,1071.79,23.67,38.48383839191068,0.13735181166666666,13.735181166666665,145.66415999999998,106.82038399999998,0.9710943999999999,0.9710943999999998,0.1924191919595534,fall,day,38.48383839191068
2018-09-09 11:00:00,2032.48,974.36,24.35,14.294992573252275,0.1410689353333333,14.10689353333333,139.304860163091,102.15689745293339,0.9286990677539401,0.92869906775394,0.07147496286626137,fall,day,14.294992573252275
2018-09-09 12:00:00,2048.16,804.77,24.62,27.369078309860196,0.14825665433333335,14.825665433333334,125.66948417152317,92.15762172578366,0.8377965611434878,0.8377965611434878,0.13684539154930098,fall,day,27.369078309860196
2018-09-09 13:00:00,2059.12,591.65,24.5,46.14202945600121,0.15765003833333335,15.765003833333335,104.75803202529656,76.8225568185508,0.6983868801686437,0.6983868801686436,0.23071014728000605,fall,day,46.14202945600121
2018-09-09 14:00:00,2063.28,247.1,24.09,25.419943396276242,0.17300591733333334,17.300591733333334,76.57050372441101,56.151702731234735,0.5104700248294067,0.5104700248294067,0.1270997169813812,fall,day,25.419943396276242
2018-09-09 15:00:00,2065.76,41.72,23.47,57.06854950456266,0.18245427933333333,18.245427933333332,41.106899268866755,30.145059463835615,0.2740459951257784,0.2740459951257783,0.2853427475228133,fall,day,57.06854950456266
2018-09-10 04:00:00,1568.96,72.87,12.24,13.756762337909798,0.189915143,18.991514300000002,53.24794577343117,39.04849356718285,0.35498630515620777,0.35498630515620777,0.06878381168954899,fall,day,13.756762337909798
2018-09-10 05:00:00,1564.64,309.07,14.28,22.4961993537253,0.17800673366666667,17.80067336666667,83.31430946417436,61.09716027372785,0.5554287297611624,0.5554287297611623,0.1124809967686265,fall,day,22.4961993537253
2018-09-10 06:00:00,1592.16,573.55,16.27,1.8742104265703476,0.16490364366666668,16.490364366666668,107.51520862705817,78.84448632650931,0.7167680575137212,0.716768057513721,0.009371052132851738,fall,day,1.8742104265703476
2018-09-10 07:00:00,1628.48,795.52,18.25,15.778755366885116,0.15366326066666666,15.366326066666666,125.85064326208268,92.29047172552728,0.8390042884138845,0.8390042884138844,0.07889377683442558,fall,day,15.778755366885116
2018-09-10 08:00:00,1680.0,953.62,19.54,22.50953293436857,0.14575166466666667,14.575166466666667,138.32061336924784,101.43511647078174,0.9221374224616522,0.9221374224616522,0.11254766467184284,fall,day,22.50953293436857
2018-09-10 09:00:00,1781.76,1010.81,20.67,30.682861787452765,0.14236877233333334,14.236877233333335,144.9251189485536,106.27842056227263,0.966167459657024,0.9661674596570239,0.15341430893726382,fall,day,30.682861787452765
2018-09-10 10:00:00,1859.04,1072.8,21.62,27.936516951487338,0.13891781200000003,13.891781200000002,145.66415999999998,106.82038399999996,0.9710943999999999,0.9710943999999997,0.1396825847574367,fall,day,27.936516951487338
2018-09-10 11:00:00,1909.68,986.35,22.44,23.007041120316018,0.14204588566666668,14.204588566666668,140.53773652358706,103.06100678396382,0.9369182434905804,0.9369182434905802,0.11503520560158009,fall,day,23.007041120316018
2018-09-10 12:00:00,1947.1200000000001,797.95,22.81,18.001226410628266,0.14997580766666666,14.997580766666665,129.54584851931475,95.00028891416412,0.863638990128765,0.8636389901287647,0.09000613205314133,fall,day,18.001226410628266
2018-09-10 13:00:00,1980.0800000000002,626.12,22.9,23.868144336735725,0.15740263733333332,15.740263733333332,112.68849598718309,82.63823039060091,0.7512566399145539,0.7512566399145537,0.11934072168367862,fall,day,23.868144336735725
2018-09-10 14:00:00,2004.64,297.24,22.82,45.2212198626153,0.17181559999999999,17.181559999999998,89.96567892719202,65.97483121327414,0.5997711928479468,0.5997711928479468,0.2261060993130765,fall,day,45.2212198626153
2018-09-10 15:00:00,2032.24,112.32,21.19,44.769811709663585,0.18116447800000002,18.116447800000003,61.37739733934168,45.01009138218389,0.4091826489289445,0.4091826489289444,0.22384905854831794,fall,day,44.769811709663585
2018-09-11 04:00:00,1616.0,79.58,11.16,0.0,0.19047059533333333,19.047059533333332,54.72014744859078,40.12810812896656,0.3648009829906052,0.3648009829906051,0.0,fall,day,26.76284060029466
2018-09-11 05:00:00,1657.04,326.61,13.25,2.251906563381524,0.17805036700000001,17.805036700000002,84.30755026258834,61.825536859231434,0.5620503350839222,0.5620503350839221,0.01125953281690762,fall,day,2.251906563381524
2018-09-11 06:00:00,1802.72,581.73,15.37,0.0,0.16525358299999998,16.525358299999997,108.12292612108078,79.29014582212591,0.7208195074738719,0.7208195074738719,0.0,fall,day,9.89250230926069
2018-09-11 07:00:00,2029.2,769.43,16.92,0.0,0.15584623633333333,15.584623633333333,126.16627502406823,92.52193501765002,0.8411085001604548,0.8411085001604548,0.0,fall,day,0.0
2018-09-11 08:00:00,2153.12,941.8,18.55,0.0,0.14704495666666667,14.704495666666666,138.4375969715506,101.52090444580375,0.9229173131436706,0.9229173131436704,0.0,fall,day,0.22293105368172705
2018-09-11 09:00:00,2201.6,1071.07,19.86,0.0,0.14037560166666666,14.037560166666665,144.93689196352784,106.28705410658706,0.9662459464235189,0.9662459464235188,0.0,fall,day,0.0
2018-09-11 10:00:00,2244.96,1018.14,20.91,0.6051798519326035,0.141860444,14.1860444,145.66415999999998,106.82038399999998,0.9710943999999999,0.9710943999999998,0.0030258992596630175,fall,day,0.6051798519326035
2018-09-11 11:00:00,2286.0,985.47,21.56,0.3532855474774369,0.142775435,14.2775435,140.6194010809671,103.12089412604251,0.937462673873114,0.9374626738731138,0.0017664277373871844,fall,day,0.3532855474774369
2018-09-11 12:00:00,2321.28,603.17,21.8,4.240224497170707,0.15926796233333332,15.926796233333333,129.8026152064291,95.18858448471467,0.8653507680428606,0.8653507680428606,0.021201122485853534,fall,day,4.240224497170707
2018-09-11 13:00:00,2346.56,537.03,22.05,50.30979854252597,0.16195752100000002,16.195752100000004,113.21380237638608,83.02345507601646,0.7547586825092406,0.7547586825092406,0.2515489927126298,fall,day,50.30979854252597
2018-09-11 14:00:00,2391.84,311.25,21.79,0.0,0.172013259,17.2013259,90.8529625908379,66.6255058999478,0.6056864172722527,0.6056864172722527,0.0,fall,day,21.290049013080946
2018-09-11 15:00:00,2429.84,107.47,21.15,9.116488370428199,0.18140751566666666,18.140751566666665,62.72009584978475,45.9947369565088,0.4181339723318983,0.4181339723318982,0.04558244185214099,fall,day,9.116488370428199
2018-09-12 04:00:00,1684.08,74.72,9.95,0.0,0.19163298733333334,19.163298733333335,50.766790108639924,37.22897941300262,0.33844526739093284,0.3384452673909329,0.0,fall,day,0.0
2018-09-12 05:00:00,1721.2,271.33,12.96,0.0,0.18069018366666667,18.06901836666667,81.64036419222687,59.869600407633044,0.5442690946148457,0.5442690946148458,0.0,fall,day,0.0
2018-09-12 06:00:00,1857.44,566.78,16.1,5.007254672752389,0.16533255933333335,16.533255933333336,106.49099996846968,78.09339997687776,0.7099399997897978,0.7099399997897978,0.025036273363761942,fall,day,5.007254672752389
2018-09-12 07:00:00,2094.48,800.68,18.86,0.0,0.15295901866666667,15.295901866666666,125.31869743736846,91.90037812073686,0.8354579829157897,0.8354579829157897,0.0,fall,day,13.299970139950078
2018-09-12 08:00:00,2212.64,967.06,20.87,0.0,0.14412065066666666,14.412065066666665,138.1234565989231,101.29053483921025,0.9208230439928207,0.9208230439928204,0.0,fall,day,25.78208671970725
2018-09-12 09:00:00,2270.88,1058.38,22.42,0.0,0.13891868466666665,13.891868466666665,144.9052774531336,106.26387013229797,0.9660351830208908,0.9660351830208906,0.0,fall,day,39.63432682959003
2018-09-12 10:00:00,2313.28,1104.53,23.58,0.0,0.13599394233333334,13.599394233333333,145.66415999999998,106.82038399999998,0.9710943999999999,0.9710943999999998,0.0,fall,day,28.405151623901787
2018-09-12 11:00:00,2363.76,832.56,24.49,8.497165597917505,0.147146186,14.714618600000001,140.40010423952228,102.96007644231634,0.9360006949301485,0.9360006949301485,0.04248582798958753,fall,day,8.497165597917505
2018-09-12 12:00:00,2410.08,450.37,24.89,10.494906936403561,0.16350824966666666,16.350824966666664,129.11311017170044,94.68294745924699,0.8607540678113362,0.8607540678113362,0.05247453468201781,fall,day,10.494906936403561
2018-09-12 13:00:00,2460.4,516.82,25.0,5.35068908380506,0.16052242066666667,16.052242066666665,111.80317779653456,81.988997050792,0.7453545186435637,0.7453545186435636,0.026753445419025298,fall,day,5.35068908380506
2018-09-12 14:00:00,2512.4,181.36,24.42,9.947242120644624,0.17561519066666667,17.561519066666666,88.47030711402445,64.87822521695128,0.5898020474268296,0.5898020474268298,0.04973621060322312,fall,day,9.947242120644624
2018-09-12 15:00:00,2555.28,17.61,23.68,19.81913791821336,0.183341345,18.334134499999998,59.11449812417035,43.35063195772493,0.3940966541611357,0.3940966541611357,0.09909568959106681,fall,day,19.81913791821336
2018-09-13 04:00:00,1753.76,68.34,13.75,169.88406776368856,0.188926848,18.8926848,42.20286831874357,30.948770100411956,0.28135245545829046,0.2813524554582905,0.8494203388184428,fall,day,169.88406776368856
2018-09-13 05:00:00,1791.6000000000001,282.25,14.38,157.16085870974757,0.17909843966666666,17.909843966666667,75.86259837408292,55.63257214099414,0.5057506558272195,0.5057506558272195,0.7858042935487378,fall,day,157.16085870974757
2018-09-13 06:00:00,1932.0,363.15,16.23,165.4971969885574,0.174115513,17.4115513,102.95585585270359,75.5009609586493,0.6863723723513573,0.6863723723513573,0.8274859849427869,fall,day,165.4971969885574
2018-09-13 07:00:00,2175.28,618.54,18.85,178.48507132955714,0.160914248,16.091424800000002,123.4826407546057,90.55393655337751,0.8232176050307046,0.8232176050307046,0.8924253566477858,fall,day,178.48507132955714
2018-09-13 08:00:00,2310.0,946.87,21.5,154.4644901767276,0.14450680566666665,14.450680566666666,137.44295307978913,100.7914989251787,0.9162863538652609,0.9162863538652609,0.7723224508836379,fall,day,154.4644901767276
2018-09-13 09:00:00,2381.12,1056.33,23.72,127.61243172281854,0.13798711300000002,13.798711300000003,144.8367928282539,106.21364807405286,0.9655786188550259,0.9655786188550259,0.6380621586140927,fall,day,127.61243172281854
2018-09-13 10:00:00,2443.76,1057.26,25.62,76.57061823916025,0.13645427400000001,13.6454274,145.66415999999998,106.82038399999998,0.9710943999999999,0.9710943999999998,0.38285309119580124,fall,day,76.57061823916025
2018-09-13 11:00:00,2513.52,64.9,27.33,18.133974260555714,0.17841121466666668,17.841121466666667,139.92505459502746,102.61170670302013,0.9328336973001831,0.9328336973001831,0.09066987130277857,fall,day,18.133974260555714
2018-09-13 12:00:00,2578.2400000000002,120.52,28.44,23.576196655552497,0.17511253466666665,17.511253466666666,127.61947661333626,93.58761618311325,0.850796510755575,0.850796510755575,0.11788098327776249,fall,day,23.576196655552497
2018-09-13 13:00:00,2634.48,251.49,26.73,66.14623426099703,0.170740911,17.0740911,108.74742605492646,79.74811244027941,0.7249828403661764,0.7249828403661764,0.3307311713049852,fall,day,66.14623426099703
2018-09-13 14:00:00,2690.32,370.87,23.27,22.019874270836382,0.16824944766666666,16.824944766666665,83.30890291979793,61.09319547451848,0.5553926861319862,0.5553926861319862,0.11009937135418191,fall,day,22.019874270836382
2018-09-13 15:00:00,2712.48,106.13,21.98,45.02339977493552,0.18081410233333334,18.081410233333333,51.30390720795085,37.62286528583063,0.3420260480530057,0.3420260480530057,0.2251169988746776,fall,day,45.02339977493552
2018-09-14 04:00:00,1892.64,34.36,12.33,115.55762617140928,0.19152477666666665,19.152477666666666,51.20689263945465,37.551721268933406,0.341379284263031,0.34137928426303094,0.5777881308570464,fall,day,115.55762617140928
2018-09-14 05:00:00,1923.8400000000001,304.49,14.58,136.7130043531063,0.17797095433333332,17.797095433333332,81.93728532502142,60.08734257168237,0.5462485688334762,0.5462485688334761,0.6835650217655315,fall,day,136.7130043531063
2018-09-14 06:00:00,2067.2,573.8,17.05,88.1474454588476,0.16428012333333333,16.428012333333335,106.67267209373115,78.2266262020695,0.711151147291541,0.7111511472915408,0.440737227294238,fall,day,88.1474454588476
2018-09-14 07:00:00,2325.68,790.39,19.21,0.0,0.15313311566666665,15.313311566666666,125.41305294558391,91.96957216009486,0.8360870196372261,0.836087019637226,0.0,fall,day,51.785348129307366
2018-09-14 08:00:00,2478.96,947.6,20.54,19.26973953997506,0.1452289373333333,14.52289373333333,138.15842788057967,101.31618044575839,0.9210561858705311,0.9210561858705308,0.0963486976998753,fall,day,19.26973953997506
2018-09-14 09:00:00,2556.7200000000003,1050.33,21.54,19.23764135777416,0.139961085,13.996108500000002,144.90879689871832,106.2664510590601,0.9660586459914555,0.9660586459914555,0.0961882067888708,fall,day,19.23764135777416
2018-09-14 10:00:00,2621.2000000000003,1001.6,22.28,22.341941084746708,0.14150614133333334,14.150614133333333,145.66415999999998,106.82038399999998,0.9710943999999999,0.9710943999999998,0.11170970542373354,fall,day,22.341941084746708
2018-09-14 11:00:00,2704.16,784.09,22.98,47.22330571476245,0.15044704766666667,15.044704766666667,140.42451718442464,102.97797926857805,0.9361634478961643,0.9361634478961641,0.23611652857381227,fall,day,47.22330571476245
2018-09-14 12:00:00,2790.56,526.94,23.18,16.524723667553662,0.16151027933333334,16.151027933333335,129.18986845199225,94.73923686479431,0.8612657896799484,0.8612657896799483,0.08262361833776831,fall,day,16.524723667553662
2018-09-14 13:00:00,2850.88,252.23,23.34,0.0,0.17337112833333335,17.337112833333336,111.96021380270288,82.10415678864877,0.7464014253513526,0.7464014253513525,0.0,fall,day,22.6756882304673
2018-09-14 14:00:00,2930.32,137.41,22.88,0.0,0.17874239166666667,17.874239166666666,88.7355532365564,65.07273904014136,0.591570354910376,0.591570354910376,0.0,fall,day,7.235490493647776
2018-09-14 15:00:00,2981.28,116.95,22.19,2.77046222839985,0.18017705566666664,18.017705566666663,59.515886753553005,43.644983619272196,0.39677257835702,0.39677257835701996,0.01385231114199925,fall,day,2.77046222839985
2018-09-15 04:00:00,1899.1200000000001,65.4,12.12,0.701982372877388,0.190335332,19.0335332,38.54047797222079,28.26301717962858,0.25693651981480525,0.25693651981480525,0.0035099118643869397,fall,day,0.701982372877388
2018-09-15 05:00:00,1912.8,133.04,12.73,0.0,0.1869048793333333,18.69048793333333,73.3917171264512,53.82059255939754,0.4892781141763413,0.48927811417634126,0.0,fall,day,22.85594993663625
2018-09-15 06:00:00,2040.96,381.52,14.34,0.0,0.17479837466666667,17.479837466666666,101.44403942084134,74.39229557528365,0.6762935961389422,0.6762935961389424,0.0,fall,day,0.0
2018-09-15 07:00:00,2268.64,414.21,16.37,0.0,0.171777639,17.177763900000002,122.69744485539135,89.97812622728699,0.817982965702609,0.817982965702609,0.0,fall,day,5.099305476589799
2018-09-15 08:00:00,2392.2400000000002,808.83,17.77,0.0,0.153459493,15.345949300000001,137.15193343010114,100.5780845154075,0.9143462228673409,0.9143462228673409,0.0,fall,day,0.0
2018-09-15 09:00:00,2498.16,507.77,18.92,0.0,0.16569253433333334,16.569253433333333,144.80750514497066,106.19217043964515,0.9653833676331377,0.9653833676331377,0.0,fall,day,22.85594993663625
2018-09-15 10:00:00,2609.6,802.49,19.39,0.0,0.15246378033333333,15.246378033333333,145.66415999999998,106.82038399999998,0.9710943999999999,0.9710943999999998,0.0,fall,day,48.216033905412786
2018-09-15 11:00:00,2727.04,879.38,19.53,0.0,0.14899885733333335,14.899885733333335,139.7218979951891,102.46272519647201,0.9314793199679273,0.9314793199679273,0.0,fall,day,0.0
2018-09-15 12:00:00,2836.32,526.46,19.85,0.0,0.16414660533333333,16.414660533333333,126.98071913053798,93.11919402906119,0.8465381275369198,0.8465381275369199,0.0,fall,day,0.0
2018-09-15 13:00:00,2938.8,197.77,19.62,0.0,0.17866908766666667,17.86690876666667,107.44062340604671,78.78979049776758,0.7162708227069781,0.7162708227069781,0.0,fall,day,17.921500720799507
2018-09-15 14:00:00,3037.52,94.56,19.65,0.0,0.183148922,18.3148922,81.10161082171513,59.474514602591086,0.5406774054781008,0.5406774054781007,0.0,fall,day,30.76784271738507
2018-09-15 15:00:00,3092.32,30.6,19.48,2.77046222839985,0.186073228,18.607322800000002,47.96368137754342,35.17336634353184,0.3197578758502895,0.3197578758502894,0.01385231114199925,fall,day,2.77046222839985
2018-09-16 04:00:00,1893.76,70.9,12.36,0.3877961460946114,0.18990685266666668,18.990685266666667,55.55312247102524,40.73895647875185,0.37035414980683495,0.370354149806835,0.001938980730473057,fall,day,0.3877961460946114
2018-09-16 05:00:00,1875.2,313.76,13.89,6.503440699424045,0.1781083993333333,17.81083993333333,84.86952814259041,62.237653971232966,0.5657968542839361,0.565796854283936,0.03251720349712023,fall,day,6.503440699424045
2018-09-16 06:00:00,1910.64,563.03,16.51,6.098310254468683,0.16517417033333334,16.517417033333334,108.46677404746114,79.54230096813816,0.7231118269830743,0.7231118269830742,0.030491551272343417,fall,day,6.098310254468683
2018-09-16 07:00:00,1970.88,787.3,18.23,0.0,0.15403763466666667,15.403763466666668,126.34486018563751,92.65289746946749,0.8422990679042501,0.8422990679042499,0.0,fall,day,14.466178837385511
2018-09-16 08:00:00,2050.96,943.24,19.84,0.0,0.14596895866666668,14.596895866666667,138.50378655711944,101.56944347522091,0.9233585770474629,0.9233585770474628,0.0,fall,day,0.0
2018-09-16 09:00:00,2222.08,994.96,21.24,4.740181491655435,0.14261268266666668,14.261268266666669,144.94355316190695,106.29193898539839,0.9662903544127129,0.9662903544127126,0.023700907458277177,fall,day,4.740181491655435
2018-09-16 10:00:00,2400.96,798.79,22.33,7.235490493647776,0.15031614766666665,15.031614766666666,145.66415999999998,106.82038399999996,0.9710943999999999,0.9710943999999997,0.036177452468238884,fall,day,7.235490493647776
2018-09-16 11:00:00,2566.56,787.33,23.46,8.320284641653629,0.14992868366666665,14.992868366666665,140.66560707139865,103.15477851902565,0.9377707138093243,0.9377707138093241,0.041601423208268144,fall,day,8.320284641653629
2018-09-16 12:00:00,2709.84,715.13,23.89,11.419091975963205,0.15274128833333334,15.274128833333334,129.94789437610288,95.29512254247544,0.8663192958406859,0.8663192958406858,0.05709545987981603,fall,day,11.419091975963205
2018-09-16 13:00:00,2819.28,629.44,23.77,29.220104800715827,0.15657447666666666,15.657447666666666,113.51102191411275,83.24141607034933,0.756740146094085,0.7567401460940848,0.14610052400357915,fall,day,29.220104800715827
2018-09-16 14:00:00,2900.64,360.33,23.16,26.23909864368052,0.168795737,16.8795737,91.35498968542808,66.99365910264726,0.6090332645695206,0.6090332645695206,0.1311954932184026,fall,day,26.23909864368052
2018-09-16 15:00:00,2962.48,90.73,22.4,67.30553295414421,0.18115618766666666,18.115618766666667,63.47979769004911,46.55185163936935,0.4231986512669941,0.42319865126699413,0.33652766477072105,fall,day,67.30553295414421
2018-09-17 04:00:00,1890.0,67.89,12.09,178.2033249968099,0.190250247,19.0250247,57.31919544164992,42.034076657209944,0.38212796961099943,0.3821279696109995,0.8910166249840494,fall,day,178.2033249968099
2018-09-17 05:00:00,1866.4,308.57,13.81,175.2865394498057,0.1783976883333333,17.83976883333333,86.0610331904368,63.11142433965365,0.5737402212695787,0.5737402212695787,0.8764326972490285,fall,day,175.2865394498057
2018-09-17 06:00:00,1883.76,566.47,16.28,178.421656886693,0.16520471366666667,16.520471366666666,109.1958001435989,80.07692010530585,0.7279720009573261,0.7279720009573258,0.892108284433465,fall,day,178.421656886693
2018-09-17 07:00:00,1927.76,780.69,18.41,166.91008677768002,0.154184679,15.4184679,126.72349630113632,92.93056395416662,0.8448233086742422,0.8448233086742419,0.8345504338884001,fall,day,166.91008677768002
2018-09-17 08:00:00,1988.88,936.39,20.0,140.7811542111407,0.146142183,14.614218300000001,138.64412166304896,101.67235588623589,0.9242941444203264,0.9242941444203263,0.7039057710557034,fall,day,140.7811542111407
2018-09-17 09:00:00,2130.7200000000003,932.16,21.76,78.32949921668971,0.144944448,14.4944448,144.95767622933687,106.30229590151367,0.9663845081955791,0.9663845081955789,0.39164749608344857,fall,day,78.32949921668971
2018-09-17 10:00:00,2270.16,644.71,22.8,134.62298263498244,0.15667003366666668,15.667003366666668,145.66415999999998,106.82038399999996,0.9710943999999999,0.9710943999999997,0.6731149131749121,fall,day,134.62298263498244
2018-09-17 11:00:00,2386.2400000000002,365.47,23.3,97.18411873369007,0.16846150566666665,16.846150566666665,140.7635729750384,103.2266201816948,0.9384238198335892,0.938423819833589,0.48592059366845036,fall,day,97.18411873369007
2018-09-17 12:00:00,2477.84,371.3,23.03,159.5383972203402,0.1684191813333333,16.84191813333333,130.255915154452,95.52100444659813,0.8683727676963466,0.8683727676963466,0.7976919861017009,fall,day,159.5383972203402
2018-09-17 13:00:00,2583.84,431.63,22.6,162.14369917052832,0.1661245043333333,16.612450433333333,114.14118653824093,83.70353679471,0.7609412435882729,0.7609412435882728,0.8107184958526417,fall,day,162.14369917052832
2018-09-17 14:00:00,2684.2400000000002,87.15,22.19,130.1520886322675,0.181477329,18.147732899999998,92.41938712640501,67.77421722603034,0.6161292475093667,0.6161292475093668,0.6507604431613374,fall,day,130.1520886322675
2018-09-17 15:00:00,2780.88,70.88,21.72,115.70947654634965,0.18255638133333332,18.25563813333333,65.09051691894446,47.73304574055927,0.4339367794596297,0.4339367794596297,0.5785473827317482,fall,day,115.70947654634965
2018-09-18 04:00:00,1925.6000000000001,78.16,12.83,123.08136006872213,0.18922093666666667,18.92209366666667,71.81312515930078,52.662958450153894,0.47875416772867185,0.47875416772867174,0.6154068003436106,fall,day,123.08136006872213
2018-09-18 05:00:00,1971.92,321.22,13.88,154.2321079447912,0.17779074866666666,17.779074866666665,95.83955916810544,70.28234338994397,0.6389303944540362,0.6389303944540361,0.771160539723956,fall,day,154.2321079447912
2018-09-18 06:00:00,2127.84,564.29,15.66,92.4598821526976,0.16578678233333335,16.578678233333335,115.17882189610148,84.4644693904744,0.7678588126406766,0.7678588126406765,0.462299410763488,fall,day,92.4598821526976
2018-09-18 07:00:00,2390.08,576.51,17.32,98.77233472811155,0.163949819,16.3949819,129.830913343289,95.20933645174526,0.8655394222885934,0.8655394222885933,0.4938616736405577,fall,day,98.77233472811155
2018-09-18 08:00:00,2534.7200000000003,689.0,19.17,82.1725526543271,0.15758851533333335,15.758851533333335,139.79583350966791,102.51694457375646,0.9319722233977861,0.931972223397786,0.4108627632716355,fall,day,82.1725526543271
2018-09-18 09:00:00,2606.4,546.09,20.79,70.57715328276298,0.16255180700000002,16.2551807,145.07358239523825,106.38729375650804,0.967157215968255,0.967157215968255,0.3528857664138149,fall,day,70.57715328276298
2018-09-18 10:00:00,2666.48,726.63,21.71,100.54590855686467,0.153951677,15.395167700000002,145.66415999999998,106.82038399999998,0.9710943999999999,0.9710943999999998,0.5027295427843234,fall,day,100.54590855686467
2018-09-18 11:00:00,2721.44,467.82,22.36,101.25880885016893,0.16473390999999998,16.473391,141.56756632395314,103.8162153042323,0.943783775493021,0.943783775493021,0.5062940442508447,fall,day,101.25880885016893
2018-09-18 12:00:00,2763.12,192.37,22.51,153.29328081829402,0.17663490166666668,17.66349016666667,132.78380136709774,97.374787669205,0.8852253424473182,0.8852253424473182,0.7664664040914702,fall,day,153.29328081829402
2018-09-18 13:00:00,2798.4,223.85,22.57,142.0496370334511,0.17521420033333332,17.52142003333333,119.31286512943376,87.49610109491809,0.7954191008628917,0.7954191008628917,0.7102481851672554,fall,day,142.0496370334511
2018-09-18 14:00:00,2836.88,189.07,22.15,89.5598806424248,0.17706163566666666,17.706163566666667,101.15475761096116,74.18015558137151,0.6743650507397411,0.674365050739741,0.447799403212124,fall,day,89.5598806424248
2018-09-18 15:00:00,2865.12,103.07,21.22,75.34309234577643,0.18154452433333332,18.154452433333333,78.30947881168004,57.42695112856535,0.5220631920778669,0.5220631920778668,0.37671546172888215,fall,day,75.34309234577643
2018-09-19 04:00:00,1936.72,84.24,10.54,143.7005704089005,0.19075421199999998,19.075421199999997,57.61519129253268,42.25114028119064,0.3841012752835512,0.38410127528355126,0.7185028520445025,fall,day,143.7005704089005
2018-09-19 05:00:00,1975.28,340.91,12.01,169.91729639834566,0.17840030633333331,17.84003063333333,86.26073079995497,63.257869253300306,0.5750715386663665,0.5750715386663664,0.8495864819917283,fall,day,169.91729639834566
2018-09-19 06:00:00,2119.76,600.85,14.31,144.5394934207657,0.16525183766666665,16.525183766666665,109.3179857515728,80.16652288448671,0.728786571677152,0.7287865716771519,0.7226974671038284,fall,day,144.5394934207657
2018-09-19 07:00:00,2383.84,821.2,16.67,138.2140876180143,0.15378368866666667,15.378368866666667,126.78695614738626,92.97710117474992,0.8452463743159084,0.8452463743159083,0.6910704380900715,fall,day,138.2140876180143
2018-09-19 08:00:00,2535.68,976.13,18.87,156.18915451021525,0.14529569633333334,14.529569633333333,138.66764198739529,101.68960412408987,0.9244509465826353,0.9244509465826352,0.7809457725510762,fall,day,156.18915451021525
2018-09-19 09:00:00,2606.08,1059.07,20.76,146.63950433807128,0.14019234166666666,14.019234166666667,144.96004327159986,106.30403173250656,0.9664002884773324,0.9664002884773324,0.7331975216903563,fall,day,146.63950433807128
2018-09-19 10:00:00,2667.36,1070.45,22.24,132.7040138300319,0.13853340233333333,13.853340233333334,145.66415999999998,106.82038399999996,0.9710943999999999,0.9710943999999997,0.6635200691501595,fall,day,132.7040138300319
2018-09-19 11:00:00,2750.08,956.05,23.32,139.06467277746793,0.14267682366666667,14.267682366666667,140.7799921725957,103.23866092657016,0.938533281150638,0.9385332811506378,0.6953233638873396,fall,day,139.06467277746793
2018-09-19 12:00:00,2828.56,728.52,23.95,125.30619960735599,0.15210991399999998,15.2109914,130.307539789387,95.5588625122171,0.8687169319292466,0.8687169319292464,0.6265309980367799,fall,day,125.30619960735599
2018-09-19 13:00:00,2892.16,582.73,24.13,159.03921608598586,0.15832984566666666,15.832984566666667,114.24680285037388,83.78098875694083,0.7616453523358259,0.7616453523358258,0.7951960804299293,fall,day,159.03921608598586
2018-09-19 14:00:00,2948.4,336.7,23.74,120.86256981454395,0.16937126066666666,16.937126066666668,92.59778135555625,67.90503966074124,0.617318542370375,0.6173185423703749,0.6043128490727198,fall,day,120.86256981454395
2018-09-19 15:00:00,2986.64,82.59,22.76,132.78738242563,0.181228619,18.1228619,65.36047530493428,47.93101522361848,0.4357365020328952,0.43573650203289527,0.66393691212815,fall,day,132.78738242563
2018-09-20 04:00:00,1953.2,84.29,8.8,157.71476222893995,0.19211862633333332,19.211862633333332,57.9859993520014,42.523066191467684,0.3865733290133427,0.38657332901334257,0.7885738111446997,fall,day,157.71476222893995
2018-09-20 05:00:00,1987.1200000000001,342.22,11.01,136.09356489850535,0.17912854666666667,17.912854666666668,86.5109014791896,63.441327751405694,0.5767393431945973,0.5767393431945972,0.6804678244925267,fall,day,136.09356489850535
2018-09-20 06:00:00,2123.68,596.29,15.13,103.58559519768585,0.16480677766666665,16.480677766666666,109.47105346536907,80.27877254127063,0.7298070231024605,0.7298070231024603,0.5179279759884292,fall,day,103.58559519768585
2018-09-20 07:00:00,2383.68,813.65,17.61,95.01200737690183,0.15337484433333332,15.337484433333332,126.86645531053989,93.03540056106257,0.8457763687369326,0.8457763687369325,0.47506003688450915,fall,day,95.01200737690183
2018-09-20 08:00:00,2518.48,979.02,19.74,84.20964616416502,0.144486298,14.4486298,138.697107014702,101.71121181078144,0.9246473800980133,0.9246473800980131,0.4210482308208251,fall,day,84.20964616416502
2018-09-20 09:00:00,2589.12,1052.71,21.6,40.01550751790587,0.13981011366666668,13.981011366666667,144.96300857785536,106.30620629042724,0.9664200571857025,0.9664200571857022,0.20007753758952934,fall,day,40.01550751790587
2018-09-20 10:00:00,2678.56,1064.41,23.07,42.22596939849438,0.13814506566666668,13.814506566666667,145.66415999999998,106.82038399999996,0.9710943999999999,0.9710943999999997,0.2111298469924719,fall,day,42.22596939849438
2018-09-20 11:00:00,2786.32,947.91,24.16,55.626958952014135,0.142372263,14.2372263,140.80056128113594,103.25374493949967,0.9386704085409062,0.9386704085409061,0.2781347947600707,fall,day,55.626958952014135
2018-09-20 12:00:00,2894.4,715.34,24.78,45.08403203186227,0.15203311933333333,15.203311933333334,130.37221242126316,95.6062891089263,0.869148082808421,0.8691480828084209,0.22542016015931135,fall,day,45.08403203186227
2018-09-20 13:00:00,3003.44,589.58,24.98,77.95609228319832,0.1573633673333333,15.736336733333331,114.37911342038171,83.87801650827991,0.7625274228025447,0.7625274228025447,0.3897804614159916,fall,day,77.95609228319832
2018-09-20 14:00:00,3115.36,338.25,24.63,110.6350724673406,0.168604623,16.860462300000002,92.8212642784915,68.06892713756042,0.6188084285232767,0.6188084285232766,0.5531753623367031,fall,day,110.6350724673406
2018-09-20 15:00:00,3212.16,80.99,23.74,102.26462058841297,0.18052874033333333,18.05287403333333,65.69866499559264,48.179020996767925,0.4379910999706176,0.43799109997061747,0.5113231029420648,fall,day,102.26462058841297
2018-09-21 04:00:00,1956.88,58.81,10.31,109.61133714779837,0.19204444966666667,19.204444966666667,46.096859934840985,33.80436395221671,0.3073123995656066,0.30731239956560646,0.5480566857389918,fall,day,109.61133714779837
2018-09-21 05:00:00,1979.3600000000001,171.39,13.08,92.9065836229038,0.184956651,18.4956651,78.48973255484697,57.55913720688777,0.5232648836989798,0.5232648836989797,0.46453291811451897,fall,day,92.9065836229038
2018-09-21 06:00:00,2101.92,539.66,17.11,96.0250200669827,0.16572264133333334,16.572264133333334,104.56327613119447,76.6797358295426,0.6970885075412965,0.6970885075412963,0.4801251003349135,fall,day,96.0250200669827
2018-09-21 07:00:00,2332.56,814.74,19.56,76.19924793851175,0.151795754,15.179575400000001,124.31749066388358,91.16615982018126,0.8287832710925571,0.8287832710925569,0.38099623969255875,fall,day,76.19924793851175
2018-09-21 08:00:00,2458.32,632.53,21.54,70.13274302450529,0.15819109166666667,15.819109166666667,137.7523761529142,101.01840917880372,0.9183491743527613,0.9183491743527611,0.3506637151225264,fall,day,70.13274302450529
2018-09-21 09:00:00,2569.84,947.92,23.2,42.66470617954714,0.14312581066666666,14.312581066666667,144.86793259828633,106.23648390540995,0.9657862173219088,0.9657862173219087,0.2133235308977357,fall,day,42.66470617954714
2018-09-21 10:00:00,2693.28,994.8,24.45,22.061817693796375,0.14009853,14.009853,145.66415999999998,106.82038399999996,0.9710943999999999,0.9710943999999997,0.11030908846898187,fall,day,22.061817693796375
2018-09-21 11:00:00,2828.48,1002.9,25.29,36.11026404167322,0.139085364,13.9085364,140.1410583580552,102.7701094625738,0.9342737223870347,0.9342737223870345,0.1805513202083661,fall,day,36.11026404167322
2018-09-21 12:00:00,2959.6,693.56,25.65,32.60644332333619,0.15230015533333333,15.230015533333333,128.29862767245194,94.08566029313141,0.855324184483013,0.8553241844830128,0.16303221661668094,fall,day,32.60644332333619
2018-09-21 13:00:00,3082.0,574.63,25.64,27.17291601706891,0.15749732166666666,15.749732166666666,110.13686794319025,80.76703649167283,0.734245786287935,0.7342457862879348,0.13586458008534455,fall,day,27.17291601706891
2018-09-21 14:00:00,3202.0,323.36,25.18,50.90322546782525,0.16882235333333334,16.882235333333334,85.65577917027002,62.814238058198,0.5710385278018002,0.5710385278018,0.25451612733912626,fall,day,50.90322546782525
2018-09-21 15:00:00,3279.52,73.77,24.33,73.6175794152709,0.180380387,18.0380387,54.855361353691414,40.22726499270703,0.36570240902460943,0.3657024090246093,0.3680878970763545,fall,day,73.6175794152709
2018-09-22 04:00:00,1978.24,69.77,11.01,0.0,0.19101644833333334,19.101644833333335,56.46608295965839,41.40846083708282,0.3764405530643892,0.3764405530643893,0.0,fall,day,0.0
2018-09-22 05:00:00,1996.16,330.87,14.12,0.0,0.177181191,17.7181191,85.48546930061964,62.689344153787744,0.5699031286707976,0.5699031286707976,0.0,fall,day,8.662641258726033
2018-09-22 06:00:00,2109.28,583.57,18.57,0.0,0.16266001766666668,16.26600176666667,108.84363957455247,79.81866902133848,0.7256242638303498,0.7256242638303498,0.0,fall,day,0.0
2018-09-22 07:00:00,2332.48,802.37,21.09,6.574199294872052,0.15113383633333333,15.113383633333333,126.54059378145698,92.79643543973512,0.8436039585430465,0.8436039585430466,0.03287099647436026,fall,day,6.574199294872052
2018-09-22 08:00:00,2441.44,959.27,23.18,0.07259558068891159,0.14264628033333332,14.264628033333333,138.57633192133306,101.62264340897758,0.9238422128088871,0.9238422128088871,0.00036297790344455794,fall,day,0.07259558068891159
2018-09-22 09:00:00,2525.68,1039.5,24.77,0.11163110270431076,0.13789679200000002,13.789679200000002,144.95085399418073,106.29729292906586,0.9663390266278715,0.9663390266278714,0.0005581555135215538,fall,day,0.11163110270431076
2018-09-22 10:00:00,2603.04,1050.0,25.76,2.885615328372842,0.13666109599999998,13.666109599999999,145.66415999999998,106.82038399999998,0.9710943999999999,0.9710943999999998,0.014428076641864209,fall,day,2.885615328372842
2018-09-22 11:00:00,2683.68,940.8,26.32,8.392517674420201,0.14098603199999998,14.098603199999998,140.71624993879087,103.19191662177997,0.9381083329252724,0.9381083329252724,0.041962588372101005,fall,day,8.392517674420201
2018-09-22 12:00:00,2765.68,701.44,26.5,10.72678607153621,0.15128873466666667,15.128873466666667,130.10712381055333,95.41189079440576,0.8673808254036889,0.8673808254036888,0.053633930357681055,fall,day,10.72678607153621
2018-09-22 13:00:00,2854.32,565.9,26.38,0.21592984415584332,0.15729704466666666,15.729704466666666,113.83678161528742,83.48030651787744,0.7589118774352495,0.7589118774352495,0.0010796492207792165,fall,day,0.21592984415584332
2018-09-22 14:00:00,2946.2400000000002,319.03,25.82,19.309294768470483,0.16850862966666666,16.850862966666664,91.90522335299305,67.3971637921949,0.6127014890199537,0.6127014890199537,0.09654647384235242,fall,day,19.309294768470483
2018-09-22 15:00:00,3020.88,68.94,24.8,20.774749081442813,0.180221998,18.0221998,64.31244902367037,47.16246261735827,0.42874966015780247,0.42874966015780247,0.10387374540721407,fall,day,20.774749081442813
2018-09-23 04:00:00,1824.48,69.22,13.38,12.41482435159193,0.18917904866666665,18.917904866666664,56.99472691657028,41.79613307215153,0.37996484611046855,0.37996484611046843,0.06207412175795965,fall,day,12.41482435159193
2018-09-23 05:00:00,1805.44,333.66,14.87,8.63388594263482,0.176470404,17.647040399999998,85.84212610566163,62.95089247748518,0.5722808407044109,0.5722808407044108,0.0431694297131741,fall,day,8.63388594263482
2018-09-23 06:00:00,1831.28,592.84,18.52,12.551956872003638,0.16229480666666668,16.229480666666667,109.06186115801174,79.97869818254193,0.7270790743867449,0.7270790743867448,0.0627597843600182,fall,day,12.551956872003638
2018-09-23 07:00:00,1893.3600000000001,803.97,21.33,0.0,0.15087552699999998,15.087552699999998,126.65393207362067,92.8795501873218,0.8443595471574711,0.8443595471574709,0.0,fall,day,3.373131852691815
2018-09-23 08:00:00,1976.72,953.97,23.32,10.191028132684238,0.14276758099999998,14.276758099999999,138.61833885248836,101.65344849182478,0.9241222590165891,0.9241222590165888,0.05095514066342119,fall,day,10.191028132684238
2018-09-23 09:00:00,2139.52,1039.39,24.83,6.880148826850165,0.13785446766666667,13.785446766666668,144.9550814946148,106.30039309605084,0.9663672099640986,0.9663672099640985,0.03440074413425083,fall,day,6.880148826850165
2018-09-23 10:00:00,2298.56,1042.08,25.96,10.802152851861603,0.136849592,13.6849592,145.66415999999998,106.82038399999996,0.9710943999999999,0.9710943999999997,0.054010764259308015,fall,day,10.802152851861603
2018-09-23 11:00:00,2439.28,940.39,26.67,6.895209150889596,0.14072903166666667,14.072903166666666,140.745574368644,103.21342120367223,0.9383038291242932,0.938303829124293,0.03447604575444798,fall,day,6.895209150889596
2018-09-23 12:00:00,2578.0,680.6,27.1,8.047290981005204,0.15172681333333332,15.172681333333331,130.19932460054673,95.47950470706758,0.8679954973369782,0.867995497336978,0.040236454905026024,fall,day,8.047290981005204
2018-09-23 13:00:00,2713.04,565.69,27.07,37.38398391986535,0.15676428166666667,15.676428166666668,114.02541069570827,83.61863451018604,0.7601694046380552,0.7601694046380549,0.18691991959932674,fall,day,37.38398391986535
2018-09-23 14:00:00,2840.64,360.72,26.58,25.772555156774363,0.16609265199999998,16.6092652,92.2238326541285,67.63081061302756,0.6148255510275233,0.6148255510275233,0.1288627757838718,fall,day,25.772555156774363
2018-09-23 15:00:00,2960.48,65.35,25.55,31.89726473409586,0.17978959166666666,17.978959166666666,64.79459047580761,47.516033015592235,0.43196393650538406,0.43196393650538395,0.1594863236704793,fall,day,31.89726473409586
2018-09-24 04:00:00,1833.44,64.7,11.33,0.21149088145721018,0.19098634133333334,19.098634133333334,57.360469128330436,42.064344027442324,0.3824031275222029,0.38240312752220296,0.0010574544072860508,fall,day,0.21149088145721018
2018-09-24 05:00:00,1805.44,325.76,13.96,0.0,0.17752982133333334,17.752982133333333,86.08887904213208,63.131844630896865,0.5739258602808806,0.5739258602808806,0.0,fall,day,13.251581925709766
2018-09-24 06:00:00,1820.88,584.52,19.53,1.3416506377294584,0.161864582,16.1864582,109.21283771519101,80.08941432447341,0.72808558476794,0.72808558476794,0.006708253188647292,fall,day,1.3416506377294584
2018-09-24 07:00:00,1854.08,797.77,22.81,15.154392534228997,0.14998366166666666,14.998366166666665,126.73234514750732,92.93705310817202,0.8448823009833821,0.844882300983382,0.07577196267114499,fall,day,15.154392534228997
2018-09-24 08:00:00,1909.8400000000001,946.5,25.26,39.63432682959003,0.141569846,14.1569846,138.64740133908091,101.67476098199268,0.9243160089272061,0.9243160089272061,0.19817163414795014,fall,day,39.63432682959003
2018-09-24 09:00:00,2076.7200000000003,1017.13,26.96,69.87349057413896,0.13715284366666666,13.715284366666666,144.9580062899118,106.30253794593531,0.966386708599412,0.9663867085994119,0.34936745287069476,fall,day,69.87349057413896
2018-09-24 10:00:00,2278.4,1018.48,28.16,108.75886082927636,0.13615145866666667,13.615145866666667,145.66415999999998,106.82038399999998,0.9710943999999999,0.9710943999999998,0.5437943041463817,fall,day,108.75886082927636
2018-09-24 11:00:00,2488.0,912.77,28.94,130.67212100763183,0.14015132633333333,14.015132633333332,140.7658624693455,103.22829914418669,0.9384390831289701,0.93843908312897,0.6533606050381592,fall,day,130.67212100763183
2018-09-24 12:00:00,2697.36,666.73,29.35,91.42040535847353,0.15056485766666666,15.056485766666666,130.2631136979483,95.52628337849542,0.8684207579863221,0.868420757986322,0.45710202679236767,fall,day,91.42040535847353
2018-09-24 13:00:00,2899.04,553.81,29.33,48.94263600985208,0.1555076416666667,15.550764166666669,114.15591368580846,83.7143367029262,0.7610394245720564,0.7610394245720564,0.2447131800492604,fall,day,48.94263600985208
2018-09-24 14:00:00,3077.84,302.33,28.81,69.2765389405118,0.16688896033333334,16.688896033333332,92.44426243292585,67.79245911747896,0.6162950828861724,0.6162950828861723,0.346382694702559,fall,day,69.2765389405118
2018-09-24 15:00:00,3224.88,58.14,27.61,73.46246194181211,0.178486264,17.8486264,65.12815993930063,47.7606506221538,0.43418773292867086,0.43418773292867086,0.36731230970906054,fall,day,73.46246194181211
2018-09-25 04:00:00,2022.72,47.84,17.7,142.41515201467607,0.18671900133333333,18.671900133333335,51.77459467355382,37.968036093939475,0.3451639644903588,0.34516396449035885,0.7120757600733804,fall,day,142.41515201467607
2018-09-25 05:00:00,2048.56,299.96,18.01,141.56699141813064,0.17547469133333332,17.547469133333333,82.32029319080772,60.36821500659233,0.5488019546053848,0.5488019546053848,0.7078349570906532,fall,day,141.56699141813064
2018-09-25 06:00:00,2188.96,554.17,20.03,93.28892507071164,0.16279615366666667,16.27961536666667,106.90701665625645,78.39847888125473,0.7127134443750429,0.712713444375043,0.4664446253535582,fall,day,93.28892507071164
2018-09-25 07:00:00,2424.0,781.72,22.37,91.50357998903897,0.15102955266666668,15.102955266666667,125.53476506990009,92.05882771792673,0.8368984337993339,0.8368984337993339,0.4575178999451948,fall,day,91.50357998903897
2018-09-25 08:00:00,2573.12,934.72,23.78,116.85948310215078,0.14324623866666666,14.324623866666666,138.20353843173854,101.34926151660827,0.9213569228782569,0.921356922878257,0.5842974155107539,fall,day,116.85948310215078
2018-09-25 09:00:00,2702.56,1017.81,24.73,147.85579844378253,0.138874615,13.8874615,144.91333674177184,106.26978027729935,0.9660889116118123,0.9660889116118122,0.7392789922189127,fall,day,147.85579844378253
2018-09-25 10:00:00,2862.16,1033.99,25.37,149.35722114749822,0.13766597166666664,13.766597166666664,145.66415999999998,106.82038399999998,0.9710943999999999,0.9710943999999998,0.7467861057374912,fall,day,149.35722114749822
2018-09-25 11:00:00,3037.6,931.93,25.69,135.46622136882422,0.14186786166666668,14.186786166666668,140.456008206423,103.00107268471018,0.93637338804282,0.9363733880428198,0.6773311068441211,fall,day,135.46622136882422
2018-09-25 12:00:00,3210.32,708.91,25.72,157.75399165679457,0.15157540566666666,15.157540566666666,129.2888813610408,94.81184633142993,0.861925875740272,0.8619258757402721,0.7887699582839729,fall,day,157.75399165679457
2018-09-25 13:00:00,3385.84,567.33,25.36,176.77147512574516,0.158035757,15.8035757,112.16277946385355,82.25270494015926,0.747751863092357,0.747751863092357,0.8838573756287258,fall,day,176.77147512574516
2018-09-25 14:00:00,3557.84,309.35,24.32,167.48727822360536,0.17010910033333335,17.010910033333335,89.07770251486104,65.3236485108981,0.5938513500990736,0.5938513500990736,0.8374363911180268,fall,day,167.48727822360536
2018-09-25 15:00:00,3681.84,55.12,22.07,158.62563414510564,0.18296915266666666,18.296915266666666,60.03365051406348,44.024677043646555,0.4002243367604232,0.40022433676042324,0.7931281707255282,fall,day,158.62563414510564
2018-09-26 04:00:00,2064.64,4.64,10.56,178.35586637217935,0.1942117173333333,19.42117173333333,38.48851408776455,28.224910331027328,0.25659009391843035,0.25659009391843024,0.8917793318608968,fall,day,178.35586637217935
2018-09-26 05:00:00,2085.44,25.96,10.58,178.51729377060707,0.19326574666666665,19.326574666666666,73.35665898804743,53.79488325790143,0.4890443932536495,0.4890443932536494,0.8925864688530354,fall,day,178.51729377060707
2018-09-26 06:00:00,2211.6,60.27,10.56,173.86789132377586,0.191784395,19.1784395,101.42258898903282,74.37656525862404,0.6761505932602188,0.6761505932602185,0.8693394566188793,fall,day,173.86789132377586
2018-09-26 07:00:00,2465.44,93.64,10.97,177.81288550888866,0.1900063366666667,19.00063366666667,122.68630409072082,89.96995633319526,0.8179086939381388,0.8179086939381387,0.8890644275444433,fall,day,177.81288550888866
2018-09-26 08:00:00,2595.92,116.82,11.3,178.52434924866992,0.188735734,18.873573399999998,137.14780429311136,100.57505648161498,0.9143186952874091,0.914318695287409,0.8926217462433496,fall,day,178.52434924866992
2018-09-26 09:00:00,2677.52,92.71,11.48,178.81960039681536,0.18964636166666665,18.964636166666665,144.8070895962044,106.19186570388322,0.9653805973080294,0.9653805973080293,0.8940980019840769,fall,day,178.81960039681536
2018-09-26 10:00:00,2768.88,109.39,11.93,177.21230915371348,0.18856512766666664,18.856512766666665,145.66415999999998,106.82038399999998,0.9710943999999999,0.9710943999999998,0.8860615457685674,fall,day,177.21230915371348
2018-09-26 11:00:00,2879.04,71.38,12.55,178.79259076601804,0.18973668266666663,18.973668266666664,139.71901550449815,102.46061136996529,0.931460103363321,0.9314601033633209,0.8939629538300902,fall,day,178.79259076601804
2018-09-26 12:00:00,2995.68,74.17,12.3,178.85544755941328,0.18981129566666666,18.981129566666667,126.97165610969884,93.11254781377913,0.8464777073979923,0.8464777073979921,0.8942772377970664,fall,day,178.85544755941328
2018-09-26 13:00:00,3125.6800000000003,59.34,11.88,178.83762702203805,0.19078824599999997,19.078824599999997,107.4220818156021,78.77619333144153,0.716147212104014,0.7161472121040139,0.8941881351101902,fall,day,178.83762702203805
2018-09-26 14:00:00,3262.08,76.95,11.53,178.82560119001337,0.190294753,19.0294753,81.07029262220783,59.4515479229524,0.5404686174813855,0.5404686174813854,0.8941280059500669,fall,day,178.82560119001337
2018-09-26 15:00:00,3364.64,16.69,11.4,178.70802201178014,0.19302619966666668,19.30261996666667,47.91628852951622,35.13861158831189,0.31944192353010814,0.3194419235301081,0.8935401100589008,fall,day,178.70802201178014
2018-09-27 04:00:00,2066.4,35.96,7.62,178.78702639414396,0.1951541973333333,19.51541973333333,29.44130724439247,21.590291979221146,0.19627538162928312,0.19627538162928315,0.8939351319707198,fall,day,178.78702639414396
2018-09-27 05:00:00,2094.64,73.24,8.09,178.50030970743492,0.19315840866666667,19.31584086666667,67.25283836336772,49.318748133136324,0.44835225575578475,0.44835225575578475,0.8925015485371746,fall,day,178.50030970743492
2018-09-27 06:00:00,2234.88,316.63,9.22,178.8450704301662,0.18165098966666668,18.16509896666667,97.68794721846001,71.63782796020399,0.6512529814564001,0.6512529814564,0.894225352150831,fall,day,178.8450704301662
2018-09-27 07:00:00,2507.2000000000003,532.21,10.9,178.67241730547352,0.17092504366666667,17.092504366666667,120.74663380966945,88.54753146042425,0.8049775587311296,0.8049775587311295,0.8933620865273676,fall,day,178.67241730547352
2018-09-27 08:00:00,2646.08,717.86,12.92,178.58468449664014,0.16123800733333332,16.123800733333333,136.4288981369959,100.04785863379699,0.9095259875799727,0.9095259875799726,0.8929234224832007,fall,day,178.58468449664014
2018-09-27 09:00:00,2743.84,530.25,14.22,78.42285095006294,0.16840303699999998,16.840303699999996,144.73474020043943,106.13880948032224,0.9648982680029295,0.9648982680029294,0.3921142547503147,fall,day,78.42285095006294
2018-09-27 10:00:00,2882.7200000000003,844.95,15.62,103.6753161481034,0.15357206699999998,15.357206699999997,145.66415999999998,106.82038399999998,0.9710943999999999,0.9710943999999998,0.5183765807405171,fall,day,103.6753161481034
2018-09-27 11:00:00,3037.28,611.23,16.94,84.36199357450181,0.16273332166666668,16.27333216666667,139.21715753567764,102.09258219283026,0.9281143835711843,0.9281143835711843,0.4218099678725091,fall,day,84.36199357450181
2018-09-27 12:00:00,3206.96,539.96,17.71,172.90851602663145,0.16523831133333333,16.52383113333333,125.39373280747233,91.95540405881304,0.8359582187164822,0.8359582187164822,0.8645425801331572,fall,day,172.90851602663145
2018-09-27 13:00:00,3352.8,457.07,18.08,166.21610413646684,0.16856448033333332,16.856448033333333,104.19388581538414,76.40884959794836,0.6946259054358942,0.6946259054358942,0.8310805206823342,fall,day,166.21610413646684
2018-09-27 14:00:00,3496.48,293.11,17.72,155.52084799019985,0.17600134566666667,17.600134566666668,75.61761655941291,55.45291881023614,0.5041174437294194,0.5041174437294195,0.7776042399509993,fall,day,155.52084799019985
2018-09-27 15:00:00,3615.76,43.85,16.74,172.91849310299892,0.18764708233333333,18.764708233333334,39.66492503955888,29.08761169567651,0.2644328335970592,0.2644328335970592,0.8645924655149946,fall,day,172.91849310299892
2018-09-28 04:00:00,2180.32,38.7,6.44,141.62984821152588,0.195961414,19.5961414,52.43226938001859,38.450330878680305,0.3495484625334573,0.34954846253345734,0.7081492410576294,fall,day,141.62984821152588
2018-09-28 05:00:00,2197.12,291.81,8.12,138.74435164885176,0.18359790899999998,18.359790899999997,82.76400233852006,60.693601714914706,0.5517600155901338,0.5517600155901337,0.6937217582442589,fall,day,138.74435164885176
2018-09-28 06:00:00,2323.84,557.03,10.91,123.01601809834621,0.16983421033333335,16.983421033333336,107.17850148828633,78.59756775807665,0.7145233432552422,0.7145233432552422,0.6150800904917311,fall,day,123.01601809834621
2018-09-28 07:00:00,2559.84,763.77,13.46,144.27656169618604,0.158810685,15.881068500000001,125.67576682931752,92.16222900816618,0.8378384455287835,0.8378384455287834,0.7213828084809302,fall,day,144.27656169618604
2018-09-28 08:00:00,2649.92,933.95,16.03,171.18553676436525,0.14936668633333333,14.936668633333333,138.2557983616135,101.38758546518324,0.9217053224107566,0.9217053224107566,0.8559276838218263,fall,day,171.18553676436525
2018-09-28 09:00:00,2685.44,994.93,18.23,174.73393307176948,0.14497804566666667,14.497804566666666,144.91859608517433,106.27363712912785,0.9661239739011622,0.9661239739011622,0.8736696653588474,fall,day,174.73393307176948
2018-09-28 10:00:00,2720.8,994.97,19.99,157.22129094023464,0.14359399633333333,14.359399633333334,145.66415999999998,106.82038399999998,0.9710943999999999,0.9710943999999998,0.7861064547011732,fall,day,157.22129094023464
2018-09-28 11:00:00,2765.12,880.89,21.3,118.01068981659171,0.147542813,14.754281299999999,140.4924901060905,103.02782607779969,0.9366166007072699,0.9366166007072699,0.5900534490829585,fall,day,118.01068981659171
2018-09-28 12:00:00,2788.64,619.93,22.11,101.61920800365812,0.1582931936666667,15.829319366666669,129.40358640344581,94.89596336252693,0.862690576022972,0.862690576022972,0.5080960400182906,fall,day,101.61920800365812
2018-09-28 13:00:00,2812.4,531.31,22.44,127.9486458612982,0.16190079766666665,16.190079766666663,112.39744889206602,82.42479585418175,0.7493163259471068,0.7493163259471068,0.639743229306491,fall,day,127.9486458612982
2018-09-28 14:00:00,2839.84,287.94,22.22,112.85073503536721,0.17269263,17.269263000000002,89.47407757195097,65.61432355276405,0.5964938504796732,0.5964938504796732,0.564253675176836,fall,day,112.85073503536721
2018-09-28 15:00:00,2872.16,21.86,21.44,69.5945324887366,0.18491519933333334,18.491519933333333,60.63347244310087,44.46454645827398,0.40422314962067246,0.4042231496206725,0.347972662443683,fall,day,69.5945324887366
2018-09-29 04:00:00,1714.48,44.43,12.46,128.9420498988589,0.190983287,19.0983287,50.453662611530554,36.99935258178907,0.336357750743537,0.33635775074353697,0.6447102494942945,fall,day,128.9420498988589
2018-09-29 05:00:00,1741.2,249.26,14.62,117.89781429040086,0.18034940733333332,18.034940733333332,81.42910848556525,59.71467955608117,0.5428607232371017,0.5428607232371016,0.5894890714520042,fall,day,117.89781429040086
2018-09-29 06:00:00,1858.64,553.56,18.67,63.27686710306955,0.163890914,16.389091399999998,106.36174250255067,77.99861116853714,0.7090782833503378,0.7090782833503376,0.3163843355153477,fall,day,63.27686710306955
2018-09-29 07:00:00,2081.84,771.35,21.2,28.756225302305065,0.15240094833333334,15.240094833333334,125.25156466248689,91.85114741915704,0.8350104310832459,0.8350104310832459,0.14378112651152533,fall,day,28.756225302305065
2018-09-29 08:00:00,2187.84,915.12,23.05,15.949961330591952,0.14467479400000002,14.467479400000002,138.09857496537387,101.27228830794081,0.9206571664358258,0.9206571664358255,0.07974980665295976,fall,day,15.949961330591952
2018-09-29 09:00:00,2228.8,988.67,24.5,21.290049013080946,0.14032673233333334,14.032673233333334,144.90277341121157,106.26203383488847,0.9660184894080771,0.966018489408077,0.10645024506540474,fall,day,21.290049013080946
2018-09-29 10:00:00,2261.76,980.25,25.63,37.24452912279311,0.139806623,13.980662299999999,145.66415999999998,106.82038399999998,0.9710943999999999,0.9710943999999998,0.18622264561396557,fall,day,37.24452912279311
2018-09-29 11:00:00,2292.88,859.95,26.37,51.785348129307366,0.144474517,14.4474517,140.3827347317392,102.9473388032754,0.9358848982115946,0.9358848982115946,0.2589267406465368,fall,day,51.785348129307366
2018-09-29 12:00:00,2320.56,666.49,26.63,69.46239987164702,0.15271161766666666,15.271161766666665,129.05849760642914,94.6428982447147,0.8603899840428609,0.8603899840428609,0.3473119993582351,fall,day,69.46239987164702
2018-09-29 13:00:00,2341.04,352.72,26.62,79.53721036970643,0.16641030266666668,16.641030266666668,111.69144862406988,81.9070623243179,0.7446096574937991,0.7446096574937991,0.3976860518485321,fall,day,79.53721036970643
2018-09-29 14:00:00,2366.32,154.57,26.17,102.77145121874243,0.17540967766666668,17.540967766666668,88.28158778466128,64.73983104208493,0.5885439185644086,0.5885439185644085,0.5138572560937121,fall,day,102.77145121874243
2018-09-29 15:00:00,2374.64,21.86,23.91,92.44906254071941,0.18297526133333333,18.297526133333335,58.82891508820354,43.14120439801592,0.39219276725469027,0.3921927672546902,0.46224531270359703,fall,day,92.44906254071941
2018-09-30 04:00:00,1636.64,20.32,13.48,17.83979295079327,0.19123417866666664,19.123417866666664,53.78088272083542,39.439313995279306,0.3585392181389028,0.35853921813890277,0.08919896475396635,fall,day,17.83979295079327
2018-09-30 05:00:00,1635.68,322.99,15.49,12.844747846473393,0.17644902366666668,17.644902366666667,83.6738625933927,61.360832568487965,0.557825750622618,0.5578257506226179,0.06422373923236696,fall,day,12.844747846473393
2018-09-30 06:00:00,1673.76,542.76,18.47,31.59118791256509,0.16451923400000001,16.451923400000002,107.73520233553799,79.0058150460612,0.71823468223692,0.71823468223692,0.15795593956282544,fall,day,31.59118791256509
2018-09-30 07:00:00,1744.64,789.64,20.23,9.62547686174596,0.15236473266666667,15.236473266666668,125.96490194727143,92.37426142799904,0.8397660129818095,0.8397660129818095,0.0481273843087298,fall,day,9.62547686174596
2018-09-30 08:00:00,1807.04,938.14,21.97,4.1637526465323145,0.14451858666666667,14.451858666666666,138.3629614285929,101.46617171430145,0.9224197428572861,0.9224197428572859,0.02081876323266157,fall,day,4.1637526465323145
2018-09-30 09:00:00,1914.24,774.72,23.32,4.307067423521966,0.150588856,15.0588856,144.92938077950242,106.28154590496844,0.9661958718633495,0.9661958718633494,0.02153533711760983,fall,day,4.307067423521966
2018-09-30 10:00:00,1983.8400000000001,955.26,24.52,4.5241972605757645,0.141768814,14.1768814,145.66415999999998,106.82038399999998,0.9710943999999999,0.9710943999999998,0.022620986302878822,fall,day,4.5241972605757645
2018-09-30 11:00:00,2018.72,763.78,25.16,1.1363841112178812,0.1496210686666667,14.96210686666667,140.5672990900856,103.08268599939612,0.9371153272672375,0.9371153272672375,0.005681920556089406,fall,day,1.1363841112178812
2018-09-30 12:00:00,2033.6000000000001,344.91,25.7,8.66351485904889,0.16747364699999998,16.7473647,129.63879804975932,95.06845190315684,0.8642586536650622,0.8642586536650622,0.04331757429524445,fall,day,8.66351485904889
2018-09-30 13:00:00,2027.28,34.3,23.94,14.58944210028638,0.18240890066666665,18.240890066666665,112.87865687902112,82.77768171128216,0.7525243791934741,0.7525243791934741,0.0729472105014319,fall,day,14.58944210028638
2018-09-30 14:00:00,2002.32,208.08,22.18,17.921500720799507,0.176208604,17.620860399999998,90.28687557787089,66.21037542377198,0.6019125038524726,0.6019125038524725,0.08960750360399754,fall,day,17.921500720799507
2018-09-30 15:00:00,1988.96,20.12,21.69,30.16045030973451,0.18479477133333333,18.479477133333333,61.863454146308825,45.36653304062647,0.41242302764205885,0.41242302764205885,0.15080225154867255,fall,day,30.16045030973451
2018-10-01 04:00:00,1551.44,2.78,13.39,17.43143442762841,0.19207019333333333,19.207019333333335,44.23836973531267,32.441471139229286,0.2949224649020845,0.2949224649020844,0.08715717213814206,fall,day,17.43143442762841
2018-10-01 05:00:00,1549.3600000000001,184.35,14.1,13.299970139950078,0.183590055,18.3590055,77.23587697189913,56.63964311272602,0.5149058464793276,0.5149058464793275,0.0664998506997504,fall,day,13.299970139950078
2018-10-01 06:00:00,1579.6000000000001,552.56,15.96,39.960648751404236,0.16606298133333333,16.606298133333333,103.79610066483013,76.11714048754209,0.6919740044322009,0.6919740044322008,0.1998032437570212,fall,day,39.960648751404236
2018-10-01 07:00:00,1638.8,785.56,17.55,18.45441813266936,0.15464762866666668,15.464762866666668,123.91904081410577,90.87396326367755,0.8261269387607051,0.826126938760705,0.0922720906633468,fall,day,18.45441813266936
2018-10-01 08:00:00,1693.8400000000001,859.99,19.72,5.099305476589799,0.1496956816666667,14.969568166666669,137.60469741972597,100.91011144113236,0.9173646494648398,0.9173646494648396,0.025496527382948993,fall,day,5.099305476589799
2018-10-01 09:00:00,1785.68,962.42,21.47,0.22293105368172705,0.14385186933333335,14.385186933333335,144.8530704816907,106.2255850199065,0.9656871365446047,0.9656871365446046,0.0011146552684086354,fall,day,0.22293105368172705
2018-10-01 10:00:00,1842.32,768.41,22.64,7.787679392258217,0.15139825433333334,15.139825433333334,145.66415999999998,106.82038399999998,0.9710943999999999,0.9710943999999998,0.03893839696129108,fall,day,7.787679392258217
2018-10-01 11:00:00,1871.44,828.03,23.27,25.78208671970725,0.14830203300000003,14.830203300000003,140.03796597465387,102.69450838141285,0.9335864398310258,0.9335864398310258,0.12891043359853627,fall,day,25.78208671970725
2018-10-01 12:00:00,1886.0,62.11,23.48,32.128528636390584,0.18155674166666666,18.155674166666667,127.97448840565231,93.84795816414501,0.8531632560376821,0.853163256037682,0.16064264318195293,fall,day,32.128528636390584
2018-10-01 13:00:00,1900.4,253.8,23.56,25.178049300980877,0.173129836,17.312983600000003,109.47372729299535,80.28073334819658,0.729824848619969,0.7298248486199689,0.12589024650490438,fall,day,25.178049300980877
2018-10-01 14:00:00,1908.16,88.39,22.75,34.59981590253201,0.18098339966666668,18.098339966666668,84.53568263668288,61.99283393356743,0.5635712175778859,0.5635712175778858,0.17299907951266003,fall,day,34.59981590253201
2018-10-01 15:00:00,1924.08,15.74,21.36,27.907364613219894,0.18524506733333332,18.524506733333332,53.16035443671507,38.984259920257706,0.3544023629114338,0.3544023629114337,0.13953682306609946,fall,day,27.907364613219894
2018-10-02 04:00:00,1604.48,43.15,9.88,172.8442044954918,0.19306546966666668,19.30654696666667,52.36694841793855,38.40242883982161,0.3491129894529237,0.34911298945292374,0.864221022477459,fall,day,172.8442044954918
2018-10-02 05:00:00,1655.76,325.1,11.45,178.38332454711443,0.17952997333333331,17.952997333333332,82.7199326668003,60.66128395565356,0.5514662177786687,0.5514662177786687,0.8919166227355722,fall,day,178.38332454711443
2018-10-02 06:00:00,1805.76,539.95,15.14,174.21165797571481,0.16725722566666665,16.725722566666665,107.15153732158811,78.57779403583126,0.7143435821439207,0.7143435821439206,0.871058289878574,fall,day,174.21165797571481
2018-10-02 07:00:00,2055.84,707.01,17.35,148.29231674977427,0.15823210699999998,15.823210699999999,125.66176238230202,92.1519590803548,0.8377450825486801,0.83774508254868,0.7414615837488714,fall,day,148.29231674977427
2018-10-02 08:00:00,2179.36,927.01,18.83,108.39429142758509,0.14747038166666668,14.747038166666668,138.25060784894197,101.3837790892241,0.9216707189929465,0.9216707189929464,0.5419714571379255,fall,day,108.39429142758509
2018-10-02 09:00:00,2206.8,1023.53,20.14,160.31082659444783,0.14223001833333332,14.223001833333331,144.91807372150797,106.27325406243916,0.9661204914767197,0.9661204914767196,0.8015541329722392,fall,day,160.31082659444783
2018-10-02 10:00:00,2219.76,983.73,20.5,103.20617534818213,0.143683881,14.3683881,145.66415999999998,106.82038399999998,0.9710943999999999,0.9710943999999998,0.5160308767409106,fall,day,103.20617534818213
2018-10-02 11:00:00,2239.68,935.84,20.58,161.9008791952724,0.14571064933333333,14.571064933333332,140.4888666844181,103.0251689019066,0.9365924445627873,0.9365924445627872,0.809504395976362,fall,day,161.9008791952724
2018-10-02 12:00:00,2255.2000000000003,658.55,20.44,119.6434874614878,0.15791969233333333,15.791969233333333,129.39219377476226,94.88760876815897,0.8626146251650817,0.8626146251650816,0.5982174373074389,fall,day,119.6434874614878
2018-10-02 13:00:00,2264.08,533.96,20.21,128.5226611298138,0.16353661133333333,16.353661133333333,112.3741412710325,82.40770359875717,0.7491609418068833,0.7491609418068833,0.642613305649069,fall,day,128.5226611298138
2018-10-02 14:00:00,2290.56,294.2,20.14,122.2369696674987,0.17405311733333334,17.405311733333335,89.43470917322873,65.58545339370107,0.5962313944881915,0.5962313944881916,0.6111848483374935,fall,day,122.2369696674987
2018-10-02 15:00:00,2313.44,12.24,19.37,0.0,0.18696073,18.696073,60.57389748135111,44.42085815299082,0.4038259832090074,0.4038259832090074,0.0,fall,day,53.0696754702226
2018-10-03 04:00:00,1652.08,10.2,10.25,68.16714381342297,0.19421259,19.421259,36.61149432162877,26.848429169194436,0.24407662881085845,0.2440766288108585,0.34083571906711485,fall,day,68.16714381342297
2018-10-03 05:00:00,1694.56,285.52,12.02,73.48599838624305,0.18080930266666667,18.080930266666666,72.0903021820389,52.866221600161865,0.48060201454692597,0.480602014546926,0.3674299919312153,fall,day,73.48599838624305
2018-10-03 06:00:00,1835.92,317.9,16.38,78.84928913576374,0.17597211133333335,17.597211133333335,100.64776461017637,73.80836071412934,0.6709850974011757,0.6709850974011757,0.3942464456788187,fall,day,78.84928913576374
2018-10-03 07:00:00,2088.0,776.49,19.03,53.22311393386809,0.153880991,15.3880991,122.28388160604126,89.67484651109693,0.8152258773736084,0.8152258773736084,0.26611556966934047,fall,day,53.22311393386809
2018-10-03 08:00:00,2210.0,954.36,20.79,41.25964469791432,0.14473762599999998,14.473762599999999,136.99865316963349,100.46567899106456,0.9133243544642232,0.9133243544642233,0.20629822348957158,fall,day,41.25964469791432
2018-10-03 09:00:00,2225.12,1037.22,22.13,23.569920068323892,0.140069732,14.006973200000001,144.79207930095308,106.18085815403225,0.9652805286730205,0.9652805286730205,0.11784960034161945,fall,day,23.569920068323892
2018-10-03 10:00:00,2243.6,1012.55,23.08,17.047510952522686,0.14040003633333334,14.040003633333335,145.66415999999998,106.82038399999998,0.9710943999999999,0.9710943999999998,0.08523755476261342,fall,day,17.047510952522686
2018-10-03 11:00:00,2283.28,946.56,23.69,4.324499273155996,0.14280030600000002,14.280030600000002,139.61489526677428,102.3842565289678,0.9307659684451619,0.9307659684451618,0.02162249636577998,fall,day,4.324499273155996
2018-10-03 12:00:00,2299.6,726.06,24.03,3.495687446293895,0.15215442,15.215442000000001,126.64428510127593,92.87247574093567,0.8442952340085061,0.844295234008506,0.017478437231469475,fall,day,3.495687446293895
2018-10-03 13:00:00,2307.6,580.28,23.97,0.9109824421391223,0.15856241133333335,15.856241133333334,106.75232950350495,78.28504163590364,0.711682196690033,0.7116821966900331,0.0045549122106956115,fall,day,0.9109824421391223
2018-10-03 14:00:00,2332.48,238.21,23.48,11.00153299423764,0.17387291166666666,17.387291166666667,79.93902847346126,58.62195421387159,0.5329268564897418,0.5329268564897417,0.055007664971188204,fall,day,11.00153299423764
2018-10-03 15:00:00,2351.2000000000003,11.37,22.22,0.0,0.184760301,18.4760301,46.204382011145036,33.8832134748397,0.30802921340763356,0.3080292134076336,0.0,fall,day,39.960648751404236
2018-10-04 04:00:00,1655.52,47.62,10.14,68.16714381342297,0.19266622466666666,19.266622466666668,40.62780888652945,29.79372651678826,0.2708520592435297,0.2708520592435297,0.34083571906711485,fall,day,68.16714381342297
2018-10-04 05:00:00,1694.48,157.0,11.04,73.48599838624305,0.18718675066666665,18.718675066666666,74.79996319685273,54.85330634435867,0.4986664213123515,0.49866642131235156,0.3674299919312153,fall,day,73.48599838624305
2018-10-04 06:00:00,1838.4,479.51,14.12,78.84928913576374,0.17069553233333334,17.069553233333334,102.30567919061139,75.02416473978167,0.6820378612707426,0.6820378612707424,0.3942464456788187,fall,day,78.84928913576374
2018-10-04 07:00:00,2087.76,684.29,15.92,53.22311393386809,0.16034657833333335,16.034657833333334,123.14495686780549,90.30630170305736,0.8209663791187033,0.8209663791187033,0.26611556966934047,fall,day,53.22311393386809
2018-10-04 08:00:00,2210.48,893.12,17.59,41.25964469791432,0.14992301133333333,14.992301133333333,137.31779622843496,100.69971723418564,0.9154519748562331,0.9154519748562331,0.20629822348957158,fall,day,41.25964469791432
2018-10-04 09:00:00,2235.28,958.69,18.98,23.569920068323892,0.14597026766666665,14.597026766666666,144.8241972724998,106.20441133316652,0.9654946484833319,0.965494648483332,0.11784960034161945,fall,day,23.569920068323892
2018-10-04 10:00:00,2257.12,1005.99,20.07,17.047510952522686,0.14305032499999998,14.305032499999998,145.66415999999998,106.82038399999998,0.9710943999999999,0.9710943999999998,0.08523755476261342,fall,day,17.047510952522686
2018-10-04 11:00:00,2296.8,938.21,20.69,4.324499273155996,0.14552084433333332,14.55208443333333,139.8376844109356,102.54763523468611,0.9322512294062373,0.9322512294062374,0.02162249636577998,fall,day,4.324499273155996
2018-10-04 12:00:00,2321.76,713.19,20.98,3.495687446293895,0.155111451,15.5111451,127.34477050530658,93.38616503722483,0.8489651367020439,0.8489651367020439,0.017478437231469475,fall,day,3.495687446293895
2018-10-04 13:00:00,2347.6,478.13,20.86,0.9109824421391223,0.16546215033333334,16.546215033333333,108.185418283113,79.3359734076162,0.7212361218874199,0.7212361218874199,0.0045549122106956115,fall,day,0.9109824421391223
2018-10-04 14:00:00,2399.2000000000003,262.06,20.2,11.00153299423764,0.17540836866666668,17.540836866666666,82.3596277443547,60.397060345860105,0.5490641849623646,0.5490641849623646,0.055007664971188204,fall,day,11.00153299423764
2018-10-04 15:00:00,2443.04,8.74,18.87,12.26717074351046,0.18750614666666665,18.750614666666664,49.86739888903189,36.569425851956716,0.33244932592687926,0.33244932592687926,0.061335853717552305,fall,day,12.26717074351046
2018-10-05 04:00:00,1715.6000000000001,12.06,7.73,176.78890773305508,0.19611064,19.611064,38.194577267827285,28.009356663073337,0.25463051511884854,0.25463051511884854,0.8839445386652754,fall,day,176.78890773305508
2018-10-05 05:00:00,1749.6000000000001,267.97,8.94,176.31539059708425,0.18399409966666666,18.399409966666667,73.15835053164243,53.64945705653777,0.4877223368776162,0.48772233687761607,0.8815769529854213,fall,day,176.31539059708425
2018-10-05 06:00:00,1886.24,325.56,10.74,173.96198861024297,0.180067536,18.0067536,101.30125333874298,74.28758578174485,0.6753416889249532,0.6753416889249532,0.8698099430512148,fall,day,173.96198861024297
2018-10-05 07:00:00,2136.7200000000003,626.86,12.27,174.86700520698562,0.16571915066666668,16.57191506666667,122.62328568912908,89.92374283869465,0.8174885712608605,0.8174885712608605,0.8743350260349281,fall,day,174.86700520698562
2018-10-05 08:00:00,2261.76,778.82,13.49,174.37616456903595,0.15813044133333332,15.813044133333332,137.1244475828006,100.55792822738711,0.9141629838853373,0.9141629838853373,0.8718808228451798,fall,day,174.37616456903595
2018-10-05 09:00:00,2306.48,602.78,14.14,127.41445403854948,0.16530114333333332,16.53011433333333,144.8047390197576,106.19014194782221,0.9653649267983839,0.9653649267983837,0.6370722701927474,fall,day,127.41445403854948
2018-10-05 10:00:00,2362.2400000000002,930.69,15.28,97.40249911483136,0.15009798100000002,15.009798100000001,145.66415999999998,106.82038399999998,0.9710943999999999,0.9710943999999998,0.48701249557415677,fall,day,97.40249911483136
2018-10-05 11:00:00,2427.2000000000003,940.01,15.96,137.66087509925103,0.14915724633333333,14.915724633333333,139.70271052352786,102.44865438392043,0.9313514034901857,0.9313514034901857,0.6883043754962551,fall,day,137.66087509925103
2018-10-05 12:00:00,2503.6,738.93,16.67,123.6121211349555,0.157373403,15.7373403,126.9203905903412,93.07495309958354,0.8461359372689413,0.8461359372689412,0.6180606056747775,fall,day,123.6121211349555
2018-10-05 13:00:00,2575.68,532.85,16.82,164.0919566954099,0.16624755033333333,16.624755033333333,107.31720020044003,78.69928014698935,0.7154480013362668,0.7154480013362668,0.8204597834770495,fall,day,164.0919566954099
2018-10-05 14:00:00,2646.2400000000002,291.8,16.43,154.43738356341396,0.17707167133333332,17.707167133333332,80.89313935382421,59.321635526137754,0.5392875956921614,0.5392875956921614,0.7721869178170698,fall,day,154.43738356341396
2018-10-05 15:00:00,2697.76,6.12,15.44,172.9542917743382,0.190314388,19.0314388,47.64820805049398,34.94201923702891,0.3176547203366265,0.31765472033662645,0.864771458871691,fall,day,172.9542917743382
2018-10-06 04:00:00,1826.4,31.97,5.87,128.9420498988589,0.19670274433333332,19.670274433333333,52.858810752457565,38.763127885135546,0.3523920716830504,0.3523920716830504,0.6447102494942945,fall,day,128.9420498988589
2018-10-06 05:00:00,1853.8400000000001,326.49,6.74,117.89781429040086,0.183168557,18.3168557,83.05177425215543,60.90463445158064,0.5536784950143695,0.5536784950143695,0.5894890714520042,fall,day,117.89781429040086
2018-10-06 06:00:00,1981.3600000000001,581.91,8.74,63.27686710306955,0.170452931,17.0452931,107.3545756351436,78.72668879910532,0.7156971709009574,0.7156971709009574,0.3163843355153477,fall,day,63.27686710306955
2018-10-06 07:00:00,2226.0,795.37,10.72,28.756225302305065,0.15958386766666666,15.958386766666665,125.7672149014222,92.22929092770961,0.8384480993428146,0.8384480993428146,0.14378112651152533,fall,day,28.756225302305065
2018-10-06 08:00:00,2358.8,962.13,12.92,15.949961330591952,0.150579693,15.057969299999998,138.28969205099114,101.41244083739349,0.9219312803399409,0.9219312803399408,0.07974980665295976,fall,day,15.949961330591952
2018-10-06 09:00:00,2424.32,1043.61,14.89,21.290049013080946,0.14547721100000002,14.547721100000002,144.9220070838504,106.27613852815695,0.966146713892336,0.9661467138923359,0.10645024506540474,fall,day,21.290049013080946
2018-10-06 10:00:00,2504.8,1048.11,16.45,37.24452912279311,0.14405563700000001,14.405563700000002,145.66415999999998,106.82038399999998,0.9710943999999999,0.9710943999999998,0.18622264561396557,fall,day,37.24452912279311
2018-10-06 11:00:00,2590.16,914.54,17.56,51.785348129307366,0.14901194733333334,14.901194733333334,140.51615079943994,103.04517725292261,0.9367743386629329,0.9367743386629328,0.2589267406465368,fall,day,51.785348129307366
2018-10-06 12:00:00,2674.08,676.61,18.12,69.46239987164702,0.15895380233333334,15.895380233333334,129.47797948217024,94.95051828692483,0.863186529881135,0.8631865298811349,0.3473119993582351,fall,day,69.46239987164702
2018-10-06 13:00:00,2743.68,521.55,18.14,79.53721036970643,0.165703879,16.5703879,112.54964604819091,82.53640710200668,0.7503309736546061,0.7503309736546061,0.3976860518485321,fall,day,79.53721036970643
2018-10-06 14:00:00,2817.12,284.47,17.48,102.77145121874243,0.17656683366666664,17.656683366666666,89.73115049750187,65.80284369816803,0.5982076699833458,0.5982076699833457,0.5138572560937121,fall,day,102.77145121874243
2018-10-06 15:00:00,2864.56,5.25,16.08,92.44906254071941,0.18984969299999999,18.9849693,61.02249283010326,44.749828075409056,0.4068166188673551,0.40681661886735504,0.46224531270359703,fall,day,92.44906254071941
2018-10-07 04:00:00,1810.4,29.43,3.4,17.83979295079327,0.19875351100000002,19.875351100000003,53.680105387199326,39.36541061727951,0.3578673692479955,0.3578673692479955,0.08919896475396635,fall,day,17.83979295079327
2018-10-07 05:00:00,1798.8,334.82,4.81,12.844747846473393,0.18432091333333336,18.432091333333336,83.60587180041122,61.31097265363489,0.5573724786694082,0.5573724786694081,0.06422373923236696,fall,day,12.844747846473393
2018-10-07 06:00:00,1833.2,587.31,9.04,31.59118791256509,0.16998169100000002,16.998169100000002,107.69360195585838,78.9753081009628,0.7179573463723892,0.7179573463723892,0.15795593956282544,fall,day,31.59118791256509
2018-10-07 07:00:00,1908.16,795.3,11.63,9.62547686174596,0.15887220800000001,15.887220800000001,125.94329585354089,92.35841695926331,0.8396219723569393,0.8396219723569391,0.0481273843087298,fall,day,9.62547686174596
2018-10-07 08:00:00,1978.56,969.39,14.09,4.1637526465323145,0.14934399700000003,14.934399700000004,138.35495349345865,101.46029922853634,0.9223663566230577,0.9223663566230577,0.02081876323266157,fall,day,4.1637526465323145
2018-10-07 09:00:00,2119.52,1050.94,16.27,4.307067423521966,0.14407352666666667,14.407352666666668,144.9285748756117,106.2809549087819,0.9661904991707447,0.9661904991707445,0.02153533711760983,fall,day,4.307067423521966
2018-10-07 10:00:00,2253.52,1032.21,17.97,4.5241972605757645,0.143555599,14.355559900000001,145.66415999999998,106.82038399999998,0.9710943999999999,0.9710943999999998,0.022620986302878822,fall,day,4.5241972605757645
2018-10-07 11:00:00,2375.68,908.33,19.19,1.1363841112178812,0.14800270833333334,14.800270833333334,140.5617088666236,103.07858650219063,0.937078059110824,0.937078059110824,0.005681920556089406,fall,day,1.1363841112178812
2018-10-07 12:00:00,2487.36,661.55,19.9,8.66351485904889,0.15821290833333332,15.821290833333332,129.62122147548249,95.0555624153538,0.8641414765032166,0.8641414765032164,0.04331757429524445,fall,day,8.66351485904889
2018-10-07 13:00:00,2582.48,504.99,20.07,14.58944210028638,0.164910625,16.4910625,112.84269782657667,82.75131173948955,0.7522846521771778,0.7522846521771778,0.0729472105014319,fall,day,14.58944210028638
2018-10-07 14:00:00,2648.08,273.58,19.66,17.921500720799507,0.17532982866666666,17.532982866666664,90.22613791990607,66.16583447459777,0.601507586132707,0.601507586132707,0.08960750360399754,fall,day,17.921500720799507
2018-10-07 15:00:00,2695.28,2.62,18.62,30.16045030973451,0.18796953266666663,18.796953266666662,61.771541755470835,45.29913062067862,0.41181027836980555,0.4118102783698056,0.15080225154867255,fall,day,30.16045030973451
2018-10-08 04:00:00,1977.52,21.78,5.89,17.43143442762841,0.19713166,19.713165999999998,52.90653800472012,38.79812787012808,0.3527102533648008,0.3527102533648007,0.08715717213814206,fall,day,17.43143442762841
2018-10-08 05:00:00,1969.3600000000001,318.71,7.78,13.299970139950078,0.18269120833333335,18.269120833333336,83.08397408927232,60.92824766546636,0.5538931605951488,0.5538931605951487,0.0664998506997504,fall,day,13.299970139950078
2018-10-08 06:00:00,1997.6000000000001,572.91,13.2,39.960648751404236,0.167342747,16.7342747,107.37427720635561,78.7411366179941,0.7158285147090374,0.7158285147090373,0.1998032437570212,fall,day,39.960648751404236
2018-10-08 07:00:00,2068.4,777.12,16.91,18.45441813266936,0.15551855,15.551855,125.77744735597007,92.23679472771137,0.8385163157064671,0.838516315706467,0.0922720906633468,fall,day,18.45441813266936
2018-10-08 08:00:00,2145.04,941.77,19.41,5.099305476589799,0.14637082166666668,14.637082166666668,138.29348453811562,101.41522199461811,0.9219565635874375,0.9219565635874374,0.025496527382948993,fall,day,5.099305476589799
2018-10-08 09:00:00,2270.4,1029.56,21.13,0.22293105368172705,0.14118936333333335,14.118936333333334,144.92238875279224,106.27641841871431,0.9661492583519483,0.9661492583519483,0.0011146552684086354,fall,day,0.22293105368172705
2018-10-08 10:00:00,2408.8,1024.34,22.32,7.787679392258217,0.14048250333333334,14.048250333333334,145.66415999999998,106.82038399999996,0.9710943999999999,0.9710943999999997,0.03893839696129108,fall,day,7.787679392258217
2018-10-08 11:00:00,2523.6,906.05,23.04,25.78208671970725,0.14507840233333333,14.507840233333333,140.51879827973886,103.04711873847512,0.9367919885315924,0.936791988531592,0.12891043359853627,fall,day,25.78208671970725
2018-10-08 12:00:00,2605.12,667.95,23.34,32.128528636390584,0.15523187900000002,15.523187900000002,129.4863035920088,94.95662263413976,0.8632420239467253,0.8632420239467251,0.16064264318195293,fall,day,32.128528636390584
2018-10-08 13:00:00,2665.68,512.05,23.24,25.178049300980877,0.16211285566666667,16.211285566666668,112.56667593680989,82.5488956869939,0.7504445062453993,0.7504445062453992,0.12589024650490438,fall,day,25.178049300980877
2018-10-08 14:00:00,2710.2400000000002,272.7,22.71,34.59981590253201,0.172972756,17.2972756,89.759915314142,65.82393789703747,0.5983994354276134,0.5983994354276133,0.17299907951266003,fall,day,34.59981590253201
2018-10-08 15:00:00,2727.44,1.75,21.28,27.907364613219894,0.18591832966666666,18.591832966666665,61.06602172400533,44.781749264270566,0.40710681149336886,0.4071068114933688,0.13953682306609946,fall,day,27.907364613219894
2018-10-09 04:00:00,2072.7200000000003,37.43,7.92,172.8442044954918,0.1948544363333333,19.48544363333333,41.30141252978862,30.287702521844984,0.2753427501985908,0.2753427501985908,0.864221022477459,fall,day,172.8442044954918
2018-10-09 05:00:00,2105.76,154.35,9.5,178.38332454711443,0.18851189499999996,18.851189499999997,75.2544190175016,55.18657394616784,0.5016961267833441,0.501696126783344,0.8919166227355722,fall,day,178.38332454711443
2018-10-09 06:00:00,2241.44,500.25,14.88,174.21165797571481,0.169193673,16.919367299999998,102.58373940814346,75.22807556597186,0.6838915960542897,0.6838915960542896,0.871058289878574,fall,day,174.21165797571481
2018-10-09 07:00:00,2475.2000000000003,742.26,18.38,148.29231674977427,0.15588507000000001,15.588507000000002,123.28937370171427,90.41220738125712,0.8219291580114284,0.8219291580114284,0.7414615837488714,fall,day,148.29231674977427
2018-10-09 08:00:00,2651.6,915.25,20.46,108.39429142758509,0.14670330766666667,14.670330766666668,137.37132189821398,100.73896939202356,0.9158088126547599,0.9158088126547597,0.5419714571379255,fall,day,108.39429142758509
2018-10-09 09:00:00,2753.2000000000003,994.53,21.92,160.31082659444783,0.14209737299999997,14.209737299999997,144.82958399764254,106.20836159827118,0.9655305599842836,0.9655305599842835,0.8015541329722392,fall,day,160.31082659444783
2018-10-09 10:00:00,2843.04,1011.51,22.8,103.20617534818213,0.140665327,14.0665327,145.66415999999998,106.82038399999996,0.9710943999999999,0.9710943999999997,0.5160308767409106,fall,day,103.20617534818213
2018-10-09 11:00:00,2910.64,59.34,23.33,161.9008791952724,0.181795416,18.1795416,139.87504990528635,102.57503659720999,0.932500332701909,0.932500332701909,0.809504395976362,fall,day,161.9008791952724
2018-10-09 12:00:00,2945.76,43.57,23.46,119.6434874614878,0.18238141166666663,18.23814116666666,127.4622537135016,93.47231938990116,0.8497483580900106,0.8497483580900106,0.5982174373074389,fall,day,119.6434874614878
2018-10-09 13:00:00,2970.16,52.84,22.84,128.5226611298138,0.18246387866666663,18.246387866666662,108.42577142464579,79.51223237807356,0.7228384761643053,0.7228384761643051,0.642613305649069,fall,day,128.5226611298138
2018-10-09 14:00:00,3009.84,167.47,22.21,122.2369696674987,0.17795699166666668,17.79569916666667,82.76560303871878,60.69477556172709,0.5517706869247919,0.5517706869247917,0.6111848483374935,fall,day,122.2369696674987
2018-10-10 04:00:00,2028.0,21.47,7.82,125.7293585717236,0.19562936433333333,19.562936433333334,51.49634803502611,37.76398855901915,0.3433089869001741,0.3433089869001741,0.628646792858618,fall,day,125.7293585717236
2018-10-10 05:00:00,2030.24,286.22,8.94,121.61623307174214,0.18319779133333333,18.319779133333334,82.13257032778537,60.23055157370926,0.5475504688519025,0.5475504688519024,0.6080811653587107,fall,day,121.61623307174214
2018-10-10 06:00:00,2157.28,535.6,12.73,145.33705338941704,0.16933984466666666,16.933984466666665,106.79215783443917,78.3142490785887,0.7119477188962611,0.711947718896261,0.7266852669470851,fall,day,145.33705338941704
2018-10-10 07:00:00,2410.96,750.1,15.39,116.99847117086341,0.15789133066666666,15.789133066666666,125.47511055498757,92.01508107365753,0.8365007370332505,0.8365007370332502,0.5849923558543171,fall,day,116.99847117086341
2018-10-10 08:00:00,2531.12,924.79,17.1,104.69170504203434,0.14892598966666667,14.892598966666668,138.18142848943052,101.3330475589157,0.9212095232628701,0.92120952326287,0.5234585252101717,fall,day,104.69170504203434
2018-10-10 09:00:00,2610.08,946.08,18.58,102.84727942369602,0.14683464400000001,14.683464400000002,144.911111637768,106.26814853436318,0.9660740775851199,0.9660740775851198,0.5142363971184801,fall,day,102.84727942369602
2018-10-10 10:00:00,2697.12,240.34,19.59,113.62326139199168,0.17683517866666665,17.683517866666666,145.66415999999998,106.82038399999996,0.9710943999999999,0.9710943999999997,0.5681163069599584,fall,day,113.62326139199168
2018-10-10 11:00:00,2802.4,533.47,20.12,149.43175221129616,0.16362867766666667,16.362867766666668,140.44057357612658,102.98975395582613,0.9362704905075105,0.9362704905075103,0.7471587610564808,fall,day,149.43175221129616
2018-10-10 12:00:00,2903.44,42.64,20.3,130.0548636596488,0.18490385466666667,18.490385466666666,129.2403523661477,94.77625840184163,0.8616023491076513,0.8616023491076512,0.6502743182982439,fall,day,130.0548636596488
2018-10-10 13:00:00,3007.28,29.67,20.06,171.8049277277075,0.18565827499999998,18.565827499999997,112.06349637006342,82.17989733804649,0.7470899758004228,0.7470899758004226,0.8590246386385375,fall,day,171.8049277277075
2018-10-10 14:00:00,3106.16,176.34,19.24,156.236033434045,0.179902602,17.990260199999998,88.9100055878736,65.20067076444064,0.592733370585824,0.5927333705858241,0.781180167170225,fall,day,156.236033434045
2018-10-11 05:00:00,1940.32,64.95,9.26,87.01009512142726,0.19260121099999997,19.260121099999996,61.14204670796974,44.83750091917781,0.4076136447197983,0.40761364471979833,0.4350504756071363,fall,day,87.01009512142726
2018-10-11 06:00:00,2076.64,197.0,12.45,61.09994298890879,0.18433400333333333,18.43340033333333,93.94904020090416,68.89596281399639,0.6263269346726944,0.6263269346726945,0.305499714944544,fall,day,61.09994298890879
2018-10-11 07:00:00,2337.68,57.48,14.5,31.09758024219621,0.18881165599999997,18.881165599999996,118.80474827657447,87.12348206948793,0.7920316551771631,0.792031655177163,0.15548790121098105,fall,day,31.09758024219621
2018-10-11 08:00:00,2496.7200000000003,738.11,16.42,47.69076447416648,0.15760553233333333,15.760553233333333,135.70917093498056,99.52005868565239,0.9047278062332037,0.9047278062332035,0.2384538223708324,fall,day,47.69076447416648
2018-10-11 09:00:00,2529.84,818.92,17.81,79.63835707282927,0.15298781666666667,15.298781666666667,144.6623081761224,106.08569266248973,0.9644153878408159,0.9644153878408158,0.39819178536414634,fall,day,79.63835707282927
2018-10-11 10:00:00,2564.08,980.33,19.01,98.81215817387843,0.14500248033333332,14.500248033333332,145.66415999999998,106.82038399999998,0.9710943999999999,0.9710943999999998,0.49406079086939214,fall,day,98.81215817387843
2018-10-11 11:00:00,2596.88,628.05,19.61,96.22219764549206,0.15990239099999998,15.990239099999998,138.7147264066134,101.72413269818315,0.9247648427107561,0.924764842710756,0.4811109882274603,fall,day,96.22219764549206
2018-10-11 12:00:00,2630.88,601.43,19.88,94.73741350473374,0.16085185233333335,16.085185233333334,123.81400739596262,90.79693875703924,0.8254267159730841,0.825426715973084,0.4736870675236687,fall,day,94.73741350473374
2018-10-11 13:00:00,2644.4,497.29,19.27,53.018535377081584,0.16587492166666667,16.587492166666667,100.96200296804766,74.03880217656827,0.6730800197869844,0.6730800197869843,0.26509267688540794,fall,day,53.018535377081584
2018-10-11 14:00:00,2668.4,12.98,16.61,14.054284998430115,0.18909614533333335,18.909614533333336,70.15871312286838,51.449722956770145,0.46772475415245585,0.46772475415245585,0.07027142499215057,fall,day,14.054284998430115
2018-10-12 04:00:00,1793.6000000000001,6.49,8.99,103.19550727138606,0.1953640736666667,19.53640736666667,47.54358075341679,34.86529255250565,0.31695720502277863,0.31695720502277863,0.5159775363569303,fall,day,103.19550727138606
2018-10-12 05:00:00,1814.08,271.93,10.1,119.14679150411459,0.18291024766666666,18.291024766666666,79.46578234827528,58.27490705540187,0.5297718823218353,0.5297718823218351,0.5957339575205729,fall,day,119.14679150411459
2018-10-12 06:00:00,1940.16,545.89,13.52,82.22061961398236,0.16827039166666666,16.827039166666665,105.16047525496256,77.1176818536392,0.7010698350330837,0.7010698350330836,0.4111030980699118,fall,day,82.22061961398236
2018-10-12 07:00:00,2185.68,758.65,15.68,149.3257866893932,0.15729049966666667,15.729049966666667,124.62765947347873,91.39361694721772,0.8308510631565249,0.8308510631565248,0.746628933446966,fall,day,149.3257866893932
2018-10-12 08:00:00,2334.08,859.66,17.37,109.14651206985316,0.15155577066666667,15.155577066666668,137.86733500382368,101.10271233613736,0.9191155666921579,0.9191155666921578,0.5457325603492658,fall,day,109.14651206985316
2018-10-12 09:00:00,2365.92,1019.65,19.26,164.584482404581,0.14309046766666667,14.309046766666667,144.87950184599742,106.2449680203981,0.9658633456399829,0.9658633456399828,0.822922412022905,fall,day,164.584482404581
2018-10-12 10:00:00,2394.2400000000002,589.09,20.37,148.49541026177965,0.16100544166666667,16.100544166666666,145.66415999999998,106.82038399999998,0.9710943999999999,0.9710943999999998,0.7424770513088983,fall,day,148.49541026177965
2018-10-12 11:00:00,2408.0,584.83,21.23,78.79074200293793,0.16051587566666664,16.051587566666665,140.22130946583138,102.828960274943,0.9348087297722092,0.9348087297722091,0.39395371001468965,fall,day,78.79074200293793
2018-10-12 12:00:00,2406.56,731.82,21.66,119.48693343450552,0.15376449,15.376449000000001,128.55095024349157,94.27069684522715,0.8570063349566105,0.8570063349566105,0.5974346671725276,fall,day,119.48693343450552
2018-10-12 13:00:00,2393.92,516.13,21.47,134.82333639090106,0.16332498966666667,16.332498966666666,110.6530823329806,81.14559371085244,0.737687215553204,0.7376872155532039,0.6741166819545054,fall,day,134.82333639090106
2018-10-12 14:00:00,2378.4,152.83,20.57,116.17772025799489,0.17988383966666668,17.988383966666667,86.5277057342984,63.45365087181881,0.5768513715619893,0.5768513715619892,0.5808886012899744,fall,day,116.17772025799489
2018-10-13 05:00:00,1700.8,58.41,11.95,147.21758074945785,0.190773847,19.0773847,79.36009610057445,58.19740380708792,0.529067307337163,0.5290673073371629,0.7360879037472893,fall,day,147.21758074945785
2018-10-13 06:00:00,1826.0,182.95,13.58,97.35726283237155,0.18405954966666666,18.405954966666666,105.09581079322481,77.07026124836486,0.7006387386214987,0.7006387386214987,0.48678631416185775,fall,day,97.35726283237155
2018-10-13 07:00:00,2067.84,420.31,15.4,94.73795903138834,0.17227331366666668,17.227331366666668,124.59407452949262,91.36898798829458,0.8306271635299508,0.8306271635299507,0.4736897951569417,fall,day,94.73795903138834
2018-10-13 08:00:00,2213.44,260.48,17.03,151.80541142123516,0.17796702733333333,17.796702733333333,137.85488730937774,101.09358402687701,0.9190325820625183,0.9190325820625183,0.7590270571061758,fall,day,151.80541142123516
2018-10-13 09:00:00,2253.04,162.24,18.68,80.6152195299489,0.180957656,18.0957656,144.8782491328802,106.24404936411213,0.9658549942192013,0.9658549942192012,0.4030760976497445,fall,day,80.6152195299489
2018-10-13 10:00:00,2280.8,785.86,19.83,71.79404746779461,0.15284382666666665,15.284382666666666,145.66415999999998,106.82038399999998,0.9710943999999999,0.9710943999999998,0.35897023733897304,fall,day,71.79404746779461
2018-10-13 11:00:00,2303.2000000000003,711.1,20.36,144.79059327835282,0.15568959266666665,15.568959266666665,140.21261991073715,102.82258793454056,0.9347507994049143,0.9347507994049142,0.7239529663917641,fall,day,144.79059327835282
2018-10-13 12:00:00,2310.08,236.33,20.23,150.66756404841837,0.17650749233333332,17.650749233333332,128.52362886509167,94.25066116773388,0.8568241924339445,0.8568241924339444,0.7533378202420918,fall,day,150.66756404841837
2018-10-13 13:00:00,2302.4,384.83,19.57,76.7943629657358,0.17054630633333334,17.054630633333336,110.59718686306356,81.10460369957994,0.7373145790870904,0.7373145790870904,0.383971814828679,fall,day,76.7943629657358
2018-10-13 14:00:00,2306.08,204.8,17.55,82.36252928099911,0.17998812333333336,17.998812333333337,86.43329390465271,63.384415530078655,0.5762219593643514,0.5762219593643514,0.41181264640499554,fall,day,82.36252928099911
2018-10-14 04:00:00,1645.6000000000001,1.86,9.29,31.287750833900635,0.195330476,19.5330476,47.8502785447553,35.09020426615388,0.3190018569650353,0.3190018569650353,0.15643875416950317,fall,day,31.287750833900635
2018-10-14 05:00:00,1649.1200000000001,273.86,10.46,31.85112227124925,0.18254329133333333,18.254329133333332,79.67270016686004,58.42664678903069,0.5311513344457336,0.5311513344457336,0.15925561135624625,fall,day,31.85112227124925
2018-10-14 06:00:00,1687.52,537.91,13.83,22.45607283759464,0.16837511166666666,16.837511166666665,105.28707857047252,77.21052428501316,0.7019138571364835,0.7019138571364834,0.1122803641879732,fall,day,22.45607283759464
2018-10-14 07:00:00,1778.48,754.94,15.79,47.91329388858441,0.15736598533333335,15.736598533333336,124.69341375559279,91.44183675410136,0.8312894250372852,0.8312894250372851,0.23956646944292206,fall,day,47.91329388858441
2018-10-14 08:00:00,1870.72,928.54,17.5,34.23294013537458,0.14844820466666667,14.844820466666667,137.8917057222208,101.12058419629523,0.9192780381481386,0.9192780381481385,0.1711647006768729,fall,day,34.23294013537458
2018-10-14 09:00:00,1977.52,986.84,18.77,35.596002126030136,0.14490692333333333,14.490692333333332,144.88195447035653,106.24676661159478,0.9658796964690436,0.9658796964690435,0.17798001063015068,fall,day,35.596002126030136
2018-10-14 10:00:00,2069.52,913.28,19.74,50.596309141387586,0.14735475333333334,14.735475333333333,145.66415999999998,106.82038399999996,0.9710943999999999,0.9710943999999997,0.2529815457069379,fall,day,50.596309141387586
2018-10-14 11:00:00,2122.56,861.12,19.97,38.09034395472487,0.14945002599999999,14.945002599999999,140.2383223111512,102.84143636151089,0.934922148741008,0.9349221487410081,0.19045171977362435,fall,day,38.09034395472487
2018-10-14 12:00:00,2145.76,678.08,20.21,78.40820052868978,0.15724817533333332,15.724817533333333,128.60444140381017,94.30992369612744,0.8573629426920678,0.8573629426920677,0.3920410026434489,fall,day,78.40820052868978
2018-10-14 13:00:00,2146.96,377.16,20.47,147.2784615240827,0.170174114,17.0174114,110.76251727797691,81.22584600384972,0.7384167818531794,0.7384167818531793,0.7363923076204135,fall,day,147.2784615240827
2018-10-14 14:00:00,2133.2,207.15,20.05,122.00970326329912,0.177922085,17.7922085,86.71254993365133,63.58920328467762,0.5780836662243423,0.578083666224342,0.6100485163164956,fall,day,122.00970326329912
2018-10-15 05:00:00,1638.72,261.25,9.5,84.93570577265363,0.18384749166666667,18.384749166666666,104.55401872646625,76.67294706607525,0.697026791509775,0.697026791509775,0.4246785288632682,fall,day,84.93570577265363
2018-10-15 06:00:00,1663.6000000000001,508.16,13.6,89.9743536101739,0.16985384533333334,16.985384533333335,120.510791276563,88.37458026947954,0.8034052751770866,0.8034052751770867,0.44987176805086954,fall,day,89.9743536101739
2018-10-15 07:00:00,1725.04,729.61,15.49,60.656817748992445,0.15870683766666666,15.870683766666666,132.6001916789648,97.24014056457418,0.8840012778597652,0.8840012778597652,0.3032840887449622,fall,day,60.656817748992445
2018-10-15 08:00:00,1796.4,909.09,17.49,29.532497608622446,0.149304727,14.9304727,140.82221993367153,103.26962795135913,0.9388147995578102,0.9388147995578102,0.14766248804311222,fall,day,29.532497608622446
2018-10-15 09:00:00,1902.24,994.13,19.28,35.927661116946,0.14418828233333333,14.418828233333333,145.17687604068328,106.46304242983439,0.9678458402712219,0.9678458402712217,0.17963830558472998,fall,day,35.927661116946
2018-10-15 10:00:00,2009.6000000000001,987.39,20.69,32.3353135454234,0.14337495700000003,14.337495700000002,145.66415999999998,106.82038399999998,0.9710943999999999,0.9710943999999998,0.16167656772711703,fall,day,32.3353135454234
2018-10-15 11:00:00,2084.16,895.29,21.35,44.48901095645077,0.146875223,14.6875223,142.2840718116217,104.3416526618559,0.9485604787441446,0.9485604787441446,0.22244505478225385,fall,day,44.48901095645077
2018-10-15 12:00:00,2129.28,716.84,21.77,77.295829250631,0.1543317233333333,15.433172333333331,135.0366114755484,99.02684841540213,0.900244076503656,0.9002440765036557,0.386479146253155,fall,day,77.295829250631
2018-10-15 13:00:00,2154.4,433.6,21.71,42.35102835329918,0.16673755266666665,16.673755266666664,123.92177899178009,90.87597126063872,0.8261451932785339,0.8261451932785339,0.2117551417664959,fall,day,42.35102835329918
2018-10-15 14:00:00,2172.08,206.52,21.18,81.37032540207774,0.17706207200000001,17.7062072,108.93957436031671,79.88902119756558,0.7262638290687781,0.7262638290687781,0.4068516270103887,fall,day,81.37032540207774
2018-10-16 05:00:00,1726.72,127.19,10.59,33.12898512131077,0.18884089033333332,18.884089033333332,91.37509997504043,67.00840664836298,0.6091673331669362,0.6091673331669362,0.16564492560655386,fall,day,33.12898512131077
2018-10-16 06:00:00,1860.64,401.15,15.29,25.69603595139167,0.17319572233333333,17.319572233333332,112.44722855306918,82.4613009389174,0.7496481903537945,0.7496481903537946,0.12848017975695836,fall,day,25.69603595139167
2018-10-16 07:00:00,2102.4,518.55,18.67,15.473893857512069,0.165418517,16.5418517,128.41219884457956,94.16894581935834,0.8560813256305304,0.8560813256305304,0.07736946928756035,fall,day,15.473893857512069
2018-10-16 08:00:00,2240.88,758.33,20.82,10.328945605337486,0.15326750633333333,15.326750633333333,139.2700108495715,102.13134128968575,0.9284667389971433,0.9284667389971432,0.05164472802668743,fall,day,10.328945605337486
2018-10-16 09:00:00,2273.28,887.88,22.55,28.878262645585476,0.146256066,14.6256066,145.02066456804496,106.34848734989963,0.9668044304536331,0.966804430453633,0.1443913132279274,fall,day,28.878262645585476
2018-10-16 10:00:00,2291.28,930.87,23.76,32.030485373790356,0.14342993499999998,14.342993499999999,145.66415999999998,106.82038399999998,0.9710943999999999,0.9710943999999998,0.16015242686895179,fall,day,32.030485373790356
2018-10-16 11:00:00,2302.32,872.38,24.26,65.25060678411626,0.14558934866666667,14.558934866666668,141.2004971454366,103.54703123998684,0.941336647636244,0.9413366476362439,0.3262530339205813,fall,day,65.25060678411626
2018-10-16 12:00:00,2299.52,655.79,24.56,81.11559476153542,0.15480427233333335,15.480427233333335,131.62967600435476,96.52842906986015,0.8775311733623651,0.877531173362365,0.4055779738076771,fall,day,81.11559476153542
2018-10-16 13:00:00,2272.08,257.23,22.83,94.84580965095209,0.17355351566666669,17.35535156666667,116.95169657675451,85.76457748961997,0.7796779771783634,0.7796779771783633,0.4742290482547605,fall,day,94.84580965095209
2018-10-16 14:00:00,2255.28,220.99,20.96,60.905244525973444,0.17660348566666667,17.660348566666666,97.16655886263577,71.25547649926624,0.6477770590842384,0.6477770590842385,0.3045262226298672,fall,day,60.905244525973444
2018-10-17 05:00:00,1727.3600000000001,217.04,10.21,114.58190932026362,0.18521888733333333,18.521888733333334,95.55261108511672,70.07191479575226,0.6370174072341115,0.6370174072341115,0.5729095466013181,fall,day,114.58190932026362
2018-10-17 06:00:00,1882.88,338.87,14.15,148.06534129312368,0.17680856233333334,17.680856233333333,115.00325181260617,84.33571799591118,0.7666883454173744,0.7666883454173744,0.7403267064656184,fall,day,148.06534129312368
2018-10-17 07:00:00,2162.48,592.85,16.83,55.057962528718505,0.16362169633333332,16.36216963333333,129.73972706783925,95.14246651641545,0.8649315137855951,0.8649315137855951,0.27528981264359254,fall,day,55.057962528718505
2018-10-17 08:00:00,2310.08,755.03,19.17,79.18847942521333,0.15470740633333332,15.470740633333332,139.76203685081592,102.49216035726499,0.9317469123387728,0.9317469123387727,0.39594239712606666,fall,day,79.18847942521333
2018-10-17 09:00:00,2303.28,868.05,21.08,77.36281386237735,0.14827585299999999,14.827585299999999,145.07018116153617,106.38479951845984,0.9671345410769078,0.9671345410769077,0.3868140693118868,fall,day,77.36281386237735
2018-10-17 10:00:00,2267.04,926.45,22.37,42.5205204541003,0.14471450033333333,14.471450033333333,145.66415999999998,106.82038399999998,0.9710943999999999,0.9710943999999998,0.2126026022705015,fall,day,42.5205204541003
2018-10-17 11:00:00,2230.88,694.22,22.85,51.884112699372515,0.15447047733333333,15.447047733333333,141.5439733662074,103.79891380188542,0.9436264891080494,0.9436264891080492,0.2594205634968626,fall,day,51.884112699372515
2018-10-17 12:00:00,2199.84,564.75,23.18,43.42682509988791,0.159860503,15.986050299999999,132.70962126015843,97.32038892411617,0.8847308084010562,0.8847308084010561,0.21713412549943953,fall,day,43.42682509988791
2018-10-17 13:00:00,2174.08,520.25,23.16,62.15099100961212,0.16181789433333332,16.181789433333332,119.16110368185306,87.38480936669224,0.7944073578790204,0.7944073578790204,0.3107549550480606,fall,day,62.15099100961212
2018-10-17 14:00:00,2179.28,241.72,22.65,67.36526812279503,0.1743716406666667,17.437164066666668,100.89842063129123,73.99217512961356,0.6726561375419415,0.6726561375419414,0.33682634061397515,fall,day,67.36526812279503
2018-10-18 05:00:00,1769.2,164.82,10.94,2.0533479311096334,0.186924078,18.692407799999998,98.59063917532193,72.29980206190274,0.6572709278354795,0.6572709278354795,0.010266739655548167,fall,day,2.0533479311096334
2018-10-18 06:00:00,1930.88,418.63,14.96,1.1837183035595726,0.17269219366666666,17.269219366666665,116.86207881679081,85.69885779897993,0.7790805254452721,0.7790805254452721,0.005918591517797864,fall,day,1.1837183035595726
2018-10-18 07:00:00,2209.76,671.27,18.26,16.319742027183782,0.15907684833333333,15.907684833333333,130.7051507199931,95.85044386132827,0.8713676714666206,0.8713676714666206,0.0815987101359189,fall,day,16.319742027183782
2018-10-18 08:00:00,2346.32,834.33,20.22,49.56692459026914,0.150422613,15.042261300000002,140.1198548849287,102.75456024894773,0.9341323658995248,0.9341323658995248,0.2478346229513457,fall,day,49.56692459026914
2018-10-18 09:00:00,2325.36,921.16,21.31,33.91929261616293,0.14577784466666666,14.577784466666666,145.10619131159768,106.4112069618383,0.9673746087439845,0.9673746087439846,0.16959646308081464,fall,day,33.91929261616293
2018-10-18 10:00:00,2275.68,918.97,21.64,25.687107498482263,0.14561421966666666,14.561421966666666,145.66415999999998,106.82038399999998,0.9710943999999999,0.9710943999999998,0.12843553749241132,fall,day,25.687107498482263
2018-10-18 11:00:00,2256.32,874.21,21.92,4.168142241910014,0.14734733566666666,14.734733566666666,141.79376095013566,103.9820913634328,0.9452917396675711,0.945291739667571,0.02084071120955007,fall,day,4.168142241910014
2018-10-18 12:00:00,2232.96,744.77,21.98,23.517137333812446,0.15294811033333333,15.294811033333334,133.49499416200464,97.89632905213674,0.8899666277466977,0.8899666277466975,0.11758568666906223,fall,day,23.517137333812446
2018-10-18 13:00:00,2227.6,377.93,21.94,23.304891096828893,0.16898597833333331,16.89859783333333,120.76785963560701,88.5630970661118,0.8051190642373801,0.80511906423738,0.11652445548414446,fall,day,23.304891096828893
2018-10-18 14:00:00,2234.8,41.72,20.83,9.673841588033149,0.18452773533333333,18.452773533333332,103.61235737094268,75.98239540535795,0.6907490491396179,0.6907490491396178,0.04836920794016574,fall,day,9.673841588033149
2018-10-19 05:00:00,1727.2,229.95,10.7,0.0,0.184270735,18.4270735,100.71693924732699,73.85908878137312,0.6714462616488466,0.6714462616488465,0.0,fall,day,9.947242120644624
2018-10-19 06:00:00,1887.04,433.56,14.84,0.0,0.172134996,17.213499600000002,118.16306217688074,86.65291226304588,0.7877537478458716,0.7877537478458716,0.0,fall,day,0.0
2018-10-19 07:00:00,2148.64,559.29,18.57,0.0,0.163719435,16.3719435,131.38084571692497,96.34595352574497,0.8758723047794997,0.8758723047794997,0.0,fall,day,25.178049300980877
2018-10-19 08:00:00,2285.36,759.59,20.14,0.0,0.15374660033333332,15.374660033333331,140.37028986745958,102.93821256947035,0.9358019324497305,0.9358019324497304,0.0,fall,day,1.2600738509459615
2018-10-19 09:00:00,2286.2400000000002,809.87,20.83,0.0,0.15101079033333337,15.101079033333336,145.1313946284846,106.42968939422202,0.967542630856564,0.9675426308565639,0.0,fall,day,0.0
2018-10-19 10:00:00,2260.96,865.49,21.53,0.0,0.14803412433333332,14.803412433333332,145.66415999999998,106.82038399999998,0.9710943999999999,0.9710943999999998,0.0,fall,day,50.5484906994308
2018-10-19 11:00:00,2252.08,112.18,21.91,0.0,0.18060509866666666,18.060509866666667,141.9685859820058,104.11029638680424,0.9464572398800387,0.9464572398800385,0.0,fall,day,0.0
2018-10-19 12:00:00,2235.36,535.47,22.02,0.0,0.162049151,16.2049151,134.04467257450202,98.2994265546348,0.8936311504966801,0.8936311504966801,0.0,fall,day,0.0
2018-10-19 13:00:00,2229.12,89.93,20.92,0.0,0.18235348633333331,18.23534863333333,121.89241977748864,89.38777450349167,0.8126161318499243,0.8126161318499243,0.0,fall,day,0.9109824421391223
2018-10-19 14:00:00,2242.4,10.2,19.23,4.1460237879420365,0.18715969799999999,18.7159698,105.51182759096564,77.3753402333748,0.7034121839397709,0.7034121839397709,0.020730118939710183,fall,day,4.1460237879420365
2018-10-20 05:00:00,1704.88,141.86,10.15,0.0,0.18854636533333333,18.854636533333334,98.92402312999631,72.54428362866395,0.6594934875333087,0.6594934875333086,0.0,fall,day,14.688627938157088
2018-10-20 06:00:00,1844.16,490.95,13.96,9.354430428183202,0.17032203099999998,17.032203099999997,117.06606083384608,85.84844461148712,0.7804404055589739,0.7804404055589739,0.046772152140916005,fall,day,9.354430428183202
2018-10-20 07:00:00,2088.64,702.1,16.87,0.0,0.15882333866666665,15.882333866666665,130.81109337277138,95.92813514003234,0.8720739558184759,0.8720739558184758,0.0,fall,day,22.85594993663625
2018-10-20 08:00:00,2219.76,878.54,18.75,0.0,0.14964812133333333,14.964812133333332,140.15912074677212,102.78335521429955,0.9343941383118142,0.9343941383118141,0.0,fall,day,62.51808801813505
2018-10-20 09:00:00,2244.0,976.58,19.96,0.0,0.14441997533333334,14.441997533333334,145.11014295584835,106.41410483428876,0.967400953038989,0.9674009530389888,0.0,fall,day,42.5205204541003
2018-10-20 10:00:00,2244.8,310.47,20.58,3.1437659285486723,0.172997627,17.2997627,145.66415999999998,106.82038399999998,0.9710943999999999,0.9710943999999998,0.015718829642743362,fall,day,3.1437659285486723
2018-10-20 11:00:00,2255.44,176.95,21.03,0.0,0.17847011966666668,17.847011966666667,141.8211718792271,104.00219271143322,0.9454744791948474,0.9454744791948475,0.0,fall,day,16.524723667553662
2018-10-20 12:00:00,2252.32,52.84,21.07,2.2469435967598335,0.18385403666666666,18.385403666666665,133.58117859352973,97.95953096858847,0.8905411906235315,0.8905411906235315,0.011234717983799167,fall,day,2.2469435967598335
2018-10-20 13:00:00,2240.4,209.72,20.16,0.0,0.1777235533333333,17.77235533333333,120.94418014290783,88.69239877146572,0.8062945342860521,0.806294534286052,0.0,fall,day,0.0
2018-10-20 14:00:00,2256.2400000000002,167.17,19.51,6.805427586399067,0.18009066166666668,18.009066166666667,103.91017652736133,76.20079612006496,0.6927345101824088,0.6927345101824087,0.034027137931995334,fall,day,6.805427586399067
2018-10-21 05:00:00,1624.48,17.61,9.13,47.70447537741234,0.194768915,19.476891499999997,55.25180556630893,40.517990748626545,0.36834537044205956,0.3683453704420595,0.23852237688706168,fall,day,47.70447537741234
2018-10-21 06:00:00,1679.6000000000001,67.68,10.66,35.565749642343086,0.191382532,19.1382532,90.34507770609424,66.25305698446911,0.6023005180406283,0.6023005180406283,0.17782874821171543,fall,day,35.565749642343086
2018-10-21 07:00:00,1777.28,72.31,11.94,21.763623732420868,0.19017519766666666,19.017519766666666,116.93294921935608,85.75082942752778,0.7795529947957072,0.779552994795707,0.10881811866210434,fall,day,21.763623732420868
2018-10-21 08:00:00,1862.64,69.54,12.74,29.885174529248758,0.18966774199999997,18.966774199999996,135.01542010609433,99.01130807780248,0.9001028007072955,0.9001028007072953,0.1494258726462438,fall,day,29.885174529248758
2018-10-21 09:00:00,1948.16,211.11,13.6,29.41083910329638,0.182815127,18.2815127,144.59249036630897,106.03449293529323,0.9639499357753931,0.963949935775393,0.14705419551648188,fall,day,29.41083910329638
2018-10-21 10:00:00,1990.32,600.34,14.02,23.529472297607875,0.16550185666666667,16.550185666666668,145.66415999999998,106.82038399999996,0.9710943999999999,0.9710943999999997,0.11764736148803938,fall,day,23.529472297607875
2018-10-21 11:00:00,2006.32,923.61,13.6,8.662641258726033,0.15172637700000002,15.172637700000003,138.23042900716746,101.36898127192279,0.9215361933811164,0.9215361933811163,0.04331320629363017,fall,day,8.662641258726033
2018-10-21 12:00:00,2002.56,703.14,13.48,23.572140058736704,0.161440466,16.1440466,122.29129738781135,89.68028475106166,0.8152753159187424,0.8152753159187424,0.11786070029368352,fall,day,23.572140058736704
2018-10-21 13:00:00,2002.4,209.82,13.92,9.89250230926069,0.182620086,18.262008599999998,97.84676514193173,71.75429443741659,0.6523117676128781,0.6523117676128781,0.049462511546303455,fall,day,9.89250230926069
2018-10-21 14:00:00,2005.1200000000001,72.05,13.65,22.85594993663625,0.18884350833333333,18.884350833333333,64.8968322695284,47.591010330987494,0.4326455484635227,0.43264554846352266,0.11427974968318125,fall,day,22.85594993663625
2018-10-22 05:00:00,1563.92,158.0,6.08,74.34507557728301,0.1910387013333333,19.10387013333333,101.32902475182962,74.30795148467503,0.6755268316788642,0.675526831678864,0.3717253778864151,fall,day,74.34507557728301
2018-10-22 06:00:00,1596.24,373.19,9.52,104.91346768843229,0.17894746833333333,17.894746833333333,118.5375686102833,86.92755031420774,0.7902504574018887,0.7902504574018885,0.5245673384421614,fall,day,104.91346768843229
2018-10-22 07:00:00,1666.96,616.88,11.0,75.27839288457145,0.16715206933333335,16.715206933333334,131.5753540643272,96.48859298050661,0.8771690270955147,0.8771690270955146,0.3763919644228572,fall,day,75.27839288457145
2018-10-22 08:00:00,1732.4,763.96,13.14,94.88553611420313,0.15905372266666665,15.905372266666665,140.4423811139613,102.99107948357161,0.9362825407597419,0.9362825407597419,0.4744276805710157,fall,day,94.88553611420313
2018-10-22 09:00:00,1812.96,744.14,14.75,54.16174103392548,0.15865404133333333,15.865404133333334,145.13864975918557,106.43500982340274,0.9675909983945704,0.9675909983945703,0.2708087051696274,fall,day,54.16174103392548
2018-10-22 10:00:00,1870.0,668.42,15.68,59.52200107981092,0.16122753533333334,16.122753533333334,145.66415999999998,106.82038399999998,0.9710943999999999,0.9710943999999998,0.2976100053990546,fall,day,59.52200107981092
2018-10-22 11:00:00,1899.76,535.21,16.25,36.45397917165007,0.16659225366666666,16.659225366666668,142.0189118364046,104.14720201336337,0.9467927455760308,0.9467927455760307,0.18226989585825035,fall,day,36.45397917165007
2018-10-22 12:00:00,1918.0,410.25,16.41,47.207224801273874,0.171919011,17.191901100000003,134.20290526839943,98.4154638634929,0.8946860351226629,0.8946860351226628,0.23603612400636936,fall,day,47.207224801273874
2018-10-22 13:00:00,1941.28,387.59,16.51,49.029905121029,0.17282920233333335,17.282920233333336,122.21614029598447,89.62516955038859,0.8147742686398964,0.8147742686398963,0.24514952560514502,fall,day,49.029905121029
2018-10-22 14:00:00,1962.0,71.68,16.1,69.15528048806574,0.18693542266666666,18.693542266666665,106.05861691915962,77.77631907405038,0.7070574461277308,0.7070574461277307,0.3457764024403287,fall,day,69.15528048806574
2018-10-23 05:00:00,1674.24,220.7,7.33,108.33326517918579,0.18732114133333333,18.732114133333333,106.35088735434736,77.9906507265214,0.7090059156956491,0.7090059156956491,0.5416663258959289,fall,day,108.33326517918579
2018-10-23 06:00:00,1830.16,517.9,11.32,156.73492362085037,0.17121956866666665,17.121956866666665,121.61021097555994,89.18082138207728,0.8107347398370662,0.8107347398370662,0.7836746181042519,fall,day,156.73492362085037
2018-10-23 07:00:00,2089.44,636.63,14.25,127.62280885206562,0.163737761,16.3737761,133.17120005073153,97.6588800372031,0.8878080003382102,0.8878080003382101,0.6381140442603281,fall,day,127.62280885206562
2018-10-23 08:00:00,2253.2000000000003,837.94,15.85,84.11778553698107,0.15369729466666665,15.369729466666666,141.03385457986207,103.42482669189883,0.9402256971990804,0.9402256971990802,0.42058892768490536,fall,day,84.11778553698107
2018-10-23 09:00:00,2290.08,855.88,16.93,54.969678131823905,0.15206628066666666,15.206628066666667,145.19817456295155,106.47866134616446,0.967987830419677,0.9679878304196768,0.27484839065911953,fall,day,54.969678131823905
2018-10-23 10:00:00,2324.08,840.62,17.88,64.08038543506791,0.15198599533333335,15.198599533333335,145.66415999999998,106.82038399999998,0.9710943999999999,0.9710943999999998,0.32040192717533955,fall,day,64.08038543506791
2018-10-23 11:00:00,2370.96,686.4,18.34,81.24931546732962,0.15835384400000002,15.835384400000002,142.4318108910074,104.44999465340541,0.9495454059400492,0.9495454059400492,0.4062465773366481,fall,day,81.24931546732962
2018-10-23 12:00:00,2402.4,576.32,18.57,60.34329751933351,0.16297635933333332,16.297635933333332,135.5011272359738,99.36749330638077,0.9033408482398253,0.9033408482398252,0.3017164875966676,fall,day,60.34329751933351
2018-10-23 13:00:00,2421.04,227.98,18.41,24.354584393007258,0.17830125866666668,17.83012586666667,124.87210903489915,91.57287995892604,0.8324807268993277,0.8324807268993276,0.1217729219650363,fall,day,24.354584393007258
2018-10-23 14:00:00,2440.64,150.19,17.82,22.6756882304673,0.18215888166666666,18.215888166666666,110.54475628778343,81.06615461104118,0.7369650419185562,0.7369650419185563,0.1133784411523365,fall,day,22.6756882304673
2018-10-24 05:00:00,1823.44,16.69,9.05,24.499721759395545,0.1948718896666667,19.487188966666668,81.32467114872993,59.63809217573528,0.5421644743248663,0.5421644743248661,0.12249860879697773,fall,day,24.499721759395545
2018-10-24 06:00:00,1962.88,108.6,12.76,52.84290004001181,0.18794771600000001,18.7947716,106.29784219083842,77.95175093994817,0.7086522812722561,0.7086522812722561,0.26421450020005904,fall,day,52.84290004001181
2018-10-24 07:00:00,2224.96,779.51,15.43,38.54020341811896,0.1565766583333333,15.657665833333331,125.21837659701976,91.82680950448113,0.834789177313465,0.8347891773134648,0.1927010170905948,fall,day,38.54020341811896
2018-10-24 08:00:00,2392.08,940.79,17.0,44.75058492580159,0.1483063963333333,14.83063963333333,138.08627436727377,101.26326786933407,0.9205751624484918,0.9205751624484916,0.22375292462900795,fall,day,44.75058492580159
2018-10-24 09:00:00,2430.48,961.87,18.46,41.39056200284608,0.14623992166666666,14.623992166666666,144.90153550160053,106.26112603450704,0.9660102366773369,0.9660102366773368,0.2069528100142304,fall,day,41.39056200284608
2018-10-24 10:00:00,2458.64,959.62,19.34,88.67562436558399,0.14564694466666664,14.564694466666664,145.66415999999998,106.82038399999996,0.9710943999999999,0.9710943999999997,0.4433781218279199,fall,day,88.67562436558399
2018-10-24 11:00:00,2487.28,908.27,19.69,92.58228621111768,0.14761262633333333,14.761262633333333,140.37414786247223,102.94104176581294,0.9358276524164815,0.9358276524164812,0.4629114310555884,fall,day,92.58228621111768
2018-10-24 12:00:00,2513.52,315.94,19.16,60.41614351191004,0.17387422066666666,17.387422066666666,129.0314990890172,94.62309933194592,0.8602099939267812,0.8602099939267811,0.30208071755955024,fall,day,60.41614351191004
2018-10-24 13:00:00,2522.08,319.62,19.08,59.27978724528205,0.17377648199999998,17.3776482,111.63621367963492,81.86655669839892,0.7442414245308995,0.7442414245308993,0.2963989362264103,fall,day,59.27978724528205
2018-10-24 14:00:00,2524.48,124.87,17.27,67.73505033473842,0.18369564766666666,18.369564766666667,88.18829163432531,64.67141386517189,0.5879219442288354,0.5879219442288354,0.3386752516736921,fall,day,67.73505033473842
2018-10-25 05:00:00,1717.04,11.13,6.2,176.96810717759993,0.197352881,19.735288100000002,70.2988617828386,51.5524986407483,0.46865907855225736,0.46865907855225725,0.8848405358879997,fall,day,176.96810717759993
2018-10-25 06:00:00,1852.16,74.17,6.32,166.7948836710968,0.1945079876666667,19.45079876666667,99.55166618990273,73.00455520592865,0.6636777745993515,0.6636777745993514,0.833974418355484,fall,day,166.7948836710968
2018-10-25 07:00:00,2099.68,94.56,5.66,157.87450455614623,0.194136668,19.4136668,121.714598215151,89.25737202444405,0.8114306547676733,0.8114306547676732,0.7893725227807312,fall,day,157.87450455614623
2018-10-25 08:00:00,2247.6,165.95,5.39,170.33612751792185,0.19123374233333332,19.123374233333333,136.7876578585833,100.31094909629441,0.911917719057222,0.9119177190572219,0.8516806375896092,fall,day,170.33612751792185
2018-10-25 09:00:00,2248.2400000000002,267.39,5.06,146.4385929326833,0.187066759,18.7066759,144.77084512019962,106.16528642147972,0.9651389674679975,0.9651389674679974,0.7321929646634164,fall,day,146.4385929326833
2018-10-25 10:00:00,2247.2000000000003,109.39,5.08,153.08170133611,0.19394511766666667,19.394511766666668,145.66415999999998,106.82038399999998,0.9710943999999999,0.9710943999999998,0.76540850668055,fall,day,153.08170133611
2018-10-25 11:00:00,2239.12,96.42,5.0,168.39183415339545,0.194573874,19.4573874,139.46760249798442,102.27624183185524,0.9297840166532294,0.9297840166532295,0.8419591707669772,fall,day,168.39183415339545
2018-10-25 12:00:00,2246.56,121.45,4.3,139.69827167945274,0.19403151166666668,19.403151166666667,126.1811726141529,92.53285991704546,0.841207817427686,0.841207817427686,0.6984913583972637,fall,day,139.69827167945274
2018-10-25 13:00:00,2236.2400000000002,43.57,3.95,104.77141254764105,0.19770456566666667,19.770456566666667,105.80487034850549,77.59023825557068,0.7053658023233699,0.7053658023233699,0.5238570627382052,fall,day,104.77141254764105
2018-10-25 14:00:00,2247.76,134.08,3.71,53.858646424771784,0.19394380866666666,19.394380866666665,78.33869570104204,57.44837684743082,0.5222579713402803,0.5222579713402802,0.2692932321238589,fall,day,53.858646424771784
2018-10-26 05:00:00,1726.16,98.93,0.69,104.05229931188465,0.1978494283333333,19.78494283333333,99.14986714104828,72.70990257010205,0.6609991142736552,0.660999114273655,0.5202614965594232,fall,day,104.05229931188465
2018-10-26 06:00:00,1880.16,575.89,1.62,157.6821397350099,0.17630765166666668,17.630765166666666,117.20424419950695,85.9497790796384,0.7813616279967129,0.7813616279967127,0.7884106986750495,fall,day,157.6821397350099
2018-10-26 07:00:00,2145.44,796.2,3.29,151.56756179994107,0.165383174,16.5383174,130.88286201463148,95.9807654773964,0.8725524134308765,0.8725524134308764,0.7578378089997053,fall,day,151.56756179994107
2018-10-26 08:00:00,2305.68,960.03,4.53,126.6193307556211,0.157260829,15.7260829,140.18572058642184,102.802861763376,0.9345714705761455,0.9345714705761454,0.6330966537781055,fall,day,126.6193307556211
2018-10-26 09:00:00,2306.2400000000002,1052.06,6.03,62.20655593006085,0.15206715333333334,15.206715333333335,145.112819914878,106.4160679375772,0.9674187994325201,0.96741879943252,0.31103277965030424,fall,day,62.20655593006085
2018-10-26 10:00:00,2298.7200000000003,1046.56,6.87,76.27065131615814,0.15164740066666665,15.164740066666665,145.66415999999998,106.82038399999998,0.9710943999999999,0.9710943999999998,0.38135325658079067,fall,day,76.27065131615814
2018-10-26 11:00:00,2289.44,946.09,7.77,44.525230895595605,0.15532438166666665,15.532438166666665,141.83974084178783,104.01580995064438,0.9455982722785855,0.9455982722785853,0.22262615447797804,fall,day,44.525230895595605
2018-10-26 12:00:00,2273.84,765.16,8.43,32.094802966337575,0.16270059666666667,16.27005966666667,133.63956244024146,98.00234578951039,0.8909304162682764,0.8909304162682762,0.16047401483168788,fall,day,32.094802966337575
2018-10-26 13:00:00,2263.92,499.62,8.42,39.86039610585397,0.174294846,17.429484600000002,121.06362479536097,88.77999151659802,0.807090831969073,0.8070908319690728,0.19930198052926987,fall,day,39.86039610585397
2018-10-26 14:00:00,2266.96,190.47,8.35,34.413260940264415,0.18783906899999997,18.783906899999998,104.11192790714622,76.3487471319072,0.6940795193809748,0.6940795193809746,0.1720663047013221,fall,day,34.413260940264415
2018-10-27 05:00:00,1832.48,268.59,0.3,94.76129544937949,0.19075290299999997,19.0752903,105.80941465866323,77.59357074968636,0.7053960977244216,0.7053960977244215,0.47380647724689745,fall,day,94.76129544937949
2018-10-27 06:00:00,1990.48,560.38,4.52,72.29397415524288,0.17470674466666664,17.470674466666665,121.27890921044087,88.9378667543233,0.8085260614029391,0.808526061402939,0.3614698707762144,fall,day,72.29397415524288
2018-10-27 07:00:00,2265.04,786.97,7.17,55.03770530562076,0.16273855766666667,16.273855766666667,132.99913102046338,97.53269608167314,0.8866608734697559,0.8866608734697558,0.2751885265281038,fall,day,55.03770530562076
2018-10-27 08:00:00,2413.52,948.6,8.81,50.46407954178168,0.15439804599999998,15.439804599999999,140.97008008873075,103.37805873173588,0.9398005339248717,0.9398005339248716,0.2523203977089084,fall,day,50.46407954178168
2018-10-27 09:00:00,2403.6,1042.15,10.29,63.487852567340845,0.14915375566666667,14.915375566666667,145.19175641524293,106.47395470451148,0.9679450427682862,0.9679450427682862,0.3174392628367042,fall,day,63.487852567340845
2018-10-27 10:00:00,2339.2000000000003,1042.62,11.52,117.04817471048145,0.148167206,14.8167206,145.66415999999998,106.82038399999998,0.9710943999999999,0.9710943999999998,0.5852408735524073,fall,day,117.04817471048145
2018-10-27 11:00:00,2286.32,925.78,12.34,121.00707376387247,0.15262129666666666,15.262129666666665,142.3872908430019,104.41734661820138,0.9492486056200126,0.9492486056200126,0.6050353688193624,fall,day,121.00707376387247
2018-10-27 12:00:00,2240.2400000000002,760.69,12.81,62.062452033611926,0.15945558566666668,15.945558566666667,135.36114894424864,99.26484255911566,0.9024076596283243,0.9024076596283243,0.31031226016805963,fall,day,62.062452033611926
2018-10-27 13:00:00,2203.12,475.08,12.75,61.39543659334553,0.171964826,17.1964826,124.58573430374025,91.36287182274285,0.830571562024935,0.830571562024935,0.30697718296672766,fall,day,61.39543659334553
2018-10-27 14:00:00,2188.0,183.81,12.04,124.74425866212322,0.18523154099999997,18.523154099999996,110.06104692147667,80.7114344090829,0.7337403128098445,0.7337403128098445,0.6237212933106161,fall,day,124.74425866212322
2018-10-28 05:00:00,1687.28,271.32,1.05,178.81299346289074,0.190044734,19.0044734,107.02594039459929,78.48568962270613,0.7135062692973286,0.7135062692973285,0.8940649673144537,fall,day,178.81299346289074
2018-10-28 06:00:00,1743.52,553.32,5.99,178.92689942831785,0.173860258,17.3860258,122.02324429296829,89.48371248151008,0.8134882952864553,0.8134882952864553,0.8946344971415893,fall,day,178.92689942831785
2018-10-28 07:00:00,1842.88,777.08,9.69,178.9234807946173,0.1611908833333333,16.11908833333333,133.38571820269289,97.81619334864145,0.8892381213512859,0.8892381213512859,0.8946174039730864,fall,day,178.9234807946173
2018-10-28 08:00:00,1934.72,937.41,11.94,164.7066924979689,0.152428001,15.2428001,141.11336212377304,103.48313222410022,0.9407557474918203,0.9407557474918201,0.8235334624898445,fall,day,164.7066924979689
2018-10-28 09:00:00,2012.56,1016.08,13.72,160.99334105310524,0.14759735466666668,14.759735466666669,145.20617605620873,106.4845291078864,0.9680411737080582,0.9680411737080582,0.8049667052655262,fall,day,160.99334105310524
2018-10-28 10:00:00,2035.92,1026.55,15.06,31.531570941356147,0.14608807766666665,14.608807766666665,145.66415999999998,106.82038399999998,0.9710943999999999,0.9710943999999998,0.15765785470678073,fall,day,31.531570941356147
2018-10-28 11:00:00,2030.64,883.16,15.95,30.89292894852256,0.15164565533333332,15.164565533333333,142.4873139551468,104.49069690044098,0.9499154263676453,0.9499154263676453,0.1544646447426128,fall,day,30.89292894852256
2018-10-28 12:00:00,2007.8400000000001,731.4,16.41,17.920114173886397,0.15790616600000001,15.790616600000002,135.67563792164916,99.49546780920937,0.9045042528109943,0.9045042528109943,0.08960057086943199,fall,day,17.920114173886397
2018-10-28 13:00:00,1981.2,450.46,16.35,6.926595875412111,0.17021163866666666,17.021163866666665,125.2291318995071,91.8346967263052,0.8348608793300473,0.8348608793300473,0.03463297937706055,fall,day,6.926595875412111
2018-10-28 14:00:00,1958.96,163.08,15.3,19.08126311160276,0.183575656,18.3575656,111.14779588872055,81.5083836517284,0.7409853059248037,0.7409853059248036,0.0954063155580138,fall,day,19.08126311160276
2018-10-29 05:00:00,1596.24,263.53,2.99,21.13529370870623,0.18886096166666663,18.886096166666665,106.73825827257429,78.27472273322115,0.7115883884838285,0.7115883884838287,0.10567646854353115,fall,day,21.13529370870623
2018-10-29 06:00:00,1624.64,557.83,8.2,52.50355821538058,0.17192773766666666,17.192773766666665,121.84722508538911,89.35463172928534,0.8123148339025941,0.8123148339025941,0.2625177910769029,fall,day,52.50355821538058
2018-10-29 07:00:00,1685.3600000000001,777.15,11.96,0.0,0.159404971,15.9404971,133.29429866453913,97.74915235399536,0.8886286577635942,0.8886286577635941,0.0,fall,day,51.05601536089267
2018-10-29 08:00:00,1770.8,938.96,14.53,0.0,0.15032618333333334,15.032618333333334,141.07947901002427,103.45828460735112,0.9405298600668285,0.9405298600668284,0.0,fall,day,17.43143442762841
2018-10-29 09:00:00,1873.1200000000001,1024.03,16.21,0.0,0.14529482366666668,14.529482366666668,145.20276612184455,106.48202848935267,0.9680184408122969,0.968018440812297,0.0,fall,day,0.0
2018-10-29 10:00:00,1979.8400000000001,1013.03,17.43,2.2357603003457753,0.14481660233333335,14.481660233333335,145.66415999999998,106.82038399999998,0.9710943999999999,0.9710943999999998,0.011178801501728876,fall,day,2.2357603003457753
2018-10-29 11:00:00,2058.08,882.21,18.26,5.362591414656588,0.14987283299999998,14.987283299999998,142.46366064449057,104.47335113929307,0.9497577376299372,0.949757737629937,0.02681295707328294,fall,day,5.362591414656588
2018-10-29 12:00:00,2112.56,720.0,18.58,8.391152342432504,0.156699268,15.6699268,135.6012680553163,99.44092990723195,0.9040084537021087,0.9040084537021086,0.04195576171216252,fall,day,8.391152342432504
2018-10-29 13:00:00,2141.68,448.65,18.4,15.448817815634067,0.168680545,16.8680545,125.07698223247718,91.7231203038166,0.8338465482165145,0.8338465482165145,0.07724408907817033,fall,day,15.448817815634067
2018-10-29 14:00:00,2148.96,166.95,17.37,26.457936661070743,0.18178101700000002,18.178101700000003,110.89080317597318,81.319922329047,0.7392720211731545,0.7392720211731546,0.1322896833053537,fall,day,26.457936661070743
2018-10-30 05:00:00,1733.52,242.62,6.33,47.25070630632876,0.18715009866666668,18.71500986666667,105.18694274111951,77.13709134348763,0.7012462849407968,0.7012462849407965,0.2362535315316438,fall,day,47.25070630632876
2018-10-30 06:00:00,1887.2,536.3,9.54,35.75998137691873,0.17181472733333336,17.181472733333337,120.89804781768174,88.65856839963327,0.8059869854512116,0.8059869854512115,0.17879990688459366,fall,day,35.75998137691873
2018-10-30 07:00:00,2157.6,743.42,12.93,16.779463400206986,0.16011488533333332,16.01148853333333,132.80132208185094,97.38763619335734,0.8853421472123396,0.8853421472123394,0.08389731700103492,fall,day,16.779463400206986
2018-10-30 08:00:00,2334.64,914.94,15.31,24.99524331911013,0.150761644,15.0761644,140.89676553362705,103.32429472465982,0.9393117702241803,0.9393117702241802,0.12497621659555065,fall,day,24.99524331911013
2018-10-30 09:00:00,2350.08,975.03,16.72,9.832345115128799,0.147032303,14.7032303,145.18437817301006,106.4685439935407,0.9678958544867338,0.9678958544867337,0.049161725575643994,fall,day,9.832345115128799
2018-10-30 10:00:00,2346.64,1002.49,17.7,22.248386294230315,0.14506443966666668,14.506443966666668,145.66415999999998,106.82038399999998,0.9710943999999999,0.9710943999999998,0.11124193147115158,fall,day,22.248386294230315
2018-10-30 11:00:00,2333.84,870.44,18.28,0.0,0.15037068933333333,15.037068933333334,142.33611101459684,104.37981474403767,0.9489074067639789,0.9489074067639789,0.0,fall,day,0.701982372877388
2018-10-30 12:00:00,2284.64,737.72,18.4,0.0,0.15606745733333333,15.606745733333332,135.2002312168006,99.14683622565377,0.9013348747786707,0.9013348747786707,0.0,fall,day,45.85102432364851
2018-10-30 13:00:00,2242.4,493.21,18.2,0.0,0.16689332366666668,16.68933236666667,124.25652060661132,91.12144844484828,0.8283768040440754,0.8283768040440753,0.0,fall,day,61.39543659334553
2018-10-30 14:00:00,2229.04,213.99,17.23,0.0,0.179838461,17.9838461,109.5049791840289,80.30365140162118,0.7300331945601927,0.7300331945601926,0.0,fall,day,0.0
2018-10-31 05:00:00,1821.28,152.88,10.13,53.35385242728521,0.18808123399999999,18.8081234,85.193339737729,62.475115807667926,0.5679555982515267,0.5679555982515266,0.26676926213642604,fall,day,53.35385242728521
2018-10-31 06:00:00,1979.1200000000001,359.34,10.85,34.67845660045937,0.178507208,17.8507208,108.66489918634721,79.68759273665461,0.7244326612423148,0.7244326612423146,0.17339228300229684,fall,day,34.67845660045937
2018-10-31 07:00:00,2263.28,465.77,13.31,14.532646714161867,0.17193122833333332,17.193122833333334,126.44776093688347,92.7283580203812,0.8429850729125564,0.8429850729125563,0.07266323357080934,fall,day,14.532646714161867
2018-10-31 08:00:00,2415.68,711.95,15.41,0.0,0.15954023433333334,15.954023433333333,138.54192498933767,101.59741165884762,0.9236128332622512,0.9236128332622511,0.0,fall,day,0.0
2018-10-31 09:00:00,2395.28,1041.75,17.02,0.0,0.143885467,14.3885467,144.94739134370985,106.29475365205388,0.966315942291399,0.9663159422913989,0.0,fall,day,2.2469435967598335
2018-10-31 10:00:00,2357.68,950.26,17.91,0.0,0.14717847466666667,14.717847466666667,145.66415999999998,106.82038399999998,0.9710943999999999,0.9710943999999998,0.0,fall,day,5.35068908380506
2018-10-31 11:00:00,2327.44,839.93,18.35,0.0,0.15164696433333333,15.164696433333333,140.6922309582081,103.17430270268594,0.9379482063880541,0.937948206388054,0.0,fall,day,29.447807626239133
2018-10-31 12:00:00,2277.84,713.38,18.39,0.0,0.15713734666666668,15.713734666666667,130.03160421833422,95.35650976011175,0.8668773614555615,0.8668773614555614,0.0,fall,day,16.524723667553662
2018-10-31 13:00:00,2235.44,431.49,18.01,0.0,0.169735599,16.973559899999998,113.68227978037834,83.36700517227743,0.7578818652025222,0.7578818652025221,0.0,fall,day,59.27978724528205
2018-10-31 14:00:00,2217.76,158.77,16.86,0.0,0.18253849166666666,18.253849166666665,91.64425764434034,67.20578893918291,0.6109617176289356,0.6109617176289356,0.0,fall,day,0.0
2018-11-01 05:00:00,1911.04,177.27,6.74,28.405151623901787,0.18967952300000002,18.9679523,104.82152163059475,76.86911586243615,0.6988101442039649,0.6988101442039649,0.14202575811950893,fall,day,28.405151623901787
2018-11-01 06:00:00,2070.64,570.35,9.46,22.74093473367869,0.17039184433333332,17.039184433333332,120.67446376645702,88.49460676206849,0.8044964251097135,0.8044964251097135,0.11370467366839344,fall,day,22.74093473367869
2018-11-01 07:00:00,2337.28,767.83,13.13,48.216033905412786,0.15889271566666666,15.889271566666666,132.68519867132872,97.30247902564105,0.8845679911421914,0.8845679911421913,0.24108016952706393,fall,day,48.216033905412786
2018-11-01 08:00:00,2493.12,925.51,15.46,51.772685849519426,0.15018262966666665,15.018262966666665,140.8537263452098,103.29273265315383,0.9390248423013986,0.9390248423013985,0.25886342924759714,fall,day,51.772685849519426
2018-11-01 09:00:00,2489.04,980.59,16.92,20.28787563455143,0.14663262166666668,14.66326216666667,145.1800467881002,106.4653676446068,0.9678669785873347,0.9678669785873345,0.10143937817275715,fall,day,20.28787563455143
2018-11-01 10:00:00,2470.16,992.12,17.92,36.342806900902005,0.14534412933333335,14.534412933333336,145.66415999999998,106.82038399999998,0.9710943999999999,0.9710943999999998,0.18171403450451,fall,day,36.342806900902005
2018-11-01 11:00:00,2455.92,869.89,18.45,28.922632146805483,0.15026116966666667,15.026116966666667,142.30606598090915,104.35778171933337,0.9487071065393944,0.9487071065393943,0.1446131607340274,fall,day,28.922632146805483
2018-11-01 12:00:00,2432.96,651.36,18.63,62.51808801813505,0.15965499,15.965499,135.1057647308277,99.07756080260697,0.900705098205518,0.9007050982055179,0.31259044009067527,fall,day,62.51808801813505
2018-11-01 13:00:00,2414.48,451.91,18.4,69.44009995429876,0.16853830033333334,16.853830033333335,124.06325624975563,90.97972124982078,0.8270883749983708,0.8270883749983707,0.3472004997714938,fall,day,69.44009995429876
2018-11-01 14:00:00,2394.64,194.99,17.09,113.71676466054603,0.1807774503333333,18.077745033333333,109.17854053769288,80.06426306097478,0.7278569369179525,0.7278569369179525,0.5685838233027302,fall,day,113.71676466054603
2018-11-02 05:00:00,1800.24,165.23,9.19,84.80913146603147,0.18828063833333333,18.828063833333335,102.57163481964129,75.21919886773694,0.6838108987976086,0.6838108987976085,0.42404565733015737,fall,day,84.80913146603147
2018-11-02 06:00:00,1947.68,534.89,11.08,86.24381807569878,0.17066673433333332,17.06667343333333,119.29786347298288,87.48509988018743,0.7953190898198859,0.7953190898198857,0.43121909037849393,fall,day,86.24381807569878
2018-11-02 07:00:00,2209.04,759.91,13.37,30.2566690887463,0.1590497956666667,15.904979566666668,131.97023031768958,96.77816889963901,0.8798015354512639,0.8798015354512637,0.1512833454437315,fall,day,30.2566690887463
2018-11-02 08:00:00,2371.2000000000003,911.75,15.8,17.720874201553464,0.15051598833333332,15.051598833333331,140.58873535376134,103.09840592609163,0.9372582356917423,0.937258235691742,0.08860437100776732,fall,day,17.720874201553464
2018-11-02 09:00:00,2367.04,979.68,17.33,46.882390954944576,0.14635031399999998,14.635031399999999,145.15337858119813,106.4458109595453,0.9676891905413209,0.9676891905413209,0.23441195477472287,fall,day,46.882390954944576
2018-11-02 10:00:00,2348.48,997.42,18.34,103.11541183571352,0.1447830046666667,14.478300466666669,145.66415999999998,106.82038399999998,0.9710943999999999,0.9710943999999998,0.5155770591785676,fall,day,103.11541183571352
2018-11-02 11:00:00,2339.92,852.18,18.95,94.02034296322738,0.15064121600000002,15.064121600000002,142.12107961016693,104.22212504745573,0.9474738640677796,0.9474738640677794,0.4701017148161369,fall,day,94.02034296322738
2018-11-02 12:00:00,2315.68,677.23,19.13,123.84629754344343,0.15813349566666665,15.813349566666664,134.5241374116989,98.65103410191251,0.8968275827446592,0.8968275827446592,0.6192314877172171,fall,day,123.84629754344343
2018-11-02 13:00:00,2312.64,462.93,18.87,178.7942273459813,0.167688323,16.7688323,122.87333340459597,90.10711116337036,0.8191555560306398,0.8191555560306396,0.8939711367299066,fall,day,178.7942273459813
2018-11-02 14:00:00,2342.7200000000003,198.36,17.73,170.82021574817244,0.18012774999999998,18.012774999999998,107.16866758885804,78.59035623182922,0.7144577839257202,0.7144577839257201,0.8541010787408623,fall,day,170.82021574817244
2018-11-03 05:00:00,1731.92,166.15,2.85,171.82518495080572,0.19321993166666668,19.32199316666667,102.92013137957767,75.47476301169029,0.6861342091971845,0.6861342091971844,0.8591259247540286,fall,day,171.82518495080572
2018-11-03 06:00:00,1864.72,544.29,6.34,169.50520556365373,0.173979377,17.3979377,119.51109218491078,87.6414676022679,0.7967406145660718,0.7967406145660718,0.8475260278182687,fall,day,169.50520556365373
2018-11-03 07:00:00,2113.36,766.22,11.03,150.5360315106487,0.16061230533333332,16.061230533333333,132.0809754496196,96.8593819963877,0.8805398363307972,0.8805398363307972,0.7526801575532436,fall,day,150.5360315106487
2018-11-03 08:00:00,2272.7200000000003,917.9,12.59,156.88581629344174,0.15276877733333333,15.276877733333333,140.62978117370406,103.12850619404963,0.9375318744913604,0.9375318744913603,0.7844290814672087,fall,day,156.88581629344174
2018-11-03 09:00:00,2287.12,987.17,13.7,138.25072276355718,0.14887450233333333,14.887450233333333,145.1575093571642,106.44884019525372,0.9677167290477613,0.9677167290477611,0.6912536138177859,fall,day,138.25072276355718
2018-11-03 10:00:00,2289.36,997.23,14.5,123.23693214772632,0.147807231,14.780723100000001,145.66415999999998,106.82038399999998,0.9710943999999999,0.9710943999999998,0.6161846607386317,fall,day,123.23693214772632
2018-11-03 11:00:00,2308.88,893.62,14.91,81.97105329243452,0.15200606666666666,15.200606666666665,142.14973310221146,104.2431376082884,0.9476648873480764,0.9476648873480763,0.4098552664621726,fall,day,81.97105329243452
2018-11-03 12:00:00,2331.92,675.78,14.92,75.44811228814523,0.16150329800000002,16.1503298,134.6142286637986,98.71710102011896,0.8974281910919907,0.8974281910919906,0.37724056144072615,fall,day,75.44811228814523
2018-11-03 13:00:00,2331.44,471.0,14.43,93.41291721783683,0.170823378,17.0823378,123.05764668476144,90.2422742354917,0.8203843112317429,0.8203843112317428,0.46706458608918416,fall,day,93.41291721783683
2018-11-03 14:00:00,2367.68,188.0,13.16,117.02766290827809,0.18416906933333335,18.416906933333337,107.47998716509989,78.81865725440657,0.7165332477673325,0.7165332477673325,0.5851383145413904,fall,day,117.02766290827809
2018-11-04 05:00:00,1655.76,131.88,3.98,37.11903980807214,0.19382774400000002,19.382774400000002,100.33845203396702,73.5815314915758,0.6689230135597801,0.66892301355978,0.1855951990403607,fall,day,37.11903980807214
2018-11-04 06:00:00,1719.04,512.52,7.04,34.936317957857014,0.17481582799999998,17.481582799999998,117.9314835897043,86.48308796578314,0.7862098905980287,0.7862098905980286,0.17468158978928508,fall,day,34.936317957857014
2018-11-04 07:00:00,1822.48,740.02,10.88,15.314157591712815,0.16187330866666666,16.187330866666667,131.26057016417627,96.25775145372926,0.8750704677611751,0.875070467761175,0.07657078795856408,fall,day,15.314157591712815
2018-11-04 08:00:00,1941.28,901.1,13.04,31.325298221237684,0.15314838733333333,15.314838733333334,140.32571175738286,102.9055219554141,0.9355047450492191,0.9355047450492191,0.15662649110618843,fall,day,31.325298221237684
2018-11-04 09:00:00,2029.3600000000001,976.16,14.7,28.544436701570397,0.14856950533333335,14.856950533333336,145.1269083693241,106.42639947083768,0.9675127224621607,0.9675127224621607,0.14272218350785199,fall,day,28.544436701570397
2018-11-04 10:00:00,2075.52,987.37,15.8,28.142183530878757,0.14721643566666667,14.721643566666668,145.66415999999998,106.82038399999998,0.9710943999999999,0.9710943999999998,0.14071091765439378,fall,day,28.142183530878757
2018-11-04 11:00:00,2078.8,883.49,16.38,33.652672525259455,0.15129353433333334,15.129353433333334,141.9374666494105,104.08747554290103,0.9462497776627368,0.9462497776627367,0.16826336262629726,fall,day,33.652672525259455
2018-11-04 12:00:00,2047.1200000000001,674.85,16.55,24.249285625904268,0.16026367499999997,16.026367499999996,133.94682831755568,98.22767409954082,0.8929788554503713,0.8929788554503711,0.12124642812952134,fall,day,24.249285625904268
2018-11-04 13:00:00,2013.2,454.07,16.23,55.035220128639615,0.17014837033333333,17.014837033333333,121.69224500443552,89.24097966991937,0.8112816333629035,0.8112816333629034,0.2751761006431981,fall,day,55.035220128639615
2018-11-04 14:00:00,1981.52,171.3,15.01,68.19411101436927,0.183444756,18.3444756,105.17371671004994,77.12739225403662,0.701158111400333,0.7011581114003329,0.34097055507184637,fall,day,68.19411101436927
2018-11-05 05:00:00,1628.48,245.81,3.42,172.3684688844597,0.18929642233333333,18.929642233333333,106.26601548188601,77.92841135338307,0.7084401032125734,0.7084401032125733,0.8618423444222985,fall,day,172.3684688844597
2018-11-05 06:00:00,1675.76,526.2,6.58,177.11891499048974,0.174580208,17.4580208,121.55828185451742,89.1427400266461,0.8103885456967828,0.8103885456967826,0.8855945749524488,fall,day,177.11891499048974
2018-11-05 07:00:00,1752.0,746.22,10.83,173.0934738080835,0.16164205199999998,16.164205199999998,133.14422949264454,97.63910162793931,0.8876281966176303,0.8876281966176301,0.8654673690404175,fall,day,173.0934738080835
2018-11-05 08:00:00,1843.68,902.49,12.68,150.1504169029148,0.153370481,15.3370481,141.02385839626734,103.4174961572627,0.9401590559751156,0.9401590559751155,0.750752084514574,fall,day,150.1504169029148
2018-11-05 09:00:00,1958.72,963.25,14.09,150.26446834211637,0.14961190566666668,14.961190566666668,145.19716856538582,106.47792361461626,0.9679811237692388,0.9679811237692387,0.7513223417105819,fall,day,150.26446834211637
2018-11-05 10:00:00,2033.04,967.86,15.13,146.15323400120334,0.14859394,14.859394,145.66415999999998,106.82038399999998,0.9710943999999999,0.9710943999999998,0.7307661700060167,fall,day,146.15323400120334
2018-11-05 11:00:00,2062.16,828.64,15.81,128.76318989312122,0.15413450066666665,15.413450066666664,142.42483270010985,104.44487731341388,0.949498884667399,0.949498884667399,0.6438159494656062,fall,day,128.76318989312122
2018-11-05 12:00:00,2079.84,633.28,16.08,128.87351962825895,0.1624466506666667,16.24466506666667,135.4791866657154,99.35140355485794,0.903194577771436,0.9031945777714359,0.6443675981412947,fall,day,128.87351962825895
2018-11-05 13:00:00,2085.2,430.13,15.83,70.71946300265985,0.17150711233333332,17.150711233333332,124.82722189681667,91.53996272433221,0.8321814793121111,0.8321814793121111,0.3535973150132993,fall,day,70.71946300265985
2018-11-05 14:00:00,2081.2,146.72,14.42,122.73456271314794,0.18498064933333336,18.498064933333335,110.46893839341357,81.01055482183659,0.7364595892894238,0.7364595892894236,0.6136728135657397,fall,day,122.73456271314794
2018-11-06 05:00:00,1711.68,133.69,3.38,136.49239337408946,0.19422000766666667,19.422000766666667,104.11090393090208,76.34799621599487,0.6940726928726806,0.6940726928726806,0.6824619668704472,fall,day,136.49239337408946
2018-11-06 06:00:00,1872.0,503.47,7.0,174.9649211800334,0.17524212566666666,17.524212566666666,120.2396701007569,88.17575807388837,0.8015978006717126,0.8015978006717125,0.874824605900167,fall,day,174.9649211800334
2018-11-06 08:00:00,2276.48,877.46,11.71,117.42366676807389,0.1552244613333333,15.52244613333333,140.77003000641372,103.2313553380367,0.9384668667094248,0.9384668667094246,0.5871183338403694,fall,day,117.42366676807389
2018-11-06 09:00:00,2327.12,959.83,12.94,132.74303717003906,0.15066434166666667,15.066434166666667,145.17162374221567,106.45919074429148,0.9678108249481044,0.9678108249481043,0.6637151858501953,fall,day,132.74303717003906
2018-11-06 10:00:00,2354.32,950.28,13.88,125.57642926628932,0.150342764,15.0342764,145.66415999999998,106.82038399999998,0.9710943999999999,0.9710943999999998,0.6278821463314466,fall,day,125.57642926628932
2018-11-06 11:00:00,2363.04,849.62,14.49,144.10172646487595,0.15425580133333333,15.425580133333334,142.2476387797667,104.31493510516223,0.9483175918651113,0.9483175918651112,0.7205086323243798,fall,day,144.10172646487595
2018-11-06 12:00:00,2350.48,666.36,14.73,125.41549890325751,0.16206355,16.206355,134.92206008151578,98.94284405977822,0.8994804005434386,0.8994804005434384,0.6270774945162876,fall,day,125.41549890325751
2018-11-06 13:00:00,2360.2400000000002,457.06,14.56,125.34959928341273,0.17132952466666665,17.132952466666666,123.68742390524726,90.70411086384797,0.8245828260349817,0.8245828260349816,0.6267479964170637,fall,day,125.34959928341273
2018-11-06 14:00:00,2370.2400000000002,144.49,13.7,124.80161169771688,0.18564343966666666,18.564343966666666,108.54373025096106,79.59873551737144,0.7236248683397404,0.7236248683397404,0.6240080584885844,fall,day,124.80161169771688
2018-11-07 05:00:00,1818.08,130.55,1.35,128.68567661694615,0.19595137833333334,19.595137833333336,104.04756914498464,76.30155070632206,0.6936504609665642,0.6936504609665642,0.6434283830847307,fall,day,128.68567661694615
2018-11-07 06:00:00,1992.64,510.76,4.64,83.22027296243907,0.17677758266666665,17.677758266666665,120.20091851358521,88.14734024329582,0.8013394567572347,0.8013394567572347,0.41610136481219534,fall,day,83.22027296243907
2018-11-07 08:00:00,2358.2400000000002,888.94,9.95,68.28020724323933,0.15610585466666668,15.610585466666668,140.76257045439013,103.22588499988609,0.9384171363626008,0.9384171363626008,0.34140103621619666,fall,day,68.28020724323933
2018-11-07 09:00:00,2382.48,972.91,11.37,84.23686188280976,0.15132669566666668,15.132669566666667,145.17087302659445,106.4586402195026,0.9678058201772963,0.9678058201772963,0.42118430941404883,fall,day,84.23686188280976
2018-11-07 10:00:00,2397.28,956.18,12.4,73.64781977614375,0.15124771933333334,15.124771933333333,145.66415999999998,106.82038399999998,0.9710943999999999,0.9710943999999998,0.36823909888071876,fall,day,73.64781977614375
2018-11-07 11:00:00,2434.96,861.07,13.05,41.754558601549995,0.15488717566666665,15.488717566666665,142.24243137460678,104.3111163413783,0.9482828758307119,0.9482828758307118,0.20877279300774998,fall,day,41.754558601549995
2018-11-07 12:00:00,2468.64,664.77,13.3,50.5484906994308,0.163256049,16.3256049,134.9056871504148,98.9308372436375,0.899371247669432,0.8993712476694318,0.252742453497154,fall,day,50.5484906994308
2018-11-07 13:00:00,2477.68,440.01,13.17,46.57855079269659,0.17316517899999997,17.316517899999997,123.65392732742406,90.67954670677764,0.8243595155161604,0.8243595155161604,0.23289275396348294,fall,day,46.57855079269659
2018-11-07 14:00:00,2500.16,147.71,12.51,27.145639684351696,0.18643756633333333,18.643756633333332,108.48715190563452,79.55724473079864,0.7232476793708968,0.7232476793708967,0.13572819842175848,fall,day,27.145639684351696
2018-11-08 05:00:00,2001.1200000000001,119.89,1.96,57.547218836713675,0.19593741566666667,19.593741566666665,99.64687520956235,73.07437515367904,0.6643125013970823,0.6643125013970822,0.2877360941835684,fall,day,57.547218836713675
2018-11-08 06:00:00,2172.7200000000003,506.07,5.86,66.82243879468598,0.17602403500000002,17.6024035,117.50834014319824,86.1727827716787,0.7833889342879883,0.7833889342879882,0.3341121939734299,fall,day,66.82243879468598
2018-11-08 07:00:00,2433.2000000000003,729.34,8.72,54.91764095040686,0.16403577666666666,16.403577666666667,131.04080108905998,96.09658746531065,0.8736053405937332,0.8736053405937332,0.2745882047520343,fall,day,54.91764095040686
2018-11-08 08:00:00,2536.8,885.4,10.57,53.0696754702226,0.15577336866666666,15.577336866666666,140.24425804714753,102.84578923457484,0.9349617203143168,0.9349617203143167,0.265348377351113,fall,day,53.0696754702226
2018-11-08 09:00:00,2542.2400000000002,960.81,11.82,34.66420017055917,0.15150122900000002,15.150122900000001,145.11871101746084,106.42038807947128,0.9674580734497389,0.9674580734497389,0.17332100085279584,fall,day,34.66420017055917
2018-11-08 10:00:00,2514.7200000000003,943.91,12.68,18.54488463618143,0.15156318833333332,15.156318833333332,145.66415999999998,106.82038399999998,0.9710943999999999,0.9710943999999998,0.09272442318090715,fall,day,18.54488463618143
2018-11-08 11:00:00,2475.44,843.81,13.21,33.472233522927816,0.155514623,15.551462299999999,141.88060499476495,104.04577699616095,0.9458706999650996,0.9458706999650995,0.16736116761463907,fall,day,33.472233522927816
2018-11-08 12:00:00,2442.0,564.89,13.4,23.239496089139394,0.1675356063333333,16.75356063333333,133.7680460017557,98.09656706795417,0.891786973345038,0.8917869733450379,0.11619748044569697,fall,day,23.239496089139394
2018-11-08 13:00:00,2406.88,319.58,13.2,32.1264253280677,0.17839637933333333,17.839637933333332,121.32648302097229,88.97275421537967,0.8088432201398152,0.8088432201398151,0.1606321266403385,fall,day,32.1264253280677
2018-11-08 14:00:00,2392.16,148.37,12.41,24.590883809391933,0.18648730833333335,18.648730833333335,104.55591605241463,76.67433843843739,0.6970394403494309,0.6970394403494308,0.12295441904695967,fall,day,24.590883809391933
2018-11-09 05:00:00,2017.04,42.63,1.34,25.778616564044853,0.199795475,19.9795475,85.9915228736419,63.06045010733739,0.5732768191576126,0.5732768191576126,0.12889308282022427,fall,day,25.778616564044853
2018-11-09 06:00:00,2176.48,257.13,5.19,45.994558447813766,0.187412335,18.7412335,109.15327003851385,80.04573136157681,0.7276884669234257,0.7276884669234256,0.22997279223906883,fall,day,45.994558447813766
2018-11-09 07:00:00,2411.6,522.6,8.93,32.6054128841002,0.172891598,17.2891598,126.70140733358568,92.91436537796282,0.8446760488905712,0.8446760488905711,0.163027064420501,fall,day,32.6054128841002
2018-11-09 08:00:00,2505.28,771.56,10.86,4.0241523756856115,0.1605128213333333,16.05128213333333,138.6359347588573,101.66635215649535,0.9242395650590487,0.9242395650590486,0.020120761878428057,fall,day,4.0241523756856115
2018-11-09 09:00:00,2503.12,784.37,11.94,13.18039069731781,0.15910564633333335,15.910564633333335,144.95685231432873,106.30169169717442,0.9663790154288582,0.9663790154288584,0.06590195348658905,fall,day,13.18039069731781
2018-11-09 10:00:00,2471.92,768.54,12.82,14.43284564345324,0.15910521,15.910521,145.66415999999998,106.82038399999998,0.9710943999999999,0.9710943999999998,0.0721642282172662,fall,day,14.43284564345324
2018-11-09 11:00:00,2443.84,290.9,13.35,19.268606056815457,0.17952997333333331,17.952997333333332,140.75785781587106,103.22242906497212,0.9383857187724738,0.9383857187724738,0.09634303028407729,fall,day,19.268606056815457
2018-11-09 12:00:00,2408.64,94.56,13.13,27.065071458912314,0.18826973000000002,18.826973000000002,130.23794576194194,95.50782689209078,0.8682529717462796,0.8682529717462798,0.13532535729456158,fall,day,27.065071458912314
2018-11-09 13:00:00,2388.4,61.19,12.55,32.956283505359906,0.19018130633333333,19.01813063333333,114.10442383821271,83.67657748135598,0.7606961589214181,0.760696158921418,0.16478141752679953,fall,day,32.956283505359906
2018-11-09 14:00:00,2395.68,10.2,11.98,44.697135436490385,0.192853848,19.2853848,92.35729204468319,67.72868083276768,0.6157152802978879,0.615715280297888,0.22348567718245194,fall,day,44.697135436490385
2018-11-10 05:00:00,1937.6000000000001,13.91,2.68,104.3425316148101,0.19999618833333335,19.999618833333336,77.5427530838189,56.86468559480052,0.5169516872254593,0.5169516872254593,0.5217126580740505,fall,day,104.3425316148101
2018-11-10 06:00:00,2091.28,208.66,5.92,52.57833779687652,0.18895390066666667,18.895390066666668,103.98386377525519,76.25483343518714,0.6932257585017012,0.6932257585017012,0.2628916889843826,fall,day,52.57833779687652
2018-11-10 07:00:00,2322.7200000000003,518.14,8.92,81.75817666909484,0.17309405666666666,17.309405666666667,124.01655981259151,90.94547719590042,0.8267770654172767,0.8267770654172766,0.4087908833454742,fall,day,81.75817666909484
2018-11-10 08:00:00,2442.32,845.8,9.8,40.44582500425989,0.1581060066666667,15.81060066666667,137.64084119582773,100.93661687694033,0.9176056079721849,0.9176056079721848,0.20222912502129944,fall,day,40.44582500425989
2018-11-10 09:00:00,2464.7200000000003,937.01,11.33,49.9901714450422,0.15292454833333333,15.292454833333332,144.8567079249639,106.22825247830686,0.965711386166426,0.9657113861664259,0.24995085722521102,fall,day,49.9901714450422
2018-11-10 10:00:00,2464.2400000000002,919.22,12.14,38.06659233033541,0.15306461133333332,15.306461133333332,145.66415999999998,106.82038399999998,0.9710943999999999,0.9710943999999998,0.19033296165167704,fall,day,38.06659233033541
2018-11-10 11:00:00,2475.44,846.82,12.79,40.26651948508781,0.15571315466666666,15.571315466666666,140.06319742093604,102.71301144201975,0.9337546494729069,0.9337546494729068,0.20133259742543907,fall,day,40.26651948508781
2018-11-10 12:00:00,2465.2000000000003,567.77,12.83,23.376077779165367,0.16785762033333332,16.78576203333333,128.053820187772,93.90613480436613,0.8536921345851467,0.8536921345851467,0.11688038889582683,fall,day,23.376077779165367
2018-11-10 13:00:00,2443.92,446.79,12.85,24.776458339033507,0.173120673,17.3120673,109.63602830050795,80.39975408703916,0.7309068553367196,0.7309068553367196,0.12388229169516754,fall,day,24.776458339033507
2018-11-10 14:00:00,2429.6,129.31,12.15,44.74443865882931,0.18752316366666666,18.752316366666665,84.80982175914377,62.19386929003876,0.5653988117276252,0.5653988117276251,0.22372219329414655,fall,day,44.74443865882931
2018-11-11 05:00:00,2333.12,93.83,3.46,86.11535867141538,0.19589640033333333,19.589640033333332,96.71154798064488,70.9218018524729,0.6447436532042992,0.644743653204299,0.4305767933570769,fall,day,86.11535867141538
2018-11-11 06:00:00,2412.08,460.02,6.18,87.49899610905035,0.177782022,17.778202200000003,115.71235098272219,84.85572405399625,0.7714156732181479,0.7714156732181477,0.43749498054525177,fall,day,87.49899610905035
2018-11-11 07:00:00,2511.68,701.3,8.73,87.46696763303308,0.16525140133333333,16.525140133333334,130.1080136856964,95.41254336951067,0.8673867579046426,0.8673867579046425,0.4373348381651654,fall,day,87.46696763303308
2018-11-11 08:00:00,2582.4,861.23,10.77,64.13053751882421,0.15667090633333336,15.667090633333336,139.89853608956741,102.59225979901609,0.9326569072637828,0.9326569072637827,0.3206526875941211,fall,day,64.13053751882421
2018-11-11 09:00:00,2594.8,944.23,12.14,12.956580810613973,0.15197334166666668,15.197334166666668,145.0839181943353,106.39487334251254,0.9672261212955686,0.9672261212955685,0.06478290405306987,fall,day,12.956580810613973
2018-11-11 10:00:00,2558.8,935.8,13.11,9.419344311670644,0.15157933266666668,15.157933266666667,145.66415999999998,106.82038399999998,0.9710943999999999,0.9710943999999998,0.04709672155835322,fall,day,9.419344311670644
2018-11-11 11:00:00,2497.04,860.27,13.61,34.23000035284836,0.15448225833333332,15.448225833333332,141.63926150656152,103.86879177147846,0.9442617433770768,0.9442617433770769,0.17115000176424178,fall,day,34.23000035284836
2018-11-11 12:00:00,2430.64,665.15,13.76,18.871167158848394,0.16287818433333334,16.287818433333335,133.00922271401993,97.54009665694795,0.8867281514267995,0.8867281514267996,0.09435583579424196,fall,day,18.871167158848394
2018-11-11 13:00:00,2364.16,438.84,13.4,17.090513606403228,0.17303558800000002,17.3035588,119.7740436223752,87.83429865640846,0.798493624149168,0.7984936241491678,0.08545256803201613,fall,day,17.090513606403228
2018-11-11 14:00:00,2318.16,127.52,12.66,40.746946625347015,0.1872007133333333,18.72007133333333,101.93372423162725,74.75139776985998,0.6795581615441817,0.6795581615441816,0.20373473312673507,fall,day,40.746946625347015
2018-11-12 05:00:00,2196.56,97.82,2.06,171.95557794400855,0.19682186333333332,19.68218633333333,97.3727947865584,71.40671617680948,0.6491519652437227,0.6491519652437225,0.8597778897200428,fall,day,171.95557794400855
2018-11-12 06:00:00,2241.84,468.25,5.33,171.90324375363488,0.17809050966666667,17.809050966666668,116.11693691239998,85.15242040242664,0.7741129127493331,0.7741129127493331,0.8595162187681744,fall,day,171.90324375363488
2018-11-12 07:00:00,2309.84,705.26,8.07,171.87891326485138,0.16559697733333334,16.559697733333334,130.31814449666496,95.56663929755429,0.8687876299777664,0.8687876299777663,0.8593945663242569,fall,day,171.87891326485138
2018-11-12 08:00:00,2360.4,866.59,10.16,171.90706244021555,0.15691612566666666,15.691612566666665,139.9764175393533,102.6493728621924,0.9331761169290219,0.9331761169290218,0.8595353122010778,fall,day,171.90706244021555
2018-11-12 09:00:00,2411.92,942.8,11.5,178.72560009286454,0.15253839333333333,15.253839333333334,145.09175604046496,106.40062109634096,0.9672783736030998,0.9672783736030997,0.8936280004643227,fall,day,178.72560009286454
2018-11-12 10:00:00,2400.96,918.53,12.28,176.9185006204982,0.15298476233333333,15.298476233333332,145.66415999999998,106.82038399999998,0.9710943999999999,0.9710943999999998,0.884592503102491,fall,day,176.9185006204982
2018-11-12 11:00:00,2359.76,739.9,12.7,178.75504640938487,0.16044911666666667,16.044911666666668,141.6936294179584,103.90866157316947,0.9446241961197226,0.9446241961197225,0.8937752320469243,fall,day,178.75504640938487
2018-11-12 12:00:00,2307.2000000000003,644.46,12.75,112.66204342703703,0.164574212,16.4574212,133.18016429434013,97.66545381584942,0.8878677619622676,0.8878677619622675,0.5633102171351851,fall,day,112.66204342703703
2018-11-12 13:00:00,2255.6,434.58,12.41,130.2124723714959,0.173999012,17.399901200000002,120.12376462914528,88.09076072803987,0.8008250975276352,0.8008250975276352,0.6510623618574795,fall,day,130.2124723714959
2018-11-12 14:00:00,2221.44,103.0,11.51,146.94155638517444,0.18917381266666666,18.917381266666666,102.52443042237373,75.18458230974072,0.6834962028158248,0.6834962028158247,0.7347077819258722,fall,day,146.94155638517444
2018-11-13 05:00:00,2072.08,33.85,1.64,20.142063936604284,0.19994295566666667,19.99429556666667,97.19071728157061,71.27319267315178,0.6479381152104707,0.6479381152104707,0.10071031968302142,fall,day,20.142063936604284
2018-11-13 06:00:00,2247.68,296.69,4.13,50.803321353193255,0.18651872433333333,18.651872433333335,116.00553222058127,85.07072362842626,0.7733702148038751,0.7733702148038751,0.25401660676596627,fall,day,50.803321353193255
2018-11-13 07:00:00,2519.68,684.57,5.93,49.49796395975278,0.16818050699999998,16.818050699999997,130.2602839619296,95.52420823874834,0.8684018930795306,0.8684018930795304,0.24748981979876392,fall,day,49.49796395975278
2018-11-13 08:00:00,2655.12,701.17,7.44,56.7816873440796,0.16627023966666668,16.62702396666667,139.95497250561544,102.63364650411799,0.9330331500374363,0.9330331500374363,0.283908436720398,fall,day,56.7816873440796
2018-11-13 09:00:00,2671.44,362.24,8.54,51.05601536089267,0.18019494533333333,18.019494533333333,145.08959785163893,106.3990384245352,0.9672639856775929,0.9672639856775928,0.25528007680446335,fall,day,51.05601536089267
2018-11-13 10:00:00,2674.32,337.88,9.49,34.43528809428538,0.18051172333333332,18.051172333333334,145.66415999999998,106.82038399999998,0.9710943999999999,0.9710943999999998,0.1721764404714269,fall,day,34.43528809428538
2018-11-13 11:00:00,2654.0,303.25,10.2,35.27868139401257,0.18146511166666668,18.146511166666667,141.67865895069866,103.89768323051234,0.9445243930046577,0.9445243930046576,0.17639340697006287,fall,day,35.27868139401257
2018-11-13 12:00:00,2623.2000000000003,630.94,10.19,0.0,0.16717475866666667,16.717475866666668,133.1330947037349,97.63093611607226,0.8875539646915661,0.887553964691566,0.0,fall,day,0.0
2018-11-13 13:00:00,2589.68,393.93,9.98,0.0,0.177681229,17.768122899999998,120.02746725910878,88.02014265667977,0.8001831150607251,0.8001831150607251,0.0,fall,day,34.23294013537458
2018-11-13 14:00:00,2565.2000000000003,128.61,9.15,0.0,0.189909907,18.990990699999998,102.36177661682018,75.06530285233481,0.6824118441121345,0.6824118441121346,0.0,fall,day,2.0533479311096334
2018-11-14 05:00:00,2141.76,78.82,-0.58,0.0,0.1997243526666667,19.97243526666667,96.6477367139656,70.87500692357477,0.6443182447597706,0.6443182447597706,0.0,fall,day,0.0
2018-11-14 06:00:00,2320.48,491.17,1.05,0.0,0.18045194566666667,18.045194566666666,115.67330785930372,84.82709243015606,0.7711553857286915,0.7711553857286915,0.0,fall,day,25.78208671970725
2018-11-14 07:00:00,2579.84,711.14,3.45,0.0,0.16896896133333333,16.896896133333332,130.08773576057624,95.39767289108924,0.8672515717371749,0.8672515717371749,0.0,fall,day,0.0
2018-11-14 08:00:00,2665.36,874.32,4.49,0.0,0.161032058,16.1032058,139.89102041778312,102.58674830637429,0.9326068027852208,0.9326068027852208,0.0,fall,day,6.805427586399067
2018-11-14 09:00:00,2633.36,951.83,5.47,0.0,0.15688034633333334,15.688034633333334,145.08316183092438,106.39431867601121,0.9672210788728293,0.9672210788728292,0.0,fall,day,45.561764876589706
2018-11-14 10:00:00,2594.8,935.46,6.7,3.345590712244473,0.156628582,15.662858199999999,145.66415999999998,106.82038399999998,0.9710943999999999,0.9710943999999998,0.016727953561222364,fall,day,3.345590712244473
2018-11-14 11:00:00,2561.76,856.22,7.53,0.0,0.15943420533333333,15.943420533333333,141.63401492500998,103.86494427834063,0.9442267661667332,0.944226766166733,0.0,fall,day,0.0
2018-11-14 12:00:00,2519.68,651.27,8.1,0.0,0.167929179,16.792917900000003,132.99272660595432,97.52799951103316,0.8866181773730287,0.8866181773730287,0.0,fall,day,0.0
2018-11-14 13:00:00,2490.56,435.58,7.92,0.0,0.17748182466666668,17.748182466666666,119.74029504283308,87.80954969807759,0.7982686336188872,0.7982686336188872,0.0,fall,day,17.047510952522686
2018-11-14 14:00:00,2495.2000000000003,91.1,7.16,0.0,0.19310953933333333,19.310953933333334,101.87672023564613,74.70959483947384,0.6791781349043076,0.6791781349043076,0.0,fall,day,24.599980466353156
2018-11-15 05:00:00,2163.44,65.02,-2.06,0.0,0.20148888466666667,20.148888466666666,72.98366987614816,53.521357909175315,0.486557799174321,0.486557799174321,0.0,fall,day,0.0
2018-11-15 06:00:00,2346.08,377.88,-0.47,0.0,0.186588974,18.6588974,101.19437443245891,74.20920791713652,0.6746291628830594,0.6746291628830593,0.0,fall,day,33.472233522927816
2018-11-15 07:00:00,2619.84,136.08,1.69,0.0,0.19544305,19.544305,122.56777572299954,89.88303553019965,0.8171185048199969,0.8171185048199968,0.0,fall,day,0.0
2018-11-15 08:00:00,2704.64,715.23,3.11,0.0,0.169057537,16.9057537,137.1038737477699,100.5428407483646,0.9140258249851327,0.9140258249851327,0.0,fall,day,26.457936661070743
2018-11-15 09:00:00,2624.7200000000003,667.54,4.29,0.0,0.17021163866666666,17.021163866666665,144.8026685067701,106.18862357163138,0.9653511233784673,0.9653511233784671,0.0,fall,day,46.14202945600121
2018-11-15 10:00:00,2525.28,880.39,5.19,3.345590712244473,0.16021742366666666,16.021742366666665,145.66415999999998,106.82038399999998,0.9710943999999999,0.9710943999999998,0.016727953561222364,fall,day,3.345590712244473
2018-11-15 11:00:00,2465.6,283.39,5.87,0.0,0.18573245166666666,18.573245166666666,139.6883482274597,102.43812203347045,0.9312556548497313,0.9312556548497314,0.0,fall,day,53.31482302587039
2018-11-15 12:00:00,2417.6,559.45,6.09,0.0,0.17351424566666665,17.351424566666665,126.87523318914921,93.04183767204275,0.8458348879276614,0.8458348879276614,0.0,fall,day,42.66470617954714
2018-11-15 13:00:00,2382.7200000000003,108.62,6.34,0.0,0.19298911133333335,19.298911133333334,107.22481488506854,78.63153091571692,0.7148320992337903,0.7148320992337902,0.0,fall,day,4.324499273155996
2018-11-15 14:00:00,2389.76,124.05,5.87,6.533928820318714,0.19268498699999997,19.2684987,80.73709331521756,59.20720176449287,0.5382472887681171,0.538247288768117,0.03266964410159357,fall,day,6.533928820318714
2018-11-16 05:00:00,1943.1200000000001,47.55,-1.78,111.92283056477119,0.202031247,20.2031247,91.12845977590209,66.82753716899484,0.6075230651726806,0.6075230651726803,0.559614152823856,fall,day,111.92283056477119
2018-11-16 06:00:00,2101.44,431.39,-0.37,126.94656188852566,0.18417561433333335,18.417561433333336,112.29632097457971,82.35063538135844,0.7486421398305314,0.7486421398305313,0.6347328094426283,fall,day,126.94656188852566
2018-11-16 07:00:00,2366.64,502.54,2.19,136.41523165953586,0.17906047866666666,17.906047866666665,128.33382159632836,94.11146917064079,0.8555588106421891,0.855558810642189,0.6820761582976793,fall,day,136.41523165953586
2018-11-16 08:00:00,2475.76,407.17,3.65,149.78525348331127,0.18207510566666665,18.207510566666667,139.24096164114798,102.11003853684184,0.9282730776076532,0.9282730776076531,0.7489262674165563,fall,day,149.78525348331127
2018-11-16 09:00:00,2455.28,329.16,4.49,143.3799947011787,0.18481920599999999,18.4819206,145.01774110903852,106.34634347996156,0.9667849407269234,0.9667849407269233,0.7168999735058935,fall,day,143.3799947011787
2018-11-16 10:00:00,2410.48,822.85,4.89,98.78246333966067,0.16296370566666665,16.296370566666667,145.66415999999998,106.82038399999998,0.9710943999999999,0.9710943999999998,0.4939123166983033,fall,day,98.78246333966067
2018-11-16 11:00:00,2372.4,205.06,4.89,148.6035578902995,0.18991994266666665,18.991994266666666,141.18021831403246,103.53216009695711,0.941201455426883,0.9412014554268828,0.7430177894514975,fall,day,148.6035578902995
2018-11-16 12:00:00,2349.12,679.49,4.95,96.6309062149268,0.16917185633333331,16.917185633333332,131.56591605113584,96.48167177083295,0.8771061070075723,0.8771061070075722,0.48315453107463396,fall,day,96.6309062149268
2018-11-16 13:00:00,2340.7200000000003,318.99,4.88,168.39595591033938,0.184956651,18.4956651,116.82125321131025,85.66891902162749,0.7788083547420683,0.7788083547420681,0.8419797795516969,fall,day,168.39595591033938
2018-11-16 14:00:00,2342.4,131.62,4.5,173.91119401731626,0.19343068066666666,19.343068066666667,96.94622979455553,71.09390184934071,0.6463081986303703,0.6463081986303701,0.8695559700865814,fall,day,173.91119401731626
2018-11-17 05:00:00,2046.96,16.69,-2.93,139.8913759922758,0.20428098166666664,20.428098166666665,75.7454798026543,55.54668518861315,0.5049698653510287,0.5049698653510286,0.6994568799613791,fall,day,139.8913759922758
2018-11-17 06:00:00,2224.2400000000002,138.58,-0.39,105.811780368734,0.19696759866666666,19.696759866666667,102.88419648787911,75.448410757778,0.6858946432525274,0.6858946432525274,0.52905890184367,fall,day,105.811780368734
2018-11-17 07:00:00,2489.12,205.57,2.54,114.67421243017867,0.19174337966666666,19.174337966666666,123.44542285022612,90.52664342349915,0.8229694856681742,0.8229694856681741,0.5733710621508934,fall,day,114.67421243017867
2018-11-17 08:00:00,2592.96,449.5,3.66,103.64508184863821,0.18022025266666666,18.022025266666667,137.4291588896953,100.78138318577655,0.9161943925979685,0.9161943925979686,0.518225409243191,fall,day,103.64508184863821
2018-11-17 09:00:00,2552.96,406.67,4.54,64.33923783255416,0.18139791633333333,18.13979163333333,144.83540460628657,106.21263004461015,0.9655693640419105,0.9655693640419105,0.3216961891627708,fall,day,64.33923783255416
2018-11-17 10:00:00,2484.96,357.07,5.0,37.82524830774988,0.18320084566666664,18.320084566666665,145.66415999999998,106.82038399999998,0.9710943999999999,0.9710943999999998,0.1891262415387494,fall,day,37.82524830774988
2018-11-17 11:00:00,2432.32,298.0,5.56,36.25992018718167,0.18533844266666666,18.533844266666666,139.91542507083557,102.60464505194606,0.9327695004722372,0.932769500472237,0.18129960093590836,fall,day,36.25992018718167
2018-11-17 12:00:00,2396.32,169.59,5.56,43.918280970675774,0.190941399,19.094139900000002,127.58919981879328,93.56541320044839,0.8505946654586218,0.8505946654586217,0.21959140485337886,fall,day,43.918280970675774
2018-11-17 13:00:00,2351.92,157.9,5.38,64.46113879417115,0.19159284466666668,19.15928446666667,108.68548424387316,79.70268844550698,0.7245698949591545,0.7245698949591544,0.32230569397085573,fall,day,64.46113879417115
2018-11-17 14:00:00,2335.04,54.16,4.83,33.247919024068686,0.19655133666666666,19.655133666666664,83.20427834607511,61.01647078712175,0.5546951889738341,0.5546951889738341,0.16623959512034342,fall,day,33.247919024068686
2018-11-18 05:00:00,2105.04,9.27,2.32,86.11535867141538,0.20048139099999998,20.048139099999997,73.77124257698341,54.09891122312116,0.49180828384655606,0.491808283846556,0.4305767933570769,fall,day,86.11535867141538
2018-11-18 06:00:00,2175.04,186.97,2.78,87.49899610905035,0.19236646366666668,19.23664636666667,101.6762532566841,74.56258572156835,0.677841688377894,0.6778416883778942,0.43749498054525177,fall,day,87.49899610905035
2018-11-18 07:00:00,2268.32,290.61,4.24,87.46696763303308,0.186697621,18.6697621,122.81805033883617,90.06657024847986,0.8187870022589078,0.8187870022589079,0.4373348381651654,fall,day,87.46696763303308
2018-11-18 08:00:00,2343.76,677.47,5.57,64.13053751882421,0.16877304766666668,16.87730476666667,137.19663382343953,100.61086480385563,0.9146442254895969,0.9146442254895967,0.3206526875941211,fall,day,64.13053751882421
2018-11-18 09:00:00,2418.2400000000002,483.28,7.56,12.956580810613973,0.17568325866666665,17.568325866666665,144.81200371049414,106.19546938769568,0.965413358069961,0.9654133580699608,0.06478290405306987,fall,day,12.956580810613973
2018-11-18 10:00:00,2448.4,620.32,9.08,9.419344311670644,0.16850993866666664,16.850993866666663,145.66415999999998,106.82038399999998,0.9710943999999999,0.9710943999999998,0.04709672155835322,fall,day,9.419344311670644
2018-11-18 11:00:00,2431.44,431.18,9.97,34.23000035284836,0.17606374133333333,17.606374133333333,139.75310269195717,102.48560864076859,0.9316873512797145,0.9316873512797145,0.17115000176424178,fall,day,34.23000035284836
2018-11-18 12:00:00,2398.08,216.34,11.06,18.871167158848394,0.18458184066666666,18.458184066666668,127.07883178636564,93.19114331000145,0.8471922119091043,0.8471922119091041,0.09435583579424196,fall,day,18.871167158848394
2018-11-18 13:00:00,2375.92,225.17,11.14,17.090513606403228,0.18413372633333333,18.41337263333333,107.6413472832254,78.93698800769863,0.7176089818881694,0.7176089818881694,0.08545256803201613,fall,day,17.090513606403228
2018-11-18 14:00:00,2338.48,110.25,10.32,40.746946625347015,0.189792097,18.9792097,81.44064918253639,59.723142733860016,0.5429376612169092,0.5429376612169092,0.20373473312673507,fall,day,40.746946625347015
2018-11-19 05:00:00,1738.16,91.42,2.37,171.95557794400855,0.19685764266666667,19.685764266666666,97.78911948468848,71.71202095543822,0.6519274632312566,0.6519274632312565,0.8597778897200428,fall,day,171.95557794400855
2018-11-19 06:00:00,1777.92,462.43,4.35,171.90324375363488,0.17911414766666667,17.911414766666667,116.37166648316602,85.33922208765509,0.7758111098877735,0.7758111098877736,0.8595162187681744,fall,day,171.90324375363488
2018-11-19 07:00:00,1860.56,693.21,9.0,171.87891326485138,0.165392337,16.5392337,130.450444033936,95.66365895821973,0.8696696268929067,0.8696696268929066,0.8593945663242569,fall,day,171.87891326485138
2018-11-19 08:00:00,1940.08,851.65,12.06,171.90706244021555,0.15607574766666665,15.607574766666666,140.0254521369983,102.6853315671321,0.9335030142466553,0.9335030142466554,0.8595353122010778,fall,day,171.90706244021555
2018-11-19 09:00:00,2017.3600000000001,923.65,13.72,178.72560009286454,0.15163038366666667,15.163038366666667,145.09669079235297,106.40423991439218,0.9673112719490198,0.9673112719490198,0.8936280004643227,fall,day,178.72560009286454
2018-11-19 10:00:00,2077.12,923.31,14.6,176.9185006204982,0.15095406700000003,15.095406700000002,145.66415999999998,106.82038399999998,0.9710943999999999,0.9710943999999998,0.884592503102491,fall,day,176.9185006204982
2018-11-19 11:00:00,2104.7200000000003,854.29,15.24,178.75504640938487,0.15346298366666666,15.346298366666666,141.72785975993938,103.93376382395553,0.9448523983995959,0.9448523983995958,0.8937752320469243,fall,day,178.75504640938487
2018-11-19 12:00:00,2108.56,679.83,15.45,112.66204342703703,0.160910321,16.0910321,133.2877900721711,97.7443793862588,0.8885852671478074,0.8885852671478073,0.5633102171351851,fall,day,112.66204342703703
2018-11-19 13:00:00,2102.56,435.9,15.16,130.2124723714959,0.17178156600000002,17.1781566,120.34395093669524,88.25223068690983,0.802293006244635,0.8022930062446347,0.6510623618574795,fall,day,130.2124723714959
2018-11-19 14:00:00,2106.88,13.12,13.7,146.94155638517444,0.19137555066666664,19.137555066666664,102.89634235351166,75.45731772590855,0.6859756156900777,0.6859756156900777,0.7347077819258722,fall,day,146.94155638517444
2018-11-20 05:00:00,2085.04,49.68,5.84,20.142063936604284,0.19595355999999997,19.595355999999995,89.25594232716439,65.45435770658722,0.5950396155144293,0.5950396155144293,0.10071031968302142,fall,day,20.142063936604284
2018-11-20 06:00:00,2277.04,325.61,7.0,50.803321353193255,0.18300275033333332,18.30027503333333,111.15061530755757,81.51045122554221,0.7410041020503838,0.7410041020503837,0.25401660676596627,fall,day,50.803321353193255
2018-11-20 07:00:00,2550.64,523.78,10.8,49.49796395975278,0.17137141266666667,17.137141266666667,127.73877356503777,93.67510061436101,0.8515918237669186,0.8515918237669183,0.24748981979876392,fall,day,49.49796395975278
2018-11-20 08:00:00,2660.0,662.8,12.78,56.7816873440796,0.16375041466666668,16.37504146666667,139.0204170996049,101.94830587304358,0.9268027806640328,0.9268027806640325,0.283908436720398,fall,day,56.7816873440796
2018-11-20 09:00:00,2630.56,790.75,13.74,51.05601536089267,0.15741354566666665,15.741354566666665,144.99554591125897,106.3300670015899,0.9666369727417264,0.9666369727417263,0.25528007680446335,fall,day,51.05601536089267
2018-11-20 10:00:00,2572.64,714.91,14.3,34.43528809428538,0.1602828736666667,16.028287366666667,145.66415999999998,106.82038399999998,0.9710943999999999,0.9710943999999998,0.1721764404714269,fall,day,34.43528809428538
2018-11-20 11:00:00,2524.48,652.66,14.41,35.27868139401257,0.16291265466666666,16.291265466666665,141.02625936582797,103.41925686827383,0.9401750624388531,0.9401750624388531,0.17639340697006287,fall,day,35.27868139401257
2018-11-20 12:00:00,2473.12,253.7,14.11,37.16236371653794,0.18055622933333332,18.055622933333332,131.0818440087429,96.12668560641146,0.873878960058286,0.8738789600582859,0.1858118185826897,fall,day,37.16236371653794
2018-11-20 13:00:00,2433.68,99.48,13.81,49.894734587567925,0.18752098199999997,18.7520982,115.83091392874482,84.94267021441286,0.7722060928582988,0.7722060928582987,0.24947367293783962,fall,day,49.894734587567925
2018-11-20 14:00:00,2422.16,13.12,12.97,147.38840332915512,0.19194889266666665,19.194889266666664,95.27346912583363,69.86721069227798,0.6351564608388909,0.6351564608388908,0.7369420166457756,fall,day,147.38840332915512
2018-11-21 05:00:00,2147.92,8.34,8.33,35.703413293566875,0.19580171599999996,19.580171599999996,68.26804586537862,50.06323363461099,0.4551203057691908,0.4551203057691908,0.17851706646783438,fall,day,35.703413293566875
2018-11-21 06:00:00,2323.28,36.16,7.69,59.35893710141988,0.19509049266666667,19.50904926666667,98.30910510889322,72.0933437465217,0.6553940340592881,0.6553940340592882,0.2967946855070994,fall,day,59.35893710141988
2018-11-21 07:00:00,2584.7200000000003,222.71,9.71,43.08757116566208,0.18536418633333332,18.536418633333334,121.06924614411271,88.78411383901599,0.807128307627418,0.807128307627418,0.21543785582831038,fall,day,43.08757116566208
2018-11-21 08:00:00,2674.96,248.72,11.68,13.325562916797907,0.18268204533333332,18.268204533333332,136.548468971037,100.1355439120938,0.91032312647358,0.9103231264735799,0.06662781458398953,fall,day,13.325562916797907
2018-11-21 09:00:00,2603.92,453.39,12.73,1.2600738509459615,0.172926941,17.2926941,144.7467735896661,106.14763396575513,0.9649784905977741,0.964978490597774,0.006300369254729808,fall,day,1.2600738509459615
2018-11-21 10:00:00,2506.4,220.98,13.84,14.466178837385511,0.18219597,18.219597,145.66415999999998,106.82038399999998,0.9710943999999999,0.9710943999999998,0.07233089418692756,fall,day,14.466178837385511
2018-11-21 11:00:00,2451.68,185.08,14.31,3.745682233568301,0.18339326866666666,18.339326866666667,139.30062820203872,102.15379401482838,0.9286708546802581,0.928670854680258,0.018728411167841505,fall,day,3.745682233568301
2018-11-21 12:00:00,2400.64,150.87,14.4,26.57098190666542,0.184815279,18.4815279,125.65617819578226,92.14786401024031,0.8377078546385484,0.8377078546385482,0.1328549095333271,fall,day,26.57098190666542
2018-11-21 13:00:00,2376.08,38.94,13.89,32.63971741854751,0.19009971199999998,19.0099712,104.73080998123065,76.8025939862358,0.698205399874871,0.698205399874871,0.16319858709273757,fall,day,32.63971741854751
2018-11-21 14:00:00,2369.2000000000003,11.37,13.01,45.85102432364851,0.191993835,19.1993835,76.52452355838378,56.11798394281477,0.5101634903892251,0.5101634903892251,0.22925512161824255,fall,day,45.85102432364851
2018-11-22 05:00:00,1923.28,49.95,5.93,0.0,0.195871093,19.587109299999998,86.90044837959991,63.72699547837326,0.579336322530666,0.579336322530666,0.0,fall,day,0.0
2018-11-22 06:00:00,2065.6,356.39,6.53,0.0,0.18202885433333332,18.202885433333332,109.70939895671381,80.45355923492346,0.7313959930447588,0.7313959930447588,0.0,fall,day,47.25070630632876
2018-11-22 07:00:00,2289.76,444.42,8.48,0.0,0.176656282,17.6656282,126.99024540731082,93.12617996536126,0.8466016360487388,0.8466016360487387,0.0,fall,day,28.878262645585476
2018-11-22 08:00:00,2434.56,790.7,9.68,0.0,0.16060445133333331,16.06044513333333,138.74298773139085,101.74485766968661,0.9249532515426057,0.9249532515426055,0.0,fall,day,12.41482435159193
2018-11-22 09:00:00,2488.0,719.33,10.84,2.827813748641429,0.16280749833333333,16.28074983333333,144.9676259289539,106.30959234789952,0.9664508395263594,0.9664508395263594,0.014139068743207146,fall,day,2.827813748641429
2018-11-22 10:00:00,2480.8,490.76,11.38,30.591719437030022,0.17235665333333333,17.235665333333333,145.66415999999998,106.82038399999998,0.9710943999999999,0.9710943999999998,0.15295859718515012,fall,day,30.591719437030022
2018-11-22 11:00:00,2463.36,781.69,11.68,34.76700466857034,0.15942678766666665,15.942678766666665,140.8325899445291,103.277232625988,0.9388839329635273,0.9388839329635273,0.1738350233428517,fall,day,34.76700466857034
2018-11-22 12:00:00,2435.2000000000003,660.5,11.75,131.77744286903538,0.16465973333333334,16.465973333333334,130.47291576254128,95.6801382258636,0.8698194384169419,0.8698194384169419,0.6588872143451769,fall,day,131.77744286903538
2018-11-22 13:00:00,2400.08,386.92,11.33,161.79090102175658,0.17692680866666666,17.692680866666667,114.58513745403653,84.02910079962678,0.7639009163602435,0.7639009163602434,0.8089545051087829,fall,day,161.79090102175658
2018-11-22 14:00:00,2404.4,12.24,10.26,151.52808991579562,0.194115724,19.411572399999997,93.16925501901471,68.32412034727746,0.6211283667934314,0.6211283667934314,0.7576404495789781,fall,day,151.52808991579562
2018-11-23 05:00:00,2097.04,3.71,5.92,97.88981201374983,0.19789655233333336,19.789655233333335,60.007602754455704,44.0055753532675,0.4000506850297047,0.4000506850297046,0.48944906006874916,fall,day,97.88981201374983
2018-11-23 06:00:00,2181.6,43.57,5.97,81.99334714837514,0.19611805766666668,19.611805766666667,93.25492711408822,68.38694655033134,0.6216995140939214,0.6216995140939213,0.4099667357418757,fall,day,81.99334714837514
2018-11-23 07:00:00,2286.32,56.55,6.09,97.29911575242583,0.19545744899999998,19.5457449,118.44424501845899,86.85911301353657,0.78962830012306,0.7896283001230597,0.4864955787621292,fall,day,97.29911575242583
2018-11-23 08:00:00,2356.8,135.36,6.48,61.958923197431915,0.19171239999999998,19.171239999999997,135.57555646756785,99.42207474288308,0.903837043117119,0.903837043117119,0.30979461598715957,fall,day,61.958923197431915
2018-11-23 09:00:00,2404.16,285.52,6.84,24.81746830527384,0.18487767466666666,18.487767466666664,144.64886146141487,106.0758317383709,0.9643257430760991,0.9643257430760991,0.1240873415263692,fall,day,24.81746830527384
2018-11-23 10:00:00,2409.52,50.07,7.06,17.375384594598145,0.194978355,19.4978355,145.66415999999998,106.82038399999998,0.9710943999999999,0.9710943999999998,0.08687692297299072,fall,day,17.375384594598145
2018-11-23 11:00:00,2402.2400000000002,142.17,6.99,83.94220475257661,0.19101470299999998,19.1014703,138.6214520833233,101.65573152777041,0.924143013888822,0.9241430138888219,0.41971102376288305,fall,day,83.94220475257661
2018-11-23 12:00:00,2371.76,100.12,7.07,99.8658368453374,0.19278665266666664,19.278665266666664,123.52073771138475,90.58187432168214,0.823471584742565,0.8234715847425649,0.499329184226687,fall,day,99.8658368453374
2018-11-23 13:00:00,2303.52,42.64,6.96,51.93068855283897,0.19538109066666665,19.538109066666664,100.36201688418438,73.5988123817352,0.6690801125612292,0.6690801125612291,0.2596534427641949,fall,day,51.93068855283897
2018-11-23 14:00:00,2225.36,2.62,6.63,46.82098586859081,0.1973864786666667,19.73864786666667,69.14528960172206,50.7065457079295,0.4609685973448137,0.46096859734481366,0.23410492934295404,fall,day,46.82098586859081
2018-11-24 05:00:00,2156.56,43.53,-2.08,105.52382715494176,0.20244227299999998,20.2442273,93.23000843152494,68.36867284978494,0.6215333895434996,0.6215333895434995,0.5276191357747088,fall,day,105.52382715494176
2018-11-24 06:00:00,2270.32,429.75,-0.48,91.74798199159285,0.18433356699999998,18.433356699999997,113.58216010301774,83.29358407554633,0.7572144006867849,0.7572144006867848,0.45873990995796426,fall,day,91.74798199159285
2018-11-24 07:00:00,2406.7200000000003,684.44,1.8,71.05444061405632,0.17142988133333334,17.142988133333333,129.0016510956117,94.60121080344857,0.860011007304078,0.8600110073040779,0.35527220307028157,fall,day,71.05444061405632
2018-11-24 08:00:00,2457.84,852.16,3.52,44.5369627493676,0.16276081066666664,16.276081066666663,139.48848140930673,102.2915530334916,0.9299232093953782,0.9299232093953781,0.22268481374683802,fall,day,44.5369627493676
2018-11-24 09:00:00,2437.04,926.47,4.94,33.12288128418936,0.1584031496666667,15.840314966666668,145.04265104410283,106.3646107656754,0.9669510069606855,0.9669510069606854,0.1656144064209468,fall,day,33.12288128418936
2018-11-24 10:00:00,2361.52,928.05,5.95,71.7225471076319,0.157540955,15.754095500000002,145.66415999999998,106.82038399999998,0.9710943999999999,0.9710943999999998,0.3586127355381595,fall,day,71.7225471076319
2018-11-24 11:00:00,2287.52,854.01,6.74,45.561764876589706,0.160151101,16.015110099999998,141.35300827699825,103.65887273646538,0.9423533885133217,0.9423533885133216,0.22780882438294853,fall,day,45.561764876589706
2018-11-24 12:00:00,2224.4,671.37,6.95,24.43710590693955,0.16795535899999997,16.795535899999997,132.1091958750976,96.88007697507156,0.8807279725006507,0.8807279725006506,0.12218552953469775,fall,day,24.43710590693955
2018-11-24 13:00:00,2172.88,417.22,6.61,34.77938509292036,0.17931180666666666,17.931180666666666,117.93272279429806,86.48399671581856,0.7862181519619871,0.786218151961987,0.17389692546460178,fall,day,34.77938509292036
2018-11-24 14:00:00,2140.8,11.37,5.71,14.688627938157088,0.19772725499999996,19.772725499999996,98.82358903459952,72.4706319587063,0.6588239268973302,0.65882392689733,0.07344313969078545,fall,day,14.688627938157088
2018-11-25 05:00:00,2009.6000000000001,3.71,-2.4,0.0,0.20443108033333332,20.44310803333333,62.78607937452185,46.043124874649344,0.41857386249681233,0.4185738624968122,0.0,fall,day,32.030485373790356
2018-11-25 06:00:00,2077.04,104.5,-0.13,0.0,0.19825041866666665,19.825041866666666,94.95494673817464,69.63362760799473,0.6330329782544976,0.6330329782544976,0.0,fall,day,64.08038543506791
2018-11-25 07:00:00,2178.4,207.76,2.41,0.0,0.19174992466666665,19.174992466666666,119.32718848254892,87.50660488720253,0.7955145898836594,0.7955145898836593,0.0,fall,day,24.599980466353156
2018-11-25 08:00:00,2244.88,351.02,4.42,0.0,0.1839203593333333,18.392035933333332,135.90280460764455,99.66205671227267,0.9060186973842971,0.9060186973842971,0.0,fall,day,3.982535889880276
2018-11-25 09:00:00,2277.52,269.16,5.93,0.0,0.18630623000000002,18.630623,144.6817951134616,106.09998308320516,0.9645453007564107,0.9645453007564105,0.0,fall,day,1.1363841112178812
2018-11-25 10:00:00,2242.16,538.87,7.18,0.0,0.17355613366666667,17.355613366666667,145.66415999999998,106.82038399999998,0.9710943999999999,0.9710943999999998,0.0,fall,day,50.803321353193255
2018-11-25 11:00:00,2188.64,809.63,7.96,5.966754228745828,0.16112936033333333,16.112936033333334,138.8498992672598,101.82325946265718,0.9256659951150652,0.9256659951150652,0.02983377114372914,fall,day,5.966754228745828
2018-11-25 12:00:00,2131.76,693.8,8.34,24.254703008652275,0.1658849573333333,16.588495733333332,124.239012915241,91.10860947117672,0.8282600861016067,0.8282600861016065,0.12127351504326138,fall,day,24.254703008652275
2018-11-25 13:00:00,2087.68,442.45,8.26,3.982535889880276,0.17691502766666667,17.691502766666666,101.83150094394364,74.67643402555865,0.6788766729596243,0.6788766729596241,0.01991267944940138,fall,day,3.982535889880276
2018-11-25 14:00:00,2061.52,9.62,7.51,30.76784271738507,0.19638989333333332,19.63898933333333,71.62736335336756,52.52673312580287,0.477515755689117,0.477515755689117,0.15383921358692534,fall,day,30.76784271738507
2018-11-26 05:00:00,1803.2,7.41,-1.76,178.8746622204605,0.203766981,20.376698100000002,77.0033878619925,56.469151098794484,0.5133559190799499,0.5133559190799498,0.8943733111023024,fall,day,178.8746622204605
2018-11-26 06:00:00,1860.4,234.17,0.2,178.85316847027957,0.19233330233333332,19.23333023333333,103.65385147461802,76.01282441471989,0.6910256764974535,0.6910256764974535,0.8942658423513978,fall,day,178.85316847027957
2018-11-26 07:00:00,1939.3600000000001,367.82,4.26,178.8378209870707,0.18331298333333332,18.331298333333333,123.8451604947316,90.81978436280316,0.8256344032982107,0.8256344032982106,0.8941891049353535,fall,day,178.8378209870707
2018-11-26 08:00:00,2004.4,729.36,7.14,178.89005819492755,0.165275836,16.5275836,137.57731492233313,100.89003094304428,0.9171820994822208,0.9171820994822207,0.8944502909746377,fall,day,178.89005819492755
2018-11-26 09:00:00,2068.48,781.16,9.2,178.87977804819678,0.16139770533333334,16.139770533333333,144.85031475742258,106.22356415544321,0.9656687650494838,0.9656687650494837,0.894398890240984,fall,day,178.87977804819678
2018-11-26 10:00:00,2095.2,250.12,10.7,178.85227138200355,0.18339065066666668,18.339065066666667,145.66415999999998,106.82038399999998,0.9710943999999999,0.9710943999999998,0.8942613569100177,fall,day,178.85227138200355
2018-11-26 11:00:00,2088.4,114.03,11.38,178.85321696153775,0.18879463900000001,18.8794639,140.0188506500654,102.68049047671461,0.9334590043337693,0.9334590043337692,0.8942660848076888,fall,day,178.85321696153775
2018-11-26 12:00:00,2067.12,672.16,11.61,178.82997752606244,0.16426092466666667,16.426092466666667,127.91438670761875,93.80388358558706,0.8527625780507916,0.8527625780507915,0.8941498876303122,fall,day,178.82997752606244
2018-11-26 13:00:00,2070.7200000000003,55.63,11.02,178.85817519268477,0.19162556966666666,19.162556966666667,109.35076817266008,80.19056332661738,0.7290051211510672,0.7290051211510671,0.8942908759634238,fall,day,178.85817519268477
2018-11-26 14:00:00,2084.8,2.62,9.76,178.85872071933935,0.19492817666666667,19.492817666666667,84.32799504518931,61.84052969980549,0.5621866336345954,0.5621866336345953,0.8942936035966967,fall,day,178.85872071933935
2018-11-27 05:00:00,2056.2400000000002,4.64,5.74,178.8235645571705,0.1979973453333333,19.79973453333333,57.699764732213836,42.313160803623475,0.3846650982147589,0.38466509821475886,0.8941178227858525,fall,day,178.8235645571705
2018-11-27 06:00:00,2227.52,86.34,6.57,178.83414777426455,0.19378062,19.378062,91.84286919044422,67.35143740632576,0.6122857946029615,0.6122857946029614,0.8941707388713227,fall,day,178.83414777426455
2018-11-27 07:00:00,2474.88,66.75,8.38,178.62266527459732,0.19321382299999998,19.321382299999996,117.7108609463381,86.3212980273146,0.7847390729755873,0.7847390729755872,0.8931133263729866,fall,day,178.62266527459732
2018-11-27 08:00:00,2577.12,74.17,9.78,178.91254601590134,0.1917905036666667,19.17905036666667,135.30373999989536,99.22274266658992,0.9020249333326357,0.9020249333326357,0.8945627300795067,fall,day,178.91254601590134
2018-11-27 09:00:00,2532.32,112.18,11.46,172.58580670355047,0.18881252866666665,18.881252866666664,144.62150635111598,106.05577132415172,0.9641433756741066,0.9641433756741066,0.8629290335177524,fall,day,172.58580670355047
2018-11-27 10:00:00,2458.16,234.78,12.78,176.3143965262919,0.182426354,18.2426354,145.66415999999998,106.82038399999998,0.9710943999999999,0.9710943999999998,0.8815719826314594,fall,day,176.3143965262919
2018-11-27 11:00:00,2409.76,580.71,13.03,178.6355760720832,0.167135925,16.7135925,138.43170094654744,101.51658069413476,0.9228780063103162,0.922878006310316,0.893177880360416,fall,day,178.6355760720832
2018-11-27 12:00:00,2367.92,67.68,13.15,170.1235054736878,0.189426886,18.9426886,122.92412919075822,90.14436140655603,0.8194941946050548,0.8194941946050548,0.850617527368439,fall,day,170.1235054736878
2018-11-27 13:00:00,2323.92,58.66,12.92,174.08057398208288,0.19000110066666664,19.000110066666664,99.14144473263248,72.70372613726381,0.6609429648842166,0.6609429648842164,0.8704028699104144,fall,day,174.08057398208288
2018-11-27 14:00:00,2311.6,7.87,11.83,99.44093825708306,0.19307332366666666,19.307332366666667,67.08364757217002,49.194674886258014,0.44722431714780014,0.44722431714780014,0.49720469128541533,fall,day,99.44093825708306
2018-11-28 05:00:00,2125.52,5.56,8.28,163.01816627462767,0.19596228666666668,19.59622866666667,101.1981478917798,74.2119751206385,0.674654319278532,0.6746543192785318,0.8150908313731384,fall,day,163.01816627462767
2018-11-28 06:00:00,2309.92,72.82,8.91,90.58773771891148,0.19253270666666666,19.253270666666666,118.4574911934655,86.86882687520803,0.7897166079564367,0.7897166079564366,0.45293868859455744,fall,day,90.58773771891148
2018-11-28 07:00:00,2584.32,85.29,9.69,178.89020366870204,0.191375987,19.137598699999998,131.5337640551304,96.45809364042896,0.876891760367536,0.8768917603675359,0.8944510183435103,fall,day,178.89020366870204
2018-11-28 08:00:00,2696.8,68.61,10.06,178.90877582057882,0.191813193,19.1813193,140.42696647677445,102.97977541630127,0.9361797765118297,0.9361797765118297,0.8945438791028941,fall,day,178.90877582057882
2018-11-28 09:00:00,2629.6,89.93,10.49,178.8879730708265,0.19054520833333333,19.05452083333333,145.13709845839765,106.43387220282494,0.9675806563893177,0.9675806563893177,0.8944398653541324,fall,day,178.8879730708265
2018-11-28 10:00:00,2523.12,98.28,11.2,178.89030065121838,0.18962323599999997,18.962323599999998,145.66415999999998,106.82038399999998,0.9710943999999999,0.9710943999999998,0.8944515032560919,fall,day,178.89030065121838
2018-11-28 11:00:00,2443.84,101.05,11.37,178.89219181028676,0.18936885366666667,18.936885366666665,142.0081511015815,104.1393108078264,0.9467210073438767,0.9467210073438764,0.8944609590514339,fall,day,178.89219181028676
2018-11-28 12:00:00,2384.88,32.45,11.2,177.8905563816525,0.1924956183333333,19.24956183333333,134.1690717631421,98.39065262630422,0.8944604784209474,0.8944604784209474,0.8894527819082625,fall,day,177.8905563816525
2018-11-28 13:00:00,2341.68,25.96,10.74,13.251581925709766,0.19314008266666666,19.314008266666665,122.14692198468194,89.57440945543341,0.814312813231213,0.8143128132312129,0.06625790962854883,fall,day,13.251581925709766
2018-11-28 14:00:00,2334.2400000000002,1.75,10.29,26.988015818986195,0.19454987566666668,19.454987566666667,105.94170176620084,77.69058129521395,0.7062780117746722,0.7062780117746722,0.13494007909493097,fall,day,26.988015818986195
2018-11-29 05:00:00,1986.8,11.13,3.83,178.4564736100547,0.19921427900000002,19.9214279,108.9655224011006,79.90804976080709,0.7264368160073373,0.7264368160073371,0.8922823680502735,fall,day,178.4564736100547
2018-11-29 06:00:00,2162.48,264.8,4.74,178.82242501260365,0.18743109733333332,18.743109733333334,123.2099836197504,90.35398798781695,0.821399890798336,0.8213998907983359,0.8941121250630182,fall,day,178.82242501260365
2018-11-29 07:00:00,2429.6,322.46,7.46,178.50835925629013,0.18277891133333332,18.27789113333333,134.00207798896528,98.2681905252412,0.8933471865931019,0.8933471865931017,0.8925417962814507,fall,day,178.50835925629013
2018-11-29 08:00:00,2528.8,299.04,8.84,178.80856863558304,0.182716952,18.2716952,141.34180550874518,103.65065737307978,0.9422787033916346,0.9422787033916343,0.8940428431779153,fall,day,178.80856863558304
2018-11-29 09:00:00,2483.44,274.58,9.47,178.79219071313844,0.18328942133333334,18.328942133333335,145.22916617909007,106.50138853133271,0.9681944411939338,0.9681944411939337,0.8939609535656922,fall,day,178.79219071313844
2018-11-29 10:00:00,2411.12,135.36,9.65,178.73647425750806,0.189222682,18.9222682,145.66415999999998,106.82038399999998,0.9710943999999999,0.9710943999999998,0.8936823712875404,fall,day,178.73647425750806
2018-11-29 11:00:00,2348.32,101.05,9.57,178.78826292122716,0.19078257366666668,19.07825736666667,142.64678697147494,104.6076437790816,0.9509785798098329,0.9509785798098327,0.8939413146061358,fall,day,178.78826292122716
2018-11-29 12:00:00,2316.48,180.78,9.35,178.79253015194558,0.18747647599999998,18.747647599999997,136.1770470935149,99.86316786857758,0.9078469806234326,0.9078469806234325,0.8939626507597279,fall,day,178.79253015194558
2018-11-29 13:00:00,2291.76,52.84,8.94,178.72664265491508,0.19338093866666667,19.338093866666668,126.2549403661199,92.58695626848791,0.8416996024407993,0.8416996024407992,0.8936332132745755,fall,day,178.72664265491508
2018-11-29 14:00:00,2290.08,4.37,8.16,177.71849727487253,0.19610845833333335,19.610845833333336,112.88046678928987,82.77900897881256,0.7525364452619324,0.7525364452619323,0.8885924863743626,fall,day,177.71849727487253
2018-11-30 05:00:00,2065.68,7.41,3.8,178.75196721449143,0.199400157,19.9400157,87.9241401895015,64.47770280563444,0.5861609345966766,0.5861609345966767,0.8937598360724571,fall,day,178.75196721449143
2018-11-30 06:00:00,2246.96,13.91,3.95,178.7683087684927,0.19899873033333332,19.899873033333332,110.33574799750863,80.91288186483966,0.7355716533167242,0.7355716533167242,0.8938415438424634,fall,day,178.7683087684927
2018-11-30 07:00:00,2525.92,91.78,4.88,178.77172740219325,0.19487058066666665,19.487058066666666,127.31555388256209,93.36473951387886,0.8487703592170805,0.8487703592170805,0.8938586370109662,fall,day,178.77172740219325
2018-11-30 08:00:00,2650.64,39.87,5.73,178.39231967550384,0.196467997,19.6467997,138.8635578446618,101.83327575275199,0.9257570522977454,0.9257570522977453,0.8919615983775192,fall,day,178.39231967550384
2018-11-30 09:00:00,2637.04,85.29,6.4,170.90462690582157,0.193959953,19.3959953,144.97975988380776,106.31849058145903,0.9665317325587184,0.9665317325587185,0.8545231345291079,fall,day,170.90462690582157
2018-11-30 10:00:00,2578.2400000000002,39.87,6.91,123.03359617943065,0.19554122499999999,19.5541225,145.66415999999998,106.82038399999998,0.9710943999999999,0.9710943999999998,0.6151679808971532,fall,day,123.03359617943065
2018-11-30 11:00:00,2516.0,56.55,7.37,119.51126392328953,0.19445213700000002,19.445213700000004,140.91675819323848,103.33895600837488,0.9394450546215899,0.9394450546215898,0.5975563196164476,fall,day,119.51126392328953
2018-11-30 12:00:00,2443.92,58.41,7.55,108.6984285987893,0.194229607,19.4229607,130.73755446352322,95.8742066065837,0.8715836964234882,0.8715836964234882,0.5434921429939465,fall,day,108.6984285987893
2018-11-30 13:00:00,2390.16,13.91,7.25,97.0330139118436,0.19640691033333332,19.640691033333333,115.1265488108543,84.42613579462648,0.7675103254056953,0.7675103254056952,0.485165069559218,fall,day,97.0330139118436
2018-11-30 14:00:00,2374.2400000000002,7.87,6.82,89.28757192079807,0.19700817766666667,19.700817766666667,94.08374123523154,68.99474357250313,0.6272249415682103,0.6272249415682102,0.44643785960399035,fall,day,89.28757192079807
