DateTime,load_PJME_MW,solar_G_i__POA,solar_T2m,wind_Energy_scaled_MW,eta_eff,eta_eff_pct,P_150MW_adj_MW,P_110MW_adj_MW,CF_150MW,CF_110MW,CF_Wind,season,day_night,wind_Energy_smoothed_MW
2018-09-01 00:00:00,2260.32,0.0,20.23,169.02633014365577,0.186819358,18.681935799999998,0.0,0.0,0.0,0.0,0.8451316507182789,fall,night,169.02633014365577
2018-09-01 01:00:00,2068.08,0.0,19.54,154.04128272110185,0.18736128400000002,18.736128400000002,0.0,0.0,0.0,0.0,0.7702064136055092,fall,night,154.04128272110185
2018-09-01 02:00:00,1934.72,0.0,18.85,160.02452208343368,0.18790320999999996,18.790320999999995,0.0,0.0,0.0,0.0,0.8001226104171684,fall,night,160.02452208343368
2018-09-01 03:00:00,1850.4,0.0,18.19,130.31699527846826,0.18842157399999998,18.842157399999998,0.0,0.0,0.0,0.0,0.6515849763923413,fall,night,130.31699527846826
2018-09-01 17:00:00,2361.84,0.0,27.12,106.7876063252103,0.18140795199999998,18.1407952,0.0,0.0,0.0,0.0,0.5339380316260516,fall,night,106.7876063252103
2018-09-01 18:00:00,2351.92,0.0,24.82,178.97814256538234,0.183214372,18.3214372,0.0,0.0,0.0,0.0,0.8948907128269117,fall,night,178.97814256538234
2018-09-01 19:00:00,2307.52,0.0,23.9,178.96319513505355,0.18393694000000002,18.393694000000004,0.0,0.0,0.0,0.0,0.8948159756752677,fall,night,178.96319513505355
2018-09-01 20:00:00,2318.16,0.0,21.93,178.9408042965961,0.18548417800000003,18.548417800000003,0.0,0.0,0.0,0.0,0.8947040214829804,fall,night,178.9408042965961
2018-09-01 21:00:00,2316.7200000000003,0.0,20.47,176.5783223216639,0.18663086199999998,18.6630862,0.0,0.0,0.0,0.0,0.8828916116083195,fall,night,176.5783223216639
2018-09-01 22:00:00,2222.32,0.0,19.63,157.42323278485836,0.187290598,18.7290598,0.0,0.0,0.0,0.0,0.7871161639242917,fall,night,157.42323278485836
2018-09-01 23:00:00,2082.7200000000003,0.0,19.17,169.8532394463111,0.18765188200000002,18.7651882,0.0,0.0,0.0,0.0,0.8492661972315555,fall,night,169.8532394463111
2018-09-02 00:00:00,1928.32,0.0,18.75,177.3998612174773,0.18798174999999998,18.798174999999997,0.0,0.0,0.0,0.0,0.8869993060873865,fall,night,177.3998612174773
2018-09-02 01:00:00,1804.0,0.0,18.06,172.7140175901359,0.188523676,18.8523676,0.0,0.0,0.0,0.0,0.8635700879506796,fall,night,172.7140175901359
2018-09-02 02:00:00,1714.48,0.0,17.17,162.8379242680323,0.189222682,18.9222682,0.0,0.0,0.0,0.0,0.8141896213401616,fall,night,162.8379242680323
2018-09-02 03:00:00,1661.92,0.0,16.38,155.61664247070271,0.189843148,18.9843148,0.0,0.0,0.0,0.0,0.7780832123535135,fall,night,155.61664247070271
2018-09-02 16:00:00,2060.64,0.0,28.07,82.6896573699802,0.180661822,18.0661822,0.0,0.0,0.0,0.0,0.413448286849901,fall,night,82.6896573699802
2018-09-02 17:00:00,2071.84,0.0,26.01,118.44725661384165,0.18227974600000002,18.227974600000003,0.0,0.0,0.0,0.0,0.5922362830692083,fall,night,118.44725661384165
2018-09-02 18:00:00,2086.32,0.0,24.43,143.7312047612453,0.183520678,18.3520678,0.0,0.0,0.0,0.0,0.7186560238062265,fall,night,143.7312047612453
2018-09-02 19:00:00,2103.44,0.0,23.13,169.70903856734583,0.184541698,18.4541698,0.0,0.0,0.0,0.0,0.8485451928367291,fall,night,169.70903856734583
2018-09-02 20:00:00,2155.68,0.0,22.0,173.56465124084767,0.18542920000000002,18.542920000000002,0.0,0.0,0.0,0.0,0.8678232562042383,fall,night,173.56465124084767
2018-09-02 21:00:00,2158.08,0.0,21.25,176.09288845899903,0.18601825,18.601824999999998,0.0,0.0,0.0,0.0,0.8804644422949951,fall,night,176.09288845899903
2018-09-02 22:00:00,2090.96,0.0,20.68,161.9203969266834,0.186465928,18.6465928,0.0,0.0,0.0,0.0,0.8096019846334169,fall,night,161.9203969266834
2018-09-02 23:00:00,1981.68,0.0,20.1,178.01066922812456,0.18692146,18.692146,0.0,0.0,0.0,0.0,0.8900533461406228,fall,night,178.01066922812456
2018-09-03 00:00:00,1861.92,0.0,19.38,178.91950451144785,0.187486948,18.7486948,0.0,0.0,0.0,0.0,0.8945975225572392,fall,night,178.91950451144785
2018-09-03 01:00:00,1754.32,0.0,18.54,177.0072881141964,0.18814668399999998,18.8146684,0.0,0.0,0.0,0.0,0.885036440570982,fall,night,177.0072881141964
2018-09-03 02:00:00,1683.76,0.0,17.51,176.00008831368802,0.188955646,18.8955646,0.0,0.0,0.0,0.0,0.8800004415684402,fall,night,176.00008831368802
2018-09-03 03:00:00,1639.44,0.0,16.51,174.4375423790567,0.18974104600000002,18.974104600000004,0.0,0.0,0.0,0.0,0.8721877118952835,fall,night,174.4375423790567
2018-09-03 16:00:00,2129.44,0.0,27.47,53.99340969261652,0.18113306199999998,18.113306199999997,0.0,0.0,0.0,0.0,0.26996704846308256,fall,night,53.99340969261652
2018-09-03 17:00:00,2155.68,0.0,25.69,69.74583127561525,0.182531074,18.253107399999998,0.0,0.0,0.0,0.0,0.3487291563780762,fall,night,69.74583127561525
2018-09-03 18:00:00,2197.92,0.0,24.22,89.48911977394933,0.183685612,18.3685612,0.0,0.0,0.0,0.0,0.4474455988697466,fall,night,89.48911977394933
2018-09-03 19:00:00,2205.68,0.0,24.28,55.526957854865806,0.183638488,18.3638488,0.0,0.0,0.0,0.0,0.27763478927432905,fall,night,55.526957854865806
2018-09-03 20:00:00,2215.84,0.0,23.59,52.178866812122,0.184180414,18.4180414,0.0,0.0,0.0,0.0,0.26089433406061,fall,night,52.178866812122
2018-09-03 21:00:00,2239.68,0.0,22.8,2.4050044517057496,0.18480087999999997,18.480088,0.0,0.0,0.0,0.0,0.012025022258528749,fall,night,2.4050044517057496
2018-09-03 22:00:00,2162.88,0.0,21.52,0.0,0.185806192,18.5806192,0.0,0.0,0.0,0.0,0.0,fall,night,0.0
2018-09-03 23:00:00,2045.76,0.0,20.68,0.0,0.186465928,18.6465928,0.0,0.0,0.0,0.0,0.0,fall,night,0.0
2018-09-04 00:00:00,1913.1200000000001,0.0,19.71,0.0,0.187227766,18.7227766,0.0,0.0,0.0,0.0,0.0,fall,night,0.0
2018-09-04 01:00:00,1788.64,0.0,18.93,0.0,0.187840378,18.7840378,0.0,0.0,0.0,0.0,0.0,fall,night,84.64641298785523
2018-09-04 02:00:00,1706.72,0.0,17.31,0.0,0.18911272599999998,18.911272599999997,0.0,0.0,0.0,0.0,0.0,fall,night,24.96609704224993
2018-09-04 03:00:00,1642.16,0.0,16.02,0.0,0.190125892,19.0125892,0.0,0.0,0.0,0.0,0.0,fall,night,0.0
2018-09-04 16:00:00,2500.64,0.0,29.18,21.650658800472545,0.179790028,17.9790028,0.0,0.0,0.0,0.0,0.10825329400236272,fall,night,21.650658800472545
2018-09-04 17:00:00,2586.88,0.0,27.36,36.05329287473784,0.18121945599999997,18.121945599999997,0.0,0.0,0.0,0.0,0.1802664643736892,fall,night,36.05329287473784
2018-09-04 18:00:00,2648.96,0.0,25.14,30.480171359031132,0.182963044,18.2963044,0.0,0.0,0.0,0.0,0.15240085679515566,fall,night,30.480171359031132
2018-09-04 19:00:00,2625.68,0.0,22.95,11.801897879103391,0.18468307,18.468307,0.0,0.0,0.0,0.0,0.05900948939551696,fall,night,11.801897879103391
2018-09-04 20:00:00,2617.92,0.0,22.59,0.0,0.184965814,18.4965814,0.0,0.0,0.0,0.0,0.0,fall,night,34.72661448122345
2018-09-04 21:00:00,2637.12,0.0,21.82,2.2077509161867845,0.18557057200000002,18.557057200000003,0.0,0.0,0.0,0.0,0.011038754580933922,fall,night,2.2077509161867845
2018-09-04 22:00:00,2504.64,0.0,19.85,0.04802300557327664,0.18711781,18.711781,0.0,0.0,0.0,0.0,0.00024011502786638322,fall,night,0.04802300557327664
2018-09-04 23:00:00,2313.12,0.0,18.59,0.0,0.188107414,18.8107414,0.0,0.0,0.0,0.0,0.0,fall,night,0.0
2018-09-05 00:00:00,2131.04,0.0,17.65,0.0,0.18884569,18.884569000000003,0.0,0.0,0.0,0.0,0.0,fall,night,18.292507337011784
2018-09-05 01:00:00,1984.64,0.0,17.07,0.0,0.189301222,18.9301222,0.0,0.0,0.0,0.0,0.0,fall,night,59.188817644966505
2018-09-05 02:00:00,1899.68,0.0,17.04,0.0,0.189324784,18.9324784,0.0,0.0,0.0,0.0,0.0,fall,night,11.624420631899289
2018-09-05 03:00:00,1844.88,0.0,16.87,0.0,0.18945830200000002,18.945830200000003,0.0,0.0,0.0,0.0,0.0,fall,night,0.1341316384266814
2018-09-05 16:00:00,3416.64,0.0,28.02,63.504836630513005,0.180701092,18.0701092,0.0,0.0,0.0,0.0,0.31752418315256503,fall,night,63.504836630513005
2018-09-05 17:00:00,3460.8,0.0,25.87,35.916589956566455,0.18238970200000001,18.2389702,0.0,0.0,0.0,0.0,0.17958294978283226,fall,night,35.916589956566455
2018-09-05 18:00:00,3414.48,0.0,24.3,67.2678916149942,0.18362278,18.362278,0.0,0.0,0.0,0.0,0.336339458074971,fall,night,67.2678916149942
2018-09-05 19:00:00,3263.36,0.0,23.61,65.04890739578337,0.18416470599999998,18.416470599999997,0.0,0.0,0.0,0.0,0.32524453697891686,fall,night,65.04890739578337
2018-09-05 20:00:00,3164.64,0.0,22.14,61.901921723460205,0.185319244,18.5319244,0.0,0.0,0.0,0.0,0.30950960861730104,fall,night,61.901921723460205
2018-09-05 21:00:00,3031.52,0.0,20.84,35.05840076169197,0.186340264,18.6340264,0.0,0.0,0.0,0.0,0.17529200380845986,fall,night,35.05840076169197
2018-09-05 22:00:00,2833.44,0.0,19.35,0.3631007653286469,0.18751051,18.751051,0.0,0.0,0.0,0.0,0.0018155038266432343,fall,night,0.3631007653286469
2018-09-05 23:00:00,2575.6,0.0,18.95,28.086033684628543,0.18782467,18.782467,0.0,0.0,0.0,0.0,0.1404301684231427,fall,night,28.086033684628543
2018-09-06 00:00:00,2350.4,0.0,18.56,0.0,0.188130976,18.8130976,0.0,0.0,0.0,0.0,0.0,fall,night,41.589997455563434
2018-09-06 01:00:00,2172.88,0.0,17.51,9.51425003833243,0.188955646,18.8955646,0.0,0.0,0.0,0.0,0.04757125019166215,fall,night,9.51425003833243
2018-09-06 02:00:00,2057.52,0.0,16.75,57.18295250538618,0.18955255,18.955254999999998,0.0,0.0,0.0,0.0,0.28591476252693093,fall,night,57.18295250538618
2018-09-06 03:00:00,1997.6000000000001,0.0,16.09,10.733723352157327,0.19007091399999998,19.007091399999997,0.0,0.0,0.0,0.0,0.05366861676078663,fall,night,10.733723352157327
2018-09-06 16:00:00,2541.04,0.0,21.77,0.0,0.18560984199999997,18.560984199999996,0.0,0.0,0.0,0.0,0.0,fall,night,0.0
2018-09-06 17:00:00,2530.7200000000003,0.0,20.4,0.04096544094200313,0.18668584,18.668584,0.0,0.0,0.0,0.0,0.00020482720471001563,fall,night,0.04096544094200313
2018-09-06 18:00:00,2532.7200000000003,0.0,19.06,0.0,0.187738276,18.7738276,0.0,0.0,0.0,0.0,0.0,fall,night,9.394104611796314
2018-09-06 19:00:00,2518.96,0.0,18.22,0.22958503454502624,0.188398012,18.8398012,0.0,0.0,0.0,0.0,0.0011479251727251312,fall,night,0.22958503454502624
2018-09-06 20:00:00,2532.96,0.0,17.41,11.243193725353054,0.18903418599999997,18.903418599999995,0.0,0.0,0.0,0.0,0.05621596862676527,fall,night,11.243193725353054
2018-09-06 21:00:00,2493.36,0.0,16.75,27.16289954155443,0.18955255,18.955254999999998,0.0,0.0,0.0,0.0,0.13581449770777215,fall,night,27.16289954155443
2018-09-06 22:00:00,2361.52,0.0,16.1,34.270172329533565,0.19006306,19.006306000000002,0.0,0.0,0.0,0.0,0.17135086164766783,fall,night,34.270172329533565
2018-09-06 23:00:00,2178.2400000000002,0.0,15.44,81.09711959217496,0.190581424,19.0581424,0.0,0.0,0.0,0.0,0.4054855979608748,fall,night,81.09711959217496
2018-09-07 00:00:00,2006.88,0.0,14.87,64.40771355048928,0.191029102,19.1029102,0.0,0.0,0.0,0.0,0.3220385677524464,fall,night,64.40771355048928
2018-09-07 01:00:00,1879.92,0.0,14.29,62.28406314482876,0.191484634,19.148463399999997,0.0,0.0,0.0,0.0,0.3114203157241438,fall,night,62.28406314482876
2018-09-07 02:00:00,1801.1200000000001,0.0,13.71,57.18295250538618,0.191940166,19.1940166,0.0,0.0,0.0,0.0,0.28591476252693093,fall,night,57.18295250538618
2018-09-07 03:00:00,1756.0,0.0,13.25,28.25412560035021,0.19230145,19.230145,0.0,0.0,0.0,0.0,0.14127062800175105,fall,night,28.25412560035021
2018-09-07 16:00:00,2486.96,0.0,20.81,0.0,0.18636382599999998,18.636382599999997,0.0,0.0,0.0,0.0,0.0,fall,night,25.231189658521306
2018-09-07 17:00:00,2519.12,0.0,19.67,0.0,0.187259182,18.7259182,0.0,0.0,0.0,0.0,0.0,fall,night,61.85320619322738
2018-09-07 18:00:00,2536.64,0.0,18.77,0.0,0.187966042,18.7966042,0.0,0.0,0.0,0.0,0.0,fall,night,21.650658800472545
2018-09-07 19:00:00,2494.96,0.0,17.81,0.0,0.188720026,18.872002600000002,0.0,0.0,0.0,0.0,0.0,fall,night,65.48314055123429
2018-09-07 20:00:00,2493.6,0.0,16.91,0.0,0.189426886,18.9426886,0.0,0.0,0.0,0.0,0.0,fall,night,0.0
2018-09-07 21:00:00,2500.7200000000003,0.0,15.98,0.0,0.19015730799999997,19.015730799999996,0.0,0.0,0.0,0.0,0.0,fall,night,0.0
2018-09-07 22:00:00,2361.52,0.0,14.91,5.547541619349278,0.19099768599999997,19.099768599999997,0.0,0.0,0.0,0.0,0.027737708096746392,fall,night,5.547541619349278
2018-09-07 23:00:00,2163.28,0.0,14.03,8.384061253601935,0.191688838,19.1688838,0.0,0.0,0.0,0.0,0.041920306268009674,fall,night,8.384061253601935
2018-09-08 00:00:00,1984.16,0.0,13.68,5.199380068301529,0.19196372799999997,19.1963728,0.0,0.0,0.0,0.0,0.02599690034150765,fall,night,5.199380068301529
2018-09-08 01:00:00,1844.8,0.0,13.72,0.0,0.191932312,19.1932312,0.0,0.0,0.0,0.0,0.0,fall,night,9.394104611796314
2018-09-08 02:00:00,1756.56,0.0,13.64,0.0,0.191995144,19.1995144,0.0,0.0,0.0,0.0,0.0,fall,night,0.0
2018-09-08 03:00:00,1707.2,0.0,13.79,9.718828595118834,0.19187733399999998,19.1877334,0.0,0.0,0.0,0.0,0.048594142975594175,fall,night,9.718828595118834
2018-09-08 16:00:00,2416.0,0.0,20.93,53.536882681224995,0.186269578,18.6269578,0.0,0.0,0.0,0.0,0.267684413406125,fall,night,53.536882681224995
2018-09-08 17:00:00,2431.92,0.0,19.81,43.335243297438055,0.187149226,18.7149226,0.0,0.0,0.0,0.0,0.21667621648719027,fall,night,43.335243297438055
2018-09-08 18:00:00,2436.48,0.0,18.78,44.23183756877833,0.18795818799999997,18.795818799999996,0.0,0.0,0.0,0.0,0.22115918784389166,fall,night,44.23183756877833
2018-09-08 19:00:00,2388.08,0.0,17.97,41.05849689764306,0.188594362,18.859436199999998,0.0,0.0,0.0,0.0,0.2052924844882153,fall,night,41.05849689764306
2018-09-08 20:00:00,2384.88,0.0,16.99,44.458370542698404,0.189364054,18.9364054,0.0,0.0,0.0,0.0,0.22229185271349203,fall,night,44.458370542698404
2018-09-08 21:00:00,2367.92,0.0,16.25,42.92737120220664,0.18994524999999998,18.994525,0.0,0.0,0.0,0.0,0.21463685601103322,fall,night,42.92737120220664
2018-09-08 22:00:00,2256.08,0.0,15.53,45.32116640709847,0.190510738,19.0510738,0.0,0.0,0.0,0.0,0.22660583203549234,fall,night,45.32116640709847
2018-09-08 23:00:00,2104.48,0.0,14.96,59.188817644966505,0.19095841600000002,19.095841600000004,0.0,0.0,0.0,0.0,0.29594408822483254,fall,night,59.188817644966505
2018-09-09 00:00:00,1938.88,0.0,14.32,64.07363302736884,0.191461072,19.1461072,0.0,0.0,0.0,0.0,0.3203681651368442,fall,night,64.07363302736884
2018-09-09 01:00:00,1805.1200000000001,0.0,13.81,44.70878546126428,0.19186162599999998,19.1861626,0.0,0.0,0.0,0.0,0.2235439273063214,fall,night,44.70878546126428
2018-09-09 02:00:00,1716.96,0.0,13.31,40.45174396845951,0.192254326,19.2254326,0.0,0.0,0.0,0.0,0.20225871984229754,fall,night,40.45174396845951
2018-09-09 03:00:00,1661.3600000000001,0.0,12.8,28.08525176309067,0.19265488,19.265488,0.0,0.0,0.0,0.0,0.14042625881545334,fall,night,28.08525176309067
2018-09-09 16:00:00,2077.68,0.0,22.44,47.091351909187516,0.18508362399999997,18.508362399999996,0.0,0.0,0.0,0.0,0.2354567595459376,fall,night,47.091351909187516
2018-09-09 17:00:00,2099.2,0.0,20.87,52.33805755126706,0.186316702,18.6316702,0.0,0.0,0.0,0.0,0.2616902877563353,fall,night,52.33805755126706
2018-09-09 18:00:00,2123.44,0.0,19.3,51.61766535857647,0.18754977999999997,18.754977999999998,0.0,0.0,0.0,0.0,0.25808832679288235,fall,night,51.61766535857647
2018-09-09 19:00:00,2120.32,0.0,17.6,8.998770537503903,0.18888496000000002,18.888496000000004,0.0,0.0,0.0,0.0,0.044993852687519514,fall,night,8.998770537503903
2018-09-09 20:00:00,2154.56,0.0,16.58,24.67872269285228,0.189686068,18.9686068,0.0,0.0,0.0,0.0,0.12339361346426139,fall,night,24.67872269285228
2018-09-09 21:00:00,2167.2,0.0,15.8,8.669935404700178,0.19029868,19.029868,0.0,0.0,0.0,0.0,0.04334967702350089,fall,night,8.669935404700178
2018-09-09 22:00:00,2083.84,0.0,15.06,7.934762470380355,0.190879876,19.0879876,0.0,0.0,0.0,0.0,0.039673812351901774,fall,night,7.934762470380355
2018-09-09 23:00:00,1960.88,0.0,14.47,8.92335450824444,0.191343262,19.1343262,0.0,0.0,0.0,0.0,0.0446167725412222,fall,night,8.92335450824444
2018-09-10 00:00:00,1833.92,0.0,14.04,103.06923603512716,0.191680984,19.168098399999998,0.0,0.0,0.0,0.0,0.5153461801756358,fall,night,103.06923603512716
2018-09-10 01:00:00,1717.52,0.0,13.77,22.29453027242873,0.19189304199999999,19.1893042,0.0,0.0,0.0,0.0,0.11147265136214365,fall,night,22.29453027242873
2018-09-10 02:00:00,1641.68,0.0,13.22,0.0,0.192325012,19.232501199999998,0.0,0.0,0.0,0.0,0.0,fall,night,51.56671923046811
2018-09-10 03:00:00,1593.76,0.0,12.48,0.0,0.192906208,19.2906208,0.0,0.0,0.0,0.0,0.0,fall,night,15.948749049137854
2018-09-10 16:00:00,2072.2400000000002,0.0,20.05,47.20400013260597,0.18696073,18.696073,0.0,0.0,0.0,0.0,0.23602000066302986,fall,night,47.20400013260597
2018-09-10 17:00:00,2136.96,0.0,18.65,50.16997096890643,0.18806029,18.806029,0.0,0.0,0.0,0.0,0.25084985484453215,fall,night,50.16997096890643
2018-09-10 18:00:00,2192.7200000000003,0.0,17.62,45.03573776943462,0.18886925199999996,18.886925199999997,0.0,0.0,0.0,0.0,0.2251786888471731,fall,night,45.03573776943462
2018-09-10 19:00:00,2209.12,0.0,16.33,17.34809916977006,0.18988241800000003,18.9882418,0.0,0.0,0.0,0.0,0.0867404958488503,fall,night,17.34809916977006
2018-09-10 20:00:00,2270.0,0.0,15.33,6.349008543824425,0.190667818,19.066781799999998,0.0,0.0,0.0,0.0,0.031745042719122124,fall,night,6.349008543824425
2018-09-10 21:00:00,2282.32,0.0,14.58,3.676437474586111,0.191256868,19.1256868,0.0,0.0,0.0,0.0,0.018382187372930556,fall,night,3.676437474586111
2018-09-10 22:00:00,2159.36,0.0,13.99,5.735068679807856,0.19172025399999998,19.1720254,0.0,0.0,0.0,0.0,0.02867534339903928,fall,night,5.735068679807856
2018-09-10 23:00:00,1991.3600000000001,0.0,13.53,0.0,0.192081538,19.208153799999998,0.0,0.0,0.0,0.0,0.0,fall,night,0.0
2018-09-11 00:00:00,1839.6000000000001,0.0,13.07,0.024744654857245096,0.192442822,19.2442822,0.0,0.0,0.0,0.0,0.00012372327428622547,fall,night,0.024744654857245096
2018-09-11 01:00:00,1725.52,0.0,12.45,0.0,0.19292976999999997,19.292976999999997,0.0,0.0,0.0,0.0,0.0,fall,night,6.121414823631988
2018-09-11 02:00:00,1655.92,0.0,11.6,0.0,0.19359736,19.359735999999998,0.0,0.0,0.0,0.0,0.0,fall,night,54.08363373983817
2018-09-11 03:00:00,1623.76,0.0,11.26,0.0,0.193864396,19.3864396,0.0,0.0,0.0,0.0,0.0,fall,night,0.0
2018-09-11 16:00:00,2467.2000000000003,0.0,19.92,11.984156818968032,0.18706283199999998,18.706283199999998,0.0,0.0,0.0,0.0,0.05992078409484016,fall,night,11.984156818968032
2018-09-11 17:00:00,2504.2400000000002,0.0,18.51,21.112119433359297,0.188170246,18.8170246,0.0,0.0,0.0,0.0,0.10556059716679649,fall,night,21.112119433359297
2018-09-11 18:00:00,2503.76,0.0,17.17,54.08363373983817,0.189222682,18.9222682,0.0,0.0,0.0,0.0,0.27041816869919083,fall,night,54.08363373983817
2018-09-11 19:00:00,2480.2400000000002,0.0,16.27,37.88331962010481,0.18992954199999998,18.992954199999996,0.0,0.0,0.0,0.0,0.18941659810052403,fall,night,37.88331962010481
2018-09-11 20:00:00,2527.44,0.0,15.27,20.581917531946623,0.190714942,19.0714942,0.0,0.0,0.0,0.0,0.10290958765973311,fall,night,20.581917531946623
2018-09-11 21:00:00,2502.96,0.0,14.4,22.77803206152591,0.19139824,19.139824,0.0,0.0,0.0,0.0,0.11389016030762955,fall,night,22.77803206152591
2018-09-11 22:00:00,2348.88,0.0,13.65,31.36308200345831,0.19198729,19.198729,0.0,0.0,0.0,0.0,0.15681541001729155,fall,night,31.36308200345831
2018-09-11 23:00:00,2142.16,0.0,12.92,22.1975598789154,0.192560632,19.2560632,0.0,0.0,0.0,0.0,0.110987799394577,fall,night,22.1975598789154
2018-09-12 00:00:00,1961.76,0.0,12.19,18.904426100541613,0.19313397399999999,19.3133974,0.0,0.0,0.0,0.0,0.09452213050270807,fall,night,18.904426100541613
2018-09-12 01:00:00,1828.0,0.0,11.45,5.697758066192307,0.19371516999999996,19.371516999999997,0.0,0.0,0.0,0.0,0.028488790330961536,fall,night,5.697758066192307
2018-09-12 02:00:00,1743.92,0.0,10.82,0.0,0.194209972,19.420997200000002,0.0,0.0,0.0,0.0,0.0,fall,night,72.7520468254885
2018-09-12 03:00:00,1702.16,0.0,10.24,0.0,0.194665504,19.4665504,0.0,0.0,0.0,0.0,0.0,fall,night,0.0
2018-09-12 16:00:00,2604.56,0.0,22.56,47.24693308030283,0.184989376,18.4989376,0.0,0.0,0.0,0.0,0.23623466540151417,fall,night,47.24693308030283
2018-09-12 17:00:00,2649.2000000000003,0.0,20.95,68.06416050389706,0.18625387,18.625387,0.0,0.0,0.0,0.0,0.34032080251948527,fall,night,68.06416050389706
2018-09-12 18:00:00,2656.7200000000003,0.0,20.03,87.88546537520978,0.18697643800000002,18.6976438,0.0,0.0,0.0,0.0,0.4394273268760489,fall,night,87.88546537520978
2018-09-12 19:00:00,2614.2400000000002,0.0,19.36,98.10109448697725,0.18750265600000002,18.750265600000002,0.0,0.0,0.0,0.0,0.49050547243488624,fall,night,98.10109448697725
2018-09-12 20:00:00,2643.6,0.0,18.55,139.79426012498823,0.18813882999999998,18.813882999999997,0.0,0.0,0.0,0.0,0.6989713006249412,fall,night,139.79426012498823
2018-09-12 21:00:00,2620.4,0.0,17.7,157.46966316455033,0.18880642,18.880642,0.0,0.0,0.0,0.0,0.7873483158227517,fall,night,157.46966316455033
2018-09-12 22:00:00,2463.12,0.0,16.84,175.62886348681403,0.18948186399999997,18.948186399999997,0.0,0.0,0.0,0.0,0.8781443174340702,fall,night,175.62886348681403
2018-09-12 23:00:00,2245.36,0.0,16.19,178.93578545137615,0.18999237400000002,18.999237400000002,0.0,0.0,0.0,0.0,0.8946789272568807,fall,night,178.93578545137615
2018-09-13 00:00:00,2056.4,0.0,15.61,168.3113507876576,0.19044790599999997,19.0447906,0.0,0.0,0.0,0.0,0.841556753938288,fall,night,168.3113507876576
2018-09-13 01:00:00,1911.6000000000001,0.0,15.03,178.90003527129502,0.190903438,19.0903438,0.0,0.0,0.0,0.0,0.8945001763564752,fall,night,178.90003527129502
2018-09-13 02:00:00,1820.96,0.0,14.63,178.52240959834336,0.191217598,19.1217598,0.0,0.0,0.0,0.0,0.8926120479917168,fall,night,178.52240959834336
2018-09-13 03:00:00,1771.3600000000001,0.0,14.14,175.67613034070908,0.191602444,19.1602444,0.0,0.0,0.0,0.0,0.8783806517035454,fall,night,175.67613034070908
2018-09-13 16:00:00,2720.0,0.0,20.95,43.53062063798781,0.18625387,18.625387,0.0,0.0,0.0,0.0,0.21765310318993905,fall,night,43.53062063798781
2018-09-13 17:00:00,2753.28,0.0,19.64,15.217350856195761,0.187282744,18.7282744,0.0,0.0,0.0,0.0,0.0760867542809788,fall,night,15.217350856195761
2018-09-13 18:00:00,2796.48,0.0,18.16,0.0,0.18844513599999999,18.8445136,0.0,0.0,0.0,0.0,0.0,fall,night,0.0
2018-09-13 19:00:00,2780.0,0.0,17.01,7.485463687158776,0.189348346,18.9348346,0.0,0.0,0.0,0.0,0.03742731843579388,fall,night,7.485463687158776
2018-09-13 20:00:00,2819.52,0.0,16.24,0.0,0.189953104,18.9953104,0.0,0.0,0.0,0.0,0.0,fall,night,0.0
2018-09-13 21:00:00,2790.7200000000003,0.0,15.29,138.67091163836247,0.190699234,19.0699234,0.0,0.0,0.0,0.0,0.6933545581918124,fall,night,138.67091163836247
2018-09-13 22:00:00,2645.52,0.0,14.59,7.54742793833318,0.19124901399999997,19.124901399999995,0.0,0.0,0.0,0.0,0.0377371396916659,fall,night,7.54742793833318
2018-09-13 23:00:00,2431.76,0.0,14.0,35.06418940563532,0.19171239999999998,19.171239999999997,0.0,0.0,0.0,0.0,0.17532094702817658,fall,night,35.06418940563532
2018-09-14 00:00:00,2229.28,0.0,13.56,60.430290836479614,0.192057976,19.2057976,0.0,0.0,0.0,0.0,0.3021514541823981,fall,night,60.430290836479614
2018-09-14 01:00:00,2068.0,0.0,13.05,56.82891176812364,0.19245853,19.245853,0.0,0.0,0.0,0.0,0.2841445588406182,fall,night,56.82891176812364
2018-09-14 02:00:00,1970.16,0.0,12.72,73.45585500788702,0.19271771199999999,19.2717712,0.0,0.0,0.0,0.0,0.36727927503943514,fall,night,73.45585500788702
2018-09-14 03:00:00,1910.0,0.0,12.75,114.42245794060581,0.19269415,19.269415000000002,0.0,0.0,0.0,0.0,0.5721122897030291,fall,night,114.42245794060581
2018-09-14 16:00:00,3011.04,0.0,20.68,14.439191936865422,0.186465928,18.6465928,0.0,0.0,0.0,0.0,0.07219595968432711,fall,night,14.439191936865422
2018-09-14 17:00:00,3028.7200000000003,0.0,18.84,13.974792672781259,0.187911064,18.7911064,0.0,0.0,0.0,0.0,0.06987396336390629,fall,night,13.974792672781259
2018-09-14 18:00:00,3017.92,0.0,17.33,1.7503196185979648,0.189097018,18.9097018,0.0,0.0,0.0,0.0,0.008751598092989823,fall,night,1.7503196185979648
2018-09-14 19:00:00,2953.84,0.0,15.65,0.5640729031759424,0.19041649,19.041649,0.0,0.0,0.0,0.0,0.002820364515879712,fall,night,0.5640729031759424
2018-09-14 20:00:00,2971.84,0.0,14.67,10.873815354668844,0.19118618199999998,19.118618199999997,0.0,0.0,0.0,0.0,0.05436907677334422,fall,night,10.873815354668844
2018-09-14 21:00:00,2928.0,0.0,13.94,45.64550321803158,0.19175952400000001,19.1759524,0.0,0.0,0.0,0.0,0.2282275160901579,fall,night,45.64550321803158
2018-09-14 22:00:00,2761.52,0.0,13.3,68.37718369816007,0.19226218,19.226218,0.0,0.0,0.0,0.0,0.34188591849080036,fall,night,68.37718369816007
2018-09-14 23:00:00,2531.28,0.0,12.81,50.7849007364981,0.192647026,19.2647026,0.0,0.0,0.0,0.0,0.25392450368249053,fall,night,50.7849007364981
2018-09-15 00:00:00,2304.08,0.0,12.5,39.172993122232874,0.19289050000000002,19.289050000000003,0.0,0.0,0.0,0.0,0.19586496561116437,fall,night,39.172993122232874
2018-09-15 01:00:00,2126.32,0.0,12.25,29.773326411589963,0.19308685000000003,19.308685000000004,0.0,0.0,0.0,0.0,0.1488666320579498,fall,night,29.773326411589963
2018-09-15 02:00:00,2007.04,0.0,12.26,8.660331862555951,0.193078996,19.3078996,0.0,0.0,0.0,0.0,0.04330165931277976,fall,night,8.660331862555951
2018-09-15 03:00:00,1937.2,0.0,11.96,1.0857146295255977,0.193314616,19.3314616,0.0,0.0,0.0,0.0,0.005428573147627989,fall,night,1.0857146295255977
2018-09-15 16:00:00,3141.2000000000003,0.0,18.91,6.299050803939006,0.187856086,18.7856086,0.0,0.0,0.0,0.0,0.03149525401969503,fall,night,6.299050803939006
2018-09-15 17:00:00,3181.2000000000003,0.0,17.81,11.445319685222652,0.188720026,18.872002600000002,0.0,0.0,0.0,0.0,0.05722659842611326,fall,night,11.445319685222652
2018-09-15 18:00:00,3165.04,0.0,17.06,6.217646104296298,0.189309076,18.930907599999998,0.0,0.0,0.0,0.0,0.03108823052148149,fall,night,6.217646104296298
2018-09-15 19:00:00,3052.08,0.0,16.33,1.9247299831421723,0.18988241800000003,18.9882418,0.0,0.0,0.0,0.0,0.009623649915710861,fall,night,1.9247299831421723
2018-09-15 20:00:00,2995.52,0.0,15.16,0.0,0.190801336,19.0801336,0.0,0.0,0.0,0.0,0.0,fall,night,43.0755423029338
2018-09-15 21:00:00,2915.44,0.0,14.05,0.0,0.19167313000000002,19.167313000000004,0.0,0.0,0.0,0.0,0.0,fall,night,24.32697165218652
2018-09-15 22:00:00,2759.92,0.0,13.18,0.0,0.19235642799999997,19.235642799999997,0.0,0.0,0.0,0.0,0.0,fall,night,55.41140924806829
2018-09-15 23:00:00,2556.4,0.0,12.67,0.0,0.192756982,19.2756982,0.0,0.0,0.0,0.0,0.0,fall,night,0.0
2018-09-16 00:00:00,2344.32,0.0,12.11,0.0,0.19319680600000003,19.3196806,0.0,0.0,0.0,0.0,0.0,fall,night,0.0
2018-09-16 01:00:00,2161.6,0.0,11.78,0.0,0.193455988,19.3455988,0.0,0.0,0.0,0.0,0.0,fall,night,0.0
2018-09-16 02:00:00,2031.2,0.0,11.7,0.0,0.19351882,19.351882,0.0,0.0,0.0,0.0,0.0,fall,night,0.024744654857245096
2018-09-16 03:00:00,1944.56,0.0,11.94,0.73811882560801,0.193330324,19.3330324,0.0,0.0,0.0,0.0,0.00369059412804005,fall,night,0.73811882560801
2018-09-16 16:00:00,3006.16,0.0,21.22,67.46368113123874,0.186041812,18.6041812,0.0,0.0,0.0,0.0,0.3373184056561937,fall,night,67.46368113123874
2018-09-16 17:00:00,3032.2400000000002,0.0,19.72,86.02389809711055,0.18721991200000002,18.7219912,0.0,0.0,0.0,0.0,0.43011949048555276,fall,night,86.02389809711055
2018-09-16 18:00:00,3001.44,0.0,18.29,79.2781579457799,0.188343034,18.8343034,0.0,0.0,0.0,0.0,0.39639078972889946,fall,night,79.2781579457799
2018-09-16 19:00:00,2914.0,0.0,17.56,95.49420444808402,0.188916376,18.8916376,0.0,0.0,0.0,0.0,0.4774710222404201,fall,night,95.49420444808402
2018-09-16 20:00:00,2884.8,0.0,16.89,141.8542899999377,0.189442594,18.9442594,0.0,0.0,0.0,0.0,0.7092714499996885,fall,night,141.8542899999377
2018-09-16 21:00:00,2819.52,0.0,16.19,173.56793652358854,0.18999237400000002,18.999237400000002,0.0,0.0,0.0,0.0,0.8678396826179428,fall,night,173.56793652358854
2018-09-16 22:00:00,2679.92,0.0,15.28,178.88335427848662,0.19070708800000002,19.070708800000002,0.0,0.0,0.0,0.0,0.8944167713924331,fall,night,178.88335427848662
2018-09-16 23:00:00,2498.32,0.0,14.91,145.8545036052844,0.19099768599999997,19.099768599999997,0.0,0.0,0.0,0.0,0.729272518026422,fall,night,145.8545036052844
2018-09-17 00:00:00,2312.08,0.0,14.39,120.09440767115424,0.191406094,19.1406094,0.0,0.0,0.0,0.0,0.6004720383557712,fall,night,120.09440767115424
2018-09-17 01:00:00,2145.84,0.0,13.91,170.7004544633223,0.19178308600000002,19.1783086,0.0,0.0,0.0,0.0,0.8535022723166115,fall,night,170.7004544633223
2018-09-17 02:00:00,2024.32,0.0,13.36,173.16383462367938,0.19221505599999997,19.221505599999997,0.0,0.0,0.0,0.0,0.8658191731183968,fall,night,173.16383462367938
2018-09-17 03:00:00,1939.44,0.0,12.6,156.60045736196176,0.19281196,19.281196,0.0,0.0,0.0,0.0,0.7830022868098088,fall,night,156.60045736196176
2018-09-17 16:00:00,2861.36,0.0,20.82,88.21973986336288,0.18635597199999998,18.6355972,0.0,0.0,0.0,0.0,0.4410986993168144,fall,night,88.21973986336288
2018-09-17 17:00:00,2934.2400000000002,0.0,19.89,81.41948341504117,0.187086394,18.7086394,0.0,0.0,0.0,0.0,0.40709741707520586,fall,night,81.41948341504117
2018-09-17 18:00:00,2964.4,0.0,18.25,117.400924367995,0.18837444999999997,18.837444999999995,0.0,0.0,0.0,0.0,0.587004621839975,fall,night,117.400924367995
2018-09-17 19:00:00,2918.4,0.0,18.21,63.30844703494906,0.18840586599999998,18.840586599999998,0.0,0.0,0.0,0.0,0.31654223517474533,fall,night,63.30844703494906
2018-09-17 20:00:00,2919.12,0.0,17.43,166.88351356820618,0.189018478,18.9018478,0.0,0.0,0.0,0.0,0.8344175678410309,fall,night,166.88351356820618
2018-09-17 21:00:00,2858.08,0.0,16.72,177.8986907902097,0.18957611200000002,18.957611200000002,0.0,0.0,0.0,0.0,0.8894934539510486,fall,night,177.8986907902097
2018-09-17 22:00:00,2688.88,0.0,16.15,176.7254447989333,0.19002379,19.002379,0.0,0.0,0.0,0.0,0.8836272239946665,fall,night,176.7254447989333
2018-09-17 23:00:00,2468.2400000000002,0.0,15.22,139.21925078568026,0.19075421199999998,19.075421199999997,0.0,0.0,0.0,0.0,0.6960962539284012,fall,night,139.21925078568026
2018-09-18 00:00:00,2261.28,0.0,14.88,160.69238005931078,0.19102124799999998,19.1021248,0.0,0.0,0.0,0.0,0.8034619002965538,fall,night,160.69238005931078
2018-09-18 01:00:00,2103.68,0.0,14.07,172.46072350311658,0.191657422,19.1657422,0.0,0.0,0.0,0.0,0.8623036175155829,fall,night,172.46072350311658
2018-09-18 02:00:00,1998.16,0.0,13.45,139.64136718799733,0.19214436999999998,19.214436999999997,0.0,0.0,0.0,0.0,0.6982068359399867,fall,night,139.64136718799733
2018-09-18 03:00:00,1937.8400000000001,0.0,13.04,145.639347892811,0.19246638399999996,19.246638399999995,0.0,0.0,0.0,0.0,0.728196739464055,fall,night,145.639347892811
2018-09-18 16:00:00,2886.2400000000002,0.0,19.67,97.31490571836535,0.187259182,18.7259182,0.0,0.0,0.0,0.0,0.48657452859182676,fall,night,97.31490571836535
2018-09-18 17:00:00,2920.7200000000003,0.0,18.26,95.86711434617898,0.188366596,18.8366596,0.0,0.0,0.0,0.0,0.4793355717308949,fall,night,95.86711434617898
2018-09-18 18:00:00,2941.36,0.0,17.29,157.6728536590715,0.189128434,18.9128434,0.0,0.0,0.0,0.0,0.7883642682953576,fall,night,157.6728536590715
2018-09-18 19:00:00,2902.0,0.0,16.6,178.6040931227205,0.18967036,18.967036,0.0,0.0,0.0,0.0,0.8930204656136026,fall,night,178.6040931227205
2018-09-18 20:00:00,2934.0,0.0,15.76,177.96210523307337,0.190330096,19.0330096,0.0,0.0,0.0,0.0,0.8898105261653668,fall,night,177.96210523307337
2018-09-18 21:00:00,2881.28,0.0,14.95,177.4828297601958,0.19096627,19.096626999999998,0.0,0.0,0.0,0.0,0.887414148800979,fall,night,177.4828297601958
2018-09-18 22:00:00,2716.8,0.0,14.12,177.98876330224925,0.191618152,19.161815200000003,0.0,0.0,0.0,0.0,0.8899438165112463,fall,night,177.98876330224925
2018-09-18 23:00:00,2489.36,0.0,13.42,171.34740058411646,0.19216793199999999,19.216793199999998,0.0,0.0,0.0,0.0,0.8567370029205823,fall,night,171.34740058411646
2018-09-19 00:00:00,2282.16,0.0,12.78,135.2645704717495,0.192670588,19.2670588,0.0,0.0,0.0,0.0,0.6763228523587475,fall,night,135.2645704717495
2018-09-19 01:00:00,2121.36,0.0,12.12,128.74992753401338,0.193188952,19.3188952,0.0,0.0,0.0,0.0,0.6437496376700669,fall,night,128.74992753401338
2018-09-19 02:00:00,2018.24,0.0,11.44,123.51013189622195,0.193723024,19.3723024,0.0,0.0,0.0,0.0,0.6175506594811098,fall,night,123.51013189622195
2018-09-19 03:00:00,1961.92,0.0,10.94,146.5635306593427,0.194115724,19.411572399999997,0.0,0.0,0.0,0.0,0.7328176532967134,fall,night,146.5635306593427
2018-09-19 16:00:00,3017.28,0.0,20.67,147.0773076624044,0.186473782,18.647378200000002,0.0,0.0,0.0,0.0,0.7353865383120219,fall,night,147.0773076624044
2018-09-19 17:00:00,3044.2400000000002,0.0,18.97,173.07947195728843,0.18780896200000002,18.7808962,0.0,0.0,0.0,0.0,0.8653973597864422,fall,night,173.07947195728843
2018-09-19 18:00:00,3040.7200000000003,0.0,17.72,166.74174937496392,0.188790712,18.8790712,0.0,0.0,0.0,0.0,0.8337087468748196,fall,night,166.74174937496392
2018-09-19 19:00:00,2984.16,0.0,16.67,143.53665783349157,0.189615382,18.9615382,0.0,0.0,0.0,0.0,0.7176832891674578,fall,night,143.53665783349157
2018-09-19 20:00:00,3003.04,0.0,15.59,145.52052006468028,0.190463614,19.046361400000002,0.0,0.0,0.0,0.0,0.7276026003234014,fall,night,145.52052006468028
2018-09-19 21:00:00,2938.4,0.0,14.61,131.92100123882972,0.191233306,19.1233306,0.0,0.0,0.0,0.0,0.6596050061941486,fall,night,131.92100123882972
2018-09-19 22:00:00,2768.64,0.0,13.67,158.02699744025753,0.191971582,19.1971582,0.0,0.0,0.0,0.0,0.7901349872012876,fall,night,158.02699744025753
2018-09-19 23:00:00,2540.2400000000002,0.0,12.81,157.46976014706667,0.192647026,19.2647026,0.0,0.0,0.0,0.0,0.7873488007353333,fall,night,157.46976014706667
2018-09-20 00:00:00,2324.56,0.0,12.03,153.55227262814762,0.19325963799999998,19.325963799999997,0.0,0.0,0.0,0.0,0.7677613631407381,fall,night,153.55227262814762
2018-09-20 01:00:00,2155.12,0.0,11.26,172.01730731565124,0.193864396,19.3864396,0.0,0.0,0.0,0.0,0.8600865365782562,fall,night,172.01730731565124
2018-09-20 02:00:00,2044.24,0.0,10.43,147.84606382370637,0.19451627800000001,19.4516278,0.0,0.0,0.0,0.0,0.7392303191185319,fall,night,147.84606382370637
2018-09-20 03:00:00,1981.76,0.0,9.54,131.953029714847,0.19521528400000002,19.5215284,0.0,0.0,0.0,0.0,0.659765148574235,fall,night,131.953029714847
2018-09-20 16:00:00,3292.56,0.0,21.71,103.45688727570396,0.18565696599999998,18.5656966,0.0,0.0,0.0,0.0,0.5172844363785198,fall,night,103.45688727570396
2018-09-20 17:00:00,3356.16,0.0,19.85,141.22397638069376,0.18711781,18.711781,0.0,0.0,0.0,0.0,0.7061198819034687,fall,night,141.22397638069376
2018-09-20 18:00:00,3357.2000000000003,0.0,18.36,174.42780775898055,0.18828805599999998,18.8288056,0.0,0.0,0.0,0.0,0.8721390387949027,fall,night,174.42780775898055
2018-09-20 19:00:00,3251.52,0.0,17.08,178.03902449133616,0.18929336800000002,18.9293368,0.0,0.0,0.0,0.0,0.8901951224566809,fall,night,178.03902449133616
2018-09-20 20:00:00,3216.48,0.0,15.68,160.93791554502386,0.190392928,19.0392928,0.0,0.0,0.0,0.0,0.8046895777251193,fall,night,160.93791554502386
2018-09-20 21:00:00,3105.52,0.0,14.7,135.2621337860265,0.19116261999999998,19.116262,0.0,0.0,0.0,0.0,0.6763106689301326,fall,night,135.2621337860265
2018-09-20 22:00:00,2899.2000000000003,0.0,13.76,105.6859576766129,0.19190089600000002,19.1900896,0.0,0.0,0.0,0.0,0.5284297883830645,fall,night,105.6859576766129
2018-09-20 23:00:00,2646.8,0.0,12.85,65.73727717386433,0.19261561,19.261561,0.0,0.0,0.0,0.0,0.32868638586932164,fall,night,65.73727717386433
2018-09-21 00:00:00,2399.68,0.0,11.94,95.74779554405947,0.193330324,19.3330324,0.0,0.0,0.0,0.0,0.47873897772029733,fall,night,95.74779554405947
2018-09-21 01:00:00,2208.0,0.0,11.42,92.14393129872283,0.19373873199999997,19.3738732,0.0,0.0,0.0,0.0,0.4607196564936142,fall,night,92.14393129872283
2018-09-21 02:00:00,2080.8,0.0,10.95,64.84343781212847,0.19410787000000002,19.410787000000003,0.0,0.0,0.0,0.0,0.32421718906064234,fall,night,64.84343781212847
2018-09-21 03:00:00,2002.16,0.0,10.59,45.26562573227893,0.19439061400000002,19.4390614,0.0,0.0,0.0,0.0,0.22632812866139462,fall,night,45.26562573227893
2018-09-21 16:00:00,3343.52,0.0,22.5,101.50042866678554,0.18503650000000002,18.50365,0.0,0.0,0.0,0.0,0.5075021433339277,fall,night,101.50042866678554
2018-09-21 17:00:00,3391.36,0.0,20.71,122.41355058410268,0.186442366,18.6442366,0.0,0.0,0.0,0.0,0.6120677529205134,fall,night,122.41355058410268
2018-09-21 18:00:00,3380.64,0.0,20.95,58.225114503030724,0.18625387,18.625387,0.0,0.0,0.0,0.0,0.29112557251515364,fall,night,58.225114503030724
2018-09-21 19:00:00,3258.4,0.0,16.35,52.30414397758853,0.18986671,18.986671,0.0,0.0,0.0,0.0,0.2615207198879427,fall,night,52.30414397758853
2018-09-21 20:00:00,3222.48,0.0,15.08,19.15445005833849,0.190864168,19.0864168,0.0,0.0,0.0,0.0,0.09577225029169245,fall,night,19.15445005833849
2018-09-21 21:00:00,3122.4,0.0,13.94,8.652575534277489,0.19175952400000001,19.1759524,0.0,0.0,0.0,0.0,0.043262877671387444,fall,night,8.652575534277489
2018-09-21 22:00:00,2920.88,0.0,13.27,21.955446057606487,0.19228574199999998,19.228574199999997,0.0,0.0,0.0,0.0,0.10977723028803243,fall,night,21.955446057606487
2018-09-21 23:00:00,2661.36,0.0,12.89,0.0,0.19258419400000001,19.2584194,0.0,0.0,0.0,0.0,0.0,fall,night,28.08525176309067
2018-09-22 00:00:00,2422.32,0.0,12.66,0.0,0.192764836,19.2764836,0.0,0.0,0.0,0.0,0.0,fall,night,81.09711959217496
2018-09-22 01:00:00,2228.48,0.0,12.45,0.0,0.19292976999999997,19.292976999999997,0.0,0.0,0.0,0.0,0.0,fall,night,0.0
2018-09-22 02:00:00,2104.8,0.0,12.03,0.0,0.19325963799999998,19.325963799999997,0.0,0.0,0.0,0.0,0.0,fall,night,54.75730460528781
2018-09-22 03:00:00,2021.76,0.0,11.53,11.764497480892645,0.19365233799999998,19.3652338,0.0,0.0,0.0,0.0,0.058822487404463226,fall,night,11.764497480892645
2018-09-22 16:00:00,3082.32,0.0,22.83,41.49855203477717,0.184777318,18.4777318,0.0,0.0,0.0,0.0,0.20749276017388585,fall,night,41.49855203477717
2018-09-22 17:00:00,3113.6800000000003,0.0,21.37,15.948749049137854,0.185924002,18.5924002,0.0,0.0,0.0,0.0,0.07974374524568927,fall,night,15.948749049137854
2018-09-22 18:00:00,3082.2400000000002,0.0,19.48,7.357467980531393,0.187408408,18.7408408,0.0,0.0,0.0,0.0,0.036787339902656965,fall,night,7.357467980531393
2018-09-22 19:00:00,2965.36,0.0,17.64,10.076871376531367,0.18885354399999998,18.885354399999997,0.0,0.0,0.0,0.0,0.050384356882656835,fall,night,10.076871376531367
2018-09-22 20:00:00,2931.44,0.0,16.3,11.50788022733728,0.18990597999999997,18.990598,0.0,0.0,0.0,0.0,0.0575394011366864,fall,night,11.50788022733728
2018-09-22 21:00:00,2821.92,0.0,15.14,8.514698976123297,0.19081704400000002,19.081704400000003,0.0,0.0,0.0,0.0,0.042573494880616486,fall,night,8.514698976123297
2018-09-22 22:00:00,2665.84,0.0,14.53,7.19832345961693,0.191296138,19.1296138,0.0,0.0,0.0,0.0,0.03599161729808465,fall,night,7.19832345961693
2018-09-22 23:00:00,2470.08,0.0,14.95,4.0040826773750595,0.19096627,19.096626999999998,0.0,0.0,0.0,0.0,0.020020413386875296,fall,night,4.0040826773750595
2018-09-23 00:00:00,2269.36,0.0,15.35,2.5948204510848476,0.19065211,19.065211,0.0,0.0,0.0,0.0,0.012974102255424239,fall,night,2.5948204510848476
2018-09-23 01:00:00,2088.96,0.0,14.3,4.653496927442175,0.19147678,19.147678000000003,0.0,0.0,0.0,0.0,0.023267484637210876,fall,night,4.653496927442175
2018-09-23 02:00:00,1962.64,0.0,13.61,10.323190299134142,0.19201870599999998,19.2018706,0.0,0.0,0.0,0.0,0.051615951495670706,fall,night,10.323190299134142
2018-09-23 03:00:00,1879.3600000000001,0.0,13.37,12.125087568710597,0.192207202,19.2207202,0.0,0.0,0.0,0.0,0.06062543784355299,fall,night,12.125087568710597
2018-09-23 16:00:00,3062.56,0.0,23.48,43.05304842055303,0.184266808,18.4266808,0.0,0.0,0.0,0.0,0.21526524210276515,fall,night,43.05304842055303
2018-09-23 17:00:00,3132.8,0.0,21.79,47.478418223962926,0.185594134,18.5594134,0.0,0.0,0.0,0.0,0.23739209111981463,fall,night,47.478418223962926
2018-09-23 18:00:00,3135.6,0.0,20.19,53.15036492380739,0.186850774,18.6850774,0.0,0.0,0.0,0.0,0.26575182461903696,fall,night,53.15036492380739
2018-09-23 19:00:00,3023.2000000000003,0.0,21.26,51.625854319799025,0.18601039600000002,18.601039600000004,0.0,0.0,0.0,0.0,0.2581292715989951,fall,night,51.625854319799025
2018-09-23 20:00:00,2945.28,0.0,19.72,69.69259999696553,0.18721991200000002,18.7219912,0.0,0.0,0.0,0.0,0.34846299998482766,fall,night,69.69259999696553
2018-09-23 21:00:00,2820.56,0.0,17.58,59.021231856751946,0.188900668,18.8900668,0.0,0.0,0.0,0.0,0.2951061592837597,fall,night,59.021231856751946
2018-09-23 22:00:00,2660.16,0.0,16.32,33.836772617582454,0.18989027199999997,18.989027199999995,0.0,0.0,0.0,0.0,0.16918386308791228,fall,night,33.836772617582454
2018-09-23 23:00:00,2472.0,0.0,15.38,13.874147551110148,0.190628548,19.0628548,0.0,0.0,0.0,0.0,0.06937073775555075,fall,night,13.874147551110148
2018-09-24 00:00:00,2273.44,0.0,14.43,24.32697165218652,0.191374678,19.1374678,0.0,0.0,0.0,0.0,0.1216348582609326,fall,night,24.32697165218652
2018-09-24 01:00:00,2094.2400000000002,0.0,13.5,16.707826658380682,0.1921051,19.21051,0.0,0.0,0.0,0.0,0.0835391332919034,fall,night,16.707826658380682
2018-09-24 02:00:00,1971.28,0.0,12.6,3.5995765573685437,0.19281196,19.281196,0.0,0.0,0.0,0.0,0.01799788278684272,fall,night,3.5995765573685437
2018-09-24 03:00:00,1884.16,0.0,11.87,3.1469239217365987,0.193385302,19.3385302,0.0,0.0,0.0,0.0,0.015734619608682995,fall,night,3.1469239217365987
2018-09-24 16:00:00,3341.36,0.0,25.67,42.64390949120206,0.182546782,18.2546782,0.0,0.0,0.0,0.0,0.2132195474560103,fall,night,42.64390949120206
2018-09-24 17:00:00,3418.8,0.0,22.93,76.33316867074625,0.18469877799999998,18.4698778,0.0,0.0,0.0,0.0,0.3816658433537312,fall,night,76.33316867074625
2018-09-24 18:00:00,3445.76,0.0,19.38,65.23114360537109,0.187486948,18.7486948,0.0,0.0,0.0,0.0,0.32615571802685545,fall,night,65.23114360537109
2018-09-24 19:00:00,3350.4,0.0,17.74,62.628072253058015,0.18877500400000002,18.877500400000002,0.0,0.0,0.0,0.0,0.3131403612652901,fall,night,62.628072253058015
2018-09-24 20:00:00,3310.88,0.0,16.75,20.215379688244532,0.18955255,18.955254999999998,0.0,0.0,0.0,0.0,0.10107689844122265,fall,night,20.215379688244532
2018-09-24 21:00:00,3180.4,0.0,16.38,33.4343042669327,0.189843148,18.9843148,0.0,0.0,0.0,0.0,0.1671715213346635,fall,night,33.4343042669327
2018-09-24 22:00:00,2967.36,0.0,16.54,120.07946024082544,0.189717484,18.9717484,0.0,0.0,0.0,0.0,0.6003973012041272,fall,night,120.07946024082544
2018-09-24 23:00:00,2709.68,0.0,18.16,173.7772247938241,0.18844513599999999,18.8445136,0.0,0.0,0.0,0.0,0.8688861239691206,fall,night,173.7772247938241
2018-09-25 00:00:00,2465.04,0.0,19.9,177.78741547553778,0.18707854000000002,18.707854,0.0,0.0,0.0,0.0,0.8889370773776889,fall,night,177.78741547553778
2018-09-25 01:00:00,2274.2400000000002,0.0,19.05,160.86522714903614,0.18774612999999998,18.774613,0.0,0.0,0.0,0.0,0.8043261357451807,fall,night,160.86522714903614
2018-09-25 02:00:00,2143.6,0.0,18.37,160.77783377901042,0.18828020199999998,18.828020199999997,0.0,0.0,0.0,0.0,0.8038891688950521,fall,night,160.77783377901042
2018-09-25 03:00:00,2066.7200000000003,0.0,17.95,128.22016053857237,0.18861007000000002,18.861007,0.0,0.0,0.0,0.0,0.6411008026928618,fall,night,128.22016053857237
2018-09-25 16:00:00,3773.52,0.0,18.93,160.01886072904279,0.187840378,18.7840378,0.0,0.0,0.0,0.0,0.800094303645214,fall,night,160.01886072904279
2018-09-25 17:00:00,3815.76,0.0,16.32,177.78935512586435,0.18989027199999997,18.989027199999995,0.0,0.0,0.0,0.0,0.8889467756293218,fall,night,177.78935512586435
2018-09-25 18:00:00,3777.04,0.0,14.54,147.64635257695818,0.191288284,19.1288284,0.0,0.0,0.0,0.0,0.7382317628847909,fall,night,147.64635257695818
2018-09-25 19:00:00,3631.76,0.0,13.02,175.60145380313662,0.192482092,19.248209199999998,0.0,0.0,0.0,0.0,0.8780072690156832,fall,night,175.60145380313662
2018-09-25 20:00:00,3577.6,0.0,12.19,173.00032210115057,0.19313397399999999,19.3133974,0.0,0.0,0.0,0.0,0.8650016105057529,fall,night,173.00032210115057
2018-09-25 21:00:00,3394.2400000000002,0.0,11.73,171.42327728032825,0.193495258,19.349525800000002,0.0,0.0,0.0,0.0,0.8571163864016412,fall,night,171.42327728032825
2018-09-25 22:00:00,3132.7200000000003,0.0,11.37,178.61884658801665,0.193778002,19.3778002,0.0,0.0,0.0,0.0,0.8930942329400833,fall,night,178.61884658801665
2018-09-25 23:00:00,2830.8,0.0,11.28,178.8608058434404,0.193848688,19.3848688,0.0,0.0,0.0,0.0,0.894304029217202,fall,night,178.8608058434404
2018-09-26 00:00:00,2558.32,0.0,11.13,178.82834094609964,0.193966498,19.3966498,0.0,0.0,0.0,0.0,0.8941417047304983,fall,night,178.82834094609964
2018-09-26 01:00:00,2347.36,0.0,11.06,177.2151458923161,0.19402147599999997,19.402147599999996,0.0,0.0,0.0,0.0,0.8860757294615804,fall,night,177.2151458923161
2018-09-26 02:00:00,2199.12,0.0,10.85,178.7871233766603,0.19418640999999998,19.418640999999997,0.0,0.0,0.0,0.0,0.8939356168833015,fall,night,178.7871233766603
2018-09-26 03:00:00,2108.16,0.0,10.68,178.79556085558082,0.194319928,19.4319928,0.0,0.0,0.0,0.0,0.8939778042779041,fall,night,178.79556085558082
2018-09-26 16:00:00,3441.52,0.0,11.09,178.83876656660487,0.19399791400000002,19.3997914,0.0,0.0,0.0,0.0,0.8941938328330243,fall,night,178.83876656660487
2018-09-26 17:00:00,3504.8,0.0,10.63,178.2239822727877,0.19435919799999998,19.435919799999997,0.0,0.0,0.0,0.0,0.8911199113639385,fall,night,178.2239822727877
2018-09-26 18:00:00,3498.16,0.0,10.07,178.80624105519118,0.19479902200000002,19.4799022,0.0,0.0,0.0,0.0,0.8940312052759559,fall,night,178.80624105519118
2018-09-26 19:00:00,3389.52,0.0,8.92,178.81060526842595,0.19570223199999998,19.570223199999997,0.0,0.0,0.0,0.0,0.8940530263421297,fall,night,178.81060526842595
2018-09-26 20:00:00,3371.2000000000003,0.0,8.53,178.81746678145615,0.19600853799999998,19.6008538,0.0,0.0,0.0,0.0,0.8940873339072808,fall,night,178.81746678145615
2018-09-26 21:00:00,3243.84,0.0,8.28,178.7713879633861,0.196204888,19.6204888,0.0,0.0,0.0,0.0,0.8938569398169305,fall,night,178.7713879633861
2018-09-26 22:00:00,3015.36,0.0,8.09,177.2250744774254,0.196354114,19.6354114,0.0,0.0,0.0,0.0,0.8861253723871271,fall,night,177.2250744774254
2018-09-26 23:00:00,2738.2400000000002,0.0,8.02,178.67509644748682,0.196409092,19.6409092,0.0,0.0,0.0,0.0,0.8933754822374341,fall,night,178.67509644748682
2018-09-27 00:00:00,2498.08,0.0,7.92,178.69918447998,0.19648763199999997,19.648763199999998,0.0,0.0,0.0,0.0,0.8934959223999,fall,night,178.69918447998
2018-09-27 01:00:00,2300.0,0.0,7.8,178.84163967365086,0.19658188,19.658188,0.0,0.0,0.0,0.0,0.8942081983682543,fall,night,178.84163967365086
2018-09-27 02:00:00,2174.4,0.0,7.88,178.6673014777372,0.196519048,19.6519048,0.0,0.0,0.0,0.0,0.893336507388686,fall,night,178.6673014777372
2018-09-27 03:00:00,2106.2400000000002,0.0,7.78,178.7983006116671,0.196597588,19.6597588,0.0,0.0,0.0,0.0,0.8939915030583354,fall,night,178.7983006116671
2018-09-27 16:00:00,3700.8,0.0,15.19,150.37971993995728,0.190777774,19.077777400000002,0.0,0.0,0.0,0.0,0.7518985996997865,fall,night,150.37971993995728
2018-09-27 17:00:00,3767.04,0.0,14.01,164.9571983376438,0.191704546,19.1704546,0.0,0.0,0.0,0.0,0.824785991688219,fall,night,164.9571983376438
2018-09-27 18:00:00,3758.56,0.0,12.97,132.45910873067496,0.19252136199999997,19.2521362,0.0,0.0,0.0,0.0,0.6622955436533747,fall,night,132.45910873067496
2018-09-27 19:00:00,3645.28,0.0,11.99,154.61539497213377,0.19329105399999996,19.329105399999996,0.0,0.0,0.0,0.0,0.7730769748606688,fall,night,154.61539497213377
2018-09-27 20:00:00,3600.8,0.0,11.15,157.77763114514948,0.19395078999999998,19.395079,0.0,0.0,0.0,0.0,0.7888881557257474,fall,night,157.77763114514948
2018-09-27 21:00:00,3447.52,0.0,10.31,143.5211648765082,0.19461052599999998,19.4610526,0.0,0.0,0.0,0.0,0.7176058243825411,fall,night,143.5211648765082
2018-09-27 22:00:00,3205.52,0.0,9.55,125.02103464090867,0.19520743,19.520743,0.0,0.0,0.0,0.0,0.6251051732045433,fall,night,125.02103464090867
2018-09-27 23:00:00,2909.6,0.0,8.88,99.51035349314473,0.195733648,19.5733648,0.0,0.0,0.0,0.0,0.49755176746572366,fall,night,99.51035349314473
2018-09-28 00:00:00,2644.32,0.0,8.29,111.73184774449253,0.196197034,19.6197034,0.0,0.0,0.0,0.0,0.5586592387224626,fall,night,111.73184774449253
2018-09-28 01:00:00,2428.56,0.0,7.74,133.661752547213,0.19662900400000002,19.6629004,0.0,0.0,0.0,0.0,0.6683087627360651,fall,night,133.661752547213
2018-09-28 02:00:00,2294.0,0.0,7.25,150.3299194178229,0.19701385,19.701385,0.0,0.0,0.0,0.0,0.7516495970891145,fall,night,150.3299194178229
2018-09-28 03:00:00,2220.8,0.0,6.79,143.79282502755737,0.197375134,19.7375134,0.0,0.0,0.0,0.0,0.7189641251377868,fall,night,143.79282502755737
2018-09-28 16:00:00,2897.84,0.0,20.05,69.90094874907453,0.18696073,18.696073,0.0,0.0,0.0,0.0,0.34950474374537266,fall,night,69.90094874907453
2018-09-28 17:00:00,2915.28,0.0,19.2,27.827626800576546,0.18762832,18.762832,0.0,0.0,0.0,0.0,0.13913813400288272,fall,night,27.827626800576546
2018-09-28 18:00:00,2864.48,0.0,17.06,23.12510066507518,0.189309076,18.930907599999998,0.0,0.0,0.0,0.0,0.1156255033253759,fall,night,23.12510066507518
2018-09-28 19:00:00,2730.08,0.0,15.58,2.481660985846915,0.190471468,19.0471468,0.0,0.0,0.0,0.0,0.012408304929234575,fall,night,2.481660985846915
2018-09-28 20:00:00,2726.4,0.0,15.47,3.2893158494693147,0.190557862,19.0557862,0.0,0.0,0.0,0.0,0.016446579247346573,fall,night,3.2893158494693147
2018-09-28 21:00:00,2630.64,0.0,15.12,5.054302937147971,0.190832752,19.0832752,0.0,0.0,0.0,0.0,0.025271514685739852,fall,night,5.054302937147971
2018-09-28 22:00:00,2451.68,0.0,14.51,169.3590650343624,0.191311846,19.1311846,0.0,0.0,0.0,0.0,0.846795325171812,fall,night,169.3590650343624
2018-09-28 23:00:00,2235.44,0.0,13.71,176.8644813589036,0.191940166,19.1940166,0.0,0.0,0.0,0.0,0.8843224067945179,fall,night,176.8644813589036
2018-09-29 00:00:00,2040.4,0.0,13.11,177.6084584872838,0.19241140599999998,19.241140599999998,0.0,0.0,0.0,0.0,0.888042292436419,fall,night,177.6084584872838
2018-09-29 01:00:00,1888.96,0.0,12.94,178.35169612397723,0.19254492399999998,19.254492399999997,0.0,0.0,0.0,0.0,0.8917584806198862,fall,night,178.35169612397723
2018-09-29 02:00:00,1794.4,0.0,12.68,171.11079961271983,0.19274912800000002,19.274912800000003,0.0,0.0,0.0,0.0,0.8555539980635991,fall,night,171.11079961271983
2018-09-29 03:00:00,1740.16,0.0,12.52,161.1587811031463,0.19287479200000002,19.2874792,0.0,0.0,0.0,0.0,0.8057939055157316,fall,night,161.1587811031463
2018-09-29 16:00:00,2385.44,0.0,21.8,121.93939093896141,0.18558628,18.558628,0.0,0.0,0.0,0.0,0.609696954694807,fall,night,121.93939093896141
2018-09-29 17:00:00,2417.92,0.0,20.62,106.76738547055592,0.18651305199999998,18.6513052,0.0,0.0,0.0,0.0,0.5338369273527797,fall,night,106.76738547055592
2018-09-29 18:00:00,2421.12,0.0,18.96,169.83104257288628,0.18781681599999997,18.781681599999995,0.0,0.0,0.0,0.0,0.8491552128644314,fall,night,169.83104257288628
2018-09-29 19:00:00,2376.7200000000003,0.0,19.07,153.47883261765833,0.18773042199999998,18.7730422,0.0,0.0,0.0,0.0,0.7673941630882917,fall,night,153.47883261765833
2018-09-29 20:00:00,2399.36,0.0,18.17,57.222430450938774,0.188437282,18.8437282,0.0,0.0,0.0,0.0,0.2861121522546939,fall,night,57.222430450938774
2018-09-29 21:00:00,2331.04,0.0,17.65,9.389963155278732,0.18884569,18.884569000000003,0.0,0.0,0.0,0.0,0.04694981577639366,fall,night,9.389963155278732
2018-09-29 22:00:00,2218.16,0.0,16.69,0.0,0.18959967400000002,18.959967400000004,0.0,0.0,0.0,0.0,0.0,fall,night,2.4050044517057496
2018-09-29 23:00:00,2071.12,0.0,16.0,0.0,0.19014159999999997,19.014159999999997,0.0,0.0,0.0,0.0,0.0,fall,night,61.615611151038884
2018-09-30 00:00:00,1920.56,0.0,15.36,0.0,0.19064425599999998,19.0644256,0.0,0.0,0.0,0.0,0.0,fall,night,46.30126262499704
2018-09-30 01:00:00,1797.76,0.0,14.37,1.9554749561699296,0.191421802,19.1421802,0.0,0.0,0.0,0.0,0.009777374780849647,fall,night,1.9554749561699296
2018-09-30 02:00:00,1716.64,0.0,13.41,10.845229000305299,0.19217578600000002,19.217578600000003,0.0,0.0,0.0,0.0,0.05422614500152649,fall,night,10.845229000305299
2018-09-30 03:00:00,1667.68,0.0,13.33,18.292507337011784,0.19223861799999997,19.223861799999998,0.0,0.0,0.0,0.0,0.09146253668505892,fall,night,18.292507337011784
2018-09-30 16:00:00,1989.52,0.0,20.95,30.576969002437274,0.18625387,18.625387,0.0,0.0,0.0,0.0,0.15288484501218635,fall,night,30.576969002437274
2018-09-30 17:00:00,2000.8,0.0,19.93,22.347831257261817,0.187054978,18.7054978,0.0,0.0,0.0,0.0,0.11173915628630908,fall,night,22.347831257261817
2018-09-30 18:00:00,2022.48,0.0,18.74,12.22067368833854,0.187989604,18.798960400000002,0.0,0.0,0.0,0.0,0.0611033684416927,fall,night,12.22067368833854
2018-09-30 19:00:00,2054.08,0.0,18.13,0.21729382653330873,0.18846869800000002,18.8468698,0.0,0.0,0.0,0.0,0.0010864691326665436,fall,night,0.21729382653330873
2018-09-30 20:00:00,2131.76,0.0,17.26,0.0,0.18915199600000002,18.9151996,0.0,0.0,0.0,0.0,0.0,fall,night,13.874147551110148
2018-09-30 21:00:00,2098.56,0.0,16.39,0.0,0.18983529399999996,18.983529399999995,0.0,0.0,0.0,0.0,0.0,fall,night,7.032644741664828
2018-09-30 22:00:00,2019.76,0.0,16.02,0.0,0.190125892,19.0125892,0.0,0.0,0.0,0.0,0.0,fall,night,0.0
2018-09-30 23:00:00,1911.04,0.0,16.26,0.0,0.189937396,18.9937396,0.0,0.0,0.0,0.0,0.0,fall,night,42.79563560729339
2018-10-01 00:00:00,1787.92,0.0,16.0,0.0,0.19014159999999997,19.014159999999997,0.0,0.0,0.0,0.0,0.0,fall,night,64.40771355048928
2018-10-01 01:00:00,1684.24,0.0,15.47,0.0,0.190557862,19.0557862,0.0,0.0,0.0,0.0,0.0,fall,night,0.0
2018-10-01 02:00:00,1614.56,0.0,14.99,0.0,0.19093485400000001,19.093485400000002,0.0,0.0,0.0,0.0,0.0,fall,night,2.481660985846915
2018-10-01 03:00:00,1571.52,0.0,14.28,0.006379039957807043,0.191492488,19.1492488,0.0,0.0,0.0,0.0,3.1895199789035215e-05,fall,night,0.006379039957807043
2018-10-01 16:00:00,1958.32,0.0,20.14,51.56671923046811,0.186890044,18.6890044,0.0,0.0,0.0,0.0,0.2578335961523405,fall,night,51.56671923046811
2018-10-01 17:00:00,2021.28,0.0,18.87,0.0,0.18788750199999998,18.7887502,0.0,0.0,0.0,0.0,0.0,fall,night,3.8108726687624435
2018-10-01 18:00:00,2088.64,0.0,17.9,0.0,0.18864934,18.864933999999998,0.0,0.0,0.0,0.0,0.0,fall,night,0.0
2018-10-01 19:00:00,2135.6,0.0,16.09,31.93199356705215,0.19007091399999998,19.007091399999997,0.0,0.0,0.0,0.0,0.15965996783526074,fall,night,31.93199356705215
2018-10-01 20:00:00,2238.16,0.0,14.12,15.897460451518622,0.191618152,19.161815200000003,0.0,0.0,0.0,0.0,0.07948730225759311,fall,night,15.897460451518622
2018-10-01 21:00:00,2194.96,0.0,13.37,29.213970656558086,0.192207202,19.2207202,0.0,0.0,0.0,0.0,0.14606985328279043,fall,night,29.213970656558086
2018-10-01 22:00:00,2075.04,0.0,12.9,62.630163438566214,0.19257633999999998,19.257634,0.0,0.0,0.0,0.0,0.31315081719283105,fall,night,62.630163438566214
2018-10-01 23:00:00,1924.48,0.0,12.0,131.1002988172194,0.19328320000000002,19.32832,0.0,0.0,0.0,0.0,0.655501494086097,fall,night,131.1002988172194
2018-10-02 00:00:00,1789.1200000000001,0.0,11.16,141.1030149372038,0.193942936,19.3942936,0.0,0.0,0.0,0.0,0.7055150746860189,fall,night,141.1030149372038
2018-10-02 01:00:00,1688.64,0.0,10.69,142.50700658045335,0.19431207399999997,19.431207399999998,0.0,0.0,0.0,0.0,0.7125350329022667,fall,night,142.50700658045335
2018-10-02 02:00:00,1626.16,0.0,10.45,175.59847159075952,0.19450057,19.450057,0.0,0.0,0.0,0.0,0.8779923579537976,fall,night,175.59847159075952
2018-10-02 03:00:00,1605.3600000000001,0.0,10.22,178.73945646988517,0.19468121199999996,19.468121199999995,0.0,0.0,0.0,0.0,0.8936972823494258,fall,night,178.73945646988517
2018-10-02 16:00:00,2347.68,0.0,17.86,0.0,0.188680756,18.8680756,0.0,0.0,0.0,0.0,0.0,fall,night,23.865948591951994
2018-10-02 17:00:00,2382.7200000000003,0.0,16.18,0.0,0.19000022799999997,19.000022799999996,0.0,0.0,0.0,0.0,0.0,fall,night,10.845229000305299
2018-10-02 18:00:00,2416.16,0.0,14.54,0.0,0.191288284,19.1288284,0.0,0.0,0.0,0.0,0.0,fall,night,13.044202998764396
2018-10-02 19:00:00,2419.92,0.0,12.95,22.024521854861014,0.19253706999999998,19.253707,0.0,0.0,0.0,0.0,0.11012260927430507,fall,night,22.024521854861014
2018-10-02 20:00:00,2484.16,0.0,11.95,11.949720448912531,0.19332246999999997,19.332246999999995,0.0,0.0,0.0,0.0,0.05974860224456266,fall,night,11.949720448912531
2018-10-02 21:00:00,2400.0,0.0,11.11,6.885506353201374,0.19398220600000002,19.398220600000002,0.0,0.0,0.0,0.0,0.03442753176600687,fall,night,6.885506353201374
2018-10-02 22:00:00,2251.92,0.0,10.57,7.572355475733067,0.194406322,19.4406322,0.0,0.0,0.0,0.0,0.037861777378665334,fall,night,7.572355475733067
2018-10-02 23:00:00,2054.48,0.0,10.29,3.8108726687624435,0.194626234,19.462623400000002,0.0,0.0,0.0,0.0,0.019054363343812216,fall,night,3.8108726687624435
2018-10-03 00:00:00,1893.68,0.0,10.36,1.3341269159549614,0.19457125600000003,19.4571256,0.0,0.0,0.0,0.0,0.006670634579774807,fall,night,1.3341269159549614
2018-10-03 01:00:00,1767.04,0.0,10.54,0.0,0.19442988400000003,19.4429884,0.0,0.0,0.0,0.0,0.0,fall,night,31.49724519198338
2018-10-03 02:00:00,1697.44,0.0,10.62,1.1676339805293667,0.19436705199999998,19.4367052,0.0,0.0,0.0,0.0,0.005838169902646834,fall,night,1.1676339805293667
2018-10-03 03:00:00,1659.76,0.0,10.49,4.534117132411881,0.19446915399999998,19.446915399999998,0.0,0.0,0.0,0.0,0.022670585662059404,fall,night,4.534117132411881
2018-10-03 16:00:00,2372.8,0.0,20.35,0.0,0.18672511,18.672511,0.0,0.0,0.0,0.0,0.0,fall,night,12.125087568710597
2018-10-03 17:00:00,2412.0,0.0,18.12,39.39109770934339,0.188476552,18.8476552,0.0,0.0,0.0,0.0,0.19695548854671696,fall,night,39.39109770934339
2018-10-03 18:00:00,2434.08,0.0,16.3,24.53211088914543,0.18990597999999997,18.990598,0.0,0.0,0.0,0.0,0.12266055444572714,fall,night,24.53211088914543
2018-10-03 19:00:00,2432.48,0.0,14.81,22.024521854861014,0.191076226,19.1076226,0.0,0.0,0.0,0.0,0.11012260927430507,fall,night,22.024521854861014
2018-10-03 20:00:00,2498.48,0.0,14.68,11.949720448912531,0.19117832799999998,19.1178328,0.0,0.0,0.0,0.0,0.05974860224456266,fall,night,11.949720448912531
2018-10-03 21:00:00,2420.48,0.0,15.08,6.885506353201374,0.190864168,19.0864168,0.0,0.0,0.0,0.0,0.03442753176600687,fall,night,6.885506353201374
2018-10-03 22:00:00,2277.04,0.0,15.83,7.572355475733067,0.190275118,19.0275118,0.0,0.0,0.0,0.0,0.037861777378665334,fall,night,7.572355475733067
2018-10-03 23:00:00,2081.28,0.0,15.73,3.8108726687624435,0.19035365799999998,19.035365799999997,0.0,0.0,0.0,0.0,0.019054363343812216,fall,night,3.8108726687624435
2018-10-04 00:00:00,1904.8,0.0,15.34,1.3341269159549614,0.190659964,19.0659964,0.0,0.0,0.0,0.0,0.006670634579774807,fall,night,1.3341269159549614
2018-10-04 01:00:00,1784.64,0.0,13.36,0.0,0.19221505599999997,19.221505599999997,0.0,0.0,0.0,0.0,0.0,fall,night,0.0
2018-10-04 02:00:00,1703.76,0.0,10.81,1.1676339805293667,0.19421782599999998,19.421782599999997,0.0,0.0,0.0,0.0,0.005838169902646834,fall,night,1.1676339805293667
2018-10-04 03:00:00,1664.96,0.0,9.86,4.534117132411881,0.19496395600000002,19.496395600000003,0.0,0.0,0.0,0.0,0.022670585662059404,fall,night,4.534117132411881
2018-10-04 16:00:00,2489.92,0.0,17.21,17.793221643382246,0.189191266,18.9191266,0.0,0.0,0.0,0.0,0.08896610821691123,fall,night,17.793221643382246
2018-10-04 17:00:00,2540.64,0.0,15.82,57.01486968177519,0.19028297199999997,19.028297199999997,0.0,0.0,0.0,0.0,0.28507434840887597,fall,night,57.01486968177519
2018-10-04 18:00:00,2564.32,0.0,14.61,88.95458851239347,0.191233306,19.1233306,0.0,0.0,0.0,0.0,0.44477294256196737,fall,night,88.95458851239347
2018-10-04 19:00:00,2549.12,0.0,13.71,92.49846907138132,0.191940166,19.1940166,0.0,0.0,0.0,0.0,0.4624923453569066,fall,night,92.49846907138132
2018-10-04 20:00:00,2595.2000000000003,0.0,12.68,138.57051048833407,0.19274912800000002,19.274912800000003,0.0,0.0,0.0,0.0,0.6928525524416703,fall,night,138.57051048833407
2018-10-04 21:00:00,2515.44,0.0,11.86,128.73270101455088,0.193393156,19.339315600000003,0.0,0.0,0.0,0.0,0.6436635050727544,fall,night,128.73270101455088
2018-10-04 22:00:00,2365.2000000000003,0.0,11.05,130.13898386974842,0.19402933,19.402933,0.0,0.0,0.0,0.0,0.6506949193487421,fall,night,130.13898386974842
2018-10-04 23:00:00,2165.68,0.0,10.32,172.0159131919788,0.194602672,19.4602672,0.0,0.0,0.0,0.0,0.860079565959894,fall,night,172.0159131919788
2018-10-05 00:00:00,1983.3600000000001,0.0,9.51,176.16583143409238,0.195238846,19.5238846,0.0,0.0,0.0,0.0,0.880829157170462,fall,night,176.16583143409238
2018-10-05 01:00:00,1852.08,0.0,8.79,174.8034452903475,0.195804334,19.5804334,0.0,0.0,0.0,0.0,0.8740172264517375,fall,night,174.8034452903475
2018-10-05 02:00:00,1772.48,0.0,8.28,175.69903033737725,0.196204888,19.6204888,0.0,0.0,0.0,0.0,0.8784951516868863,fall,night,175.69903033737725
2018-10-05 03:00:00,1727.28,0.0,7.91,178.71631401692616,0.196495486,19.6495486,0.0,0.0,0.0,0.0,0.8935815700846308,fall,night,178.71631401692616
2018-10-05 16:00:00,2725.2000000000003,0.0,13.88,178.7265941636569,0.191806648,19.1806648,0.0,0.0,0.0,0.0,0.8936329708182845,fall,night,178.7265941636569
2018-10-05 17:00:00,2742.96,0.0,12.8,178.1909112347199,0.19265488,19.265488,0.0,0.0,0.0,0.0,0.8909545561735994,fall,night,178.1909112347199
2018-10-05 18:00:00,2744.96,0.0,11.94,178.85559303318777,0.193330324,19.3330324,0.0,0.0,0.0,0.0,0.8942779651659388,fall,night,178.85559303318777
2018-10-05 19:00:00,2760.7200000000003,0.0,11.66,178.03410262863252,0.19355023600000001,19.355023600000003,0.0,0.0,0.0,0.0,0.8901705131431626,fall,night,178.03410262863252
2018-10-05 20:00:00,2804.16,0.0,10.74,162.41699590154028,0.194272804,19.4272804,0.0,0.0,0.0,0.0,0.8120849795077014,fall,night,162.41699590154028
2018-10-05 21:00:00,2732.48,0.0,9.8,177.88141577948858,0.19501108,19.501108000000002,0.0,0.0,0.0,0.0,0.8894070788974429,fall,night,177.88141577948858
2018-10-05 22:00:00,2579.6,0.0,8.97,169.3590650343624,0.195662962,19.5662962,0.0,0.0,0.0,0.0,0.846795325171812,fall,night,169.3590650343624
2018-10-05 23:00:00,2372.7200000000003,0.0,8.28,176.8644813589036,0.196204888,19.6204888,0.0,0.0,0.0,0.0,0.8843224067945179,fall,night,176.8644813589036
2018-10-06 00:00:00,2172.48,0.0,7.68,177.6084584872838,0.196676128,19.6676128,0.0,0.0,0.0,0.0,0.888042292436419,fall,night,177.6084584872838
2018-10-06 01:00:00,2017.1200000000001,0.0,7.13,178.35169612397723,0.197108098,19.7108098,0.0,0.0,0.0,0.0,0.8917584806198862,fall,night,178.35169612397723
2018-10-06 02:00:00,1920.0,0.0,6.64,171.11079961271983,0.19749294399999998,19.749294399999997,0.0,0.0,0.0,0.0,0.8555539980635991,fall,night,171.11079961271983
2018-10-06 03:00:00,1858.48,0.0,6.23,161.1587811031463,0.19781495799999999,19.7814958,0.0,0.0,0.0,0.0,0.8057939055157316,fall,night,161.1587811031463
2018-10-06 16:00:00,2889.2000000000003,0.0,14.1,121.93939093896141,0.19163386,19.163386,0.0,0.0,0.0,0.0,0.609696954694807,fall,night,121.93939093896141
2018-10-06 17:00:00,2890.8,0.0,12.78,106.76738547055592,0.192670588,19.2670588,0.0,0.0,0.0,0.0,0.5338369273527797,fall,night,106.76738547055592
2018-10-06 18:00:00,2864.4,0.0,11.71,169.83104257288628,0.19351096599999998,19.351096599999998,0.0,0.0,0.0,0.0,0.8491552128644314,fall,night,169.83104257288628
2018-10-06 19:00:00,2814.7200000000003,0.0,11.14,153.47883261765833,0.19395864399999999,19.395864399999997,0.0,0.0,0.0,0.0,0.7673941630882917,fall,night,153.47883261765833
2018-10-06 20:00:00,2797.44,0.0,10.15,57.222430450938774,0.19473618999999998,19.473619,0.0,0.0,0.0,0.0,0.2861121522546939,fall,night,57.222430450938774
2018-10-06 21:00:00,2685.2000000000003,0.0,9.15,9.389963155278732,0.19552158999999997,19.552158999999996,0.0,0.0,0.0,0.0,0.04694981577639366,fall,night,9.389963155278732
2018-10-06 22:00:00,2538.7200000000003,0.0,8.1,0.0,0.19634626,19.634626,0.0,0.0,0.0,0.0,0.0,fall,night,0.0
2018-10-06 23:00:00,2373.44,0.0,7.07,0.0,0.197155222,19.7155222,0.0,0.0,0.0,0.0,0.0,fall,night,50.16997096890643
2018-10-07 00:00:00,2199.84,0.0,6.08,0.0,0.197932768,19.7932768,0.0,0.0,0.0,0.0,0.0,fall,night,17.793221643382246
2018-10-07 01:00:00,2053.76,0.0,5.21,1.9554749561699296,0.19861606599999998,19.8616066,0.0,0.0,0.0,0.0,0.009777374780849647,fall,night,1.9554749561699296
2018-10-07 02:00:00,1938.48,0.0,4.51,10.845229000305299,0.199165846,19.9165846,0.0,0.0,0.0,0.0,0.05422614500152649,fall,night,10.845229000305299
2018-10-07 03:00:00,1857.2,0.0,3.89,18.292507337011784,0.19965279399999997,19.965279399999996,0.0,0.0,0.0,0.0,0.09146253668505892,fall,night,18.292507337011784
2018-10-07 16:00:00,2730.08,0.0,16.45,30.576969002437274,0.18978816999999998,18.978817,0.0,0.0,0.0,0.0,0.15288484501218635,fall,night,30.576969002437274
2018-10-07 17:00:00,2759.04,0.0,13.91,22.347831257261817,0.19178308600000002,19.1783086,0.0,0.0,0.0,0.0,0.11173915628630908,fall,night,22.347831257261817
2018-10-07 18:00:00,2755.28,0.0,11.73,12.22067368833854,0.193495258,19.349525800000002,0.0,0.0,0.0,0.0,0.0611033684416927,fall,night,12.22067368833854
2018-10-07 19:00:00,2726.96,0.0,10.03,0.21729382653330873,0.194830438,19.4830438,0.0,0.0,0.0,0.0,0.0010864691326665436,fall,night,0.21729382653330873
2018-10-07 20:00:00,2755.6,0.0,8.79,0.0,0.195804334,19.5804334,0.0,0.0,0.0,0.0,0.0,fall,night,19.15445005833849
2018-10-07 21:00:00,2685.76,0.0,7.82,0.0,0.19656617199999998,19.6566172,0.0,0.0,0.0,0.0,0.0,fall,night,0.0
2018-10-07 22:00:00,2582.2400000000002,0.0,7.21,0.0,0.197045266,19.7045266,0.0,0.0,0.0,0.0,0.0,fall,night,0.0
2018-10-07 23:00:00,2442.7200000000003,0.0,6.91,0.0,0.197280886,19.7280886,0.0,0.0,0.0,0.0,0.0,fall,night,17.75219197756831
2018-10-08 00:00:00,2296.16,0.0,6.73,0.0,0.197422258,19.7422258,0.0,0.0,0.0,0.0,0.0,fall,night,12.076162162250903
2018-10-08 01:00:00,2159.52,0.0,6.54,0.0,0.197571484,19.7571484,0.0,0.0,0.0,0.0,0.0,fall,night,0.0
2018-10-08 02:00:00,2067.28,0.0,6.27,0.0,0.197783542,19.7783542,0.0,0.0,0.0,0.0,0.0,fall,night,66.77849359197467
2018-10-08 03:00:00,2011.3600000000001,0.0,6.05,0.006379039957807043,0.19795632999999999,19.795633,0.0,0.0,0.0,0.0,3.1895199789035215e-05,fall,night,0.006379039957807043
2018-10-08 16:00:00,2750.0,0.0,19.06,51.56671923046811,0.187738276,18.7738276,0.0,0.0,0.0,0.0,0.2578335961523405,fall,night,51.56671923046811
2018-10-08 17:00:00,2781.6,0.0,17.15,44.918134345572525,0.18923839,18.923839,0.0,0.0,0.0,0.0,0.22459067172786262,fall,night,44.918134345572525
2018-10-08 18:00:00,2822.56,0.0,15.39,29.918354672647435,0.190620694,19.062069400000002,0.0,0.0,0.0,0.0,0.14959177336323717,fall,night,29.918354672647435
2018-10-08 19:00:00,2884.2400000000002,0.0,13.81,31.93199356705215,0.19186162599999998,19.1861626,0.0,0.0,0.0,0.0,0.15965996783526074,fall,night,31.93199356705215
2018-10-08 20:00:00,2926.4,0.0,12.4,15.897460451518622,0.19296903999999998,19.296903999999998,0.0,0.0,0.0,0.0,0.07948730225759311,fall,night,15.897460451518622
2018-10-08 21:00:00,2859.84,0.0,11.42,29.213970656558086,0.19373873199999997,19.3738732,0.0,0.0,0.0,0.0,0.14606985328279043,fall,night,29.213970656558086
2018-10-08 22:00:00,2735.12,0.0,10.56,62.630163438566214,0.194414176,19.4414176,0.0,0.0,0.0,0.0,0.31315081719283105,fall,night,62.630163438566214
2018-10-08 23:00:00,2562.48,0.0,9.95,131.1002988172194,0.19489327,19.489327,0.0,0.0,0.0,0.0,0.655501494086097,fall,night,131.1002988172194
2018-10-09 00:00:00,2393.28,0.0,9.5,141.1030149372038,0.19524670000000002,19.524670000000004,0.0,0.0,0.0,0.0,0.7055150746860189,fall,night,141.1030149372038
2018-10-09 01:00:00,2243.76,0.0,9.05,142.50700658045335,0.19560012999999998,19.560012999999998,0.0,0.0,0.0,0.0,0.7125350329022667,fall,night,142.50700658045335
2018-10-09 02:00:00,2148.88,0.0,8.7,175.59847159075952,0.19587502,19.587502,0.0,0.0,0.0,0.0,0.8779923579537976,fall,night,175.59847159075952
2018-10-09 03:00:00,2093.12,0.0,8.29,178.73945646988517,0.196197034,19.6197034,0.0,0.0,0.0,0.0,0.8936972823494258,fall,night,178.73945646988517
2018-10-09 15:00:00,3047.12,0.0,20.36,139.60293786590242,0.186717256,18.6717256,0.0,0.0,0.0,0.0,0.698014689329512,fall,night,139.60293786590242
2018-10-09 16:00:00,3080.2400000000002,0.0,17.59,91.83010799870063,0.188892814,18.889281399999998,0.0,0.0,0.0,0.0,0.45915053999350314,fall,night,91.83010799870063
2018-10-09 17:00:00,3131.76,0.0,16.78,126.34985271118931,0.189528988,18.9528988,0.0,0.0,0.0,0.0,0.6317492635559465,fall,night,126.34985271118931
2018-10-09 18:00:00,3166.2400000000002,0.0,15.57,141.7664480857737,0.19047932199999998,19.047932199999998,0.0,0.0,0.0,0.0,0.7088322404288685,fall,night,141.7664480857737
2018-10-09 19:00:00,3205.6800000000003,0.0,14.69,136.61072416682373,0.191170474,19.1170474,0.0,0.0,0.0,0.0,0.6830536208341187,fall,night,136.61072416682373
2018-10-09 20:00:00,3241.44,0.0,13.7,171.9551293998703,0.19194801999999997,19.194801999999996,0.0,0.0,0.0,0.0,0.8597756469993514,fall,night,171.9551293998703
2018-10-09 21:00:00,3152.56,0.0,12.75,164.93788669407976,0.19269415,19.269415000000002,0.0,0.0,0.0,0.0,0.8246894334703988,fall,night,164.93788669407976
2018-10-09 22:00:00,2984.7200000000003,0.0,11.89,177.3206628700808,0.193369594,19.3369594,0.0,0.0,0.0,0.0,0.8866033143504041,fall,night,177.3206628700808
2018-10-09 23:00:00,2748.88,0.0,11.03,173.08036904556445,0.194045038,19.4045038,0.0,0.0,0.0,0.0,0.8654018452278223,fall,night,173.08036904556445
2018-10-10 00:00:00,2516.96,0.0,10.23,173.14561403342404,0.194673358,19.4673358,0.0,0.0,0.0,0.0,0.8657280701671202,fall,night,173.14561403342404
2018-10-10 01:00:00,2318.7200000000003,0.0,9.49,173.74569335320274,0.19525455399999997,19.5254554,0.0,0.0,0.0,0.0,0.8687284667660137,fall,night,173.74569335320274
2018-10-10 02:00:00,2180.88,0.0,8.94,151.4380174037561,0.195686524,19.5686524,0.0,0.0,0.0,0.0,0.7571900870187805,fall,night,151.4380174037561
2018-10-10 03:00:00,2085.76,0.0,8.36,143.21265136925496,0.196142056,19.614205600000002,0.0,0.0,0.0,0.0,0.7160632568462748,fall,night,143.21265136925496
2018-10-10 15:00:00,3168.32,0.0,18.24,148.37364871252998,0.188382304,18.8382304,0.0,0.0,0.0,0.0,0.7418682435626499,fall,night,148.37364871252998
2018-10-10 16:00:00,3227.84,0.0,16.19,129.72203178642582,0.18999237400000002,18.999237400000002,0.0,0.0,0.0,0.0,0.648610158932129,fall,night,129.72203178642582
2018-10-10 17:00:00,3270.32,0.0,15.03,128.25631077153358,0.190903438,19.0903438,0.0,0.0,0.0,0.0,0.6412815538576679,fall,night,128.25631077153358
2018-10-10 18:00:00,3246.08,0.0,14.21,159.66412292994448,0.191547466,19.1547466,0.0,0.0,0.0,0.0,0.7983206146497224,fall,night,159.66412292994448
2018-10-10 19:00:00,3178.7200000000003,0.0,13.94,154.6844586465735,0.19175952400000001,19.1759524,0.0,0.0,0.0,0.0,0.7734222932328675,fall,night,154.6844586465735
2018-10-10 20:00:00,3163.04,0.0,13.08,127.72127035176749,0.19243496799999998,19.2434968,0.0,0.0,0.0,0.0,0.6386063517588374,fall,night,127.72127035176749
2018-10-10 21:00:00,3014.2400000000002,0.0,12.23,135.99743097919537,0.193102558,19.3102558,0.0,0.0,0.0,0.0,0.6799871548959768,fall,night,135.99743097919537
2018-10-10 22:00:00,2810.8,0.0,11.86,164.38557126359254,0.193393156,19.339315600000003,0.0,0.0,0.0,0.0,0.8219278563179627,fall,night,164.38557126359254
2018-10-10 23:00:00,2557.12,0.0,11.14,106.96963038554341,0.19395864399999999,19.395864399999997,0.0,0.0,0.0,0.0,0.5348481519277171,fall,night,106.96963038554341
2018-10-11 00:00:00,2324.88,0.0,10.52,102.48032182754045,0.194445592,19.4445592,0.0,0.0,0.0,0.0,0.5124016091377023,fall,night,102.48032182754045
2018-10-11 01:00:00,2138.56,0.0,10.1,132.4041438895461,0.19477545999999998,19.477545999999997,0.0,0.0,0.0,0.0,0.6620207194477306,fall,night,132.4041438895461
2018-10-11 02:00:00,2023.92,0.0,9.45,105.37620764227647,0.19528597,19.528597,0.0,0.0,0.0,0.0,0.5268810382113823,fall,night,105.37620764227647
2018-10-11 03:00:00,1949.04,0.0,8.85,101.07389349856842,0.19575721,19.575720999999998,0.0,0.0,0.0,0.0,0.5053694674928422,fall,night,101.07389349856842
2018-10-11 04:00:00,1916.96,0.93,8.46,86.71007970716698,0.196022937,19.6022937,0.0,0.0,0.0,0.0,0.43355039853583494,fall,night,86.71007970716698
2018-10-11 15:00:00,2676.32,0.0,15.29,35.45860517672624,0.190699234,19.0699234,0.0,0.0,0.0,0.0,0.1772930258836312,fall,night,35.45860517672624
2018-10-11 16:00:00,2676.0,0.0,14.31,27.341177652194148,0.19146892599999998,19.146892599999997,0.0,0.0,0.0,0.0,0.13670588826097074,fall,night,27.341177652194148
2018-10-11 17:00:00,2686.8,0.0,13.61,21.869825649207186,0.19201870599999998,19.2018706,0.0,0.0,0.0,0.0,0.10934912824603593,fall,night,21.869825649207186
2018-10-11 18:00:00,2709.2000000000003,0.0,13.05,0.0,0.19245853,19.245853,0.0,0.0,0.0,0.0,0.0,fall,night,43.0755423029338
2018-10-11 19:00:00,2750.8,0.0,12.83,0.0,0.192631318,19.2631318,0.0,0.0,0.0,0.0,0.0,fall,night,0.0
2018-10-11 20:00:00,2752.08,0.0,11.63,0.0,0.19357379799999996,19.357379799999997,0.0,0.0,0.0,0.0,0.0,fall,night,72.25479928005355
2018-10-11 21:00:00,2660.4,0.0,10.7,0.0,0.19430422000000003,19.430422000000004,0.0,0.0,0.0,0.0,0.0,fall,night,0.0
2018-10-11 22:00:00,2511.68,0.0,10.25,3.7161127947130668,0.19465765000000002,19.465765,0.0,0.0,0.0,0.0,0.018580563973565334,fall,night,3.7161127947130668
2018-10-11 23:00:00,2306.16,0.0,9.77,0.0,0.195034642,19.5034642,0.0,0.0,0.0,0.0,0.0,fall,night,0.0
2018-10-12 00:00:00,2113.12,0.0,9.77,25.874571671840418,0.195034642,19.5034642,0.0,0.0,0.0,0.0,0.1293728583592021,fall,night,25.874571671840418
2018-10-12 01:00:00,1968.48,0.0,9.46,47.778009339714266,0.195278116,19.5278116,0.0,0.0,0.0,0.0,0.23889004669857133,fall,night,47.778009339714266
2018-10-12 02:00:00,1872.0,0.0,9.47,78.57633184355895,0.19527026200000003,19.5270262,0.0,0.0,0.0,0.0,0.3928816592177947,fall,night,78.57633184355895
2018-10-12 03:00:00,1819.44,0.0,9.23,99.78166814397909,0.195458758,19.5458758,0.0,0.0,0.0,0.0,0.4989083407198954,fall,night,99.78166814397909
2018-10-12 15:00:00,2355.36,0.0,19.09,149.55842350043469,0.187714714,18.7714714,0.0,0.0,0.0,0.0,0.7477921175021734,fall,night,149.55842350043469
2018-10-12 16:00:00,2339.44,0.0,17.52,106.41910913160824,0.18894779199999998,18.8947792,0.0,0.0,0.0,0.0,0.5320955456580412,fall,night,106.41910913160824
2018-10-12 17:00:00,2342.16,0.0,16.55,129.24846615919682,0.18970962999999996,18.970962999999998,0.0,0.0,0.0,0.0,0.6462423307959841,fall,night,129.24846615919682
2018-10-12 18:00:00,2362.2400000000002,0.0,15.83,122.4529254857318,0.190275118,19.0275118,0.0,0.0,0.0,0.0,0.612264627428659,fall,night,122.4529254857318
2018-10-12 19:00:00,2422.7200000000003,0.0,15.25,131.11495529999968,0.19073064999999997,19.073064999999996,0.0,0.0,0.0,0.0,0.6555747764999984,fall,night,131.11495529999968
2018-10-12 20:00:00,2455.92,0.0,14.7,102.65645420000666,0.19116261999999998,19.116262,0.0,0.0,0.0,0.0,0.5132822710000333,fall,night,102.65645420000666
2018-10-12 21:00:00,2381.92,0.0,13.96,80.95004560616374,0.191743816,19.1743816,0.0,0.0,0.0,0.0,0.4047502280308187,fall,night,80.95004560616374
2018-10-12 22:00:00,2251.44,0.0,13.45,107.68799200679827,0.19214436999999998,19.214436999999997,0.0,0.0,0.0,0.0,0.5384399600339913,fall,night,107.68799200679827
2018-10-12 23:00:00,2083.04,0.0,13.03,103.24649582934542,0.192474238,19.2474238,0.0,0.0,0.0,0.0,0.5162324791467271,fall,night,103.24649582934542
2018-10-13 00:00:00,1920.96,0.0,12.72,125.69028674045825,0.19271771199999999,19.2717712,0.0,0.0,0.0,0.0,0.6284514337022913,fall,night,125.69028674045825
2018-10-13 01:00:00,1800.32,0.0,12.45,93.20470787809568,0.19292976999999997,19.292976999999997,0.0,0.0,0.0,0.0,0.46602353939047836,fall,night,93.20470787809568
2018-10-13 02:00:00,1721.52,0.0,12.12,148.8018750133757,0.193188952,19.3188952,0.0,0.0,0.0,0.0,0.7440093750668786,fall,night,148.8018750133757
2018-10-13 03:00:00,1678.4,0.0,11.76,153.89842747455086,0.193471696,19.3471696,0.0,0.0,0.0,0.0,0.7694921373727542,fall,night,153.89842747455086
2018-10-13 04:00:00,1663.92,0.93,11.42,140.19814381423566,0.193698153,19.369815300000003,0.0,0.0,0.0,0.0,0.7009907190711783,fall,night,140.19814381423566
2018-10-13 15:00:00,2293.28,0.0,15.94,91.89763813710105,0.190188724,19.0188724,0.0,0.0,0.0,0.0,0.4594881906855053,fall,night,91.89763813710105
2018-10-13 16:00:00,2285.12,0.0,14.81,59.76719712671686,0.191076226,19.1076226,0.0,0.0,0.0,0.0,0.29883598563358427,fall,night,59.76719712671686
2018-10-13 17:00:00,2290.0,0.0,13.73,114.52405924927405,0.19192445800000002,19.1924458,0.0,0.0,0.0,0.0,0.5726202962463702,fall,night,114.52405924927405
2018-10-13 18:00:00,2309.36,0.0,12.76,70.50833206461407,0.19268629599999998,19.268629599999997,0.0,0.0,0.0,0.0,0.3525416603230703,fall,night,70.50833206461407
2018-10-13 19:00:00,2356.4,0.0,12.43,35.95983203603414,0.19294547800000003,19.294547800000004,0.0,0.0,0.0,0.0,0.17979916018017073,fall,night,35.95983203603414
2018-10-13 20:00:00,2362.56,0.0,12.04,40.83896484912038,0.19325178399999998,19.3251784,0.0,0.0,0.0,0.0,0.2041948242456019,fall,night,40.83896484912038
2018-10-13 21:00:00,2299.36,0.0,11.64,97.70966698967081,0.193565944,19.3565944,0.0,0.0,0.0,0.0,0.48854833494835403,fall,night,97.70966698967081
2018-10-13 22:00:00,2202.08,0.0,11.28,84.10482624823652,0.193848688,19.3848688,0.0,0.0,0.0,0.0,0.4205241312411826,fall,night,84.10482624823652
2018-10-13 23:00:00,2066.7200000000003,0.0,10.62,53.054085530722894,0.19436705199999998,19.4367052,0.0,0.0,0.0,0.0,0.26527042765361447,fall,night,53.054085530722894
2018-10-14 00:00:00,1923.44,0.0,10.04,54.37396908668709,0.19482258400000002,19.482258400000003,0.0,0.0,0.0,0.0,0.27186984543343545,fall,night,54.37396908668709
2018-10-14 01:00:00,1795.44,0.0,9.65,66.68077158396005,0.19512888999999997,19.512888999999998,0.0,0.0,0.0,0.0,0.33340385791980026,fall,night,66.68077158396005
2018-10-14 02:00:00,1721.52,0.0,9.36,34.20011458430122,0.19535665600000002,19.5356656,0.0,0.0,0.0,0.0,0.17100057292150608,fall,night,34.20011458430122
2018-10-14 03:00:00,1672.56,0.0,9.28,33.418626437027584,0.19541948799999997,19.541948799999997,0.0,0.0,0.0,0.0,0.1670931321851379,fall,night,33.418626437027584
2018-10-14 15:00:00,2123.52,0.0,18.96,120.3191525299298,0.18781681599999997,18.781681599999995,0.0,0.0,0.0,0.0,0.601595762649649,fall,night,120.3191525299298
2018-10-14 16:00:00,2125.76,0.0,16.97,124.06145325591682,0.189379762,18.9379762,0.0,0.0,0.0,0.0,0.6203072662795841,fall,night,124.06145325591682
2018-10-14 17:00:00,2149.36,0.0,15.46,100.28651063272385,0.19056571600000002,19.0565716,0.0,0.0,0.0,0.0,0.5014325531636192,fall,night,100.28651063272385
2018-10-14 18:00:00,2183.76,0.0,13.8,65.48314055123429,0.19186948,19.186948,0.0,0.0,0.0,0.0,0.32741570275617143,fall,night,65.48314055123429
2018-10-14 19:00:00,2250.56,0.0,12.81,61.79585921904138,0.192647026,19.2647026,0.0,0.0,0.0,0.0,0.3089792960952069,fall,night,61.79585921904138
2018-10-14 20:00:00,2285.76,0.0,12.16,50.33542314176179,0.19315753600000002,19.3157536,0.0,0.0,0.0,0.0,0.2516771157088089,fall,night,50.33542314176179
2018-10-14 21:00:00,2235.04,0.0,11.49,66.77849359197467,0.19368375399999999,19.368375399999998,0.0,0.0,0.0,0.0,0.3338924679598733,fall,night,66.77849359197467
2018-10-14 22:00:00,2160.16,0.0,10.9,27.440954477273692,0.19414713999999997,19.414713999999996,0.0,0.0,0.0,0.0,0.13720477238636847,fall,night,27.440954477273692
2018-10-14 23:00:00,2049.36,0.0,10.84,20.24343036574056,0.194194264,19.4194264,0.0,0.0,0.0,0.0,0.1012171518287028,fall,night,20.24343036574056
2018-10-15 00:00:00,1924.8,0.0,10.71,60.05619290255914,0.194296366,19.4296366,0.0,0.0,0.0,0.0,0.3002809645127957,fall,night,60.05619290255914
2018-10-15 01:00:00,1808.48,0.0,10.42,44.595088614388004,0.194524132,19.4524132,0.0,0.0,0.0,0.0,0.22297544307194003,fall,night,44.595088614388004
2018-10-15 02:00:00,1724.64,0.0,9.84,49.90024440677717,0.194979664,19.4979664,0.0,0.0,0.0,0.0,0.24950122203388583,fall,night,49.90024440677717
2018-10-15 03:00:00,1672.96,0.0,9.24,84.66121494440952,0.19545090399999998,19.5450904,0.0,0.0,0.0,0.0,0.4233060747220476,fall,night,84.66121494440952
2018-10-15 04:00:00,1642.88,0.0,8.73,76.9748110601786,0.195851458,19.5851458,0.0,0.0,0.0,0.0,0.38487405530089297,fall,night,76.9748110601786
2018-10-15 15:00:00,2177.2,0.0,19.7,103.01669575690654,0.18723562,18.723561999999998,0.0,0.0,0.0,0.0,0.5150834787845328,fall,night,103.01669575690654
2018-10-15 16:00:00,2207.2000000000003,0.0,17.97,41.997163396847846,0.188594362,18.859436199999998,0.0,0.0,0.0,0.0,0.20998581698423924,fall,night,41.997163396847846
2018-10-15 17:00:00,2258.8,0.0,16.74,31.53812938402282,0.189560404,18.9560404,0.0,0.0,0.0,0.0,0.1576906469201141,fall,night,31.53812938402282
2018-10-15 18:00:00,2314.64,0.0,15.83,30.704625270257452,0.190275118,19.0275118,0.0,0.0,0.0,0.0,0.15352312635128726,fall,night,30.704625270257452
2018-10-15 19:00:00,2399.04,0.0,14.72,27.267852808442978,0.191146912,19.1146912,0.0,0.0,0.0,0.0,0.13633926404221489,fall,night,27.267852808442978
2018-10-15 20:00:00,2460.4,0.0,13.52,21.200153797204113,0.19208939199999997,19.208939199999996,0.0,0.0,0.0,0.0,0.10600076898602057,fall,night,21.200153797204113
2018-10-15 21:00:00,2404.48,0.0,12.56,24.07848274578091,0.19284337599999998,19.284337599999997,0.0,0.0,0.0,0.0,0.12039241372890455,fall,night,24.07848274578091
2018-10-15 22:00:00,2289.68,0.0,11.91,7.075963346399293,0.193353886,19.3353886,0.0,0.0,0.0,0.0,0.035379816731996465,fall,night,7.075963346399293
2018-10-15 23:00:00,2136.7200000000003,0.0,11.53,8.920172269427406,0.19365233799999998,19.3652338,0.0,0.0,0.0,0.0,0.044600861347137026,fall,night,8.920172269427406
2018-10-16 00:00:00,1990.64,0.0,11.14,7.747836246917485,0.19395864399999999,19.395864399999997,0.0,0.0,0.0,0.0,0.03873918123458742,fall,night,7.747836246917485
2018-10-16 01:00:00,1877.2,0.0,10.61,4.213653939562554,0.19437490600000001,19.4374906,0.0,0.0,0.0,0.0,0.02106826969781277,fall,night,4.213653939562554
2018-10-16 02:00:00,1792.8,0.0,10.16,10.49853241562722,0.194728336,19.4728336,0.0,0.0,0.0,0.0,0.052492662078136104,fall,night,10.49853241562722
2018-10-16 03:00:00,1734.64,0.0,9.8,20.12467982055251,0.19501108,19.501108000000002,0.0,0.0,0.0,0.0,0.10062339910276256,fall,night,20.12467982055251
2018-10-16 04:00:00,1707.28,0.0,9.48,20.91654358172141,0.195262408,19.5262408,0.0,0.0,0.0,0.0,0.10458271790860704,fall,night,20.91654358172141
2018-10-16 15:00:00,2225.68,0.0,19.98,95.07054844832,0.18701570799999997,18.7015708,0.0,0.0,0.0,0.0,0.47535274224159996,fall,night,95.07054844832
2018-10-16 16:00:00,2218.16,0.0,18.21,104.34153754401774,0.18840586599999998,18.840586599999998,0.0,0.0,0.0,0.0,0.5217076877200887,fall,night,104.34153754401774
2018-10-16 17:00:00,2239.12,0.0,16.08,109.0419891628808,0.190078768,19.007876800000002,0.0,0.0,0.0,0.0,0.545209945814404,fall,night,109.0419891628808
2018-10-16 18:00:00,2273.52,0.0,14.49,78.62936309576835,0.19132755399999998,19.132755399999997,0.0,0.0,0.0,0.0,0.3931468154788418,fall,night,78.62936309576835
2018-10-16 19:00:00,2363.92,0.0,13.79,124.66386015608741,0.19187733399999998,19.1877334,0.0,0.0,0.0,0.0,0.6233193007804371,fall,night,124.66386015608741
2018-10-16 20:00:00,2419.92,0.0,13.22,142.2466206469273,0.192325012,19.232501199999998,0.0,0.0,0.0,0.0,0.7112331032346365,fall,night,142.2466206469273
2018-10-16 21:00:00,2347.04,0.0,13.04,96.63071224989413,0.19246638399999996,19.246638399999995,0.0,0.0,0.0,0.0,0.4831535612494707,fall,night,96.63071224989413
2018-10-16 22:00:00,2220.2400000000002,0.0,12.39,138.09247154253916,0.192976894,19.2976894,0.0,0.0,0.0,0.0,0.6904623577126958,fall,night,138.09247154253916
2018-10-16 23:00:00,2041.8400000000001,0.0,11.75,149.52883171014037,0.19347955,19.347955,0.0,0.0,0.0,0.0,0.7476441585507019,fall,night,149.52883171014037
2018-10-17 00:00:00,1880.8,0.0,11.08,45.54237746543505,0.194005768,19.4005768,0.0,0.0,0.0,0.0,0.22771188732717526,fall,night,45.54237746543505
2018-10-17 01:00:00,1772.64,0.0,10.44,7.51333024940892,0.19450842399999999,19.4508424,0.0,0.0,0.0,0.0,0.0375666512470446,fall,night,7.51333024940892
2018-10-17 02:00:00,1708.96,0.0,10.01,0.0,0.19484614599999997,19.484614599999997,0.0,0.0,0.0,0.0,0.0,fall,night,12.076162162250903
2018-10-17 03:00:00,1678.48,0.0,9.88,51.57466573539935,0.19494824800000002,19.494824800000004,0.0,0.0,0.0,0.0,0.25787332867699675,fall,night,51.57466573539935
2018-10-17 04:00:00,1678.0,0.0,9.39,104.47511883744511,0.19533309399999998,19.5333094,0.0,0.0,0.0,0.0,0.5223755941872256,fall,night,104.47511883744511
2018-10-17 15:00:00,2173.6,0.0,20.61,100.77943639477505,0.18652090600000001,18.6520906,0.0,0.0,0.0,0.0,0.5038971819738752,fall,night,100.77943639477505
2018-10-17 16:00:00,2188.4,0.0,18.9,80.16182020470895,0.18786394,18.786394,0.0,0.0,0.0,0.0,0.4008091010235447,fall,night,80.16182020470895
2018-10-17 17:00:00,2229.52,0.0,17.31,47.30548627453579,0.18911272599999998,18.911272599999997,0.0,0.0,0.0,0.0,0.23652743137267895,fall,night,47.30548627453579
2018-10-17 18:00:00,2284.96,0.0,16.26,42.85561020153127,0.189937396,18.9937396,0.0,0.0,0.0,0.0,0.21427805100765634,fall,night,42.85561020153127
2018-10-17 19:00:00,2381.6,0.0,14.93,26.973492687166093,0.190981978,19.0981978,0.0,0.0,0.0,0.0,0.13486746343583048,fall,night,26.973492687166093
2018-10-17 20:00:00,2440.0,0.0,13.85,25.399918022006347,0.19183021,19.183021,0.0,0.0,0.0,0.0,0.12699959011003173,fall,night,25.399918022006347
2018-10-17 21:00:00,2382.0,0.0,13.59,17.722357730982946,0.192034414,19.2034414,0.0,0.0,0.0,0.0,0.08861178865491473,fall,night,17.722357730982946
2018-10-17 22:00:00,2259.52,0.0,13.12,34.91040241107202,0.19240355199999998,19.240355199999996,0.0,0.0,0.0,0.0,0.1745520120553601,fall,night,34.91040241107202
2018-10-17 23:00:00,2085.52,0.0,12.62,38.037985518722365,0.192796252,19.2796252,0.0,0.0,0.0,0.0,0.19018992759361183,fall,night,38.037985518722365
2018-10-18 00:00:00,1926.32,0.0,11.95,24.797259573434022,0.19332246999999997,19.332246999999995,0.0,0.0,0.0,0.0,0.12398629786717011,fall,night,24.797259573434022
2018-10-18 01:00:00,1811.44,0.0,11.21,18.922769434293933,0.193903666,19.3903666,0.0,0.0,0.0,0.0,0.09461384717146966,fall,night,18.922769434293933
2018-10-18 02:00:00,1749.68,0.0,10.58,2.2794924067074915,0.19439846799999996,19.439846799999998,0.0,0.0,0.0,0.0,0.011397462033537458,fall,night,2.2794924067074915
2018-10-18 03:00:00,1722.64,0.0,10.19,31.49724519198338,0.19470477399999997,19.470477399999996,0.0,0.0,0.0,0.0,0.1574862259599169,fall,night,31.49724519198338
2018-10-18 04:00:00,1720.0,0.0,9.94,40.191539877151826,0.19490112399999998,19.490112399999997,0.0,0.0,0.0,0.0,0.20095769938575914,fall,night,40.191539877151826
2018-10-18 15:00:00,2247.52,0.0,19.87,2.118197412144807,0.18710210199999996,18.710210199999995,0.0,0.0,0.0,0.0,0.010590987060724035,fall,night,2.118197412144807
2018-10-18 16:00:00,2266.48,0.0,17.84,14.378905180153106,0.188696464,18.8696464,0.0,0.0,0.0,0.0,0.07189452590076553,fall,night,14.378905180153106
2018-10-18 17:00:00,2304.88,0.0,15.72,8.393421581779386,0.19036151199999998,19.0361512,0.0,0.0,0.0,0.0,0.041967107908896926,fall,night,8.393421581779386
2018-10-18 18:00:00,2338.0,0.0,14.72,0.021815155709748523,0.191146912,19.1146912,0.0,0.0,0.0,0.0,0.00010907577854874261,fall,night,0.021815155709748523
2018-10-18 19:00:00,2412.0,0.0,14.27,0.0,0.19150034199999996,19.150034199999997,0.0,0.0,0.0,0.0,0.0,fall,night,6.885506353201374
2018-10-18 20:00:00,2443.04,0.0,13.58,2.2146916063494557,0.192042268,19.204226799999997,0.0,0.0,0.0,0.0,0.011073458031747278,fall,night,2.2146916063494557
2018-10-18 21:00:00,2366.8,0.0,13.02,0.0,0.192482092,19.248209199999998,0.0,0.0,0.0,0.0,0.0,fall,night,22.899482963652925
2018-10-18 22:00:00,2239.12,0.0,12.79,0.0,0.19266273399999997,19.266273399999996,0.0,0.0,0.0,0.0,0.0,fall,night,17.370780955776244
2018-10-18 23:00:00,2058.0,0.0,12.51,0.0,0.192882646,19.288264599999998,0.0,0.0,0.0,0.0,0.0,fall,night,39.4538938886657
2018-10-19 00:00:00,1894.8,0.0,12.11,0.0,0.19319680600000003,19.3196806,0.0,0.0,0.0,0.0,0.0,fall,night,42.85561020153127
2018-10-19 01:00:00,1785.8400000000001,0.0,11.43,0.0,0.193730878,19.3730878,0.0,0.0,0.0,0.0,0.0,fall,night,26.973492687166093
2018-10-19 02:00:00,1713.04,0.0,10.78,0.0,0.194241388,19.424138799999998,0.0,0.0,0.0,0.0,0.0,fall,night,1.1676339805293667
2018-10-19 03:00:00,1684.8,0.0,10.27,0.0,0.19464194199999998,19.464194199999998,0.0,0.0,0.0,0.0,0.0,fall,night,13.044202998764396
2018-10-19 04:00:00,1683.68,0.0,9.89,0.0,0.19494039400000002,19.494039400000002,0.0,0.0,0.0,0.0,0.0,fall,night,0.0
2018-10-19 15:00:00,2255.36,0.0,17.88,2.590534657306657,0.188665048,18.8665048,0.0,0.0,0.0,0.0,0.012952673286533285,fall,night,2.590534657306657
2018-10-19 16:00:00,2277.04,0.0,16.18,0.0,0.19000022799999997,19.000022799999996,0.0,0.0,0.0,0.0,0.0,fall,night,3.5995765573685437
2018-10-19 17:00:00,2310.08,0.0,14.72,0.3534282036446426,0.191146912,19.1146912,0.0,0.0,0.0,0.0,0.0017671410182232132,fall,night,0.3534282036446426
2018-10-19 18:00:00,2339.36,0.0,13.49,1.1794652792644356,0.192112954,19.2112954,0.0,0.0,0.0,0.0,0.005897326396322178,fall,night,1.1794652792644356
2018-10-19 19:00:00,2404.16,0.0,13.27,0.0,0.19228574199999998,19.228574199999997,0.0,0.0,0.0,0.0,0.0,fall,night,0.0
2018-10-19 20:00:00,2435.04,0.0,12.43,0.0,0.19294547800000003,19.294547800000004,0.0,0.0,0.0,0.0,0.0,fall,night,24.96609704224993
2018-10-19 21:00:00,2363.12,0.0,11.95,0.0,0.19332246999999997,19.332246999999995,0.0,0.0,0.0,0.0,0.0,fall,night,0.0
2018-10-19 22:00:00,2236.96,0.0,11.3,0.0,0.19383298000000002,19.383298,0.0,0.0,0.0,0.0,0.0,fall,night,0.0
2018-10-19 23:00:00,2058.48,0.0,10.66,0.0,0.194335636,19.4335636,0.0,0.0,0.0,0.0,0.0,fall,night,1.1095152187206323
2018-10-20 00:00:00,1898.96,0.0,10.46,0.0,0.194492716,19.4492716,0.0,0.0,0.0,0.0,0.0,fall,night,0.0
2018-10-20 01:00:00,1782.96,0.0,9.74,0.0,0.19505820399999999,19.505820399999998,0.0,0.0,0.0,0.0,0.0,fall,night,8.760958042329321
2018-10-20 02:00:00,1709.1200000000001,0.0,9.43,0.0,0.195301678,19.5301678,0.0,0.0,0.0,0.0,0.0,fall,night,78.57633184355895
2018-10-20 03:00:00,1672.4,0.0,9.53,0.0,0.195223138,19.5223138,0.0,0.0,0.0,0.0,0.0,fall,night,78.57633184355895
2018-10-20 04:00:00,1665.04,0.0,9.37,0.0,0.195348802,19.5348802,0.0,0.0,0.0,0.0,0.0,fall,night,0.0
2018-10-20 15:00:00,2261.6,0.0,18.25,9.588468939656009,0.18837444999999997,18.837444999999995,0.0,0.0,0.0,0.0,0.04794234469828004,fall,night,9.588468939656009
2018-10-20 16:00:00,2275.28,0.0,16.32,5.592663113908799,0.18989027199999997,18.989027199999995,0.0,0.0,0.0,0.0,0.027963315569543994,fall,night,5.592663113908799
2018-10-20 17:00:00,2296.96,0.0,14.73,29.703689934162934,0.191139058,19.1139058,0.0,0.0,0.0,0.0,0.14851844967081468,fall,night,29.703689934162934
2018-10-20 18:00:00,2311.76,0.0,13.33,48.06166198504789,0.19223861799999997,19.223861799999998,0.0,0.0,0.0,0.0,0.24030830992523947,fall,night,48.06166198504789
2018-10-20 19:00:00,2337.6,0.0,13.38,49.85163192046783,0.192199348,19.2199348,0.0,0.0,0.0,0.0,0.24925815960233916,fall,night,49.85163192046783
2018-10-20 20:00:00,2331.92,0.0,12.37,60.09492529501783,0.19299260199999999,19.2992602,0.0,0.0,0.0,0.0,0.30047462647508916,fall,night,60.09492529501783
2018-10-20 21:00:00,2252.8,0.0,11.29,56.38837474911192,0.19384083400000002,19.3840834,0.0,0.0,0.0,0.0,0.28194187374555957,fall,night,56.38837474911192
2018-10-20 22:00:00,2148.32,0.0,10.25,18.421983542364934,0.19465765000000002,19.465765,0.0,0.0,0.0,0.0,0.09210991771182467,fall,night,18.421983542364934
2018-10-20 23:00:00,2009.2,0.0,9.78,43.900396788524205,0.195026788,19.5026788,0.0,0.0,0.0,0.0,0.21950198394262102,fall,night,43.900396788524205
2018-10-21 00:00:00,1870.72,0.0,10.05,50.573815259006665,0.19481473,19.481472999999998,0.0,0.0,0.0,0.0,0.2528690762950333,fall,night,50.573815259006665
2018-10-21 01:00:00,1751.1200000000001,0.0,10.05,39.38853070336433,0.19481473,19.481472999999998,0.0,0.0,0.0,0.0,0.19694265351682166,fall,night,39.38853070336433
2018-10-21 02:00:00,1671.3600000000001,0.0,9.04,54.72770675358586,0.195607984,19.560798400000003,0.0,0.0,0.0,0.0,0.2736385337679293,fall,night,54.72770675358586
2018-10-21 03:00:00,1631.76,0.0,8.38,50.32837069440276,0.196126348,19.612634800000002,0.0,0.0,0.0,0.0,0.2516418534720138,fall,night,50.32837069440276
2018-10-21 04:00:00,1614.64,0.0,9.24,68.23686211984793,0.19545090399999998,19.5450904,0.0,0.0,0.0,0.0,0.34118431059923965,fall,night,68.23686211984793
2018-10-21 15:00:00,2020.48,0.0,12.8,12.872728817785797,0.19265488,19.265488,0.0,0.0,0.0,0.0,0.06436364408892899,fall,night,12.872728817785797
2018-10-21 16:00:00,2046.96,0.0,11.5,44.88289635440551,0.1936759,19.36759,0.0,0.0,0.0,0.0,0.22441448177202755,fall,night,44.88289635440551
2018-10-21 17:00:00,2079.28,0.0,11.14,43.0755423029338,0.19395864399999999,19.395864399999997,0.0,0.0,0.0,0.0,0.215377711514669,fall,night,43.0755423029338
2018-10-21 18:00:00,2100.08,0.0,10.39,38.21351781186852,0.194547694,19.4547694,0.0,0.0,0.0,0.0,0.1910675890593426,fall,night,38.21351781186852
2018-10-21 19:00:00,2178.0,0.0,10.44,34.13254807745706,0.19450842399999999,19.4508424,0.0,0.0,0.0,0.0,0.1706627403872853,fall,night,34.13254807745706
2018-10-21 20:00:00,2188.48,0.0,10.04,41.815818214129266,0.19482258400000002,19.482258400000003,0.0,0.0,0.0,0.0,0.20907909107064632,fall,night,41.815818214129266
2018-10-21 21:00:00,2126.2400000000002,0.0,9.74,34.67991436890791,0.19505820399999999,19.505820399999998,0.0,0.0,0.0,0.0,0.17339957184453955,fall,night,34.67991436890791
2018-10-21 22:00:00,2044.4,0.0,9.42,43.74278201526957,0.19530953199999998,19.5309532,0.0,0.0,0.0,0.0,0.21871391007634786,fall,night,43.74278201526957
2018-10-21 23:00:00,1930.08,0.0,9.08,69.07637914962586,0.19557656799999998,19.557656799999997,0.0,0.0,0.0,0.0,0.34538189574812933,fall,night,69.07637914962586
2018-10-22 00:00:00,1807.44,0.0,8.71,44.46381065572369,0.19586716599999998,19.5867166,0.0,0.0,0.0,0.0,0.22231905327861845,fall,night,44.46381065572369
2018-10-22 01:00:00,1697.6000000000001,0.0,8.49,54.80551703871705,0.19603995399999996,19.603995399999995,0.0,0.0,0.0,0.0,0.2740275851935852,fall,night,54.80551703871705
2018-10-22 02:00:00,1625.92,0.0,8.24,55.173759653213985,0.19623630400000003,19.623630400000003,0.0,0.0,0.0,0.0,0.2758687982660699,fall,night,55.173759653213985
2018-10-22 03:00:00,1583.52,0.0,6.57,54.93198830141624,0.197547922,19.754792199999997,0.0,0.0,0.0,0.0,0.2746599415070812,fall,night,54.93198830141624
2018-10-22 04:00:00,1562.4,0.0,5.71,64.4303529066442,0.19822336599999998,19.8223366,0.0,0.0,0.0,0.0,0.32215176453322103,fall,night,64.4303529066442
2018-10-22 15:00:00,1984.8,0.0,15.17,63.816968797907116,0.19079348200000001,19.079348200000002,0.0,0.0,0.0,0.0,0.31908484398953557,fall,night,63.816968797907116
2018-10-22 16:00:00,2025.28,0.0,14.4,74.33246785016038,0.19139824,19.139824,0.0,0.0,0.0,0.0,0.37166233925080194,fall,night,74.33246785016038
2018-10-22 17:00:00,2086.4,0.0,13.15,131.7100642658166,0.19237998999999997,19.237999,0.0,0.0,0.0,0.0,0.6585503213290831,fall,night,131.7100642658166
2018-10-22 18:00:00,2142.96,0.0,11.79,64.79695894117835,0.193448134,19.3448134,0.0,0.0,0.0,0.0,0.32398479470589175,fall,night,64.79695894117835
2018-10-22 19:00:00,2248.64,0.0,10.76,81.03713590582618,0.194257096,19.425709599999998,0.0,0.0,0.0,0.0,0.40518567952913087,fall,night,81.03713590582618
2018-10-22 20:00:00,2277.68,0.0,9.98,86.71648661465176,0.194869708,19.4869708,0.0,0.0,0.0,0.0,0.4335824330732588,fall,night,86.71648661465176
2018-10-22 21:00:00,2211.84,0.0,9.41,113.88484748415702,0.195317386,19.5317386,0.0,0.0,0.0,0.0,0.5694242374207851,fall,night,113.88484748415702
2018-10-22 22:00:00,2091.36,0.0,8.87,101.44168756892708,0.19574150199999998,19.5741502,0.0,0.0,0.0,0.0,0.5072084378446354,fall,night,101.44168756892708
2018-10-22 23:00:00,1946.88,0.0,8.46,99.30259875894849,0.196063516,19.6063516,0.0,0.0,0.0,0.0,0.49651299379474245,fall,night,99.30259875894849
2018-10-23 00:00:00,1811.68,0.0,8.19,134.67084350679025,0.19627557399999998,19.627557399999997,0.0,0.0,0.0,0.0,0.6733542175339512,fall,night,134.67084350679025
2018-10-23 01:00:00,1714.72,0.0,7.92,109.01626455042484,0.19648763199999997,19.648763199999998,0.0,0.0,0.0,0.0,0.5450813227521242,fall,night,109.01626455042484
2018-10-23 02:00:00,1657.04,0.0,7.38,109.28246943493053,0.196911748,19.6911748,0.0,0.0,0.0,0.0,0.5464123471746527,fall,night,109.28246943493053
2018-10-23 03:00:00,1626.64,0.0,7.21,130.013149054813,0.197045266,19.7045266,0.0,0.0,0.0,0.0,0.650065745274065,fall,night,130.013149054813
2018-10-23 04:00:00,1620.72,0.0,7.08,139.28757496843326,0.19714736800000002,19.7147368,0.0,0.0,0.0,0.0,0.6964378748421663,fall,night,139.28757496843326
2018-10-23 15:00:00,2454.7200000000003,0.0,16.57,19.070308633313143,0.189693922,18.969392199999998,0.0,0.0,0.0,0.0,0.09535154316656572,fall,night,19.070308633313143
2018-10-23 16:00:00,2452.0,0.0,15.62,13.695910354969541,0.190440052,19.0440052,0.0,0.0,0.0,0.0,0.06847955177484771,fall,night,13.695910354969541
2018-10-23 17:00:00,2465.36,0.0,14.85,3.4467616609962564,0.19104481,19.104481,0.0,0.0,0.0,0.0,0.017233808304981283,fall,night,3.4467616609962564
2018-10-23 18:00:00,2498.4,0.0,14.08,0.0,0.191649568,19.1649568,0.0,0.0,0.0,0.0,0.0,fall,night,7.357467980531393
2018-10-23 19:00:00,2597.84,0.0,12.64,0.0,0.19278054400000003,19.278054400000002,0.0,0.0,0.0,0.0,0.0,fall,night,0.0
2018-10-23 20:00:00,2597.76,0.0,11.04,0.0,0.19403718399999997,19.4037184,0.0,0.0,0.0,0.0,0.0,fall,night,64.64734522552067
2018-10-23 21:00:00,2521.28,0.0,9.75,0.0,0.19505035,19.505035,0.0,0.0,0.0,0.0,0.0,fall,night,65.04890739578337
2018-10-23 22:00:00,2388.16,0.0,8.91,6.370876964742476,0.195710086,19.5710086,0.0,0.0,0.0,0.0,0.03185438482371238,fall,night,6.370876964742476
2018-10-23 23:00:00,2214.08,0.0,8.48,8.998408368419485,0.196047808,19.6047808,0.0,0.0,0.0,0.0,0.04499204184209742,fall,night,8.998408368419485
2018-10-24 00:00:00,2046.48,0.0,8.07,22.901196826558685,0.196369822,19.6369822,0.0,0.0,0.0,0.0,0.11450598413279342,fall,night,22.901196826558685
2018-10-24 01:00:00,1919.3600000000001,0.0,7.87,36.80351628331027,0.19652690199999998,19.6526902,0.0,0.0,0.0,0.0,0.18401758141655136,fall,night,36.80351628331027
2018-10-24 02:00:00,1840.0,0.0,7.86,115.0498499615456,0.196534756,19.6534756,0.0,0.0,0.0,0.0,0.5752492498077281,fall,night,115.0498499615456
2018-10-24 03:00:00,1799.28,0.0,7.86,69.25155988115023,0.196534756,19.6534756,0.0,0.0,0.0,0.0,0.34625779940575113,fall,night,69.25155988115023
2018-10-24 04:00:00,1791.76,0.0,7.89,4.799924237065228,0.196511194,19.6511194,0.0,0.0,0.0,0.0,0.02399962118532614,fall,night,4.799924237065228
2018-10-24 15:00:00,2515.76,0.0,15.61,143.48625117063017,0.19044790599999997,19.0447906,0.0,0.0,0.0,0.0,0.7174312558531508,fall,night,143.48625117063017
2018-10-24 16:00:00,2514.96,0.0,14.37,103.7714985586716,0.191421802,19.1421802,0.0,0.0,0.0,0.0,0.518857492793358,fall,night,103.7714985586716
2018-10-24 17:00:00,2526.2400000000002,0.0,13.61,127.36688411429064,0.19201870599999998,19.2018706,0.0,0.0,0.0,0.0,0.6368344205714532,fall,night,127.36688411429064
2018-10-24 18:00:00,2537.2000000000003,0.0,13.12,169.27172015559438,0.19240355199999998,19.240355199999996,0.0,0.0,0.0,0.0,0.8463586007779719,fall,night,169.27172015559438
2018-10-24 19:00:00,2590.2400000000002,0.0,12.39,177.30953412633218,0.192976894,19.2976894,0.0,0.0,0.0,0.0,0.886547670631661,fall,night,177.30953412633218
2018-10-24 20:00:00,2590.7200000000003,0.0,11.72,148.45637479895765,0.19350311199999998,19.350311199999997,0.0,0.0,0.0,0.0,0.7422818739947883,fall,night,148.45637479895765
2018-10-24 21:00:00,2498.48,0.0,11.56,113.66313332901672,0.19362877599999997,19.362877599999997,0.0,0.0,0.0,0.0,0.5683156666450836,fall,night,113.66313332901672
2018-10-24 22:00:00,2352.8,0.0,10.96,176.01165347876014,0.194100016,19.410001599999998,0.0,0.0,0.0,0.0,0.8800582673938007,fall,night,176.01165347876014
2018-10-24 23:00:00,2159.12,0.0,10.44,178.78265005809442,0.19450842399999999,19.4508424,0.0,0.0,0.0,0.0,0.8939132502904721,fall,night,178.78265005809442
2018-10-25 00:00:00,1977.52,0.0,9.55,178.84303379732333,0.19520743,19.520743,0.0,0.0,0.0,0.0,0.8942151689866167,fall,night,178.84303379732333
2018-10-25 01:00:00,1844.08,0.0,8.32,167.18362596498278,0.196173472,19.617347199999998,0.0,0.0,0.0,0.0,0.8359181298249139,fall,night,167.18362596498278
2018-10-25 02:00:00,1755.68,0.0,7.02,131.74119565355784,0.197194492,19.7194492,0.0,0.0,0.0,0.0,0.6587059782677892,fall,night,131.74119565355784
2018-10-25 03:00:00,1709.52,0.0,6.24,126.68149654858729,0.197807104,19.7807104,0.0,0.0,0.0,0.0,0.6334074827429365,fall,night,126.68149654858729
2018-10-25 04:00:00,1688.48,0.0,6.12,67.92219628421499,0.19790135199999997,19.790135199999998,0.0,0.0,0.0,0.0,0.33961098142107493,fall,night,67.92219628421499
2018-10-25 15:00:00,2263.6,0.0,3.34,69.57223257138835,0.200084764,20.0084764,0.0,0.0,0.0,0.0,0.3478611628569418,fall,night,69.57223257138835
2018-10-25 16:00:00,2270.8,0.0,3.01,41.02640477684946,0.200343946,20.0343946,0.0,0.0,0.0,0.0,0.2051320238842473,fall,night,41.02640477684946
2018-10-25 17:00:00,2287.76,0.0,2.75,40.059974001642196,0.20054814999999998,20.054814999999998,0.0,0.0,0.0,0.0,0.20029987000821098,fall,night,40.059974001642196
2018-10-25 18:00:00,2317.68,0.0,2.48,12.258753721839488,0.20076020800000002,20.076020800000002,0.0,0.0,0.0,0.0,0.06129376860919744,fall,night,12.258753721839488
2018-10-25 19:00:00,2406.32,0.0,1.98,3.5582964796667182,0.20115290800000002,20.1152908,0.0,0.0,0.0,0.0,0.017791482398333593,fall,night,3.5582964796667182
2018-10-25 20:00:00,2421.36,0.0,1.57,7.517958133859954,0.201474922,20.1474922,0.0,0.0,0.0,0.0,0.03758979066929977,fall,night,7.517958133859954
2018-10-25 21:00:00,2349.36,0.0,1.27,13.044202998764396,0.201710542,20.1710542,0.0,0.0,0.0,0.0,0.06522101499382198,fall,night,13.044202998764396
2018-10-25 22:00:00,2232.56,0.0,1.36,30.974054823430823,0.20163985599999998,20.163985599999997,0.0,0.0,0.0,0.0,0.15487027411715412,fall,night,30.974054823430823
2018-10-25 23:00:00,2054.8,0.0,1.45,70.19297522855204,0.20156917,20.156917,0.0,0.0,0.0,0.0,0.35096487614276023,fall,night,70.19297522855204
2018-10-26 00:00:00,1894.16,0.0,1.29,143.73264737617595,0.201694834,20.169483399999997,0.0,0.0,0.0,0.0,0.7186632368808797,fall,night,143.73264737617595
2018-10-26 01:00:00,1788.24,0.0,1.34,118.32822269786396,0.20165556399999998,20.1655564,0.0,0.0,0.0,0.0,0.5916411134893198,fall,night,118.32822269786396
2018-10-26 02:00:00,1718.32,0.0,1.21,116.07310036850622,0.201757666,20.1757666,0.0,0.0,0.0,0.0,0.5803655018425311,fall,night,116.07310036850622
2018-10-26 03:00:00,1686.64,0.0,0.87,78.39737485530493,0.202024702,20.2024702,0.0,0.0,0.0,0.0,0.3919868742765247,fall,night,78.39737485530493
2018-10-26 04:00:00,1683.8400000000001,0.0,0.7,134.3994379348467,0.20215822,20.215822,0.0,0.0,0.0,0.0,0.6719971896742335,fall,night,134.3994379348467
2018-10-26 15:00:00,2250.7200000000003,0.0,7.14,61.80727891033899,0.197100244,19.7100244,0.0,0.0,0.0,0.0,0.30903639455169496,fall,night,61.80727891033899
2018-10-26 16:00:00,2239.04,0.0,6.02,64.71189921295165,0.197979892,19.7979892,0.0,0.0,0.0,0.0,0.32355949606475826,fall,night,64.71189921295165
2018-10-26 17:00:00,2264.56,0.0,4.74,67.8022289115174,0.198985204,19.8985204,0.0,0.0,0.0,0.0,0.339011144557587,fall,night,67.8022289115174
2018-10-26 18:00:00,2313.68,0.0,3.88,101.38726825445285,0.199660648,19.966064799999998,0.0,0.0,0.0,0.0,0.5069363412722643,fall,night,101.38726825445285
2018-10-26 19:00:00,2426.2400000000002,0.0,3.36,114.41998488643945,0.20006905599999997,20.006905599999996,0.0,0.0,0.0,0.0,0.5720999244321973,fall,night,114.41998488643945
2018-10-26 20:00:00,2448.56,0.0,3.14,147.52524565969375,0.20024184400000003,20.024184400000003,0.0,0.0,0.0,0.0,0.7376262282984688,fall,night,147.52524565969375
2018-10-26 21:00:00,2399.52,0.0,2.88,134.12062532321835,0.200446048,20.0446048,0.0,0.0,0.0,0.0,0.6706031266160918,fall,night,134.12062532321835
2018-10-26 22:00:00,2290.8,0.0,2.0,172.36702626952956,0.20113720000000002,20.11372,0.0,0.0,0.0,0.0,0.8618351313476478,fall,night,172.36702626952956
2018-10-26 23:00:00,2128.96,0.0,1.63,153.3746612723074,0.201427798,20.1427798,0.0,0.0,0.0,0.0,0.766873306361537,fall,night,153.3746612723074
2018-10-27 00:00:00,1994.24,0.0,1.15,114.00645143681739,0.20180478999999998,20.180479,0.0,0.0,0.0,0.0,0.5700322571840869,fall,night,114.00645143681739
2018-10-27 01:00:00,1866.64,0.0,0.74,119.72467395046901,0.202126804,20.2126804,0.0,0.0,0.0,0.0,0.5986233697523451,fall,night,119.72467395046901
2018-10-27 02:00:00,1802.56,0.0,0.19,117.64070151680087,0.202558774,20.2558774,0.0,0.0,0.0,0.0,0.5882035075840044,fall,night,117.64070151680087
2018-10-27 03:00:00,1772.88,0.0,-0.06,129.91935483870967,0.20275512399999998,20.275512399999997,0.0,0.0,0.0,0.0,0.6495967741935483,fall,night,129.91935483870967
2018-10-27 04:00:00,1778.56,0.0,-0.06,135.77085557542438,0.20275512399999998,20.275512399999997,0.0,0.0,0.0,0.0,0.6788542778771219,fall,night,135.77085557542438
2018-10-27 15:00:00,2178.7200000000003,0.0,10.38,178.96280720498822,0.19455554800000002,19.4555548,0.0,0.0,0.0,0.0,0.8948140360249411,fall,night,178.96280720498822
2018-10-27 16:00:00,2184.88,0.0,7.83,178.96731689199748,0.196558318,19.6558318,0.0,0.0,0.0,0.0,0.8948365844599874,fall,night,178.96731689199748
2018-10-27 17:00:00,2210.88,0.0,5.89,178.9589763955933,0.19808199399999998,19.8081994,0.0,0.0,0.0,0.0,0.8947948819779665,fall,night,178.9589763955933
2018-10-27 18:00:00,2249.76,0.0,4.53,178.94840530131356,0.199150138,19.9150138,0.0,0.0,0.0,0.0,0.8947420265065678,fall,night,178.94840530131356
2018-10-27 19:00:00,2327.92,0.0,3.43,178.94319249106093,0.20001407799999998,20.0014078,0.0,0.0,0.0,0.0,0.8947159624553046,fall,night,178.94319249106093
2018-10-27 20:00:00,2323.76,0.0,2.69,178.93251229145008,0.200595274,20.0595274,0.0,0.0,0.0,0.0,0.8946625614572504,fall,night,178.93251229145008
2018-10-27 21:00:00,2265.28,0.0,2.36,178.9110670325273,0.200854456,20.0854456,0.0,0.0,0.0,0.0,0.8945553351626365,fall,night,178.9110670325273
2018-10-27 22:00:00,2179.68,0.0,2.14,178.91156406792325,0.201027244,20.1027244,0.0,0.0,0.0,0.0,0.8945578203396163,fall,night,178.91156406792325
2018-10-27 23:00:00,2049.28,0.0,1.99,178.90147788622517,0.201145054,20.1145054,0.0,0.0,0.0,0.0,0.8945073894311258,fall,night,178.90147788622517
2018-10-28 00:00:00,1912.96,0.0,1.74,178.9063997489288,0.20134140399999997,20.134140399999996,0.0,0.0,0.0,0.0,0.8945319987446441,fall,night,178.9063997489288
2018-10-28 01:00:00,1799.52,0.0,1.47,178.9168738606922,0.201553462,20.1553462,0.0,0.0,0.0,0.0,0.894584369303461,fall,night,178.9168738606922
2018-10-28 02:00:00,1728.72,0.0,1.15,178.90500562525682,0.20180478999999998,20.180479,0.0,0.0,0.0,0.0,0.8945250281262841,fall,night,178.90500562525682
2018-10-28 03:00:00,1690.96,0.0,0.81,178.90793934637574,0.20207182599999998,20.2071826,0.0,0.0,0.0,0.0,0.8945396967318787,fall,night,178.90793934637574
2018-10-28 04:00:00,1676.24,0.0,0.51,178.92000154684376,0.20230744599999997,20.230744599999998,0.0,0.0,0.0,0.0,0.8946000077342188,fall,night,178.92000154684376
2018-10-28 15:00:00,1954.16,0.0,13.1,122.62224483642596,0.19241926,19.241926,0.0,0.0,0.0,0.0,0.6131112241821298,fall,night,122.62224483642596
2018-10-28 16:00:00,1968.4,0.0,10.72,119.05522788588678,0.19428851199999997,19.428851199999997,0.0,0.0,0.0,0.0,0.5952761394294339,fall,night,119.05522788588678
2018-10-28 17:00:00,2006.48,0.0,8.49,91.89540753922552,0.19603995399999996,19.603995399999995,0.0,0.0,0.0,0.0,0.4594770376961276,fall,night,91.89540753922552
2018-10-28 18:00:00,2062.16,0.0,6.77,54.75730460528781,0.19739084199999998,19.739084199999997,0.0,0.0,0.0,0.0,0.273786523026439,fall,night,54.75730460528781
2018-10-28 19:00:00,2171.68,0.0,5.93,93.30546058974554,0.19805057799999998,19.805057799999997,0.0,0.0,0.0,0.0,0.4665273029487277,fall,night,93.30546058974554
2018-10-28 20:00:00,2175.76,0.0,5.26,71.45599672291188,0.198576796,19.8576796,0.0,0.0,0.0,0.0,0.35727998361455937,fall,night,71.45599672291188
2018-10-28 21:00:00,2129.92,0.0,4.81,70.0148122846506,0.198930226,19.8930226,0.0,0.0,0.0,0.0,0.35007406142325304,fall,night,70.0148122846506
2018-10-28 22:00:00,2053.2,0.0,4.62,85.52545645444344,0.19907945199999996,19.907945199999997,0.0,0.0,0.0,0.0,0.4276272822722172,fall,night,85.52545645444344
2018-10-28 23:00:00,1945.6000000000001,0.0,4.33,75.65800669910783,0.199307218,19.9307218,0.0,0.0,0.0,0.0,0.37829003349553914,fall,night,75.65800669910783
2018-10-29 00:00:00,1835.1200000000001,0.0,3.92,94.45174544148286,0.199629232,19.9629232,0.0,0.0,0.0,0.0,0.4722587272074143,fall,night,94.45174544148286
2018-10-29 01:00:00,1731.52,0.0,3.38,55.81177732109883,0.200053348,20.0053348,0.0,0.0,0.0,0.0,0.27905888660549416,fall,night,55.81177732109883
2018-10-29 02:00:00,1661.76,0.0,2.83,115.21312002778357,0.200485318,20.0485318,0.0,0.0,0.0,0.0,0.5760656001389178,fall,night,115.21312002778357
2018-10-29 03:00:00,1625.3600000000001,0.0,2.47,43.01535555944143,0.200768062,20.0768062,0.0,0.0,0.0,0.0,0.21507677779720716,fall,night,43.01535555944143
2018-10-29 04:00:00,1601.92,0.0,2.32,17.370780955776244,0.20088587200000002,20.088587200000003,0.0,0.0,0.0,0.0,0.08685390477888122,fall,night,17.370780955776244
2018-10-29 15:00:00,2151.04,0.0,15.05,66.9752286877534,0.19088773,19.088773,0.0,0.0,0.0,0.0,0.334876143438767,fall,night,66.9752286877534
2018-10-29 16:00:00,2160.4,0.0,12.66,51.3966482652724,0.192764836,19.2764836,0.0,0.0,0.0,0.0,0.25698324132636197,fall,night,51.3966482652724
2018-10-29 17:00:00,2202.48,0.0,10.91,65.10918809108878,0.19413928600000002,19.413928600000002,0.0,0.0,0.0,0.0,0.32554594045544394,fall,night,65.10918809108878
2018-10-29 18:00:00,2269.92,0.0,9.7,42.65096496926492,0.19508962,19.508962,0.0,0.0,0.0,0.0,0.2132548248463246,fall,night,42.65096496926492
2018-10-29 19:00:00,2330.48,0.0,7.93,28.417335052515476,0.196479778,19.6479778,0.0,0.0,0.0,0.0,0.14208667526257737,fall,night,28.417335052515476
2018-10-29 20:00:00,2307.68,0.0,8.14,12.387727588065115,0.196314844,19.631484399999998,0.0,0.0,0.0,0.0,0.06193863794032557,fall,night,12.387727588065115
2018-10-29 21:00:00,2244.0,0.0,8.03,17.921743177090324,0.19640123799999998,19.640123799999998,0.0,0.0,0.0,0.0,0.08960871588545162,fall,night,17.921743177090324
2018-10-29 22:00:00,2132.0,0.0,7.46,14.54504077667824,0.19684891599999998,19.6848916,0.0,0.0,0.0,0.0,0.0727252038833912,fall,night,14.54504077667824
2018-10-29 23:00:00,1997.92,0.0,6.65,5.367854610357115,0.19748509000000003,19.748509000000002,0.0,0.0,0.0,0.0,0.026839273051785576,fall,night,5.367854610357115
2018-10-30 00:00:00,1861.52,0.0,6.23,0.4839872225809869,0.19781495799999999,19.7814958,0.0,0.0,0.0,0.0,0.0024199361129049347,fall,night,0.4839872225809869
2018-10-30 01:00:00,1757.6000000000001,0.0,6.27,8.25681034239294,0.197783542,19.7783542,0.0,0.0,0.0,0.0,0.041284051711964705,fall,night,8.25681034239294
2018-10-30 02:00:00,1698.32,0.0,6.92,24.713078749261427,0.19727303200000001,19.7273032,0.0,0.0,0.0,0.0,0.12356539374630714,fall,night,24.713078749261427
2018-10-30 03:00:00,1672.48,0.0,7.28,6.198449627470625,0.19699028799999999,19.699028799999997,0.0,0.0,0.0,0.0,0.030992248137353125,fall,night,6.198449627470625
2018-10-30 04:00:00,1676.0,0.0,6.5,28.91168524527497,0.19760289999999997,19.760289999999998,0.0,0.0,0.0,0.0,0.14455842622637485,fall,night,28.91168524527497
2018-10-30 15:00:00,2206.48,0.0,15.76,96.1984611746208,0.190330096,19.0330096,0.0,0.0,0.0,0.0,0.48099230587310404,fall,night,96.1984611746208
2018-10-30 16:00:00,2211.12,0.0,14.54,145.95281963121178,0.191288284,19.1288284,0.0,0.0,0.0,0.0,0.7297640981560589,fall,night,145.95281963121178
2018-10-30 17:00:00,2251.36,0.0,13.35,163.0115593407031,0.19222291,19.222291,0.0,0.0,0.0,0.0,0.8150577967035154,fall,night,163.0115593407031
2018-10-30 18:00:00,2336.16,0.0,10.49,173.20917395006265,0.19446915399999998,19.446915399999998,0.0,0.0,0.0,0.0,0.8660458697503133,fall,night,173.20917395006265
2018-10-30 19:00:00,2473.76,0.0,9.46,158.57737322041822,0.195278116,19.5278116,0.0,0.0,0.0,0.0,0.7928868661020911,fall,night,158.57737322041822
2018-10-30 20:00:00,2495.44,0.0,8.72,156.71356322162913,0.195859312,19.5859312,0.0,0.0,0.0,0.0,0.7835678161081456,fall,night,156.71356322162913
2018-10-30 21:00:00,2436.88,0.0,10.03,140.9014610226454,0.194830438,19.4830438,0.0,0.0,0.0,0.0,0.704507305113227,fall,night,140.9014610226454
2018-10-30 22:00:00,2314.2400000000002,0.0,10.63,131.72292657204434,0.19435919799999998,19.435919799999997,0.0,0.0,0.0,0.0,0.6586146328602217,fall,night,131.72292657204434
2018-10-30 23:00:00,2138.7200000000003,0.0,9.73,151.10289431858516,0.195066058,19.5066058,0.0,0.0,0.0,0.0,0.7555144715929258,fall,night,151.10289431858516
2018-10-31 00:00:00,1983.68,0.0,8.95,125.50541381870823,0.19567867,19.567867,0.0,0.0,0.0,0.0,0.6275270690935412,fall,night,125.50541381870823
2018-10-31 01:00:00,1867.04,0.0,9.09,98.91349884203392,0.195568714,19.556871400000002,0.0,0.0,0.0,0.0,0.4945674942101696,fall,night,98.91349884203392
2018-10-31 02:00:00,1800.4,0.0,10.11,68.65913005734663,0.194767606,19.476760600000002,0.0,0.0,0.0,0.0,0.34329565028673314,fall,night,68.65913005734663
2018-10-31 03:00:00,1772.64,0.0,10.12,81.76140739916988,0.19475975199999998,19.475975199999997,0.0,0.0,0.0,0.0,0.4088070369958494,fall,night,81.76140739916988
2018-10-31 04:00:00,1767.68,0.0,10.17,32.850945339109614,0.194720482,19.4720482,0.0,0.0,0.0,0.0,0.16425472669554808,fall,night,32.850945339109614
2018-10-31 15:00:00,2205.68,0.0,14.47,0.0,0.191343262,19.1343262,0.0,0.0,0.0,0.0,0.0,fall,night,35.214472906796274
2018-10-31 16:00:00,2210.88,0.0,14.04,0.0,0.191680984,19.168098399999998,0.0,0.0,0.0,0.0,0.0,fall,night,53.054085530722894
2018-10-31 17:00:00,2251.68,0.0,13.0,0.0,0.19249780000000002,19.24978,0.0,0.0,0.0,0.0,0.0,fall,night,52.178866812122
2018-10-31 18:00:00,2305.68,0.0,10.88,0.0,0.19416284799999997,19.416284799999996,0.0,0.0,0.0,0.0,0.0,fall,night,55.95379003203907
2018-10-31 19:00:00,2395.68,0.0,11.08,0.0,0.194005768,19.4005768,0.0,0.0,0.0,0.0,0.0,fall,night,56.38837474911192
2018-10-31 20:00:00,2401.76,0.0,10.74,0.0,0.194272804,19.4272804,0.0,0.0,0.0,0.0,0.0,fall,night,37.80665494094763
2018-10-31 21:00:00,2395.52,0.0,10.04,0.0,0.19482258400000002,19.482258400000003,0.0,0.0,0.0,0.0,0.0,fall,night,41.49855203477717
2018-10-31 22:00:00,2328.08,0.0,9.65,0.0,0.19512888999999997,19.512888999999998,0.0,0.0,0.0,0.0,0.0,fall,night,12.084589033708697
2018-10-31 23:00:00,2174.88,0.0,10.02,0.0,0.194838292,19.4838292,0.0,0.0,0.0,0.0,0.0,fall,night,60.09492529501783
2018-11-01 00:00:00,2035.44,0.0,9.98,0.0,0.194869708,19.4869708,0.0,0.0,0.0,0.0,0.0,fall,night,53.15036492380739
2018-11-01 01:00:00,1930.0,0.0,9.47,5.278838298534529,0.19527026200000003,19.5270262,0.0,0.0,0.0,0.0,0.026394191492672647,fall,night,5.278838298534529
2018-11-01 02:00:00,1873.6000000000001,0.0,8.46,13.006281319528386,0.196063516,19.6063516,0.0,0.0,0.0,0.0,0.06503140659764192,fall,night,13.006281319528386
2018-11-01 03:00:00,1853.1200000000001,0.0,7.66,24.648939968228706,0.19669183599999998,19.669183599999997,0.0,0.0,0.0,0.0,0.12324469984114353,fall,night,24.648939968228706
2018-11-01 04:00:00,1858.48,0.0,7.1,23.865948591951994,0.19713166,19.713165999999998,0.0,0.0,0.0,0.0,0.11932974295975997,fall,night,23.865948591951994
2018-11-01 15:00:00,2379.68,0.0,14.86,124.065126468723,0.19103695599999998,19.103695599999998,0.0,0.0,0.0,0.0,0.6203256323436149,fall,night,124.065126468723
2018-11-01 16:00:00,2373.36,0.0,12.41,150.41378504881743,0.192961186,19.2961186,0.0,0.0,0.0,0.0,0.7520689252440872,fall,night,150.41378504881743
2018-11-01 17:00:00,2400.4,0.0,10.18,165.51650863212095,0.194712628,19.471262799999998,0.0,0.0,0.0,0.0,0.8275825431606048,fall,night,165.51650863212095
2018-11-01 18:00:00,2465.12,0.0,8.36,137.62164567139644,0.196142056,19.614205600000002,0.0,0.0,0.0,0.0,0.6881082283569822,fall,night,137.62164567139644
2018-11-01 19:00:00,2572.2400000000002,0.0,8.35,120.12003530109388,0.19614990999999998,19.614991,0.0,0.0,0.0,0.0,0.6006001765054694,fall,night,120.12003530109388
2018-11-01 20:00:00,2553.44,0.0,7.5,29.667057819323695,0.1968175,19.68175,0.0,0.0,0.0,0.0,0.14833528909661847,fall,night,29.667057819323695
2018-11-01 21:00:00,2476.32,0.0,7.01,9.19593599319847,0.19720234600000003,19.7202346,0.0,0.0,0.0,0.0,0.04597967996599235,fall,night,9.19593599319847
2018-11-01 22:00:00,2340.7200000000003,0.0,6.7,1.0386227040557472,0.19744582,19.744582,0.0,0.0,0.0,0.0,0.005193113520278736,fall,night,1.0386227040557472
2018-11-01 23:00:00,2160.8,0.0,6.57,0.0,0.197547922,19.754792199999997,0.0,0.0,0.0,0.0,0.0,fall,night,9.394104611796314
2018-11-02 00:00:00,2002.56,0.0,6.64,16.439888211395854,0.19749294399999998,19.749294399999997,0.0,0.0,0.0,0.0,0.08219944105697927,fall,night,16.439888211395854
2018-11-02 01:00:00,1878.4,0.0,6.92,15.81944256318828,0.19727303200000001,19.7273032,0.0,0.0,0.0,0.0,0.0790972128159414,fall,night,15.81944256318828
2018-11-02 02:00:00,1803.6000000000001,0.0,7.02,46.30126262499704,0.197194492,19.7194492,0.0,0.0,0.0,0.0,0.23150631312498518,fall,night,46.30126262499704
2018-11-02 03:00:00,1768.08,0.0,7.15,36.129499917646086,0.19709239,19.709239,0.0,0.0,0.0,0.0,0.18064749958823043,fall,night,36.129499917646086
2018-11-02 04:00:00,1757.76,0.0,8.01,79.11340283476076,0.19641694599999995,19.641694599999994,0.0,0.0,0.0,0.0,0.3955670141738038,fall,night,79.11340283476076
2018-11-02 15:00:00,2345.28,0.0,15.64,132.47628675887927,0.19042434399999997,19.042434399999998,0.0,0.0,0.0,0.0,0.6623814337943963,fall,night,132.47628675887927
2018-11-02 16:00:00,2358.8,0.0,12.59,178.5491282815917,0.192819814,19.2819814,0.0,0.0,0.0,0.0,0.8927456414079584,fall,night,178.5491282815917
2018-11-02 17:00:00,2381.52,0.0,10.13,178.92540832212904,0.19475189799999998,19.4751898,0.0,0.0,0.0,0.0,0.8946270416106452,fall,night,178.92540832212904
2018-11-02 18:00:00,2421.68,0.0,8.54,178.93693711875778,0.196000684,19.6000684,0.0,0.0,0.0,0.0,0.8946846855937889,fall,night,178.93693711875778
2018-11-02 19:00:00,2518.8,0.0,8.36,178.92799048162655,0.196142056,19.614205600000002,0.0,0.0,0.0,0.0,0.8946399524081328,fall,night,178.92799048162655
2018-11-02 20:00:00,2506.64,0.0,7.35,178.91354008669367,0.19693530999999997,19.693530999999997,0.0,0.0,0.0,0.0,0.8945677004334683,fall,night,178.91354008669367
2018-11-02 21:00:00,2429.76,0.0,6.27,134.4518691077362,0.197783542,19.7783542,0.0,0.0,0.0,0.0,0.672259345538681,fall,night,134.4518691077362
2018-11-02 22:00:00,2299.44,0.0,5.25,113.485521973177,0.19858465,19.858465,0.0,0.0,0.0,0.0,0.567427609865885,fall,night,113.485521973177
2018-11-02 23:00:00,2124.0,0.0,4.7,91.71327437356176,0.19901661999999998,19.901661999999998,0.0,0.0,0.0,0.0,0.4585663718678088,fall,night,91.71327437356176
2018-11-03 00:00:00,1956.16,0.0,4.33,95.14478250316184,0.199307218,19.9307218,0.0,0.0,0.0,0.0,0.4757239125158092,fall,night,95.14478250316184
2018-11-03 01:00:00,1827.52,0.0,3.94,101.04270755816137,0.19961352400000001,19.961352400000003,0.0,0.0,0.0,0.0,0.5052135377908068,fall,night,101.04270755816137
2018-11-03 02:00:00,1751.92,0.0,3.5,137.06600858972496,0.19995909999999997,19.99591,0.0,0.0,0.0,0.0,0.6853300429486248,fall,night,137.06600858972496
2018-11-03 03:00:00,1709.6000000000001,0.0,3.08,116.89488172061046,0.20028896799999998,20.0288968,0.0,0.0,0.0,0.0,0.5844744086030523,fall,night,116.89488172061046
2018-11-03 04:00:00,1698.24,0.0,2.74,127.64614527005676,0.200556004,20.0556004,0.0,0.0,0.0,0.0,0.6382307263502838,fall,night,127.64614527005676
2018-11-03 15:00:00,2361.2000000000003,0.0,10.94,118.32793175031497,0.194115724,19.411572399999997,0.0,0.0,0.0,0.0,0.5916396587515749,fall,night,118.32793175031497
2018-11-03 16:00:00,2357.36,0.0,9.48,124.88274969543943,0.195262408,19.5262408,0.0,0.0,0.0,0.0,0.6244137484771971,fall,night,124.88274969543943
2018-11-03 17:00:00,2361.76,0.0,8.5,178.32612910811005,0.1960321,19.603209999999997,0.0,0.0,0.0,0.0,0.8916306455405503,fall,night,178.32612910811005
2018-11-03 18:00:00,2387.6,0.0,7.77,178.81900637890308,0.196605442,19.6605442,0.0,0.0,0.0,0.0,0.8940950318945154,fall,night,178.81900637890308
2018-11-03 19:00:00,2448.4,0.0,7.49,176.86372974440204,0.196825354,19.6825354,0.0,0.0,0.0,0.0,0.8843186487220102,fall,night,176.86372974440204
2018-11-03 20:00:00,2394.4,0.0,6.9,178.64962641413646,0.19728874000000002,19.728874,0.0,0.0,0.0,0.0,0.8932481320706823,fall,night,178.64962641413646
2018-11-03 21:00:00,2307.68,0.0,6.51,132.3507671371219,0.19759504600000002,19.759504600000003,0.0,0.0,0.0,0.0,0.6617538356856094,fall,night,132.3507671371219
2018-11-03 22:00:00,2194.96,0.0,6.22,161.07978884359724,0.197822812,19.7822812,0.0,0.0,0.0,0.0,0.8053989442179862,fall,night,161.07978884359724
2018-11-03 23:00:00,2051.6,0.0,5.86,122.94466321195797,0.198105556,19.810555599999997,0.0,0.0,0.0,0.0,0.6147233160597899,fall,night,122.94466321195797
2018-11-04 00:00:00,1904.88,0.0,5.43,98.41302662793107,0.198443278,19.8443278,0.0,0.0,0.0,0.0,0.4920651331396554,fall,night,98.41302662793107
2018-11-04 01:00:00,1782.08,0.0,5.0,72.7520468254885,0.19878099999999999,19.8781,0.0,0.0,0.0,0.0,0.3637602341274425,fall,night,72.7520468254885
2018-11-04 02:00:00,1702.48,0.0,4.64,21.958758616679848,0.199063744,19.906374399999997,0.0,0.0,0.0,0.0,0.10979379308339925,fall,night,21.958758616679848
2018-11-04 03:00:00,1663.3600000000001,0.0,4.34,11.624420631899289,0.19929936399999998,19.9299364,0.0,0.0,0.0,0.0,0.058122103159496445,fall,night,11.624420631899289
2018-11-04 04:00:00,1648.48,0.0,4.02,55.39070348083229,0.19955069199999997,19.955069199999997,0.0,0.0,0.0,0.0,0.27695351740416146,fall,night,55.39070348083229
2018-11-04 15:00:00,1961.8400000000001,0.0,12.93,44.45213638532072,0.192552778,19.2552778,0.0,0.0,0.0,0.0,0.22226068192660361,fall,night,44.45213638532072
2018-11-04 16:00:00,1971.76,0.0,11.44,57.268309242569,0.193723024,19.3723024,0.0,0.0,0.0,0.0,0.286341546212845,fall,night,57.268309242569
2018-11-04 17:00:00,2007.1200000000001,0.0,10.12,81.38924305416882,0.19475975199999998,19.475975199999997,0.0,0.0,0.0,0.0,0.40694621527084407,fall,night,81.38924305416882
2018-11-04 18:00:00,2087.44,0.0,8.97,148.806990841112,0.195662962,19.5662962,0.0,0.0,0.0,0.0,0.74403495420556,fall,night,148.806990841112
2018-11-04 19:00:00,2214.0,0.0,8.32,148.781472316503,0.196173472,19.617347199999998,0.0,0.0,0.0,0.0,0.743907361582515,fall,night,148.781472316503
2018-11-04 20:00:00,2211.52,0.0,7.51,166.58171610020813,0.19680964599999998,19.6809646,0.0,0.0,0.0,0.0,0.8329085805010407,fall,night,166.58171610020813
2018-11-04 21:00:00,2165.36,0.0,6.71,154.4610109289541,0.19743796599999996,19.743796599999996,0.0,0.0,0.0,0.0,0.7723050546447705,fall,night,154.4610109289541
2018-11-04 22:00:00,2096.2400000000002,0.0,6.07,167.38240375501107,0.19794062199999998,19.7940622,0.0,0.0,0.0,0.0,0.8369120187750554,fall,night,167.38240375501107
2018-11-04 23:00:00,1994.8,0.0,5.53,124.5678838333667,0.19836473799999998,19.8364738,0.0,0.0,0.0,0.0,0.6228394191668335,fall,night,124.5678838333667
2018-11-05 00:00:00,1879.44,0.0,5.0,124.39726734151687,0.19878099999999999,19.8781,0.0,0.0,0.0,0.0,0.6219863367075843,fall,night,124.39726734151687
2018-11-05 01:00:00,1773.28,0.0,4.44,166.80004799009126,0.19922082400000002,19.9220824,0.0,0.0,0.0,0.0,0.8340002399504562,fall,night,166.80004799009126
2018-11-05 02:00:00,1676.08,0.0,3.92,149.88748517833514,0.199629232,19.9629232,0.0,0.0,0.0,0.0,0.7494374258916757,fall,night,149.88748517833514
2018-11-05 03:00:00,1632.72,0.0,3.56,166.32678543322604,0.199911976,19.9911976,0.0,0.0,0.0,0.0,0.8316339271661302,fall,night,166.32678543322604
2018-11-05 04:00:00,1619.2,0.0,3.22,175.09725382356277,0.200179012,20.017901199999997,0.0,0.0,0.0,0.0,0.8754862691178138,fall,night,175.09725382356277
2018-11-05 15:00:00,2080.48,0.0,12.07,122.1484852441643,0.193228222,19.3228222,0.0,0.0,0.0,0.0,0.6107424262208215,fall,night,122.1484852441643
2018-11-05 16:00:00,2102.0,0.0,10.03,141.3213953183451,0.194830438,19.4830438,0.0,0.0,0.0,0.0,0.7066069765917256,fall,night,141.3213953183451
2018-11-05 17:00:00,2191.04,0.0,7.99,158.49718080222934,0.196432654,19.6432654,0.0,0.0,0.0,0.0,0.7924859040111467,fall,night,158.49718080222934
2018-11-05 18:00:00,2326.48,0.0,6.59,153.83626168158472,0.19753221399999998,19.753221399999997,0.0,0.0,0.0,0.0,0.7691813084079235,fall,night,153.83626168158472
2018-11-05 19:00:00,2322.2400000000002,0.0,8.07,147.12423507749227,0.196369822,19.6369822,0.0,0.0,0.0,0.0,0.7356211753874614,fall,night,147.12423507749227
2018-11-05 20:00:00,2269.04,0.0,7.65,167.91326180376075,0.19669969,19.669969000000002,0.0,0.0,0.0,0.0,0.8395663090188037,fall,night,167.91326180376075
2018-11-05 21:00:00,2195.84,0.0,6.97,120.53007738012813,0.197233762,19.7233762,0.0,0.0,0.0,0.0,0.6026503869006407,fall,night,120.53007738012813
2018-11-05 22:00:00,2078.64,0.0,6.59,151.44347267029954,0.19753221399999998,19.753221399999997,0.0,0.0,0.0,0.0,0.7572173633514977,fall,night,151.44347267029954
2018-11-05 23:00:00,1934.96,0.0,6.17,144.02198259082536,0.19786208200000002,19.7862082,0.0,0.0,0.0,0.0,0.7201099129541269,fall,night,144.02198259082536
2018-11-06 00:00:00,1807.76,0.0,5.92,143.23336925930525,0.198058432,19.8058432,0.0,0.0,0.0,0.0,0.7161668462965263,fall,night,143.23336925930525
2018-11-06 01:00:00,1726.56,0.0,5.52,118.58380799683128,0.19837259200000001,19.837259200000002,0.0,0.0,0.0,0.0,0.5929190399841564,fall,night,118.58380799683128
2018-11-06 02:00:00,1677.28,0.0,5.03,126.14348603925839,0.19875743799999998,19.8757438,0.0,0.0,0.0,0.0,0.630717430196292,fall,night,126.14348603925839
2018-11-06 03:00:00,1654.8,0.0,4.43,123.68099084436257,0.199228678,19.9228678,0.0,0.0,0.0,0.0,0.6184049542218129,fall,night,123.68099084436257
2018-11-06 04:00:00,1658.24,0.0,3.77,134.3314046996427,0.19974704199999999,19.974704199999998,0.0,0.0,0.0,0.0,0.6716570234982134,fall,night,134.3314046996427
2018-11-06 07:00:00,2135.12,0.0,9.98,146.60255399935036,0.194869708,19.4869708,0.0,0.0,0.0,0.0,0.7330127699967518,fall,night,146.60255399935036
2018-11-06 15:00:00,2363.12,0.0,11.84,140.8849255036115,0.193408864,19.340886400000002,0.0,0.0,0.0,0.0,0.7044246275180575,fall,night,140.8849255036115
2018-11-06 16:00:00,2363.68,0.0,9.38,149.9748300571032,0.19534094800000001,19.534094800000002,0.0,0.0,0.0,0.0,0.749874150285516,fall,night,149.9748300571032
2018-11-06 17:00:00,2425.28,0.0,7.47,144.6581636523071,0.196841062,19.684106200000002,0.0,0.0,0.0,0.0,0.7232908182615355,fall,night,144.6581636523071
2018-11-06 18:00:00,2559.84,0.0,6.03,137.96432127002666,0.19797203799999996,19.797203799999995,0.0,0.0,0.0,0.0,0.6898216063501333,fall,night,137.96432127002666
2018-11-06 19:00:00,2535.52,0.0,5.04,149.4705815862707,0.198749584,19.8749584,0.0,0.0,0.0,0.0,0.7473529079313534,fall,night,149.4705815862707
2018-11-06 20:00:00,2465.84,0.0,4.33,141.7960519988828,0.199307218,19.9307218,0.0,0.0,0.0,0.0,0.708980259994414,fall,night,141.7960519988828
2018-11-06 21:00:00,2366.88,0.0,3.91,139.9917286510461,0.199637086,19.9637086,0.0,0.0,0.0,0.0,0.6999586432552305,fall,night,139.9917286510461
2018-11-06 22:00:00,2228.64,0.0,3.58,116.68067158767126,0.199896268,19.9896268,0.0,0.0,0.0,0.0,0.5834033579383563,fall,night,116.68067158767126
2018-11-06 23:00:00,2057.52,0.0,3.05,88.6517909121964,0.20031253000000002,20.031253000000003,0.0,0.0,0.0,0.0,0.443258954560982,fall,night,88.6517909121964
2018-11-07 00:00:00,1915.44,0.0,2.6,105.02990732209871,0.20066596,20.066596,0.0,0.0,0.0,0.0,0.5251495366104936,fall,night,105.02990732209871
2018-11-07 01:00:00,1813.2,0.0,2.28,103.21824967146493,0.200917288,20.0917288,0.0,0.0,0.0,0.0,0.5160912483573247,fall,night,103.21824967146493
2018-11-07 02:00:00,1761.28,0.0,1.87,137.99734381683632,0.201239302,20.1239302,0.0,0.0,0.0,0.0,0.6899867190841816,fall,night,137.99734381683632
2018-11-07 03:00:00,1737.3600000000001,0.0,1.46,142.69138246680694,0.201561316,20.1561316,0.0,0.0,0.0,0.0,0.7134569123340347,fall,night,142.69138246680694
2018-11-07 04:00:00,1751.28,0.0,1.2,131.40210840803175,0.20176551999999998,20.176551999999997,0.0,0.0,0.0,0.0,0.6570105420401587,fall,night,131.40210840803175
2018-11-07 07:00:00,2252.0,0.0,8.1,109.14963975600473,0.19634626,19.634626,0.0,0.0,0.0,0.0,0.5457481987800237,fall,night,109.14963975600473
2018-11-07 15:00:00,2513.2000000000003,0.0,10.57,55.41140924806829,0.194406322,19.4406322,0.0,0.0,0.0,0.0,0.27705704624034144,fall,night,55.41140924806829
2018-11-07 16:00:00,2545.6,0.0,8.15,57.169841681459985,0.19630699000000001,19.630699,0.0,0.0,0.0,0.0,0.28584920840729994,fall,night,57.169841681459985
2018-11-07 17:00:00,2645.68,0.0,6.59,66.51904717657617,0.19753221399999998,19.753221399999997,0.0,0.0,0.0,0.0,0.3325952358828808,fall,night,66.51904717657617
2018-11-07 18:00:00,2759.2000000000003,0.0,5.38,59.847838089043485,0.198482548,19.8482548,0.0,0.0,0.0,0.0,0.2992391904452174,fall,night,59.847838089043485
2018-11-07 19:00:00,2743.6,0.0,4.63,37.94164551156516,0.199071598,19.9071598,0.0,0.0,0.0,0.0,0.18970822755782582,fall,night,37.94164551156516
2018-11-07 20:00:00,2691.68,0.0,4.19,30.13120401965436,0.19941717400000003,19.9417174,0.0,0.0,0.0,0.0,0.15065602009827178,fall,night,30.13120401965436
2018-11-07 21:00:00,2602.32,0.0,3.9,31.455330560707896,0.19964494,19.964494,0.0,0.0,0.0,0.0,0.15727665280353947,fall,night,31.455330560707896
2018-11-07 22:00:00,2459.36,0.0,3.62,42.79563560729339,0.199864852,19.9864852,0.0,0.0,0.0,0.0,0.21397817803646696,fall,night,42.79563560729339
2018-11-07 23:00:00,2277.2000000000003,0.0,3.38,34.72661448122345,0.200053348,20.0053348,0.0,0.0,0.0,0.0,0.17363307240611725,fall,night,34.72661448122345
2018-11-08 00:00:00,2123.52,0.0,3.08,21.734009211849056,0.20028896799999998,20.0288968,0.0,0.0,0.0,0.0,0.10867004605924528,fall,night,21.734009211849056
2018-11-08 01:00:00,2017.52,0.0,2.86,29.359129237871834,0.200461756,20.046175599999998,0.0,0.0,0.0,0.0,0.14679564618935917,fall,night,29.359129237871834
2018-11-08 02:00:00,1957.44,0.0,2.49,45.20976380287407,0.200752354,20.0752354,0.0,0.0,0.0,0.0,0.22604881901437035,fall,night,45.20976380287407
2018-11-08 03:00:00,1931.68,0.0,2.14,65.83325955799269,0.201027244,20.1027244,0.0,0.0,0.0,0.0,0.3291662977899634,fall,night,65.83325955799269
2018-11-08 04:00:00,1937.2,0.0,1.91,76.63357807647897,0.20120788600000003,20.120788600000004,0.0,0.0,0.0,0.0,0.38316789038239485,fall,night,76.63357807647897
2018-11-08 15:00:00,2387.2000000000003,0.0,10.64,51.1501126473598,0.194351344,19.435134400000003,0.0,0.0,0.0,0.0,0.255750563236799,fall,night,51.1501126473598
2018-11-08 16:00:00,2411.12,0.0,9.99,55.38871533924757,0.194861854,19.4861854,0.0,0.0,0.0,0.0,0.2769435766962378,fall,night,55.38871533924757
2018-11-08 17:00:00,2504.7200000000003,0.0,9.38,33.1960697462769,0.19534094800000001,19.534094800000002,0.0,0.0,0.0,0.0,0.16598034873138448,fall,night,33.1960697462769
2018-11-08 18:00:00,2675.36,0.0,7.49,101.00020497038068,0.196825354,19.6825354,0.0,0.0,0.0,0.0,0.5050010248519033,fall,night,101.00020497038068
2018-11-08 19:00:00,2681.68,0.0,4.78,64.64734522552067,0.198953788,19.8953788,0.0,0.0,0.0,0.0,0.32323672612760335,fall,night,64.64734522552067
2018-11-08 20:00:00,2646.56,0.0,4.02,67.4559346527468,0.19955069199999997,19.955069199999997,0.0,0.0,0.0,0.0,0.33727967326373404,fall,night,67.4559346527468
2018-11-08 21:00:00,2576.16,0.0,3.55,90.51191557536502,0.19991983000000002,19.991983,0.0,0.0,0.0,0.0,0.4525595778768251,fall,night,90.51191557536502
2018-11-08 22:00:00,2453.84,0.0,3.24,80.11554136019862,0.20016330400000001,20.0163304,0.0,0.0,0.0,0.0,0.4005777068009931,fall,night,80.11554136019862
2018-11-08 23:00:00,2288.0,0.0,3.07,55.61136901251443,0.20029682199999999,20.0296822,0.0,0.0,0.0,0.0,0.27805684506257217,fall,night,55.61136901251443
2018-11-09 00:00:00,2140.16,0.0,2.86,61.615611151038884,0.200461756,20.046175599999998,0.0,0.0,0.0,0.0,0.3080780557551944,fall,night,61.615611151038884
2018-11-09 01:00:00,2034.96,0.0,2.5,49.84855272557443,0.2007445,20.07445,0.0,0.0,0.0,0.0,0.24924276362787215,fall,night,49.84855272557443
2018-11-09 02:00:00,1978.4,0.0,2.07,24.824043416810493,0.201082222,20.1082222,0.0,0.0,0.0,0.0,0.12412021708405246,fall,night,24.824043416810493
2018-11-09 03:00:00,1953.52,0.0,1.66,25.231189658521306,0.20140423600000001,20.140423600000002,0.0,0.0,0.0,0.0,0.12615594829260654,fall,night,25.231189658521306
2018-11-09 04:00:00,1958.48,0.0,1.29,21.41579593761095,0.201694834,20.169483399999997,0.0,0.0,0.0,0.0,0.10707897968805476,fall,night,21.41579593761095
2018-11-09 15:00:00,2388.64,0.0,10.62,64.35949505565239,0.19436705199999998,19.4367052,0.0,0.0,0.0,0.0,0.32179747527826197,fall,night,64.35949505565239
2018-11-09 16:00:00,2413.44,0.0,9.03,70.78421701653065,0.195615838,19.561583799999998,0.0,0.0,0.0,0.0,0.35392108508265324,fall,night,70.78421701653065
2018-11-09 17:00:00,2495.04,0.0,7.23,55.84827305427435,0.197029558,19.702955799999998,0.0,0.0,0.0,0.0,0.2792413652713718,fall,night,55.84827305427435
2018-11-09 18:00:00,2625.84,0.0,5.92,27.87887599904858,0.198058432,19.8058432,0.0,0.0,0.0,0.0,0.1393943799952429,fall,night,27.87887599904858
2018-11-09 19:00:00,2611.04,0.0,5.68,55.95379003203907,0.198246928,19.824692799999998,0.0,0.0,0.0,0.0,0.2797689501601954,fall,night,55.95379003203907
2018-11-09 20:00:00,2559.68,0.0,5.25,79.83722578396672,0.19858465,19.858465,0.0,0.0,0.0,0.0,0.39918612891983357,fall,night,79.83722578396672
2018-11-09 21:00:00,2489.04,0.0,4.69,40.58131261027355,0.199024474,19.9024474,0.0,0.0,0.0,0.0,0.20290656305136776,fall,night,40.58131261027355
2018-11-09 22:00:00,2370.0,0.0,4.09,36.280465327124965,0.199495714,19.9495714,0.0,0.0,0.0,0.0,0.18140232663562483,fall,night,36.280465327124965
2018-11-09 23:00:00,2203.92,0.0,3.67,72.25479928005355,0.199825582,19.9825582,0.0,0.0,0.0,0.0,0.36127399640026775,fall,night,72.25479928005355
2018-11-10 00:00:00,2059.04,0.0,3.58,42.428193098556164,0.199896268,19.9896268,0.0,0.0,0.0,0.0,0.21214096549278083,fall,night,42.428193098556164
2018-11-10 01:00:00,1951.8400000000001,0.0,3.37,18.475163299052603,0.200061202,20.006120199999998,0.0,0.0,0.0,0.0,0.09237581649526301,fall,night,18.475163299052603
2018-11-10 02:00:00,1893.2,0.0,3.16,41.25218916697161,0.200226136,20.0226136,0.0,0.0,0.0,0.0,0.20626094583485804,fall,night,41.25218916697161
2018-11-10 03:00:00,1868.64,0.0,3.05,52.93511222881768,0.20031253000000002,20.031253000000003,0.0,0.0,0.0,0.0,0.2646755611440884,fall,night,52.93511222881768
2018-11-10 04:00:00,1872.96,0.0,2.75,80.68776245216216,0.20054814999999998,20.054814999999998,0.0,0.0,0.0,0.0,0.4034388122608108,fall,night,80.68776245216216
2018-11-10 15:00:00,2443.52,0.0,10.44,64.91310156588813,0.19450842399999999,19.4508424,0.0,0.0,0.0,0.0,0.32456550782944066,fall,night,64.91310156588813
2018-11-10 16:00:00,2499.2000000000003,0.0,8.1,57.924547500708705,0.19634626,19.634626,0.0,0.0,0.0,0.0,0.2896227375035435,fall,night,57.924547500708705
2018-11-10 17:00:00,2636.7200000000003,0.0,6.11,66.5643804415518,0.19790920599999998,19.790920599999996,0.0,0.0,0.0,0.0,0.33282190220775903,fall,night,66.5643804415518
2018-11-10 18:00:00,2839.44,0.0,5.03,46.52459517587829,0.19875743799999998,19.8757438,0.0,0.0,0.0,0.0,0.23262297587939146,fall,night,46.52459517587829
2018-11-10 19:00:00,2844.64,0.0,4.57,26.106999364331035,0.199118722,19.9118722,0.0,0.0,0.0,0.0,0.13053499682165517,fall,night,26.106999364331035
2018-11-10 20:00:00,2815.28,0.0,4.14,6.804385024348543,0.19945644399999998,19.9456444,0.0,0.0,0.0,0.0,0.034021925121742715,fall,night,6.804385024348543
2018-11-10 21:00:00,2769.84,0.0,3.69,0.0,0.199809874,19.9809874,0.0,0.0,0.0,0.0,0.0,fall,night,65.23114360537109
2018-11-10 22:00:00,2689.36,0.0,3.46,67.41760231316822,0.199990516,19.9990516,0.0,0.0,0.0,0.0,0.33708801156584106,fall,night,67.41760231316822
2018-11-10 23:00:00,2565.52,0.0,3.51,40.63140104925328,0.199951246,19.9951246,0.0,0.0,0.0,0.0,0.2031570052462664,fall,night,40.63140104925328
2018-11-11 00:00:00,2455.6,0.0,3.68,6.121414823631988,0.19981772799999997,19.981772799999998,0.0,0.0,0.0,0.0,0.03060707411815994,fall,night,6.121414823631988
2018-11-11 01:00:00,2363.12,0.0,3.68,67.65982220910422,0.19981772799999997,19.981772799999998,0.0,0.0,0.0,0.0,0.33829911104552113,fall,night,67.65982220910422
2018-11-11 02:00:00,2314.08,0.0,3.84,17.75219197756831,0.19969206399999997,19.969206399999997,0.0,0.0,0.0,0.0,0.08876095988784155,fall,night,17.75219197756831
2018-11-11 03:00:00,2297.2000000000003,0.0,3.89,39.03589015118164,0.19965279399999997,19.965279399999996,0.0,0.0,0.0,0.0,0.1951794507559082,fall,night,39.03589015118164
2018-11-11 04:00:00,2297.52,0.0,3.67,61.85320619322738,0.199825582,19.9825582,0.0,0.0,0.0,0.0,0.3092660309661369,fall,night,61.85320619322738
2018-11-11 15:00:00,2313.2000000000003,0.0,11.25,53.5348460483821,0.19387225,19.387225,0.0,0.0,0.0,0.0,0.2676742302419105,fall,night,53.5348460483821
2018-11-11 16:00:00,2372.16,0.0,9.66,22.899482963652925,0.195121036,19.5121036,0.0,0.0,0.0,0.0,0.11449741481826463,fall,night,22.899482963652925
2018-11-11 17:00:00,2496.96,0.0,9.59,5.507842053593249,0.195176014,19.5176014,0.0,0.0,0.0,0.0,0.027539210267966244,fall,night,5.507842053593249
2018-11-11 18:00:00,2672.96,0.0,9.06,1.1095152187206323,0.195592276,19.5592276,0.0,0.0,0.0,0.0,0.005547576093603162,fall,night,1.1095152187206323
2018-11-11 19:00:00,2681.92,0.0,6.82,87.55575512673124,0.197351572,19.7351572,0.0,0.0,0.0,0.0,0.4377787756336562,fall,night,87.55575512673124
2018-11-11 20:00:00,2662.8,0.0,6.45,178.89422844312966,0.19764217,19.764217000000002,0.0,0.0,0.0,0.0,0.8944711422156483,fall,night,178.89422844312966
2018-11-11 21:00:00,2625.92,0.0,6.2,177.23436055336379,0.19783852,19.783852,0.0,0.0,0.0,0.0,0.886171802766819,fall,night,177.23436055336379
2018-11-11 22:00:00,2560.7200000000003,0.0,5.83,171.90329224489304,0.198129118,19.8129118,0.0,0.0,0.0,0.0,0.8595164612244652,fall,night,171.90329224489304
2018-11-11 23:00:00,2458.88,0.0,5.03,171.88433216295095,0.19875743799999998,19.8757438,0.0,0.0,0.0,0.0,0.8594216608147548,fall,night,171.88433216295095
2018-11-12 00:00:00,2360.2400000000002,0.0,4.19,171.8828895480208,0.19941717400000003,19.9417174,0.0,0.0,0.0,0.0,0.8594144477401041,fall,night,171.8828895480208
2018-11-12 01:00:00,2271.68,0.0,3.59,171.8460968058887,0.199888414,19.9888414,0.0,0.0,0.0,0.0,0.8592304840294435,fall,night,171.8460968058887
2018-11-12 02:00:00,2224.64,0.0,3.19,171.87628261409574,0.200202574,20.0202574,0.0,0.0,0.0,0.0,0.8593814130704787,fall,night,171.87628261409574
2018-11-12 03:00:00,2196.64,0.0,2.88,171.93924851282162,0.200446048,20.0446048,0.0,0.0,0.0,0.0,0.8596962425641081,fall,night,171.93924851282162
2018-11-12 04:00:00,2185.92,0.0,2.45,171.99570446013922,0.20078376999999997,20.078376999999996,0.0,0.0,0.0,0.0,0.8599785223006962,fall,night,171.99570446013922
2018-11-12 15:00:00,2222.4,0.0,9.57,110.33277796394664,0.195191722,19.5191722,0.0,0.0,0.0,0.0,0.5516638898197332,fall,night,110.33277796394664
2018-11-12 16:00:00,2272.4,0.0,7.51,23.38602757919989,0.19680964599999998,19.6809646,0.0,0.0,0.0,0.0,0.11693013789599944,fall,night,23.38602757919989
2018-11-12 17:00:00,2408.32,0.0,5.7,101.92994604737977,0.19823122,19.823122,0.0,0.0,0.0,0.0,0.5096497302368989,fall,night,101.92994604737977
2018-11-12 18:00:00,2605.76,0.0,4.45,84.64641298785523,0.19921297,19.921297,0.0,0.0,0.0,0.0,0.4232320649392761,fall,night,84.64641298785523
2018-11-12 19:00:00,2617.28,0.0,4.65,162.85490833120448,0.19905589,19.905589000000003,0.0,0.0,0.0,0.0,0.8142745416560224,fall,night,162.85490833120448
2018-11-12 20:00:00,2602.16,0.0,4.19,113.31609351715223,0.19941717400000003,19.9417174,0.0,0.0,0.0,0.0,0.5665804675857611,fall,night,113.31609351715223
2018-11-12 21:00:00,2546.0,0.0,3.66,7.43992509201145,0.19983343599999998,19.983343599999998,0.0,0.0,0.0,0.0,0.03719962546005725,fall,night,7.43992509201145
2018-11-12 22:00:00,2437.12,0.0,3.17,49.8876821402089,0.200218282,20.021828199999998,0.0,0.0,0.0,0.0,0.2494384107010445,fall,night,49.8876821402089
2018-11-12 23:00:00,2291.36,0.0,2.45,62.91632247580639,0.20078376999999997,20.078376999999996,0.0,0.0,0.0,0.0,0.3145816123790319,fall,night,62.91632247580639
2018-11-13 00:00:00,2154.7200000000003,0.0,2.15,24.12703613336936,0.20101939,20.101938999999998,0.0,0.0,0.0,0.0,0.1206351806668468,fall,night,24.12703613336936
2018-11-13 01:00:00,2060.2400000000002,0.0,1.61,24.96609704224993,0.201443506,20.1443506,0.0,0.0,0.0,0.0,0.12483048521124966,fall,night,24.96609704224993
2018-11-13 02:00:00,2015.68,0.0,1.61,19.863896864850485,0.201443506,20.1443506,0.0,0.0,0.0,0.0,0.09931948432425243,fall,night,19.863896864850485
2018-11-13 03:00:00,1994.56,0.0,1.38,18.171150386697427,0.20162414799999998,20.162414799999997,0.0,0.0,0.0,0.0,0.09085575193348713,fall,night,18.171150386697427
2018-11-13 04:00:00,2006.16,0.0,1.69,17.39365670681508,0.201380674,20.1380674,0.0,0.0,0.0,0.0,0.0869682835340754,fall,night,17.39365670681508
2018-11-13 15:00:00,2540.32,0.0,7.58,0.0,0.19675466800000002,19.675466800000002,0.0,0.0,0.0,0.0,0.0,fall,night,10.076871376531367
2018-11-13 16:00:00,2539.12,0.0,5.81,0.0,0.19814482600000002,19.8144826,0.0,0.0,0.0,0.0,0.0,fall,night,31.93199356705215
2018-11-13 17:00:00,2633.76,0.0,4.02,40.44126076458524,0.19955069199999997,19.955069199999997,0.0,0.0,0.0,0.0,0.20220630382292618,fall,night,40.44126076458524
2018-11-13 18:00:00,2792.96,0.0,3.23,79.33496545471894,0.20017115800000002,20.017115800000003,0.0,0.0,0.0,0.0,0.3966748272735947,fall,night,79.33496545471894
2018-11-13 19:00:00,2796.64,0.0,3.26,37.80665494094763,0.20014759599999998,20.014759599999998,0.0,0.0,0.0,0.0,0.18903327470473816,fall,night,37.80665494094763
2018-11-13 20:00:00,2755.04,0.0,2.41,39.4538938886657,0.200815186,20.0815186,0.0,0.0,0.0,0.0,0.1972694694433285,fall,night,39.4538938886657
2018-11-13 21:00:00,2684.56,0.0,1.61,46.33744619569825,0.201443506,20.1443506,0.0,0.0,0.0,0.0,0.23168723097849125,fall,night,46.33744619569825
2018-11-13 22:00:00,2558.0,0.0,1.01,45.73129031513083,0.20191474599999998,20.1914746,0.0,0.0,0.0,0.0,0.22865645157565415,fall,night,45.73129031513083
2018-11-13 23:00:00,2391.04,0.0,0.71,20.68018506661584,0.202150366,20.2150366,0.0,0.0,0.0,0.0,0.10340092533307921,fall,night,20.68018506661584
2018-11-14 00:00:00,2238.0,0.0,0.27,9.394104611796314,0.202495942,20.2495942,0.0,0.0,0.0,0.0,0.04697052305898157,fall,night,9.394104611796314
2018-11-14 01:00:00,2132.56,0.0,0.0,23.660342626633284,0.20270800000000003,20.2708,0.0,0.0,0.0,0.0,0.11830171313316643,fall,night,23.660342626633284
2018-11-14 02:00:00,2078.88,0.0,-0.31,8.760958042329321,0.202951474,20.295147399999998,0.0,0.0,0.0,0.0,0.043804790211646606,fall,night,8.760958042329321
2018-11-14 03:00:00,2063.04,0.0,-0.5,0.1341316384266814,0.2031007,20.31007,0.0,0.0,0.0,0.0,0.000670658192133407,fall,night,0.1341316384266814
2018-11-14 04:00:00,2076.64,0.0,-0.58,7.032644741664828,0.20316353199999998,20.3163532,0.0,0.0,0.0,0.0,0.035163223708324136,fall,night,7.032644741664828
2018-11-14 15:00:00,2498.16,0.0,5.27,0.0,0.198568942,19.8568942,0.0,0.0,0.0,0.0,0.0,fall,night,17.75219197756831
2018-11-14 16:00:00,2530.0,0.0,4.09,0.0,0.199495714,19.9495714,0.0,0.0,0.0,0.0,0.0,fall,night,33.69174435652504
2018-11-14 17:00:00,2640.2400000000002,0.0,3.12,40.44126076458524,0.200257552,20.0257552,0.0,0.0,0.0,0.0,0.20220630382292618,fall,night,40.44126076458524
2018-11-14 18:00:00,2796.56,0.0,1.96,79.33496545471894,0.201168616,20.1168616,0.0,0.0,0.0,0.0,0.3966748272735947,fall,night,79.33496545471894
2018-11-14 19:00:00,2785.12,0.0,1.22,37.80665494094763,0.20174981199999997,20.174981199999998,0.0,0.0,0.0,0.0,0.18903327470473816,fall,night,37.80665494094763
2018-11-14 20:00:00,2742.2400000000002,0.0,0.29,39.4538938886657,0.20248023399999998,20.248023399999997,0.0,0.0,0.0,0.0,0.1972694694433285,fall,night,39.4538938886657
2018-11-14 21:00:00,2671.68,0.0,-0.91,46.33744619569825,0.203422714,20.3422714,0.0,0.0,0.0,0.0,0.23168723097849125,fall,night,46.33744619569825
2018-11-14 22:00:00,2540.88,0.0,-0.89,45.73129031513083,0.203407006,20.3407006,0.0,0.0,0.0,0.0,0.22865645157565415,fall,night,45.73129031513083
2018-11-14 23:00:00,2370.08,0.0,0.19,20.68018506661584,0.202558774,20.2558774,0.0,0.0,0.0,0.0,0.10340092533307921,fall,night,20.68018506661584
2018-11-15 00:00:00,2205.84,0.0,-0.04,9.394104611796314,0.202739416,20.2739416,0.0,0.0,0.0,0.0,0.04697052305898157,fall,night,9.394104611796314
2018-11-15 01:00:00,2112.4,0.0,-0.34,23.660342626633284,0.202975036,20.2975036,0.0,0.0,0.0,0.0,0.11830171313316643,fall,night,23.660342626633284
2018-11-15 02:00:00,2066.16,0.0,-0.65,8.760958042329321,0.20321851,20.321851,0.0,0.0,0.0,0.0,0.043804790211646606,fall,night,8.760958042329321
2018-11-15 03:00:00,2061.04,0.0,-0.89,0.1341316384266814,0.203407006,20.3407006,0.0,0.0,0.0,0.0,0.000670658192133407,fall,night,0.1341316384266814
2018-11-15 04:00:00,2081.44,0.0,-1.77,7.032644741664828,0.204098158,20.4098158,0.0,0.0,0.0,0.0,0.035163223708324136,fall,night,7.032644741664828
2018-11-15 15:00:00,2402.96,0.0,4.96,41.589997455563434,0.198812416,19.8812416,0.0,0.0,0.0,0.0,0.20794998727781716,fall,night,41.589997455563434
2018-11-15 16:00:00,2451.2000000000003,0.0,3.82,33.69174435652504,0.19970777199999998,19.970777199999997,0.0,0.0,0.0,0.0,0.16845872178262522,fall,night,33.69174435652504
2018-11-15 17:00:00,2567.04,0.0,2.62,118.14459842601143,0.200650252,20.0650252,0.0,0.0,0.0,0.0,0.5907229921300572,fall,night,118.14459842601143
2018-11-15 18:00:00,2715.36,0.0,2.05,150.06416307745545,0.20109793,20.109793,0.0,0.0,0.0,0.0,0.7503208153872772,fall,night,150.06416307745545
2018-11-15 19:00:00,2706.0,0.0,1.26,141.235299089475,0.201718396,20.1718396,0.0,0.0,0.0,0.0,0.706176495447375,fall,night,141.235299089475
2018-11-15 20:00:00,2658.88,0.0,0.66,129.47479910667698,0.202189636,20.218963600000002,0.0,0.0,0.0,0.0,0.6473739955333849,fall,night,129.47479910667698
2018-11-15 21:00:00,2578.16,0.0,-0.08,117.01534612870445,0.20277083199999998,20.2770832,0.0,0.0,0.0,0.0,0.5850767306435223,fall,night,117.01534612870445
2018-11-15 22:00:00,2449.04,0.0,-1.05,147.19260775150343,0.20353267000000003,20.353267000000002,0.0,0.0,0.0,0.0,0.7359630387575171,fall,night,147.19260775150343
2018-11-15 23:00:00,2268.96,0.0,-1.12,114.33228844604996,0.20358764799999998,20.3587648,0.0,0.0,0.0,0.0,0.5716614422302498,fall,night,114.33228844604996
2018-11-16 00:00:00,2106.4,0.0,-1.09,90.25778501414213,0.203564086,20.3564086,0.0,0.0,0.0,0.0,0.45128892507071067,fall,night,90.25778501414213
2018-11-16 01:00:00,1993.04,0.0,-1.12,177.71313899084544,0.20358764799999998,20.3587648,0.0,0.0,0.0,0.0,0.8885656949542272,fall,night,177.71313899084544
2018-11-16 02:00:00,1928.08,0.0,-1.35,171.94654644717528,0.20376829,20.376829,0.0,0.0,0.0,0.0,0.8597327322358764,fall,night,171.94654644717528
2018-11-16 03:00:00,1892.64,0.0,-1.95,173.9630311722935,0.20423952999999997,20.423952999999997,0.0,0.0,0.0,0.0,0.8698151558614675,fall,night,173.9630311722935
2018-11-16 04:00:00,1888.96,0.0,-1.88,109.11910238617625,0.204184552,20.4184552,0.0,0.0,0.0,0.0,0.5455955119308813,fall,night,109.11910238617625
2018-11-16 15:00:00,2350.4,0.0,4.02,158.45094438757005,0.19955069199999997,19.955069199999997,0.0,0.0,0.0,0.0,0.7922547219378502,fall,night,158.45094438757005
2018-11-16 16:00:00,2373.28,0.0,3.51,125.05107497534124,0.199951246,19.9951246,0.0,0.0,0.0,0.0,0.6252553748767062,fall,night,125.05107497534124
2018-11-16 17:00:00,2487.2000000000003,0.0,3.15,113.74218620263872,0.20023399,20.023399,0.0,0.0,0.0,0.0,0.5687109310131936,fall,night,113.74218620263872
2018-11-16 18:00:00,2656.88,0.0,2.4,74.27158707553555,0.20082304,20.082304,0.0,0.0,0.0,0.0,0.37135793537767775,fall,night,74.27158707553555
2018-11-16 19:00:00,2667.52,0.0,1.2,64.32900617708157,0.20176551999999998,20.176551999999997,0.0,0.0,0.0,0.0,0.32164503088540786,fall,night,64.32900617708157
2018-11-16 20:00:00,2635.92,0.0,0.13,50.589208202770386,0.20260589799999998,20.260589799999998,0.0,0.0,0.0,0.0,0.25294604101385193,fall,night,50.589208202770386
2018-11-16 21:00:00,2583.04,0.0,1.46,44.216211260835,0.201561316,20.1561316,0.0,0.0,0.0,0.0,0.22108105630417502,fall,night,44.216211260835
2018-11-16 22:00:00,2471.28,0.0,1.43,38.96850245585193,0.20158487799999997,20.158487799999996,0.0,0.0,0.0,0.0,0.19484251227925967,fall,night,38.96850245585193
2018-11-16 23:00:00,2307.36,0.0,1.12,52.914503444098,0.20182835200000002,20.182835200000003,0.0,0.0,0.0,0.0,0.26457251722049,fall,night,52.914503444098
2018-11-17 00:00:00,2154.8,0.0,0.05,53.28890444838176,0.20266873,20.266873,0.0,0.0,0.0,0.0,0.2664445222419088,fall,night,53.28890444838176
2018-11-17 01:00:00,2045.68,0.0,-1.4,60.3443885726422,0.20380756,20.380755999999998,0.0,0.0,0.0,0.0,0.301721942863211,fall,night,60.3443885726422
2018-11-17 02:00:00,1989.1200000000001,0.0,-2.03,84.55638896707389,0.20430236199999996,20.430236199999996,0.0,0.0,0.0,0.0,0.4227819448353694,fall,night,84.55638896707389
2018-11-17 03:00:00,1967.1200000000001,0.0,-2.63,106.0605526459293,0.204773602,20.4773602,0.0,0.0,0.0,0.0,0.5303027632296465,fall,night,106.0605526459293
2018-11-17 04:00:00,1976.4,0.0,-2.92,138.01153963266356,0.205001368,20.5001368,0.0,0.0,0.0,0.0,0.6900576981633177,fall,night,138.01153963266356
2018-11-17 15:00:00,2335.92,0.0,4.12,89.55704996522985,0.199472152,19.947215200000002,0.0,0.0,0.0,0.0,0.44778524982614926,fall,night,89.55704996522985
2018-11-17 16:00:00,2380.2400000000002,0.0,3.46,55.611520547696564,0.199990516,19.9990516,0.0,0.0,0.0,0.0,0.27805760273848285,fall,night,55.611520547696564
2018-11-17 17:00:00,2487.92,0.0,2.88,110.76973269126186,0.200446048,20.0446048,0.0,0.0,0.0,0.0,0.5538486634563093,fall,night,110.76973269126186
2018-11-17 18:00:00,2657.44,0.0,2.37,105.70929409460453,0.200846602,20.084660200000002,0.0,0.0,0.0,0.0,0.5285464704730226,fall,night,105.70929409460453
2018-11-17 19:00:00,2657.36,0.0,1.93,86.11834088379244,0.201192178,20.1192178,0.0,0.0,0.0,0.0,0.4305917044189622,fall,night,86.11834088379244
2018-11-17 20:00:00,2623.76,0.0,1.79,59.52845647855386,0.201302134,20.1302134,0.0,0.0,0.0,0.0,0.2976422823927693,fall,night,59.52845647855386
2018-11-17 21:00:00,2578.4,0.0,1.75,26.199508562093285,0.20133354999999997,20.133354999999998,0.0,0.0,0.0,0.0,0.13099754281046644,fall,night,26.199508562093285
2018-11-17 22:00:00,2502.0,0.0,1.7,67.41760231316822,0.20137281999999998,20.137282,0.0,0.0,0.0,0.0,0.33708801156584106,fall,night,67.41760231316822
2018-11-17 23:00:00,2379.6,0.0,1.68,40.63140104925328,0.20138852799999998,20.1388528,0.0,0.0,0.0,0.0,0.2031570052462664,fall,night,40.63140104925328
2018-11-18 00:00:00,2256.2400000000002,0.0,1.66,6.121414823631988,0.20140423600000001,20.140423600000002,0.0,0.0,0.0,0.0,0.03060707411815994,fall,night,6.121414823631988
2018-11-18 01:00:00,2158.96,0.0,1.83,67.65982220910422,0.20127071800000002,20.127071800000003,0.0,0.0,0.0,0.0,0.33829911104552113,fall,night,67.65982220910422
2018-11-18 02:00:00,2101.28,0.0,1.96,17.75219197756831,0.201168616,20.1168616,0.0,0.0,0.0,0.0,0.08876095988784155,fall,night,17.75219197756831
2018-11-18 03:00:00,2078.64,0.0,2.07,39.03589015118164,0.201082222,20.1082222,0.0,0.0,0.0,0.0,0.1951794507559082,fall,night,39.03589015118164
2018-11-18 04:00:00,2078.8,0.0,2.13,61.85320619322738,0.20103509799999997,20.103509799999998,0.0,0.0,0.0,0.0,0.3092660309661369,fall,night,61.85320619322738
2018-11-18 15:00:00,2335.12,0.0,8.89,53.5348460483821,0.19572579399999998,19.5725794,0.0,0.0,0.0,0.0,0.2676742302419105,fall,night,53.5348460483821
2018-11-18 16:00:00,2352.88,0.0,8.04,22.899482963652925,0.196393384,19.6393384,0.0,0.0,0.0,0.0,0.11449741481826463,fall,night,22.899482963652925
2018-11-18 17:00:00,2430.88,0.0,7.33,5.507842053593249,0.196951018,19.6951018,0.0,0.0,0.0,0.0,0.027539210267966244,fall,night,5.507842053593249
2018-11-18 18:00:00,2502.16,0.0,6.83,1.1095152187206323,0.19734371800000003,19.7343718,0.0,0.0,0.0,0.0,0.005547576093603162,fall,night,1.1095152187206323
2018-11-18 19:00:00,2469.76,0.0,6.54,87.55575512673124,0.197571484,19.7571484,0.0,0.0,0.0,0.0,0.4377787756336562,fall,night,87.55575512673124
2018-11-18 20:00:00,2407.76,0.0,6.37,178.89422844312966,0.197705002,19.7705002,0.0,0.0,0.0,0.0,0.8944711422156483,fall,night,178.89422844312966
2018-11-18 21:00:00,2344.2400000000002,0.0,5.92,177.23436055336379,0.198058432,19.8058432,0.0,0.0,0.0,0.0,0.886171802766819,fall,night,177.23436055336379
2018-11-18 22:00:00,2252.7200000000003,0.0,5.71,171.90329224489304,0.19822336599999998,19.8223366,0.0,0.0,0.0,0.0,0.8595164612244652,fall,night,171.90329224489304
2018-11-18 23:00:00,2133.36,0.0,5.49,171.88433216295095,0.19839615400000002,19.839615400000003,0.0,0.0,0.0,0.0,0.8594216608147548,fall,night,171.88433216295095
2018-11-19 00:00:00,2000.8,0.0,5.19,171.8828895480208,0.198631774,19.8631774,0.0,0.0,0.0,0.0,0.8594144477401041,fall,night,171.8828895480208
2018-11-19 01:00:00,1887.92,0.0,4.43,171.8460968058887,0.199228678,19.9228678,0.0,0.0,0.0,0.0,0.8592304840294435,fall,night,171.8460968058887
2018-11-19 02:00:00,1806.16,0.0,3.64,171.87628261409574,0.199849144,19.9849144,0.0,0.0,0.0,0.0,0.8593814130704787,fall,night,171.87628261409574
2018-11-19 03:00:00,1764.32,0.0,2.93,171.93924851282162,0.20040677799999998,20.040677799999997,0.0,0.0,0.0,0.0,0.8596962425641081,fall,night,171.93924851282162
2018-11-19 04:00:00,1737.1200000000001,0.0,2.46,171.99570446013922,0.20077591600000003,20.0775916,0.0,0.0,0.0,0.0,0.8599785223006962,fall,night,171.99570446013922
2018-11-19 15:00:00,2133.04,0.0,11.56,110.33277796394664,0.19362877599999997,19.362877599999997,0.0,0.0,0.0,0.0,0.5516638898197332,fall,night,110.33277796394664
2018-11-19 16:00:00,2202.48,0.0,10.42,23.38602757919989,0.194524132,19.4524132,0.0,0.0,0.0,0.0,0.11693013789599944,fall,night,23.38602757919989
2018-11-19 17:00:00,2350.64,0.0,10.1,101.92994604737977,0.19477545999999998,19.477545999999997,0.0,0.0,0.0,0.0,0.5096497302368989,fall,night,101.92994604737977
2018-11-19 18:00:00,2529.92,0.0,10.16,84.64641298785523,0.194728336,19.4728336,0.0,0.0,0.0,0.0,0.4232320649392761,fall,night,84.64641298785523
2018-11-19 19:00:00,2541.92,0.0,9.91,162.85490833120448,0.19492468599999999,19.4924686,0.0,0.0,0.0,0.0,0.8142745416560224,fall,night,162.85490833120448
2018-11-19 20:00:00,2521.92,0.0,9.77,113.31609351715223,0.195034642,19.5034642,0.0,0.0,0.0,0.0,0.5665804675857611,fall,night,113.31609351715223
2018-11-19 21:00:00,2471.28,0.0,9.24,7.43992509201145,0.19545090399999998,19.5450904,0.0,0.0,0.0,0.0,0.03719962546005725,fall,night,7.43992509201145
2018-11-19 22:00:00,2377.6,0.0,8.57,49.8876821402089,0.19597712199999998,19.597712199999997,0.0,0.0,0.0,0.0,0.2494384107010445,fall,night,49.8876821402089
2018-11-19 23:00:00,2252.96,0.0,7.83,62.91632247580639,0.196558318,19.6558318,0.0,0.0,0.0,0.0,0.3145816123790319,fall,night,62.91632247580639
2018-11-20 00:00:00,2131.76,0.0,7.29,24.12703613336936,0.196982434,19.698243400000003,0.0,0.0,0.0,0.0,0.1206351806668468,fall,night,24.12703613336936
2018-11-20 01:00:00,2041.1200000000001,0.0,6.72,24.96609704224993,0.19743011200000002,19.7430112,0.0,0.0,0.0,0.0,0.12483048521124966,fall,night,24.96609704224993
2018-11-20 02:00:00,1999.1200000000001,0.0,6.61,19.863896864850485,0.197516506,19.7516506,0.0,0.0,0.0,0.0,0.09931948432425243,fall,night,19.863896864850485
2018-11-20 03:00:00,1989.52,0.0,6.16,18.171150386697427,0.197869936,19.7869936,0.0,0.0,0.0,0.0,0.09085575193348713,fall,night,18.171150386697427
2018-11-20 04:00:00,2009.1200000000001,0.0,5.87,17.39365670681508,0.198097702,19.8097702,0.0,0.0,0.0,0.0,0.0869682835340754,fall,night,17.39365670681508
2018-11-20 15:00:00,2421.36,0.0,11.4,148.0759730014759,0.19375444,19.375444,0.0,0.0,0.0,0.0,0.7403798650073794,fall,night,148.0759730014759
2018-11-20 16:00:00,2462.64,0.0,11.37,114.1185753485072,0.193778002,19.3778002,0.0,0.0,0.0,0.0,0.570592876742536,fall,night,114.1185753485072
2018-11-20 17:00:00,2585.36,0.0,10.87,107.37155017883521,0.194170702,19.4170702,0.0,0.0,0.0,0.0,0.5368577508941761,fall,night,107.37155017883521
2018-11-20 18:00:00,2779.2000000000003,0.0,9.06,134.23721043065925,0.195592276,19.5592276,0.0,0.0,0.0,0.0,0.6711860521532962,fall,night,134.23721043065925
2018-11-20 19:00:00,2790.64,0.0,8.79,111.19513437631979,0.195804334,19.5804334,0.0,0.0,0.0,0.0,0.5559756718815989,fall,night,111.19513437631979
2018-11-20 20:00:00,2764.7200000000003,0.0,8.05,136.04326734097506,0.19638552999999997,19.638552999999998,0.0,0.0,0.0,0.0,0.6802163367048754,fall,night,136.04326734097506
2018-11-20 21:00:00,2705.12,0.0,7.44,116.38477793035493,0.19686462399999996,19.686462399999996,0.0,0.0,0.0,0.0,0.5819238896517747,fall,night,116.38477793035493
2018-11-20 22:00:00,2590.08,0.0,7.36,111.03311295997928,0.196927456,19.6927456,0.0,0.0,0.0,0.0,0.5551655647998964,fall,night,111.03311295997928
2018-11-20 23:00:00,2414.64,0.0,7.43,142.00881951689135,0.196872478,19.687247799999998,0.0,0.0,0.0,0.0,0.7100440975844567,fall,night,142.00881951689135
2018-11-21 00:00:00,2253.04,0.0,8.77,118.97662355640304,0.195820042,19.5820042,0.0,0.0,0.0,0.0,0.5948831177820152,fall,night,118.97662355640304
2018-11-21 01:00:00,2143.44,0.0,9.81,82.69393066210576,0.19500322599999997,19.500322599999997,0.0,0.0,0.0,0.0,0.41346965331052876,fall,night,82.69393066210576
2018-11-21 02:00:00,2084.32,0.0,9.66,53.53489453964026,0.195121036,19.5121036,0.0,0.0,0.0,0.0,0.2676744726982013,fall,night,53.53489453964026
2018-11-21 03:00:00,2067.36,0.0,9.44,57.95324826413461,0.19529382399999998,19.5293824,0.0,0.0,0.0,0.0,0.289766241320673,fall,night,57.95324826413461
2018-11-21 04:00:00,2075.12,0.0,9.28,20.498473168757407,0.19541948799999997,19.541948799999997,0.0,0.0,0.0,0.0,0.10249236584378703,fall,night,20.498473168757407
2018-11-21 15:00:00,2369.84,0.0,11.54,53.31760521180766,0.19364448399999998,19.364448399999997,0.0,0.0,0.0,0.0,0.2665880260590383,fall,night,53.31760521180766
2018-11-21 16:00:00,2390.56,0.0,10.02,72.73019545227851,0.194838292,19.4838292,0.0,0.0,0.0,0.0,0.36365097726139256,fall,night,72.73019545227851
2018-11-21 17:00:00,2486.56,0.0,9.27,26.25303684969903,0.195427342,19.5427342,0.0,0.0,0.0,0.0,0.13126518424849515,fall,night,26.25303684969903
2018-11-21 18:00:00,2648.2400000000002,0.0,8.69,25.97597598477208,0.19588287399999998,19.5882874,0.0,0.0,0.0,0.0,0.1298798799238604,fall,night,25.97597598477208
2018-11-21 19:00:00,2652.08,0.0,8.36,16.840926069929775,0.196142056,19.614205600000002,0.0,0.0,0.0,0.0,0.08420463034964888,fall,night,16.840926069929775
2018-11-21 20:00:00,2608.2400000000002,0.0,7.25,33.802586280576875,0.19701385,19.701385,0.0,0.0,0.0,0.0,0.16901293140288437,fall,night,33.802586280576875
2018-11-21 21:00:00,2541.04,0.0,6.48,41.89731686558463,0.197618608,19.7618608,0.0,0.0,0.0,0.0,0.20948658432792314,fall,night,41.89731686558463
2018-11-21 22:00:00,2427.28,0.0,6.52,27.872211481754665,0.197587192,19.758719199999998,0.0,0.0,0.0,0.0,0.13936105740877333,fall,night,27.872211481754665
2018-11-21 23:00:00,2260.08,0.0,6.16,35.214472906796274,0.197869936,19.7869936,0.0,0.0,0.0,0.0,0.17607236453398137,fall,night,35.214472906796274
2018-11-22 00:00:00,2101.12,0.0,5.69,27.82275039842745,0.19823907400000002,19.823907400000003,0.0,0.0,0.0,0.0,0.13911375199213724,fall,night,27.82275039842745
2018-11-22 01:00:00,1981.76,0.0,5.59,21.60318888943367,0.198317614,19.8317614,0.0,0.0,0.0,0.0,0.10801594444716836,fall,night,21.60318888943367
2018-11-22 02:00:00,1916.64,0.0,5.82,4.3442927985977855,0.198136972,19.8136972,0.0,0.0,0.0,0.0,0.021721463992988927,fall,night,4.3442927985977855
2018-11-22 03:00:00,1876.0,0.0,6.56,0.0,0.19755577600000002,19.755577600000002,0.0,0.0,0.0,0.0,0.0,fall,night,0.0
2018-11-22 04:00:00,1870.96,0.0,6.35,0.0,0.19772071000000002,19.772071000000004,0.0,0.0,0.0,0.0,0.0,fall,night,32.850945339109614
2018-11-22 15:00:00,2411.6,0.0,8.95,127.4356568411819,0.19567867,19.567867,0.0,0.0,0.0,0.0,0.6371782842059095,fall,night,127.4356568411819
2018-11-22 16:00:00,2445.84,0.0,7.53,174.75051708206155,0.196793938,19.6793938,0.0,0.0,0.0,0.0,0.8737525854103078,fall,night,174.75051708206155
2018-11-22 17:00:00,2555.2000000000003,0.0,6.69,153.91932720681953,0.19745367399999997,19.745367399999996,0.0,0.0,0.0,0.0,0.7695966360340977,fall,night,153.91932720681953
2018-11-22 18:00:00,2702.8,0.0,5.67,163.64233362689959,0.19825478200000002,19.825478200000003,0.0,0.0,0.0,0.0,0.818211668134498,fall,night,163.64233362689959
2018-11-22 19:00:00,2696.08,0.0,5.38,177.48486639303871,0.198482548,19.8482548,0.0,0.0,0.0,0.0,0.8874243319651935,fall,night,177.48486639303871
2018-11-22 20:00:00,2657.76,0.0,4.99,136.6987115547622,0.198788854,19.878885399999998,0.0,0.0,0.0,0.0,0.683493557773811,fall,night,136.6987115547622
2018-11-22 21:00:00,2600.4,0.0,5.03,143.66823886251944,0.19875743799999998,19.8757438,0.0,0.0,0.0,0.0,0.7183411943125972,fall,night,143.66823886251944
2018-11-22 22:00:00,2511.68,0.0,5.02,150.6039556405221,0.19876529199999998,19.876529199999997,0.0,0.0,0.0,0.0,0.7530197782026105,fall,night,150.6039556405221
2018-11-22 23:00:00,2384.48,0.0,5.71,161.13181996360717,0.19822336599999998,19.8223366,0.0,0.0,0.0,0.0,0.8056590998180359,fall,night,161.13181996360717
2018-11-23 00:00:00,2245.44,0.0,5.8,170.17872489392172,0.19815268,19.815268,0.0,0.0,0.0,0.0,0.8508936244696086,fall,night,170.17872489392172
2018-11-23 01:00:00,2134.56,0.0,5.98,150.78902252730478,0.198011308,19.8011308,0.0,0.0,0.0,0.0,0.7539451126365239,fall,night,150.78902252730478
2018-11-23 02:00:00,2075.52,0.0,6.1,152.3730743349313,0.19791706,19.791706,0.0,0.0,0.0,0.0,0.7618653716746564,fall,night,152.3730743349313
2018-11-23 03:00:00,2050.56,0.0,6.06,109.9638322262063,0.197948476,19.7948476,0.0,0.0,0.0,0.0,0.5498191611310316,fall,night,109.9638322262063
2018-11-23 04:00:00,2058.7200000000003,0.0,6.05,117.49814934061371,0.19795632999999999,19.795633,0.0,0.0,0.0,0.0,0.5874907467030686,fall,night,117.49814934061371
2018-11-23 15:00:00,2178.96,0.0,6.06,66.31486261126213,0.197948476,19.7948476,0.0,0.0,0.0,0.0,0.33157431305631063,fall,night,66.31486261126213
2018-11-23 16:00:00,2162.32,0.0,5.66,104.1089613470492,0.198262636,19.8262636,0.0,0.0,0.0,0.0,0.5205448067352461,fall,night,104.1089613470492
2018-11-23 17:00:00,2215.6,0.0,4.73,90.66088072044464,0.19899305799999997,19.899305799999997,0.0,0.0,0.0,0.0,0.4533044036022232,fall,night,90.66088072044464
2018-11-23 18:00:00,2316.8,0.0,4.09,148.98937858588087,0.199495714,19.9495714,0.0,0.0,0.0,0.0,0.7449468929294043,fall,night,148.98937858588087
2018-11-23 19:00:00,2322.56,0.0,4.03,130.8761600991714,0.199542838,19.9542838,0.0,0.0,0.0,0.0,0.6543808004958569,fall,night,130.8761600991714
2018-11-23 20:00:00,2331.04,0.0,3.37,118.51935099191712,0.200061202,20.006120199999998,0.0,0.0,0.0,0.0,0.5925967549595856,fall,night,118.51935099191712
2018-11-23 21:00:00,2343.84,0.0,2.65,156.856976117649,0.20062669,20.062669,0.0,0.0,0.0,0.0,0.784284880588245,fall,night,156.856976117649
2018-11-23 22:00:00,2328.16,0.0,2.02,149.5367236624063,0.20112149199999999,20.112149199999998,0.0,0.0,0.0,0.0,0.7476836183120316,fall,night,149.5367236624063
2018-11-23 23:00:00,2274.2400000000002,0.0,1.38,141.21672693759825,0.20162414799999998,20.162414799999997,0.0,0.0,0.0,0.0,0.7060836346879913,fall,night,141.21672693759825
2018-11-24 00:00:00,2203.76,0.0,0.75,168.94111888024742,0.20211895000000002,20.211895000000002,0.0,0.0,0.0,0.0,0.844705594401237,fall,night,168.94111888024742
2018-11-24 01:00:00,2135.44,0.0,0.09,140.85483667792076,0.202637314,20.2637314,0.0,0.0,0.0,0.0,0.7042741833896038,fall,night,140.85483667792076
2018-11-24 02:00:00,2101.12,0.0,-0.51,100.94091834586811,0.20310855399999997,20.310855399999998,0.0,0.0,0.0,0.0,0.5047045917293406,fall,night,100.94091834586811
2018-11-24 03:00:00,2086.08,0.0,-1.08,95.637956782911,0.20355623199999998,20.355623199999997,0.0,0.0,0.0,0.0,0.478189783914555,fall,night,95.637956782911
2018-11-24 04:00:00,2101.84,0.0,-1.61,60.73874979106756,0.203972494,20.3972494,0.0,0.0,0.0,0.0,0.3036937489553378,fall,night,60.73874979106756
2018-11-24 15:00:00,2136.96,0.0,4.28,11.733542631638173,0.19934648800000002,19.9346488,0.0,0.0,0.0,0.0,0.058667713158190866,fall,night,11.733542631638173
2018-11-24 16:00:00,2175.04,0.0,2.91,4.591364093378041,0.20042248599999998,20.042248599999997,0.0,0.0,0.0,0.0,0.022956820466890203,fall,night,4.591364093378041
2018-11-24 17:00:00,2298.48,0.0,1.52,12.076162162250903,0.20151419199999998,20.1514192,0.0,0.0,0.0,0.0,0.060380810811254515,fall,night,12.076162162250903
2018-11-24 18:00:00,2485.6,0.0,0.12,0.0,0.202613752,20.2613752,0.0,0.0,0.0,0.0,0.0,fall,night,21.958758616679848
2018-11-24 19:00:00,2483.92,0.0,-0.18,0.0,0.20284937200000003,20.2849372,0.0,0.0,0.0,0.0,0.0,fall,night,24.648939968228706
2018-11-24 20:00:00,2458.16,0.0,-0.78,0.0,0.20332061199999998,20.3320612,0.0,0.0,0.0,0.0,0.0,fall,night,64.07363302736884
2018-11-24 21:00:00,2420.88,0.0,-1.01,0.0,0.203501254,20.3501254,0.0,0.0,0.0,0.0,0.0,fall,night,29.213970656558086
2018-11-24 22:00:00,2355.52,0.0,-0.87,0.0,0.20339129799999997,20.3391298,0.0,0.0,0.0,0.0,0.0,fall,night,0.0
2018-11-24 23:00:00,2255.04,0.0,-1.21,0.0,0.20365833399999997,20.365833399999996,0.0,0.0,0.0,0.0,0.0,fall,night,0.021815155709748523
2018-11-25 00:00:00,2143.84,0.0,-1.64,0.0,0.203996056,20.3996056,0.0,0.0,0.0,0.0,0.0,fall,night,15.81944256318828
2018-11-25 01:00:00,2056.2400000000002,0.0,-1.96,0.0,0.204247384,20.4247384,0.0,0.0,0.0,0.0,0.0,fall,night,11.624420631899289
2018-11-25 02:00:00,2002.8,0.0,-2.16,0.0,0.204404464,20.4404464,0.0,0.0,0.0,0.0,0.0,fall,night,51.56671923046811
2018-11-25 03:00:00,1980.64,0.0,-2.31,0.0,0.20452227399999998,20.452227399999998,0.0,0.0,0.0,0.0,0.0,fall,night,0.0
2018-11-25 04:00:00,1978.72,0.0,-2.55,0.0,0.20471077000000001,20.471077,0.0,0.0,0.0,0.0,0.0,fall,night,0.0
2018-11-25 15:00:00,2067.44,0.0,6.2,86.5799352316621,0.19783852,19.783852,0.0,0.0,0.0,0.0,0.43289967615831054,fall,night,86.5799352316621
2018-11-25 16:00:00,2105.2,0.0,5.39,150.14644061974533,0.19847469399999998,19.847469399999998,0.0,0.0,0.0,0.0,0.7507322030987267,fall,night,150.14644061974533
2018-11-25 17:00:00,2214.8,0.0,4.12,153.0557221445489,0.199472152,19.947215200000002,0.0,0.0,0.0,0.0,0.7652786107227445,fall,night,153.0557221445489
2018-11-25 18:00:00,2355.76,0.0,1.65,163.5119891249549,0.20141209,20.141209,0.0,0.0,0.0,0.0,0.8175599456247745,fall,night,163.5119891249549
2018-11-25 19:00:00,2352.88,0.0,-0.36,177.26330983448767,0.202990744,20.2990744,0.0,0.0,0.0,0.0,0.8863165491724384,fall,night,177.26330983448767
2018-11-25 20:00:00,2328.96,0.0,-1.07,178.90564813442725,0.203548378,20.3548378,0.0,0.0,0.0,0.0,0.8945282406721362,fall,night,178.90564813442725
2018-11-25 21:00:00,2289.6,0.0,-1.45,169.6394657346954,0.20384683,20.384683,0.0,0.0,0.0,0.0,0.848197328673477,fall,night,169.6394657346954
2018-11-25 22:00:00,2223.52,0.0,-1.71,178.89770769090316,0.20405103400000002,20.4051034,0.0,0.0,0.0,0.0,0.8944885384545158,fall,night,178.89770769090316
2018-11-25 23:00:00,2119.6,0.0,-1.73,178.9067876789941,0.20406674200000002,20.4066742,0.0,0.0,0.0,0.0,0.8945339383949705,fall,night,178.9067876789941
2018-11-26 00:00:00,1997.28,0.0,-1.65,178.88117217186925,0.20400390999999998,20.400391,0.0,0.0,0.0,0.0,0.8944058608593463,fall,night,178.88117217186925
2018-11-26 01:00:00,1890.24,0.0,-1.57,178.87580176502735,0.203941078,20.3941078,0.0,0.0,0.0,0.0,0.8943790088251368,fall,night,178.87580176502735
2018-11-26 02:00:00,1824.08,0.0,-1.7,178.8812691543856,0.20404318,20.404318,0.0,0.0,0.0,0.0,0.894406345771928,fall,night,178.8812691543856
2018-11-26 03:00:00,1793.76,0.0,-1.69,178.87982653945497,0.204035326,20.4035326,0.0,0.0,0.0,0.0,0.8943991326972749,fall,night,178.87982653945497
2018-11-26 04:00:00,1785.04,0.0,-1.69,178.8693039364334,0.204035326,20.4035326,0.0,0.0,0.0,0.0,0.8943465196821669,fall,night,178.8693039364334
2018-11-26 15:00:00,2100.0,0.0,8.63,178.84208821778913,0.19592999800000002,19.5929998,0.0,0.0,0.0,0.0,0.8942104410889457,fall,night,178.84208821778913
2018-11-26 16:00:00,2142.4,0.0,8.21,178.8320141589053,0.19625986599999998,19.625986599999997,0.0,0.0,0.0,0.0,0.8941600707945265,fall,night,178.8320141589053
2018-11-26 17:00:00,2291.84,0.0,7.98,178.81815778188522,0.19644050799999999,19.6440508,0.0,0.0,0.0,0.0,0.8940907889094261,fall,night,178.81815778188522
2018-11-26 18:00:00,2514.64,0.0,7.4,178.82183099469088,0.19689604000000002,19.689604000000003,0.0,0.0,0.0,0.0,0.8941091549734544,fall,night,178.82183099469088
2018-11-26 19:00:00,2549.2000000000003,0.0,7.03,178.82306752177408,0.197186638,19.718663799999998,0.0,0.0,0.0,0.0,0.8941153376088704,fall,night,178.82306752177408
2018-11-26 20:00:00,2545.92,0.0,7.03,178.84959223998973,0.197186638,19.718663799999998,0.0,0.0,0.0,0.0,0.8942479611999486,fall,night,178.84959223998973
2018-11-26 21:00:00,2513.36,0.0,7.22,178.8512773112112,0.19703741200000002,19.703741200000003,0.0,0.0,0.0,0.0,0.894256386556056,fall,night,178.8512773112112
2018-11-26 22:00:00,2421.92,0.0,7.19,178.82983205228794,0.19706097399999997,19.706097399999997,0.0,0.0,0.0,0.0,0.8941491602614398,fall,night,178.82983205228794
2018-11-26 23:00:00,2288.56,0.0,6.72,178.818897273572,0.19743011200000002,19.7430112,0.0,0.0,0.0,0.0,0.8940944863678599,fall,night,178.818897273572
2018-11-27 00:00:00,2151.04,0.0,6.45,178.80370738695237,0.19764217,19.764217000000002,0.0,0.0,0.0,0.0,0.8940185369347619,fall,night,178.80370738695237
2018-11-27 01:00:00,2054.56,0.0,6.27,178.79780357627064,0.197783542,19.7783542,0.0,0.0,0.0,0.0,0.8939890178813532,fall,night,178.79780357627064
2018-11-27 02:00:00,2001.6000000000001,0.0,6.15,178.80465296648654,0.19787779,19.787779,0.0,0.0,0.0,0.0,0.8940232648324327,fall,night,178.80465296648654
2018-11-27 03:00:00,1979.68,0.0,6.01,178.81195090084023,0.197987746,19.798774599999998,0.0,0.0,0.0,0.0,0.8940597545042012,fall,night,178.81195090084023
2018-11-27 04:00:00,1988.4,0.0,5.95,178.78210453144032,0.19803487,19.803487,0.0,0.0,0.0,0.0,0.8939105226572016,fall,night,178.78210453144032
2018-11-27 15:00:00,2313.44,0.0,10.6,172.72260054283092,0.19438276,19.438276,0.0,0.0,0.0,0.0,0.8636130027141546,fall,night,172.72260054283092
2018-11-27 16:00:00,2353.28,0.0,10.03,175.86209431576776,0.194830438,19.4830438,0.0,0.0,0.0,0.0,0.8793104715788388,fall,night,175.86209431576776
2018-11-27 17:00:00,2477.28,0.0,9.9,178.91990456432745,0.19493254,19.493254,0.0,0.0,0.0,0.0,0.8945995228216372,fall,night,178.91990456432745
2018-11-27 18:00:00,2681.76,0.0,9.89,159.69013848994945,0.19494039400000002,19.494039400000002,0.0,0.0,0.0,0.0,0.7984506924497472,fall,night,159.69013848994945
2018-11-27 19:00:00,2705.44,0.0,10.02,178.93613701299807,0.194838292,19.4838292,0.0,0.0,0.0,0.0,0.8946806850649903,fall,night,178.93613701299807
2018-11-27 20:00:00,2681.68,0.0,9.66,178.65414822396,0.195121036,19.5121036,0.0,0.0,0.0,0.0,0.8932707411198,fall,night,178.65414822396
2018-11-27 21:00:00,2619.92,0.0,9.41,178.92099561763612,0.195317386,19.5317386,0.0,0.0,0.0,0.0,0.8946049780881806,fall,night,178.92099561763612
2018-11-27 22:00:00,2503.6,0.0,9.27,178.91851044065547,0.195427342,19.5427342,0.0,0.0,0.0,0.0,0.8945925522032774,fall,night,178.91851044065547
2018-11-27 23:00:00,2338.32,0.0,9.08,178.89304040730465,0.19557656799999998,19.557656799999997,0.0,0.0,0.0,0.0,0.8944652020365232,fall,night,178.89304040730465
2018-11-28 00:00:00,2184.48,0.0,8.82,178.89204633651227,0.195780772,19.5780772,0.0,0.0,0.0,0.0,0.8944602316825613,fall,night,178.89204633651227
2018-11-28 01:00:00,2085.6,0.0,8.81,178.8724801138431,0.19578862600000002,19.5788626,0.0,0.0,0.0,0.0,0.8943624005692155,fall,night,178.8724801138431
2018-11-28 02:00:00,2040.0,0.0,8.58,178.89358593395923,0.19596926799999997,19.5969268,0.0,0.0,0.0,0.0,0.8944679296697962,fall,night,178.89358593395923
2018-11-28 03:00:00,2026.4,0.0,8.35,178.5166997526943,0.19614990999999998,19.614991,0.0,0.0,0.0,0.0,0.8925834987634715,fall,night,178.5166997526943
2018-11-28 04:00:00,2047.6000000000001,0.0,8.21,172.46826389376108,0.19625986599999998,19.625986599999997,0.0,0.0,0.0,0.0,0.8623413194688054,fall,night,172.46826389376108
2018-11-28 15:00:00,2332.08,0.0,9.69,60.73045778592153,0.195097474,19.5097474,0.0,0.0,0.0,0.0,0.30365228892960766,fall,night,60.73045778592153
2018-11-28 16:00:00,2357.92,0.0,9.26,106.68655054319665,0.19543519599999998,19.543519599999996,0.0,0.0,0.0,0.0,0.5334327527159832,fall,night,106.68655054319665
2018-11-28 17:00:00,2478.96,0.0,9.0,124.94143624063258,0.1956394,19.56394,0.0,0.0,0.0,0.0,0.6247071812031629,fall,night,124.94143624063258
2018-11-28 18:00:00,2676.2400000000002,0.0,8.72,167.68812901492038,0.195859312,19.5859312,0.0,0.0,0.0,0.0,0.8384406450746019,fall,night,167.68812901492038
2018-11-28 19:00:00,2687.52,0.0,8.7,173.02465258993408,0.19587502,19.587502,0.0,0.0,0.0,0.0,0.8651232629496703,fall,night,173.02465258993408
2018-11-28 20:00:00,2654.0,0.0,8.58,177.64411168484907,0.19596926799999997,19.5969268,0.0,0.0,0.0,0.0,0.8882205584242453,fall,night,177.64411168484907
2018-11-28 21:00:00,2592.4,0.0,8.26,171.97450165750678,0.19622059599999997,19.622059599999996,0.0,0.0,0.0,0.0,0.8598725082875339,fall,night,171.97450165750678
2018-11-28 22:00:00,2460.7200000000003,0.0,7.94,178.75172475820062,0.19647192399999996,19.647192399999998,0.0,0.0,0.0,0.0,0.8937586237910031,fall,night,178.75172475820062
2018-11-28 23:00:00,2280.2400000000002,0.0,7.77,167.1288672117009,0.196605442,19.6605442,0.0,0.0,0.0,0.0,0.8356443360585045,fall,night,167.1288672117009
2018-11-29 00:00:00,2112.16,0.0,7.62,178.5746952974584,0.196723252,19.6723252,0.0,0.0,0.0,0.0,0.892873476487292,fall,night,178.5746952974584
2018-11-29 01:00:00,1996.88,0.0,6.44,167.64700842799738,0.19765002399999998,19.765002399999997,0.0,0.0,0.0,0.0,0.8382350421399869,fall,night,167.64700842799738
2018-11-29 02:00:00,1937.8400000000001,0.0,5.81,177.64262057866028,0.19814482600000002,19.8144826,0.0,0.0,0.0,0.0,0.8882131028933015,fall,night,177.64262057866028
2018-11-29 03:00:00,1919.3600000000001,0.0,5.38,177.23743974825723,0.198482548,19.8482548,0.0,0.0,0.0,0.0,0.8861871987412862,fall,night,177.23743974825723
2018-11-29 04:00:00,1921.8400000000001,0.0,4.88,176.6079141119582,0.19887524799999998,19.887524799999998,0.0,0.0,0.0,0.0,0.883039570559791,fall,night,176.6079141119582
2018-11-29 15:00:00,2297.28,0.0,7.79,178.60399614020417,0.19658973400000002,19.6589734,0.0,0.0,0.0,0.0,0.8930199807010208,fall,night,178.60399614020417
2018-11-29 16:00:00,2322.2400000000002,0.0,7.56,178.7411415411061,0.196770376,19.6770376,0.0,0.0,0.0,0.0,0.8937057077055305,fall,night,178.7411415411061
2018-11-29 17:00:00,2436.4,0.0,7.35,178.51217794287078,0.19693530999999997,19.693530999999997,0.0,0.0,0.0,0.0,0.8925608897143539,fall,night,178.51217794287078
2018-11-29 18:00:00,2630.2400000000002,0.0,7.07,178.79923406838648,0.197155222,19.7155222,0.0,0.0,0.0,0.0,0.8939961703419325,fall,night,178.79923406838648
2018-11-29 19:00:00,2644.96,0.0,6.79,178.49530298502972,0.197375134,19.7375134,0.0,0.0,0.0,0.0,0.8924765149251486,fall,night,178.49530298502972
2018-11-29 20:00:00,2614.08,0.0,6.34,178.80370738695237,0.197728564,19.7728564,0.0,0.0,0.0,0.0,0.8940185369347619,fall,night,178.80370738695237
2018-11-29 21:00:00,2565.84,0.0,5.64,178.76755715399116,0.19827834399999997,19.827834399999997,0.0,0.0,0.0,0.0,0.8938377857699558,fall,night,178.76755715399116
2018-11-29 22:00:00,2457.2000000000003,0.0,4.86,178.7626474141018,0.198890956,19.8890956,0.0,0.0,0.0,0.0,0.893813237070509,fall,night,178.7626474141018
2018-11-29 23:00:00,2293.76,0.0,4.28,178.78006789859745,0.19934648800000002,19.9346488,0.0,0.0,0.0,0.0,0.8939003394929873,fall,night,178.78006789859745
2018-11-30 00:00:00,2145.76,0.0,3.83,178.7657266089952,0.199699918,19.9699918,0.0,0.0,0.0,0.0,0.8938286330449761,fall,night,178.7657266089952
2018-11-30 01:00:00,2041.04,0.0,3.7,178.76016223712114,0.19980202,19.980202,0.0,0.0,0.0,0.0,0.8938008111856057,fall,night,178.76016223712114
2018-11-30 02:00:00,1992.56,0.0,3.68,178.77764333568925,0.19981772799999997,19.981772799999998,0.0,0.0,0.0,0.0,0.8938882166784462,fall,night,178.77764333568925
2018-11-30 03:00:00,1978.16,0.0,3.76,178.76880580388863,0.19975489600000002,19.975489600000003,0.0,0.0,0.0,0.0,0.8938440290194432,fall,night,178.76880580388863
2018-11-30 04:00:00,1995.1200000000001,0.0,3.78,178.77525514122442,0.199739188,19.9739188,0.0,0.0,0.0,0.0,0.893876275706122,fall,night,178.77525514122442
2018-11-30 15:00:00,2365.52,0.0,6.2,66.770050051647,0.19783852,19.783852,0.0,0.0,0.0,0.0,0.333850250258235,fall,night,66.770050051647
2018-11-30 16:00:00,2389.2000000000003,0.0,5.85,20.12324932843668,0.19811341000000002,19.811341000000002,0.0,0.0,0.0,0.0,0.1006162466421834,fall,night,20.12324932843668
2018-11-30 17:00:00,2527.44,0.0,5.51,19.723923817456658,0.19838044600000002,19.8380446,0.0,0.0,0.0,0.0,0.09861961908728328,fall,night,19.723923817456658
2018-11-30 18:00:00,2710.0,0.0,4.98,20.24404105252304,0.19879670799999996,19.879670799999996,0.0,0.0,0.0,0.0,0.1012202052626152,fall,night,20.24404105252304
2018-11-30 19:00:00,2706.0,0.0,4.89,17.57872207824588,0.19886739399999998,19.886739399999996,0.0,0.0,0.0,0.0,0.08789361039122941,fall,night,17.57872207824588
2018-11-30 20:00:00,2670.16,0.0,4.57,17.256326432991138,0.199118722,19.9118722,0.0,0.0,0.0,0.0,0.08628163216495568,fall,night,17.256326432991138
2018-11-30 21:00:00,2599.28,0.0,4.02,10.887176969320727,0.19955069199999997,19.955069199999997,0.0,0.0,0.0,0.0,0.05443588484660364,fall,night,10.887176969320727
2018-11-30 22:00:00,2467.6,0.0,3.61,12.084589033708697,0.19987270599999998,19.9872706,0.0,0.0,0.0,0.0,0.06042294516854349,fall,night,12.084589033708697
2018-11-30 23:00:00,2286.48,0.0,3.37,7.288159576772869,0.200061202,20.006120199999998,0.0,0.0,0.0,0.0,0.03644079788386435,fall,night,7.288159576772869
