DateTime,load_PJME_MW,solar_G_i__POA,solar_T2m,wind_Energy_scaled_MW,eta_eff,eta_eff_pct,P_150MW_adj_MW,P_110MW_adj_MW,CF_150MW,CF_110MW,CF_Wind,season,day_night,wind_Energy_smoothed_MW
2018-03-01 00:00:00,1967.76,0.0,-1.56,0.0,0.203933224,20.3933224,0.0,0.0,0.0,0.0,0.0,spring,night,65.33884268975319
2018-03-01 01:00:00,1852.72,0.0,-2.53,0.0,0.204695062,20.4695062,0.0,0.0,0.0,0.0,0.0,spring,night,0.6789309830919369
2018-03-01 02:00:00,1785.92,0.0,-3.36,0.0,0.20534694399999998,20.5346944,0.0,0.0,0.0,0.0,0.0,spring,night,19.530531587787962
2018-03-01 03:00:00,1752.24,0.0,-4.05,0.0,0.20588887,20.588887,0.0,0.0,0.0,0.0,0.0,spring,night,59.420108823593694
2018-03-01 04:00:00,1748.08,0.0,-4.65,0.0,0.20636010999999999,20.636011,0.0,0.0,0.0,0.0,0.0,spring,night,0.0
2018-03-01 16:00:00,2347.52,0.0,0.1,6.831462088301762,0.20262946,20.262946,0.0,0.0,0.0,0.0,0.034157310441508805,spring,night,6.831462088301762
2018-03-01 17:00:00,2368.32,0.0,-1.49,85.97150935407205,0.20387824599999999,20.3878246,0.0,0.0,0.0,0.0,0.42985754677036025,spring,night,85.97150935407205
2018-03-01 18:00:00,2438.8,0.0,-2.6,124.73433007701439,0.20475004000000002,20.475004000000002,0.0,0.0,0.0,0.0,0.623671650385072,spring,night,124.73433007701439
2018-03-01 19:00:00,2524.48,0.0,-3.32,143.31152504465123,0.205315528,20.5315528,0.0,0.0,0.0,0.0,0.7165576252232562,spring,night,143.31152504465123
2018-03-01 20:00:00,2489.52,0.0,-4.19,154.2895579629012,0.20599882600000002,20.5998826,0.0,0.0,0.0,0.0,0.771447789814506,spring,night,154.2895579629012
2018-03-01 21:00:00,2415.92,0.0,-4.8,178.9037084841007,0.20647791999999998,20.647792,0.0,0.0,0.0,0.0,0.8945185424205034,spring,night,178.9037084841007
2018-03-01 22:00:00,2283.76,0.0,-4.85,173.12277465082883,0.20651719000000002,20.651719,0.0,0.0,0.0,0.0,0.8656138732541442,spring,night,173.12277465082883
2018-03-01 23:00:00,2108.48,0.0,-4.4,171.8384473099136,0.20616375999999997,20.616376,0.0,0.0,0.0,0.0,0.859192236549568,spring,night,171.8384473099136
2018-03-02 00:00:00,1941.52,0.0,-4.12,171.825488021169,0.205943848,20.5943848,0.0,0.0,0.0,0.0,0.8591274401058451,spring,night,171.825488021169
2018-03-02 01:00:00,1826.4,0.0,-4.06,171.83347695595177,0.20589672399999998,20.589672399999998,0.0,0.0,0.0,0.0,0.8591673847797588,spring,night,171.83347695595177
2018-03-02 02:00:00,1770.72,0.0,-3.32,171.84977001869484,0.205315528,20.5315528,0.0,0.0,0.0,0.0,0.8592488500934742,spring,night,171.84977001869484
2018-03-02 03:00:00,1752.32,0.0,-2.79,171.8455512792346,0.204899266,20.4899266,0.0,0.0,0.0,0.0,0.859227756396173,spring,night,171.8455512792346
2018-03-02 04:00:00,1759.6000000000001,0.0,-2.4,171.8676875385864,0.20459296,20.459296,0.0,0.0,0.0,0.0,0.8593384376929321,spring,night,171.8676875385864
2018-03-02 16:00:00,2320.0,0.0,7.09,171.94659493843344,0.197139514,19.7139514,0.0,0.0,0.0,0.0,0.8597329746921671,spring,night,171.94659493843344
2018-03-02 17:00:00,2391.6,0.0,5.63,171.9111357059013,0.198286198,19.8286198,0.0,0.0,0.0,0.0,0.8595556785295065,spring,night,171.9111357059013
2018-03-02 18:00:00,2520.56,0.0,5.01,171.88472009301626,0.198773146,19.877314600000002,0.0,0.0,0.0,0.0,0.8594236004650813,spring,night,171.88472009301626
2018-03-02 19:00:00,2690.96,0.0,5.14,171.8771312111136,0.198671044,19.8671044,0.0,0.0,0.0,0.0,0.859385656055568,spring,night,171.8771312111136
2018-03-02 20:00:00,2707.28,0.0,5.48,171.89241808025002,0.198404008,19.840400799999998,0.0,0.0,0.0,0.0,0.8594620904012501,spring,night,171.89241808025002
2018-03-02 21:00:00,2663.76,0.0,5.54,171.88606572543057,0.19835688399999998,19.8356884,0.0,0.0,0.0,0.0,0.8594303286271529,spring,night,171.88606572543057
2018-03-02 22:00:00,2576.96,0.0,5.51,173.08801854154007,0.19838044600000002,19.8380446,0.0,0.0,0.0,0.0,0.8654400927077003,spring,night,173.08801854154007
2018-03-02 23:00:00,2409.12,0.0,5.48,171.93745433626955,0.198404008,19.840400799999998,0.0,0.0,0.0,0.0,0.8596872716813477,spring,night,171.93745433626955
2018-03-03 00:00:00,2258.56,0.0,4.79,171.87151834798138,0.198945934,19.894593399999998,0.0,0.0,0.0,0.0,0.8593575917399069,spring,night,171.87151834798138
2018-03-03 01:00:00,2166.16,0.0,4.46,171.89847948752052,0.19920511600000002,19.9205116,0.0,0.0,0.0,0.0,0.8594923974376026,spring,night,171.89847948752052
2018-03-03 02:00:00,2114.32,0.0,4.17,171.89883104914196,0.199432882,19.9432882,0.0,0.0,0.0,0.0,0.8594941552457098,spring,night,171.89883104914196
2018-03-03 03:00:00,2107.68,0.0,4.24,171.90354682399865,0.199377904,19.9377904,0.0,0.0,0.0,0.0,0.8595177341199932,spring,night,171.90354682399865
2018-03-03 04:00:00,2123.68,0.0,3.97,171.88487768960556,0.199589962,19.9589962,0.0,0.0,0.0,0.0,0.8594243884480278,spring,night,171.88487768960556
2018-03-03 16:00:00,2553.44,0.0,10.45,178.45472792476082,0.19450057,19.450057,0.0,0.0,0.0,0.0,0.8922736396238041,spring,night,178.45472792476082
2018-03-03 17:00:00,2607.44,0.0,9.31,178.81825476440156,0.19539592599999997,19.539592599999995,0.0,0.0,0.0,0.0,0.8940912738220078,spring,night,178.81825476440156
2018-03-03 18:00:00,2730.8,0.0,8.22,178.89607111093989,0.196252012,19.6252012,0.0,0.0,0.0,0.0,0.8944803555546994,spring,night,178.89607111093989
2018-03-03 19:00:00,2877.92,0.0,7.23,178.92883907864442,0.197029558,19.702955799999998,0.0,0.0,0.0,0.0,0.894644195393222,spring,night,178.92883907864442
2018-03-03 20:00:00,2877.44,0.0,6.72,178.90604818730736,0.19743011200000002,19.7430112,0.0,0.0,0.0,0.0,0.8945302409365368,spring,night,178.90604818730736
2018-03-03 21:00:00,2835.52,0.0,6.51,178.9177103348958,0.19759504600000002,19.759504600000003,0.0,0.0,0.0,0.0,0.8945885516744789,spring,night,178.9177103348958
2018-03-03 22:00:00,2762.7200000000003,0.0,6.06,178.878141468234,0.197948476,19.7948476,0.0,0.0,0.0,0.0,0.89439070734117,spring,night,178.878141468234
2018-03-03 23:00:00,2635.04,0.0,5.56,177.9000849138817,0.198341176,19.8341176,0.0,0.0,0.0,0.0,0.8895004245694085,spring,night,177.9000849138817
2018-03-04 00:00:00,2505.92,0.0,5.62,178.9116610504396,0.19829405199999997,19.829405199999997,0.0,0.0,0.0,0.0,0.8945583052521979,spring,night,178.9116610504396
2018-03-04 01:00:00,2410.32,0.0,5.51,178.89854416510624,0.19838044600000002,19.8380446,0.0,0.0,0.0,0.0,0.8944927208255312,spring,night,178.89854416510624
2018-03-04 02:00:00,2360.96,0.0,5.66,178.9020719041379,0.198262636,19.8262636,0.0,0.0,0.0,0.0,0.8945103595206895,spring,night,178.9020719041379
2018-03-04 03:00:00,2345.68,0.0,5.66,178.88096608402182,0.198262636,19.8262636,0.0,0.0,0.0,0.0,0.8944048304201091,spring,night,178.88096608402182
2018-03-04 04:00:00,2349.04,0.0,5.71,178.88345126100296,0.19822336599999998,19.8223366,0.0,0.0,0.0,0.0,0.8944172563050148,spring,night,178.88345126100296
2018-03-04 16:00:00,2408.8,0.0,7.39,26.53070688605665,0.196903894,19.6903894,0.0,0.0,0.0,0.0,0.13265353443028324,spring,night,26.53070688605665
2018-03-04 17:00:00,2465.6,0.0,6.59,4.337602899160936,0.19753221399999998,19.753221399999997,0.0,0.0,0.0,0.0,0.02168801449580468,spring,night,4.337602899160936
2018-03-04 18:00:00,2595.6,0.0,6.02,19.530531587787962,0.197979892,19.7979892,0.0,0.0,0.0,0.0,0.0976526579389398,spring,night,19.530531587787962
2018-03-04 19:00:00,2792.16,0.0,5.84,33.11515602062313,0.198121264,19.8121264,0.0,0.0,0.0,0.0,0.16557578010311566,spring,night,33.11515602062313
2018-03-04 20:00:00,2824.0,0.0,5.39,2.236887911517066,0.19847469399999998,19.847469399999998,0.0,0.0,0.0,0.0,0.011184439557585331,spring,night,2.236887911517066
2018-03-04 21:00:00,2808.88,0.0,4.82,0.0,0.198922372,19.8922372,0.0,0.0,0.0,0.0,0.0,spring,night,38.42413959170358
2018-03-04 22:00:00,2755.2000000000003,0.0,4.28,0.0,0.19934648800000002,19.9346488,0.0,0.0,0.0,0.0,0.0,spring,night,2.059756543365339
2018-03-04 23:00:00,2669.92,0.0,3.38,0.0,0.200053348,20.0053348,0.0,0.0,0.0,0.0,0.0,spring,night,0.0
2018-03-05 00:00:00,2580.0,0.0,2.6,0.0,0.20066596,20.066596,0.0,0.0,0.0,0.0,0.0,spring,night,40.286540313302275
2018-03-05 01:00:00,2504.0,0.0,2.18,3.285185000414476,0.200995828,20.0995828,0.0,0.0,0.0,0.0,0.016425925002072378,spring,night,3.285185000414476
2018-03-05 02:00:00,2472.0,0.0,1.61,0.0,0.201443506,20.1443506,0.0,0.0,0.0,0.0,0.0,spring,night,40.286540313302275
2018-03-05 03:00:00,2465.76,0.0,1.1,0.0,0.20184406,20.184406,0.0,0.0,0.0,0.0,0.0,spring,night,17.280125033286904
2018-03-05 04:00:00,2481.76,0.0,1.01,0.0,0.20191474599999998,20.1914746,0.0,0.0,0.0,0.0,0.0,spring,night,0.8257460807160647
2018-03-05 16:00:00,2314.64,0.0,9.37,11.422354528426544,0.195348802,19.5348802,0.0,0.0,0.0,0.0,0.05711177264213272,spring,night,11.422354528426544
2018-03-05 17:00:00,2378.88,0.0,7.29,112.29991071106876,0.196982434,19.698243400000003,0.0,0.0,0.0,0.0,0.5614995535553438,spring,night,112.29991071106876
2018-03-05 18:00:00,2523.68,0.0,6.1,47.19292291081913,0.19791706,19.791706,0.0,0.0,0.0,0.0,0.23596461455409565,spring,night,47.19292291081913
2018-03-05 19:00:00,2744.56,0.0,5.34,82.39912805809811,0.198513964,19.8513964,0.0,0.0,0.0,0.0,0.4119956402904906,spring,night,82.39912805809811
2018-03-05 20:00:00,2805.76,0.0,4.83,102.5278432605411,0.198914518,19.891451800000002,0.0,0.0,0.0,0.0,0.5126392163027055,spring,night,102.5278432605411
2018-03-05 21:00:00,2785.84,0.0,5.29,152.0715678144827,0.198553234,19.8553234,0.0,0.0,0.0,0.0,0.7603578390724135,spring,night,152.0715678144827
2018-03-05 22:00:00,2705.52,0.0,4.44,174.13191410166422,0.19922082400000002,19.9220824,0.0,0.0,0.0,0.0,0.8706595705083211,spring,night,174.13191410166422
2018-03-05 23:00:00,2564.7200000000003,0.0,4.29,171.88701130496474,0.19933863400000001,19.9338634,0.0,0.0,0.0,0.0,0.8594350565248238,spring,night,171.88701130496474
2018-03-06 00:00:00,2450.2400000000002,0.0,4.77,171.93889695120018,0.198961642,19.8961642,0.0,0.0,0.0,0.0,0.8596944847560009,spring,night,171.93889695120018
2018-03-06 01:00:00,2378.16,0.0,5.28,100.50206639807733,0.19856108800000002,19.8561088,0.0,0.0,0.0,0.0,0.5025103319903866,spring,night,100.50206639807733
2018-03-06 02:00:00,2339.12,0.0,5.6,62.775600844614644,0.19830976000000003,19.830976000000003,0.0,0.0,0.0,0.0,0.3138780042230732,spring,night,62.775600844614644
2018-03-06 03:00:00,2336.96,0.0,5.64,173.99000443464746,0.19827834399999997,19.827834399999997,0.0,0.0,0.0,0.0,0.8699500221732372,spring,night,173.99000443464746
2018-03-06 04:00:00,2355.68,0.0,5.72,174.41797615638757,0.19821551199999998,19.8215512,0.0,0.0,0.0,0.0,0.8720898807819378,spring,night,174.41797615638757
2018-03-06 07:00:00,2855.2000000000003,0.0,8.52,178.7968095054783,0.196016392,19.6016392,0.0,0.0,0.0,0.0,0.8939840475273916,spring,night,178.7968095054783
2018-03-06 16:00:00,2424.64,0.0,9.7,177.17413441072418,0.19508962,19.508962,0.0,0.0,0.0,0.0,0.8858706720536209,spring,night,177.17413441072418
2018-03-06 17:00:00,2499.36,0.0,8.62,173.70399087118176,0.195937852,19.5937852,0.0,0.0,0.0,0.0,0.8685199543559088,spring,night,173.70399087118176
2018-03-06 18:00:00,2618.64,0.0,7.5,174.30490666516405,0.1968175,19.68175,0.0,0.0,0.0,0.0,0.8715245333258202,spring,night,174.30490666516405
2018-03-06 19:00:00,2756.2400000000002,0.0,6.98,172.73894209683218,0.19722590799999998,19.7225908,0.0,0.0,0.0,0.0,0.8636947104841609,spring,night,172.73894209683218
2018-03-06 20:00:00,2738.88,0.0,6.07,171.89644285467764,0.19794062199999998,19.7940622,0.0,0.0,0.0,0.0,0.8594822142733882,spring,night,171.89644285467764
2018-03-06 21:00:00,2666.0,0.0,5.62,171.8972914516955,0.19829405199999997,19.829405199999997,0.0,0.0,0.0,0.0,0.8594864572584775,spring,night,171.8972914516955
2018-03-06 22:00:00,2524.4,0.0,5.39,171.88775079665152,0.19847469399999998,19.847469399999998,0.0,0.0,0.0,0.0,0.8594387539832575,spring,night,171.88775079665152
2018-03-06 23:00:00,2338.56,0.0,5.16,171.90949912593803,0.19865533599999996,19.865533599999996,0.0,0.0,0.0,0.0,0.8595474956296901,spring,night,171.90949912593803
2018-03-07 00:00:00,2175.28,0.0,4.85,171.8964913459358,0.19889881,19.889881000000003,0.0,0.0,0.0,0.0,0.859482456729679,spring,night,171.8964913459358
2018-03-07 01:00:00,2063.36,0.0,5.1,171.88611421668872,0.19870246000000003,19.870246,0.0,0.0,0.0,0.0,0.8594305710834437,spring,night,171.88611421668872
2018-03-07 02:00:00,1998.64,0.0,5.79,171.90184962996292,0.198160534,19.8160534,0.0,0.0,0.0,0.0,0.8595092481498147,spring,night,171.90184962996292
2018-03-07 03:00:00,1974.72,0.0,6.32,171.92335550295863,0.19774427199999997,19.774427199999998,0.0,0.0,0.0,0.0,0.8596167775147932,spring,night,171.92335550295863
2018-03-07 04:00:00,1975.52,0.0,5.98,171.92936841897097,0.198011308,19.8011308,0.0,0.0,0.0,0.0,0.8596468420948549,spring,night,171.92936841897097
2018-03-07 07:00:00,2452.48,0.0,11.68,178.85286539991583,0.193534528,19.3534528,0.0,0.0,0.0,0.0,0.8942643269995791,spring,night,178.85286539991583
2018-03-07 16:00:00,2379.44,0.0,13.27,87.46359142918352,0.19228574199999998,19.228574199999997,0.0,0.0,0.0,0.0,0.4373179571459176,spring,night,87.46359142918352
2018-03-07 17:00:00,2406.64,0.0,12.27,165.0965258451631,0.193071142,19.3071142,0.0,0.0,0.0,0.0,0.8254826292258154,spring,night,165.0965258451631
2018-03-07 18:00:00,2483.76,0.0,11.27,131.98684024460158,0.19385654200000002,19.3856542,0.0,0.0,0.0,0.0,0.6599342012230079,spring,night,131.98684024460158
2018-03-07 19:00:00,2604.88,0.0,10.72,171.96223336919132,0.19428851199999997,19.428851199999997,0.0,0.0,0.0,0.0,0.8598111668459566,spring,night,171.96223336919132
2018-03-07 20:00:00,2581.68,0.0,9.8,170.04703475956325,0.19501108,19.501108000000002,0.0,0.0,0.0,0.0,0.8502351737978162,spring,night,170.04703475956325
2018-03-07 21:00:00,2500.2400000000002,0.0,9.43,178.4841742412811,0.195301678,19.5301678,0.0,0.0,0.0,0.0,0.8924208712064055,spring,night,178.4841742412811
2018-03-07 22:00:00,2365.68,0.0,9.06,178.35164763271908,0.195592276,19.5592276,0.0,0.0,0.0,0.0,0.8917582381635953,spring,night,178.35164763271908
2018-03-07 23:00:00,2182.96,0.0,8.87,178.7952214167737,0.19574150199999998,19.5741502,0.0,0.0,0.0,0.0,0.8939761070838685,spring,night,178.7952214167737
2018-03-08 00:00:00,2020.88,0.0,8.64,178.42176599202412,0.195922144,19.5922144,0.0,0.0,0.0,0.0,0.8921088299601206,spring,night,178.42176599202412
2018-03-08 01:00:00,1899.8400000000001,0.0,8.56,162.0114150182571,0.195984976,19.5984976,0.0,0.0,0.0,0.0,0.8100570750912855,spring,night,162.0114150182571
2018-03-08 02:00:00,1837.2,0.0,8.34,172.40981980485924,0.196157764,19.6157764,0.0,0.0,0.0,0.0,0.8620490990242962,spring,night,172.40981980485924
2018-03-08 03:00:00,1804.72,0.0,7.99,161.0375287121074,0.196432654,19.6432654,0.0,0.0,0.0,0.0,0.805187643560537,spring,night,161.0375287121074
2018-03-08 04:00:00,1809.8400000000001,0.0,7.61,142.13172061070784,0.19673110600000002,19.6731106,0.0,0.0,0.0,0.0,0.7106586030535392,spring,night,142.13172061070784
2018-03-08 16:00:00,2234.32,0.0,6.58,46.73114672073125,0.197540068,19.754006800000003,0.0,0.0,0.0,0.0,0.23365573360365627,spring,night,46.73114672073125
2018-03-08 17:00:00,2277.6,0.0,5.79,44.07261046118975,0.198160534,19.8160534,0.0,0.0,0.0,0.0,0.22036305230594874,spring,night,44.07261046118975
2018-03-08 18:00:00,2358.2400000000002,0.0,5.35,16.820280916766478,0.19850611,19.850611,0.0,0.0,0.0,0.0,0.08410140458383239,spring,night,16.820280916766478
2018-03-08 19:00:00,2501.52,0.0,5.2,7.85282663992556,0.19862391999999998,19.862392,0.0,0.0,0.0,0.0,0.0392641331996278,spring,night,7.85282663992556
2018-03-08 20:00:00,2525.2000000000003,0.0,4.72,10.252268045689856,0.199000912,19.9000912,0.0,0.0,0.0,0.0,0.05126134022844928,spring,night,10.252268045689856
2018-03-08 21:00:00,2472.48,0.0,4.16,4.1499595354503604,0.19944073599999998,19.9440736,0.0,0.0,0.0,0.0,0.020749797677251804,spring,night,4.1499595354503604
2018-03-08 22:00:00,2350.96,0.0,3.76,0.0,0.19975489600000002,19.975489600000003,0.0,0.0,0.0,0.0,0.0,spring,night,24.25260273103306
2018-03-08 23:00:00,2188.0,0.0,3.52,0.0,0.199943392,19.9943392,0.0,0.0,0.0,0.0,0.0,spring,night,50.70053503940382
2018-03-09 00:00:00,2032.72,0.0,3.23,0.0,0.20017115800000002,20.017115800000003,0.0,0.0,0.0,0.0,0.0,spring,night,0.0
2018-03-09 01:00:00,1927.28,0.0,2.97,0.0,0.200375362,20.0375362,0.0,0.0,0.0,0.0,0.0,spring,night,0.0
2018-03-09 02:00:00,1872.0,0.0,3.0,3.454649824882894,0.20035179999999997,20.035179999999997,0.0,0.0,0.0,0.0,0.01727324912441447,spring,night,3.454649824882894
2018-03-09 03:00:00,1849.68,0.0,2.99,0.0,0.200359654,20.0359654,0.0,0.0,0.0,0.0,0.0,spring,night,11.253234446496663
2018-03-09 04:00:00,1851.04,0.0,2.94,0.0,0.200398924,20.0398924,0.0,0.0,0.0,0.0,0.0,spring,night,26.672655952220655
2018-03-09 16:00:00,2227.68,0.0,6.99,0.0,0.197218054,19.7218054,0.0,0.0,0.0,0.0,0.0,spring,night,15.674767379104363
2018-03-09 17:00:00,2267.12,0.0,5.96,0.0,0.19802701599999997,19.8027016,0.0,0.0,0.0,0.0,0.0,spring,night,2.6291837054151306
2018-03-09 18:00:00,2345.68,0.0,4.65,0.0,0.19905589,19.905589000000003,0.0,0.0,0.0,0.0,0.0,spring,night,0.0
2018-03-09 19:00:00,2479.04,0.0,3.34,4.893963182487363,0.200084764,20.0084764,0.0,0.0,0.0,0.0,0.024469815912436816,spring,night,4.893963182487363
2018-03-09 20:00:00,2487.52,0.0,3.2,10.871764325983701,0.20019472,20.019472,0.0,0.0,0.0,0.0,0.05435882162991851,spring,night,10.871764325983701
2018-03-09 21:00:00,2430.88,0.0,4.4,0.0,0.19925224,19.925224,0.0,0.0,0.0,0.0,0.0,spring,night,52.06083302834383
2018-03-09 22:00:00,2320.7200000000003,0.0,4.74,0.0,0.198985204,19.8985204,0.0,0.0,0.0,0.0,0.0,spring,night,29.73491830442051
2018-03-09 23:00:00,2159.04,0.0,4.24,0.0,0.199377904,19.9377904,0.0,0.0,0.0,0.0,0.0,spring,night,26.787916642172707
2018-03-10 00:00:00,2013.2,0.0,3.8,4.197748806884783,0.19972347999999998,19.972347999999997,0.0,0.0,0.0,0.0,0.020988744034423915,spring,night,4.197748806884783
2018-03-10 01:00:00,1912.64,0.0,3.34,0.0,0.200084764,20.0084764,0.0,0.0,0.0,0.0,0.0,spring,night,22.39406918727294
2018-03-10 02:00:00,1861.44,0.0,2.26,0.0,0.200932996,20.0932996,0.0,0.0,0.0,0.0,0.0,spring,night,11.56125925278895
2018-03-10 03:00:00,1852.64,0.0,1.55,0.0,0.20149063,20.149063,0.0,0.0,0.0,0.0,0.0,spring,night,4.751560647291923
2018-03-10 04:00:00,1854.64,0.0,2.14,0.0,0.201027244,20.1027244,0.0,0.0,0.0,0.0,0.0,spring,night,5.503725979218633
2018-03-10 16:00:00,2553.84,0.0,8.43,13.50532910292254,0.196087078,19.6087078,0.0,0.0,0.0,0.0,0.0675266455146127,spring,night,13.50532910292254
2018-03-10 17:00:00,2607.28,0.0,6.51,15.058185878031747,0.19759504600000002,19.759504600000003,0.0,0.0,0.0,0.0,0.07529092939015873,spring,night,15.058185878031747
2018-03-10 18:00:00,2702.8,0.0,7.02,31.76621710890782,0.197194492,19.7194492,0.0,0.0,0.0,0.0,0.1588310855445391,spring,night,31.76621710890782
2018-03-10 19:00:00,2847.2000000000003,0.0,7.08,28.39697175479025,0.19714736800000002,19.7147368,0.0,0.0,0.0,0.0,0.14198485877395126,spring,night,28.39697175479025
2018-03-10 20:00:00,2856.0,0.0,6.69,31.147583821474147,0.19745367399999997,19.745367399999996,0.0,0.0,0.0,0.0,0.15573791910737073,spring,night,31.147583821474147
2018-03-10 21:00:00,2822.32,0.0,5.75,83.03093884493798,0.19819194999999998,19.819194999999997,0.0,0.0,0.0,0.0,0.41515469422468987,spring,night,83.03093884493798
2018-03-10 22:00:00,2754.88,0.0,5.1,80.25626299139037,0.19870246000000003,19.870246,0.0,0.0,0.0,0.0,0.40128131495695185,spring,night,80.25626299139037
2018-03-10 23:00:00,2635.28,0.0,3.82,124.42725918469127,0.19970777199999998,19.970777199999997,0.0,0.0,0.0,0.0,0.6221362959234563,spring,night,124.42725918469127
2018-03-11 00:00:00,2520.7200000000003,0.0,3.41,152.56970638678607,0.200029786,20.0029786,0.0,0.0,0.0,0.0,0.7628485319339303,spring,night,152.56970638678607
2018-03-11 01:00:00,2433.2000000000003,0.0,3.78,145.9919035852919,0.199739188,19.9739188,0.0,0.0,0.0,0.0,0.7299595179264595,spring,night,145.9919035852919
2018-03-11 02:00:00,2396.96,0.0,4.51,170.52090345715555,0.199165846,19.9165846,0.0,0.0,0.0,0.0,0.8526045172857778,spring,night,170.52090345715555
2018-03-11 03:00:00,2389.52,0.0,5.0,154.55709635700592,0.19878099999999999,19.8781,0.0,0.0,0.0,0.0,0.7727854817850296,spring,night,154.55709635700592
2018-03-11 04:00:00,2400.08,0.0,4.32,146.04229812533853,0.19931507199999998,19.9315072,0.0,0.0,0.0,0.0,0.7302114906266927,spring,night,146.04229812533853
2018-03-11 16:00:00,2506.88,0.0,9.26,17.18266821184012,0.19543519599999998,19.543519599999996,0.0,0.0,0.0,0.0,0.0859133410592006,spring,night,17.18266821184012
2018-03-11 17:00:00,2554.0,0.0,7.37,16.556988538454515,0.19691960199999997,19.691960199999997,0.0,0.0,0.0,0.0,0.08278494269227257,spring,night,16.556988538454515
2018-03-11 18:00:00,2660.88,0.0,7.48,13.322697386510802,0.19683320799999998,19.683320799999997,0.0,0.0,0.0,0.0,0.066613486932554,spring,night,13.322697386510802
2018-03-11 19:00:00,2843.92,0.0,7.94,0.0,0.19647192399999996,19.647192399999998,0.0,0.0,0.0,0.0,0.0,spring,night,30.265294471292183
2018-03-11 20:00:00,2876.2400000000002,0.0,7.57,0.0,0.196762522,19.6762522,0.0,0.0,0.0,0.0,0.0,spring,night,0.0
2018-03-11 21:00:00,2846.0,0.0,7.28,5.228423301238104,0.19699028799999999,19.699028799999997,0.0,0.0,0.0,0.0,0.02614211650619052,spring,night,5.228423301238104
2018-03-11 22:00:00,2778.8,0.0,7.11,0.0,0.197123806,19.712380600000003,0.0,0.0,0.0,0.0,0.0,spring,night,0.0
2018-03-11 23:00:00,2677.68,0.0,6.96,0.33791258741611696,0.19724161599999998,19.7241616,0.0,0.0,0.0,0.0,0.0016895629370805847,spring,night,0.33791258741611696
2018-03-12 00:00:00,2569.12,0.0,6.73,29.480148264730804,0.197422258,19.7422258,0.0,0.0,0.0,0.0,0.14740074132365402,spring,night,29.480148264730804
2018-03-12 01:00:00,2474.8,0.0,6.51,34.752648225450194,0.19759504600000002,19.759504600000003,0.0,0.0,0.0,0.0,0.17376324112725097,spring,night,34.752648225450194
2018-03-12 02:00:00,2430.7200000000003,0.0,6.32,79.53661029038652,0.19774427199999997,19.774427199999998,0.0,0.0,0.0,0.0,0.3976830514519326,spring,night,79.53661029038652
2018-03-12 03:00:00,2428.48,0.0,6.03,64.24355245738242,0.19797203799999996,19.797203799999995,0.0,0.0,0.0,0.0,0.3212177622869121,spring,night,64.24355245738242
2018-03-12 04:00:00,2398.8,0.0,5.66,79.29345087632346,0.198262636,19.8262636,0.0,0.0,0.0,0.0,0.3964672543816173,spring,night,79.29345087632346
2018-03-12 16:00:00,2474.08,0.0,12.22,136.9445016195809,0.19311041199999998,19.3110412,0.0,0.0,0.0,0.0,0.6847225080979045,spring,night,136.9445016195809
2018-03-12 17:00:00,2474.32,0.0,11.25,120.1816070761478,0.19387225,19.387225,0.0,0.0,0.0,0.0,0.600908035380739,spring,night,120.1816070761478
2018-03-12 18:00:00,2526.2400000000002,0.0,7.24,164.55921845907758,0.197021704,19.7021704,0.0,0.0,0.0,0.0,0.822796092295388,spring,night,164.55921845907758
2018-03-12 19:00:00,2524.32,0.0,5.68,155.12336514703009,0.198246928,19.824692799999998,0.0,0.0,0.0,0.0,0.7756168257351505,spring,night,155.12336514703009
2018-03-12 20:00:00,2822.7200000000003,0.0,4.93,173.3645884324781,0.198835978,19.8835978,0.0,0.0,0.0,0.0,0.8668229421623904,spring,night,173.3645884324781
2018-03-12 21:00:00,2880.96,0.0,4.5,176.27814931081434,0.19917369999999998,19.91737,0.0,0.0,0.0,0.0,0.8813907465540717,spring,night,176.27814931081434
2018-03-12 22:00:00,2819.04,0.0,4.38,174.35148251863052,0.199267948,19.9267948,0.0,0.0,0.0,0.0,0.8717574125931526,spring,night,174.35148251863052
2018-03-12 23:00:00,2697.04,0.0,4.25,171.86406281703844,0.19937005,19.937005,0.0,0.0,0.0,0.0,0.8593203140851923,spring,night,171.86406281703844
2018-03-13 00:00:00,2557.12,0.0,4.16,166.71106653136044,0.19944073599999998,19.9440736,0.0,0.0,0.0,0.0,0.8335553326568023,spring,night,166.71106653136044
2018-03-13 01:00:00,2461.12,0.0,4.11,89.89500372759578,0.199480006,19.9480006,0.0,0.0,0.0,0.0,0.4494750186379789,spring,night,89.89500372759578
2018-03-13 02:00:00,2417.28,0.0,4.09,172.28425169184374,0.199495714,19.9495714,0.0,0.0,0.0,0.0,0.8614212584592187,spring,night,172.28425169184374
2018-03-13 03:00:00,2428.48,0.0,3.94,171.8990735054328,0.19961352400000001,19.961352400000003,0.0,0.0,0.0,0.0,0.8594953675271639,spring,night,171.8990735054328
2018-03-13 04:00:00,2447.76,0.0,3.86,171.9349691592889,0.19967635599999997,19.967635599999998,0.0,0.0,0.0,0.0,0.8596748457964445,spring,night,171.9349691592889
2018-03-13 16:00:00,2542.08,0.0,10.51,128.2822293490222,0.19445344599999997,19.4453446,0.0,0.0,0.0,0.0,0.641411146745111,spring,night,128.2822293490222
2018-03-13 17:00:00,2577.52,0.0,9.18,137.58082815483718,0.195498028,19.5498028,0.0,0.0,0.0,0.0,0.6879041407741859,spring,night,137.58082815483718
2018-03-13 18:00:00,2670.16,0.0,8.25,106.24283128536754,0.19622845,19.622844999999998,0.0,0.0,0.0,0.0,0.5312141564268377,spring,night,106.24283128536754
2018-03-13 19:00:00,2773.52,0.0,7.97,135.94187212015427,0.19644836200000002,19.6448362,0.0,0.0,0.0,0.0,0.6797093606007714,spring,night,135.94187212015427
2018-03-13 20:00:00,2911.52,0.0,6.87,178.88563336762033,0.19731230199999997,19.731230199999995,0.0,0.0,0.0,0.0,0.8944281668381017,spring,night,178.88563336762033
2018-03-13 21:00:00,2897.44,0.0,6.74,178.85132580246935,0.19741440400000002,19.741440400000002,0.0,0.0,0.0,0.0,0.8942566290123467,spring,night,178.85132580246935
2018-03-13 22:00:00,2799.52,0.0,6.62,178.9055996431691,0.19750865199999998,19.750865199999996,0.0,0.0,0.0,0.0,0.8945279982158455,spring,night,178.9055996431691
2018-03-13 23:00:00,2653.68,0.0,6.2,178.92232912723566,0.19783852,19.783852,0.0,0.0,0.0,0.0,0.8946116456361782,spring,night,178.92232912723566
2018-03-14 00:00:00,2513.52,0.0,5.69,178.94090127911244,0.19823907400000002,19.823907400000003,0.0,0.0,0.0,0.0,0.8947045063955622,spring,night,178.94090127911244
2018-03-14 01:00:00,2398.96,0.0,5.27,178.92928762278217,0.198568942,19.8568942,0.0,0.0,0.0,0.0,0.8946464381139109,spring,night,178.92928762278217
2018-03-14 02:00:00,2339.36,0.0,4.64,178.9373250488231,0.199063744,19.906374399999997,0.0,0.0,0.0,0.0,0.8946866252441156,spring,night,178.9373250488231
2018-03-14 03:00:00,2311.28,0.0,4.13,178.9275419374883,0.19946429799999998,19.946429799999997,0.0,0.0,0.0,0.0,0.8946377096874414,spring,night,178.9275419374883
2018-03-14 04:00:00,2314.32,0.0,3.54,178.90550266065276,0.199927684,19.9927684,0.0,0.0,0.0,0.0,0.8945275133032637,spring,night,178.90550266065276
2018-03-14 16:00:00,2719.84,0.0,8.32,124.55040273479858,0.196173472,19.617347199999998,0.0,0.0,0.0,0.0,0.6227520136739929,spring,night,124.55040273479858
2018-03-14 17:00:00,2742.88,0.0,7.74,33.09059519836309,0.19662900400000002,19.6629004,0.0,0.0,0.0,0.0,0.16545297599181544,spring,night,33.09059519836309
2018-03-14 18:00:00,2810.88,0.0,7.12,135.65953176949478,0.19711595199999998,19.711595199999998,0.0,0.0,0.0,0.0,0.6782976588474738,spring,night,135.65953176949478
2018-03-14 19:00:00,2868.48,0.0,5.46,158.8304612195901,0.19841971599999997,19.841971599999997,0.0,0.0,0.0,0.0,0.7941523060979505,spring,night,158.8304612195901
2018-03-14 20:00:00,2995.28,0.0,5.71,76.26791762147901,0.19822336599999998,19.8223366,0.0,0.0,0.0,0.0,0.3813395881073951,spring,night,76.26791762147901
2018-03-14 21:00:00,2997.2000000000003,0.0,5.12,43.21118750553649,0.19868675199999997,19.8686752,0.0,0.0,0.0,0.0,0.21605593752768246,spring,night,43.21118750553649
2018-03-14 22:00:00,2903.68,0.0,3.96,113.00560399112852,0.199597816,19.9597816,0.0,0.0,0.0,0.0,0.5650280199556427,spring,night,113.00560399112852
2018-03-14 23:00:00,2766.08,0.0,2.47,89.68267869231784,0.200768062,20.0768062,0.0,0.0,0.0,0.0,0.4484133934615892,spring,night,89.68267869231784
2018-03-15 00:00:00,2637.12,0.0,1.91,168.526506500131,0.20120788600000003,20.120788600000004,0.0,0.0,0.0,0.0,0.8426325325006551,spring,night,168.526506500131
2018-03-15 01:00:00,2553.36,0.0,1.76,175.94411727895206,0.201325696,20.1325696,0.0,0.0,0.0,0.0,0.8797205863947604,spring,night,175.94411727895206
2018-03-15 02:00:00,2516.16,0.0,1.88,145.89050836447112,0.20123144799999998,20.1231448,0.0,0.0,0.0,0.0,0.7294525418223556,spring,night,145.89050836447112
2018-03-15 03:00:00,2507.52,0.0,1.48,110.35789643567556,0.20154560800000001,20.154560800000002,0.0,0.0,0.0,0.0,0.5517894821783778,spring,night,110.35789643567556
2018-03-15 04:00:00,2532.2400000000002,0.0,1.13,122.64682990431508,0.201820498,20.182049799999998,0.0,0.0,0.0,0.0,0.6132341495215754,spring,night,122.64682990431508
2018-03-15 16:00:00,3066.4,0.0,7.59,0.0,0.196746814,19.6746814,0.0,0.0,0.0,0.0,0.0,spring,night,0.0
2018-03-15 17:00:00,3082.16,0.0,5.65,8.425413689353043,0.19827049,19.827049,0.0,0.0,0.0,0.0,0.04212706844676521,spring,night,8.425413689353043
2018-03-15 18:00:00,3110.16,0.0,4.66,25.300682177525662,0.19904803599999998,19.904803599999997,0.0,0.0,0.0,0.0,0.12650341088762831,spring,night,25.300682177525662
2018-03-15 19:00:00,3140.4,0.0,3.71,33.84573137752824,0.19979416600000002,19.979416600000004,0.0,0.0,0.0,0.0,0.1692286568876412,spring,night,33.84573137752824
2018-03-15 20:00:00,3241.28,0.0,2.84,63.67937485286696,0.200477464,20.0477464,0.0,0.0,0.0,0.0,0.3183968742643348,spring,night,63.67937485286696
2018-03-15 21:00:00,3229.2000000000003,0.0,2.4,82.77149242953898,0.20082304,20.082304,0.0,0.0,0.0,0.0,0.4138574621476949,spring,night,82.77149242953898
2018-03-15 22:00:00,3104.48,0.0,1.96,72.18274733182909,0.201168616,20.1168616,0.0,0.0,0.0,0.0,0.36091373665914545,spring,night,72.18274733182909
2018-03-15 23:00:00,2925.84,0.0,1.42,75.69733310947878,0.201592732,20.1592732,0.0,0.0,0.0,0.0,0.3784866655473939,spring,night,75.69733310947878
2018-03-16 00:00:00,2755.84,0.0,0.89,62.49787928629499,0.202008994,20.2008994,0.0,0.0,0.0,0.0,0.31248939643147494,spring,night,62.49787928629499
2018-03-16 01:00:00,2639.36,0.0,0.68,64.74511572479395,0.20217392800000003,20.217392800000002,0.0,0.0,0.0,0.0,0.3237255786239697,spring,night,64.74511572479395
2018-03-16 02:00:00,2574.48,0.0,0.45,66.1286561799126,0.20235456999999998,20.235456999999997,0.0,0.0,0.0,0.0,0.33064328089956296,spring,night,66.1286561799126
2018-03-16 03:00:00,2545.76,0.0,-0.2,58.353070810511056,0.20286508,20.286508,0.0,0.0,0.0,0.0,0.29176535405255527,spring,night,58.353070810511056
2018-03-16 04:00:00,2555.92,0.0,-1.31,110.29751269644716,0.203736874,20.3736874,0.0,0.0,0.0,0.0,0.5514875634822358,spring,night,110.29751269644716
2018-03-16 16:00:00,2671.84,0.0,8.12,123.5870996457429,0.196330552,19.633055199999998,0.0,0.0,0.0,0.0,0.6179354982287145,spring,night,123.5870996457429
2018-03-16 17:00:00,2665.6,0.0,7.73,178.9426954556645,0.19663685799999997,19.663685799999996,0.0,0.0,0.0,0.0,0.8947134772783225,spring,night,178.9426954556645
2018-03-16 18:00:00,2700.64,0.0,5.19,178.91895898479325,0.198631774,19.8631774,0.0,0.0,0.0,0.0,0.8945947949239662,spring,night,178.91895898479325
2018-03-16 19:00:00,2771.04,0.0,3.11,178.91811038777539,0.20026540599999998,20.026540599999997,0.0,0.0,0.0,0.0,0.8945905519388769,spring,night,178.91811038777539
2018-03-16 20:00:00,2930.88,0.0,2.11,178.90848487302983,0.201050806,20.1050806,0.0,0.0,0.0,0.0,0.8945424243651492,spring,night,178.90848487302983
2018-03-16 21:00:00,2966.48,0.0,2.63,178.93146972939954,0.200642398,20.0642398,0.0,0.0,0.0,0.0,0.8946573486469976,spring,night,178.93146972939954
2018-03-16 22:00:00,2869.68,0.0,2.4,178.9322092210868,0.20082304,20.082304,0.0,0.0,0.0,0.0,0.894661046105434,spring,night,178.9322092210868
2018-03-16 23:00:00,2706.32,0.0,2.37,178.9417498761303,0.200846602,20.084660200000002,0.0,0.0,0.0,0.0,0.8947087493806515,spring,night,178.9417498761303
2018-03-17 00:00:00,2550.8,0.0,2.51,178.93633097803072,0.200736646,20.0736646,0.0,0.0,0.0,0.0,0.8946816548901536,spring,night,178.93633097803072
2018-03-17 01:00:00,2433.6,0.0,2.37,178.94710816015743,0.200846602,20.084660200000002,0.0,0.0,0.0,0.0,0.8947355408007871,spring,night,178.94710816015743
2018-03-17 02:00:00,2376.8,0.0,2.45,178.94855077508805,0.20078376999999997,20.078376999999996,0.0,0.0,0.0,0.0,0.8947427538754402,spring,night,178.94855077508805
2018-03-17 03:00:00,2362.32,0.0,3.19,178.95227247915187,0.200202574,20.0202574,0.0,0.0,0.0,0.0,0.8947613623957593,spring,night,178.95227247915187
2018-03-17 04:00:00,2378.7200000000003,0.0,3.82,178.956442727354,0.19970777199999998,19.970777199999997,0.0,0.0,0.0,0.0,0.8947822136367699,spring,night,178.956442727354
2018-03-17 16:00:00,2426.2400000000002,0.0,13.85,178.94075580533794,0.19183021,19.183021,0.0,0.0,0.0,0.0,0.8947037790266897,spring,night,178.94075580533794
2018-03-17 17:00:00,2439.68,0.0,11.9,178.92611144537244,0.19336173999999998,19.336173999999996,0.0,0.0,0.0,0.0,0.8946305572268622,spring,night,178.92611144537244
2018-03-17 18:00:00,2495.04,0.0,10.83,178.90837576769923,0.19420211799999998,19.420211799999997,0.0,0.0,0.0,0.0,0.8945418788384961,spring,night,178.90837576769923
2018-03-17 19:00:00,2551.2000000000003,0.0,10.57,178.90728471439053,0.194406322,19.4406322,0.0,0.0,0.0,0.0,0.8945364235719526,spring,night,178.90728471439053
2018-03-17 20:00:00,2659.68,0.0,10.5,178.91026692676763,0.1944613,19.44613,0.0,0.0,0.0,0.0,0.8945513346338382,spring,night,178.91026692676763
2018-03-17 21:00:00,2666.2400000000002,0.0,10.03,178.9190559673096,0.194830438,19.4830438,0.0,0.0,0.0,0.0,0.894595279836548,spring,night,178.9190559673096
2018-03-17 22:00:00,2595.76,0.0,9.56,178.93265776522458,0.195199576,19.5199576,0.0,0.0,0.0,0.0,0.8946632888261229,spring,night,178.93265776522458
2018-03-17 23:00:00,2471.76,0.0,9.18,178.92228063597747,0.195498028,19.5498028,0.0,0.0,0.0,0.0,0.8946114031798874,spring,night,178.92228063597747
2018-03-18 00:00:00,2341.36,0.0,8.92,178.88102669809476,0.19570223199999998,19.570223199999997,0.0,0.0,0.0,0.0,0.8944051334904738,spring,night,178.88102669809476
2018-03-18 01:00:00,2224.56,0.0,8.74,178.9264023929214,0.19584360399999998,19.584360399999998,0.0,0.0,0.0,0.0,0.8946320119646071,spring,night,178.9264023929214
2018-03-18 02:00:00,2160.88,0.0,8.42,178.95162996998147,0.19609493199999997,19.609493199999996,0.0,0.0,0.0,0.0,0.8947581498499073,spring,night,178.95162996998147
2018-03-18 03:00:00,2123.28,0.0,8.31,178.91573431612537,0.19618132600000002,19.618132600000003,0.0,0.0,0.0,0.0,0.8945786715806269,spring,night,178.91573431612537
2018-03-18 04:00:00,2104.96,0.93,7.75,178.9374341541537,0.196580571,19.6580571,0.0,0.0,0.0,0.0,0.8946871707707684,spring,night,178.9374341541537
2018-03-18 16:00:00,2366.8,0.0,15.42,178.82858340239045,0.190597132,19.0597132,0.0,0.0,0.0,0.0,0.8941429170119523,spring,night,178.82858340239045
2018-03-18 17:00:00,2380.0,0.0,13.84,178.7478454575475,0.19183806399999997,19.183806399999998,0.0,0.0,0.0,0.0,0.8937392272877375,spring,night,178.7478454575475
2018-03-18 18:00:00,2415.68,0.0,12.94,177.33942898699027,0.19254492399999998,19.254492399999997,0.0,0.0,0.0,0.0,0.8866971449349513,spring,night,177.33942898699027
2018-03-18 19:00:00,2463.44,0.0,12.39,177.44047264618962,0.192976894,19.2976894,0.0,0.0,0.0,0.0,0.8872023632309481,spring,night,177.44047264618962
2018-03-18 20:00:00,2557.28,0.0,11.87,177.94860041767473,0.193385302,19.3385302,0.0,0.0,0.0,0.0,0.8897430020883736,spring,night,177.94860041767473
2018-03-18 21:00:00,2553.92,0.0,11.47,174.9119444804893,0.193699462,19.369946199999998,0.0,0.0,0.0,0.0,0.8745597224024465,spring,night,174.9119444804893
2018-03-18 22:00:00,2490.8,0.0,11.03,100.97537744620074,0.194045038,19.4045038,0.0,0.0,0.0,0.0,0.5048768872310037,spring,night,100.97537744620074
2018-03-18 23:00:00,2385.6,0.0,10.76,69.46165431855263,0.194257096,19.425709599999998,0.0,0.0,0.0,0.0,0.3473082715927632,spring,night,69.46165431855263
2018-03-19 00:00:00,2267.44,0.0,10.4,82.8468175376895,0.19453983999999996,19.453983999999995,0.0,0.0,0.0,0.0,0.4142340876884475,spring,night,82.8468175376895
2018-03-19 01:00:00,2163.2,0.0,9.62,38.18968132777732,0.19515245199999998,19.5152452,0.0,0.0,0.0,0.0,0.1909484066388866,spring,night,38.18968132777732
2018-03-19 02:00:00,2100.96,0.0,8.89,73.7853167386676,0.19572579399999998,19.5725794,0.0,0.0,0.0,0.0,0.36892658369333803,spring,night,73.7853167386676
2018-03-19 03:00:00,2070.2400000000002,0.0,8.19,86.433449202156,0.19627557399999998,19.627557399999997,0.0,0.0,0.0,0.0,0.43216724601078,spring,night,86.433449202156
2018-03-19 16:00:00,2119.92,0.0,14.58,50.66269973522116,0.191256868,19.1256868,0.0,0.0,0.0,0.0,0.2533134986761058,spring,night,50.66269973522116
2018-03-19 17:00:00,2147.2,0.0,12.28,87.64136038161251,0.193063288,19.3063288,0.0,0.0,0.0,0.0,0.43820680190806255,spring,night,87.64136038161251
2018-03-19 18:00:00,2222.88,0.0,10.68,101.12568216228749,0.194319928,19.4319928,0.0,0.0,0.0,0.0,0.5056284108114375,spring,night,101.12568216228749
2018-03-19 19:00:00,2312.16,0.0,9.72,153.62085139000573,0.19507391199999996,19.507391199999997,0.0,0.0,0.0,0.0,0.7681042569500286,spring,night,153.62085139000573
2018-03-19 20:00:00,2473.12,0.0,8.75,164.13371979150384,0.19583575,19.583575,0.0,0.0,0.0,0.0,0.8206685989575192,spring,night,164.13371979150384
2018-03-19 21:00:00,2528.56,0.0,8.16,151.61955655150757,0.196299136,19.629913600000002,0.0,0.0,0.0,0.0,0.7580977827575378,spring,night,151.61955655150757
2018-03-19 22:00:00,2460.7200000000003,0.0,7.66,170.2563351526131,0.19669183599999998,19.669183599999997,0.0,0.0,0.0,0.0,0.8512816757630656,spring,night,170.2563351526131
2018-03-19 23:00:00,2334.16,0.0,7.07,178.51546322561114,0.197155222,19.7155222,0.0,0.0,0.0,0.0,0.8925773161280557,spring,night,178.51546322561114
2018-03-20 00:00:00,2203.92,0.0,6.49,178.90212039539608,0.197610754,19.7610754,0.0,0.0,0.0,0.0,0.8945106019769804,spring,night,178.90212039539608
2018-03-20 01:00:00,2108.96,0.0,6.07,178.92540832212904,0.19794062199999998,19.7940622,0.0,0.0,0.0,0.0,0.8946270416106452,spring,night,178.92540832212904
2018-03-20 02:00:00,2065.76,0.0,6.1,178.89894421798633,0.19791706,19.791706,0.0,0.0,0.0,0.0,0.8944947210899317,spring,night,178.89894421798633
2018-03-20 03:00:00,2060.88,0.0,6.31,178.87942648657537,0.197752126,19.7752126,0.0,0.0,0.0,0.0,0.8943971324328769,spring,night,178.87942648657537
2018-03-20 16:00:00,2343.36,0.0,12.04,110.06994322188379,0.19325178399999998,19.3251784,0.0,0.0,0.0,0.0,0.550349716109419,spring,night,110.06994322188379
2018-03-20 17:00:00,2387.2000000000003,0.0,10.53,113.83350736457571,0.194437738,19.4437738,0.0,0.0,0.0,0.0,0.5691675368228786,spring,night,113.83350736457571
2018-03-20 18:00:00,2444.64,0.0,9.81,70.4243148984379,0.19500322599999997,19.500322599999997,0.0,0.0,0.0,0.0,0.3521215744921895,spring,night,70.4243148984379
2018-03-20 19:00:00,2505.04,0.0,9.2,171.03522598687132,0.19548232000000001,19.548232000000002,0.0,0.0,0.0,0.0,0.8551761299343567,spring,night,171.03522598687132
2018-03-20 20:00:00,2625.04,0.0,8.52,170.88318164689832,0.196016392,19.6016392,0.0,0.0,0.0,0.0,0.8544159082344917,spring,night,170.88318164689832
2018-03-20 21:00:00,2621.84,0.0,7.64,166.06872708009186,0.19670754399999998,19.6707544,0.0,0.0,0.0,0.0,0.8303436354004593,spring,night,166.06872708009186
2018-03-20 22:00:00,2513.76,0.0,6.79,178.61243361912472,0.197375134,19.7375134,0.0,0.0,0.0,0.0,0.8930621680956236,spring,night,178.61243361912472
2018-03-20 23:00:00,2328.64,0.0,6.01,178.77828584485968,0.197987746,19.798774599999998,0.0,0.0,0.0,0.0,0.8938914292242984,spring,night,178.77828584485968
2018-03-21 00:00:00,2159.68,0.0,5.27,153.5225838553365,0.198568942,19.8568942,0.0,0.0,0.0,0.0,0.7676129192766825,spring,night,153.5225838553365
2018-03-21 01:00:00,2044.96,0.0,4.48,137.41721864979206,0.19918940799999998,19.918940799999998,0.0,0.0,0.0,0.0,0.6870860932489603,spring,night,137.41721864979206
2018-03-21 02:00:00,1981.6000000000001,0.0,3.46,159.74296971571906,0.199990516,19.9990516,0.0,0.0,0.0,0.0,0.7987148485785953,spring,night,159.74296971571906
2018-03-21 03:00:00,1957.04,0.0,2.77,164.3381468131082,0.20053244199999998,20.053244199999998,0.0,0.0,0.0,0.0,0.821690734065541,spring,night,164.3381468131082
2018-03-21 16:00:00,2236.7200000000003,0.0,12.58,178.54183034723803,0.19282766799999998,19.282766799999997,0.0,0.0,0.0,0.0,0.8927091517361901,spring,night,178.54183034723803
2018-03-21 17:00:00,2253.76,0.0,10.45,178.89875025295368,0.19450057,19.450057,0.0,0.0,0.0,0.0,0.8944937512647684,spring,night,178.89875025295368
2018-03-21 18:00:00,2296.16,0.0,8.11,170.71073461005307,0.196338406,19.6338406,0.0,0.0,0.0,0.0,0.8535536730502653,spring,night,170.71073461005307
2018-03-21 19:00:00,2341.04,0.0,7.46,130.6981001991934,0.19684891599999998,19.6848916,0.0,0.0,0.0,0.0,0.653490500995967,spring,night,130.6981001991934
2018-03-21 20:00:00,2468.64,0.0,6.67,28.39865985671506,0.197469382,19.7469382,0.0,0.0,0.0,0.0,0.1419932992835753,spring,night,28.39865985671506
2018-03-21 21:00:00,2506.8,0.0,5.83,29.107011063862984,0.198129118,19.8129118,0.0,0.0,0.0,0.0,0.14553505531931493,spring,night,29.107011063862984
2018-03-21 22:00:00,2411.28,0.0,4.98,0.0,0.19879670799999996,19.879670799999996,0.0,0.0,0.0,0.0,0.0,spring,night,10.93716009134911
2018-03-21 23:00:00,2241.44,0.0,4.83,0.0,0.198914518,19.891451800000002,0.0,0.0,0.0,0.0,0.0,spring,night,28.213626307672403
2018-03-22 00:00:00,2086.64,0.0,5.49,14.438655502321993,0.19839615400000002,19.839615400000003,0.0,0.0,0.0,0.0,0.07219327751160996,spring,night,14.438655502321993
2018-03-22 01:00:00,1970.0800000000002,0.0,5.34,26.457085033349248,0.198513964,19.8513964,0.0,0.0,0.0,0.0,0.13228542516674624,spring,night,26.457085033349248
2018-03-22 02:00:00,1904.24,0.0,5.23,8.553653367623058,0.19860035799999998,19.8600358,0.0,0.0,0.0,0.0,0.04276826683811529,spring,night,8.553653367623058
2018-03-22 03:00:00,1884.32,0.0,4.91,50.70053503940382,0.19885168599999997,19.885168599999997,0.0,0.0,0.0,0.0,0.2535026751970191,spring,night,50.70053503940382
2018-03-22 16:00:00,2425.04,0.0,15.84,165.59740417355317,0.190267264,19.026726399999998,0.0,0.0,0.0,0.0,0.8279870208677659,spring,night,165.59740417355317
2018-03-22 17:00:00,2463.2000000000003,0.0,15.01,178.0240285697487,0.190919146,19.091914600000003,0.0,0.0,0.0,0.0,0.8901201428487435,spring,night,178.0240285697487
2018-03-22 18:00:00,2528.8,0.0,14.43,98.16361184156486,0.191374678,19.1374678,0.0,0.0,0.0,0.0,0.4908180592078243,spring,night,98.16361184156486
2018-03-22 19:00:00,2617.6,0.0,13.67,177.93564112893065,0.191971582,19.1971582,0.0,0.0,0.0,0.0,0.8896782056446533,spring,night,177.93564112893065
2018-03-22 20:00:00,2787.28,0.0,12.48,111.01646833561475,0.192906208,19.2906208,0.0,0.0,0.0,0.0,0.5550823416780737,spring,night,111.01646833561475
2018-03-22 21:00:00,2857.36,0.0,11.56,41.89760781313361,0.19362877599999997,19.362877599999997,0.0,0.0,0.0,0.0,0.20948803906566804,spring,night,41.89760781313361
2018-03-22 22:00:00,2777.2000000000003,0.0,11.61,45.93832374186176,0.193589506,19.3589506,0.0,0.0,0.0,0.0,0.2296916187093088,spring,night,45.93832374186176
2018-03-22 23:00:00,2619.04,0.0,11.25,83.6502328257644,0.19387225,19.387225,0.0,0.0,0.0,0.0,0.418251164128822,spring,night,83.6502328257644
2018-03-23 00:00:00,2470.0,0.0,11.39,102.4517241080385,0.193762294,19.3762294,0.0,0.0,0.0,0.0,0.5122586205401926,spring,night,102.4517241080385
2018-03-23 01:00:00,2374.2400000000002,0.0,10.85,62.07233818887021,0.19418640999999998,19.418640999999997,0.0,0.0,0.0,0.0,0.31036169094435107,spring,night,62.07233818887021
2018-03-23 02:00:00,2330.7200000000003,0.0,11.31,20.051483781705862,0.193825126,19.3825126,0.0,0.0,0.0,0.0,0.10025741890852931,spring,night,20.051483781705862
2018-03-23 03:00:00,2331.12,0.0,11.07,96.10412143186286,0.194013622,19.4013622,0.0,0.0,0.0,0.0,0.48052060715931433,spring,night,96.10412143186286
2018-03-23 16:00:00,2396.08,0.0,16.69,0.0,0.18959967400000002,18.959967400000004,0.0,0.0,0.0,0.0,0.0,spring,night,0.0
2018-03-23 17:00:00,2405.2000000000003,0.0,15.9,76.9117481789364,0.19022013999999998,19.022014,0.0,0.0,0.0,0.0,0.384558740894682,spring,night,76.9117481789364
2018-03-23 18:00:00,2452.2400000000002,0.0,14.75,1.9443844750546984,0.19112334999999997,19.112334999999998,0.0,0.0,0.0,0.0,0.009721922375273492,spring,night,1.9443844750546984
2018-03-23 19:00:00,2513.52,0.0,11.32,28.66431618386257,0.19381727199999998,19.3817272,0.0,0.0,0.0,0.0,0.14332158091931285,spring,night,28.66431618386257
2018-03-23 20:00:00,2668.88,0.0,10.71,65.05099251988443,0.194296366,19.4296366,0.0,0.0,0.0,0.0,0.32525496259942216,spring,night,65.05099251988443
2018-03-23 21:00:00,2743.28,0.0,10.14,78.48039795068874,0.194744044,19.4744044,0.0,0.0,0.0,0.0,0.3924019897534437,spring,night,78.48039795068874
2018-03-23 22:00:00,2668.0,0.0,10.0,63.10049227431303,0.194854,19.4854,0.0,0.0,0.0,0.0,0.3155024613715651,spring,night,63.10049227431303
2018-03-23 23:00:00,2516.48,0.0,9.38,81.05307740694732,0.19534094800000001,19.534094800000002,0.0,0.0,0.0,0.0,0.40526538703473663,spring,night,81.05307740694732
2018-03-24 00:00:00,2369.2000000000003,0.0,9.0,36.855301916325736,0.1956394,19.56394,0.0,0.0,0.0,0.0,0.18427650958162867,spring,night,36.855301916325736
2018-03-24 01:00:00,2264.64,0.0,9.07,51.851641740624615,0.19558442199999998,19.558442199999998,0.0,0.0,0.0,0.0,0.25925820870312305,spring,night,51.851641740624615
2018-03-24 02:00:00,2212.32,0.0,9.07,41.42075084175676,0.19558442199999998,19.558442199999998,0.0,0.0,0.0,0.0,0.2071037542087838,spring,night,41.42075084175676
2018-03-24 03:00:00,2195.36,0.0,8.15,57.37134104335308,0.19630699000000001,19.630699,0.0,0.0,0.0,0.0,0.2868567052167654,spring,night,57.37134104335308
2018-03-24 16:00:00,2328.96,0.0,6.91,1.765817879312707,0.197280886,19.7280886,0.0,0.0,0.0,0.0,0.008829089396563536,spring,night,1.765817879312707
2018-03-24 17:00:00,2324.64,0.0,6.39,10.349800634727508,0.197689294,19.768929399999998,0.0,0.0,0.0,0.0,0.05174900317363754,spring,night,10.349800634727508
2018-03-24 18:00:00,2350.4,0.0,5.75,23.372547009430317,0.19819194999999998,19.819194999999997,0.0,0.0,0.0,0.0,0.11686273504715158,spring,night,23.372547009430317
2018-03-24 19:00:00,2359.36,0.0,5.71,26.672655952220655,0.19822336599999998,19.8223366,0.0,0.0,0.0,0.0,0.13336327976110326,spring,night,26.672655952220655
2018-03-24 20:00:00,2437.36,0.0,4.95,20.705112604015778,0.19882027,19.882027,0.0,0.0,0.0,0.0,0.10352556302007888,spring,night,20.705112604015778
2018-03-24 21:00:00,2447.68,0.0,4.0,8.706813764209757,0.19956639999999998,19.956639999999997,0.0,0.0,0.0,0.0,0.04353406882104879,spring,night,8.706813764209757
2018-03-24 22:00:00,2366.7200000000003,0.0,3.14,5.95731964832932,0.20024184400000003,20.024184400000003,0.0,0.0,0.0,0.0,0.0297865982416466,spring,night,5.95731964832932
2018-03-24 23:00:00,2231.44,0.0,2.47,39.49808760907483,0.200768062,20.0768062,0.0,0.0,0.0,0.0,0.19749043804537414,spring,night,39.49808760907483
2018-03-25 00:00:00,2085.76,0.0,2.36,44.921825742600234,0.200854456,20.0854456,0.0,0.0,0.0,0.0,0.22460912871300118,spring,night,44.921825742600234
2018-03-25 01:00:00,1963.1200000000001,0.0,2.26,17.280125033286904,0.200932996,20.0932996,0.0,0.0,0.0,0.0,0.08640062516643451,spring,night,17.280125033286904
2018-03-25 02:00:00,1881.68,0.0,2.02,30.660652791213682,0.20112149199999999,20.112149199999998,0.0,0.0,0.0,0.0,0.15330326395606841,spring,night,30.660652791213682
2018-03-25 03:00:00,1840.8,0.0,1.52,20.381425879012394,0.20151419199999998,20.1514192,0.0,0.0,0.0,0.0,0.10190712939506197,spring,night,20.381425879012394
2018-03-25 16:00:00,2061.36,0.0,10.32,40.00885512342649,0.194602672,19.4602672,0.0,0.0,0.0,0.0,0.20004427561713245,spring,night,40.00885512342649
2018-03-25 17:00:00,2089.04,0.0,8.83,11.56125925278895,0.195772918,19.577291799999998,0.0,0.0,0.0,0.0,0.057806296263944755,spring,night,11.56125925278895
2018-03-25 18:00:00,2112.88,0.0,8.81,106.24591048026095,0.19578862600000002,19.5788626,0.0,0.0,0.0,0.0,0.5312295524013048,spring,night,106.24591048026095
2018-03-25 19:00:00,2136.48,0.0,7.33,118.50937391554965,0.196951018,19.6951018,0.0,0.0,0.0,0.0,0.5925468695777483,spring,night,118.50937391554965
2018-03-25 20:00:00,2214.4,0.0,5.53,178.83151712350937,0.19836473799999998,19.8364738,0.0,0.0,0.0,0.0,0.8941575856175469,spring,night,178.83151712350937
2018-03-25 21:00:00,2217.68,0.0,4.12,170.77944672287134,0.199472152,19.947215200000002,0.0,0.0,0.0,0.0,0.8538972336143567,spring,night,170.77944672287134
2018-03-25 22:00:00,2156.32,0.0,3.45,151.62784855665362,0.19999836999999998,19.999837,0.0,0.0,0.0,0.0,0.758139242783268,spring,night,151.62784855665362
2018-03-25 23:00:00,2056.32,0.0,3.73,178.96806850649904,0.199778458,19.9778458,0.0,0.0,0.0,0.0,0.8948403425324952,spring,night,178.96806850649904
2018-03-26 00:00:00,1938.56,0.0,3.75,177.7235161200925,0.19976274999999996,19.976274999999998,0.0,0.0,0.0,0.0,0.8886175806004626,spring,night,177.7235161200925
2018-03-26 01:00:00,1830.16,0.0,3.75,178.96766845361893,0.19976274999999996,19.976274999999998,0.0,0.0,0.0,0.0,0.8948383422680947,spring,night,178.96766845361893
2018-03-26 02:00:00,1762.88,0.0,3.56,178.95272102329014,0.199911976,19.9911976,0.0,0.0,0.0,0.0,0.8947636051164507,spring,night,178.95272102329014
2018-03-26 03:00:00,1729.6000000000001,0.0,3.54,178.94065882282163,0.199927684,19.9927684,0.0,0.0,0.0,0.0,0.8947032941141082,spring,night,178.94065882282163
2018-03-26 16:00:00,2272.32,0.0,13.18,75.70249742847324,0.19235642799999997,19.235642799999997,0.0,0.0,0.0,0.0,0.3785124871423662,spring,night,75.70249742847324
2018-03-26 17:00:00,2307.2000000000003,0.0,11.64,88.9035878316198,0.193565944,19.3565944,0.0,0.0,0.0,0.0,0.444517939158099,spring,night,88.9035878316198
2018-03-26 18:00:00,2366.32,0.0,10.76,42.889884428942246,0.194257096,19.425709599999998,0.0,0.0,0.0,0.0,0.21444942214471122,spring,night,42.889884428942246
2018-03-26 19:00:00,2403.6,0.0,9.85,36.34740750902028,0.19497181,19.497181,0.0,0.0,0.0,0.0,0.1817370375451014,spring,night,36.34740750902028
2018-03-26 20:00:00,2492.96,0.0,9.29,106.00860638562143,0.19541163400000003,19.541163400000002,0.0,0.0,0.0,0.0,0.5300430319281072,spring,night,106.00860638562143
2018-03-26 21:00:00,2486.64,0.0,8.64,152.0441581308053,0.195922144,19.5922144,0.0,0.0,0.0,0.0,0.7602207906540265,spring,night,152.0441581308053
2018-03-26 22:00:00,2390.0,0.0,8.3,178.45329743264497,0.19618918,19.618918,0.0,0.0,0.0,0.0,0.8922664871632249,spring,night,178.45329743264497
2018-03-26 23:00:00,2240.56,0.0,8.29,178.9052965728058,0.196197034,19.6197034,0.0,0.0,0.0,0.0,0.894526482864029,spring,night,178.9052965728058
2018-03-27 00:00:00,2094.48,0.0,7.7,172.7286619501014,0.19666042,19.666042,0.0,0.0,0.0,0.0,0.8636433097505071,spring,night,172.7286619501014
2018-03-27 01:00:00,1991.68,0.0,7.11,58.74887464386655,0.197123806,19.712380600000003,0.0,0.0,0.0,0.0,0.2937443732193328,spring,night,58.74887464386655
2018-03-27 02:00:00,1934.56,0.0,6.55,178.90917587345893,0.19756363,19.756363,0.0,0.0,0.0,0.0,0.8945458793672947,spring,night,178.90917587345893
2018-03-27 03:00:00,1909.6000000000001,0.0,6.05,178.04696493486026,0.19795632999999999,19.795633,0.0,0.0,0.0,0.0,0.8902348246743013,spring,night,178.04696493486026
2018-03-27 16:00:00,2320.08,0.0,13.85,82.1700189860883,0.19183021,19.183021,0.0,0.0,0.0,0.0,0.41085009493044145,spring,night,82.1700189860883
2018-03-27 17:00:00,2306.7200000000003,0.0,12.54,178.2849115386707,0.192859084,19.2859084,0.0,0.0,0.0,0.0,0.8914245576933536,spring,night,178.2849115386707
2018-03-27 18:00:00,2320.7200000000003,0.0,11.67,176.25327329537626,0.19354238199999999,19.354238199999998,0.0,0.0,0.0,0.0,0.8812663664768813,spring,night,176.25327329537626
2018-03-27 19:00:00,2336.4,0.0,11.06,145.81164945588176,0.19402147599999997,19.402147599999996,0.0,0.0,0.0,0.0,0.7290582472794088,spring,night,145.81164945588176
2018-03-27 20:00:00,2439.92,0.0,10.17,65.71766245993702,0.194720482,19.4720482,0.0,0.0,0.0,0.0,0.3285883122996851,spring,night,65.71766245993702
2018-03-27 21:00:00,2468.8,0.0,8.77,0.0,0.195820042,19.5820042,0.0,0.0,0.0,0.0,0.0,spring,night,0.0
2018-03-27 22:00:00,2352.7200000000003,0.0,7.45,0.0,0.19685677,19.685677,0.0,0.0,0.0,0.0,0.0,spring,night,0.0
2018-03-27 23:00:00,2172.08,0.0,6.29,0.0,0.19776783399999998,19.7767834,0.0,0.0,0.0,0.0,0.0,spring,night,47.97859342910939
2018-03-28 00:00:00,2004.32,0.0,7.55,49.31843113780805,0.19677822999999997,19.677822999999997,0.0,0.0,0.0,0.0,0.24659215568904025,spring,night,49.31843113780805
2018-03-28 01:00:00,1879.8400000000001,0.0,7.02,66.62848588484454,0.197194492,19.7194492,0.0,0.0,0.0,0.0,0.3331424294242227,spring,night,66.62848588484454
2018-03-28 02:00:00,1812.16,0.0,5.84,38.42413959170358,0.198121264,19.8121264,0.0,0.0,0.0,0.0,0.19212069795851788,spring,night,38.42413959170358
2018-03-28 03:00:00,1782.8,0.0,4.35,23.798656363786804,0.19929151,19.929151,0.0,0.0,0.0,0.0,0.11899328181893402,spring,night,23.798656363786804
2018-03-28 16:00:00,2370.88,0.0,15.71,42.38576627836634,0.190369366,19.0369366,0.0,0.0,0.0,0.0,0.2119288313918317,spring,night,42.38576627836634
2018-03-28 17:00:00,2402.7200000000003,0.0,13.64,51.756895883579425,0.191995144,19.1995144,0.0,0.0,0.0,0.0,0.2587844794178971,spring,night,51.756895883579425
2018-03-28 18:00:00,2446.56,0.0,12.37,119.55128133408907,0.19299260199999999,19.2992602,0.0,0.0,0.0,0.0,0.5977564066704454,spring,night,119.55128133408907
2018-03-28 19:00:00,2460.56,0.0,12.71,112.5699827734128,0.19272556600000001,19.2725566,0.0,0.0,0.0,0.0,0.5628499138670641,spring,night,112.5699827734128
2018-03-28 20:00:00,2518.2400000000002,0.0,12.57,126.0864845652867,0.192835522,19.283552200000003,0.0,0.0,0.0,0.0,0.6304324228264335,spring,night,126.0864845652867
2018-03-28 21:00:00,2504.16,0.0,12.1,96.13053704474743,0.19320466,19.320466,0.0,0.0,0.0,0.0,0.48065268522373716,spring,night,96.13053704474743
2018-03-28 22:00:00,2384.16,0.0,10.76,127.84154079482835,0.194257096,19.425709599999998,0.0,0.0,0.0,0.0,0.6392077039741417,spring,night,127.84154079482835
2018-03-28 23:00:00,2195.36,0.0,9.38,154.5763595093118,0.19534094800000001,19.534094800000002,0.0,0.0,0.0,0.0,0.772881797546559,spring,night,154.5763595093118
2018-03-29 00:00:00,2025.1200000000001,0.0,8.52,146.07854534081608,0.196016392,19.6016392,0.0,0.0,0.0,0.0,0.7303927267040804,spring,night,146.07854534081608
2018-03-29 01:00:00,1911.2,0.0,7.67,149.2103896177778,0.19668398199999998,19.6683982,0.0,0.0,0.0,0.0,0.746051948088889,spring,night,149.2103896177778
2018-03-29 02:00:00,1841.1200000000001,0.0,7.13,165.4213687836033,0.197108098,19.7108098,0.0,0.0,0.0,0.0,0.8271068439180165,spring,night,165.4213687836033
2018-03-29 03:00:00,1810.8,0.0,6.34,172.59801437779348,0.197728564,19.7728564,0.0,0.0,0.0,0.0,0.8629900718889674,spring,night,172.59801437779348
2018-03-29 16:00:00,2178.88,0.0,4.56,9.332661641647123,0.199126576,19.9126576,0.0,0.0,0.0,0.0,0.04666330820823562,spring,night,9.332661641647123
2018-03-29 17:00:00,2203.2000000000003,0.0,3.83,1.1706599486901847,0.199699918,19.9699918,0.0,0.0,0.0,0.0,0.005853299743450923,spring,night,1.1706599486901847
2018-03-29 18:00:00,2237.04,0.0,3.4,0.0,0.20003764,20.003764,0.0,0.0,0.0,0.0,0.0,spring,night,0.0
2018-03-29 19:00:00,2271.36,0.0,2.67,30.549110774622086,0.20061098200000002,20.061098200000004,0.0,0.0,0.0,0.0,0.15274555387311042,spring,night,30.549110774622086
2018-03-29 20:00:00,2378.08,0.0,2.52,15.674767379104363,0.20072879199999996,20.072879199999996,0.0,0.0,0.0,0.0,0.07837383689552181,spring,night,15.674767379104363
2018-03-29 21:00:00,2444.56,0.0,2.38,4.452396860753148,0.20083874799999998,20.083874799999997,0.0,0.0,0.0,0.0,0.02226198430376574,spring,night,4.452396860753148
2018-03-29 22:00:00,2358.16,0.0,2.22,0.0,0.20096441199999998,20.096441199999997,0.0,0.0,0.0,0.0,0.0,spring,night,55.73779178395546
2018-03-29 23:00:00,2187.92,0.0,2.19,0.0,0.200987974,20.098797400000002,0.0,0.0,0.0,0.0,0.0,spring,night,45.93832374186176
2018-03-30 00:00:00,2042.72,0.0,2.24,0.0,0.20094870399999998,20.094870399999998,0.0,0.0,0.0,0.0,0.0,spring,night,11.740330650105218
2018-03-30 01:00:00,1933.2,0.0,1.65,0.0,0.20141209,20.141209,0.0,0.0,0.0,0.0,0.0,spring,night,4.688004519033086
2018-03-30 02:00:00,1882.48,0.0,1.39,0.0,0.201616294,20.1616294,0.0,0.0,0.0,0.0,0.0,spring,night,0.0
2018-03-30 03:00:00,1868.64,0.0,1.27,0.0,0.201710542,20.1710542,0.0,0.0,0.0,0.0,0.0,spring,night,67.41879641040038
2018-03-30 16:00:00,2366.64,0.0,7.68,0.0,0.196676128,19.6676128,0.0,0.0,0.0,0.0,0.0,spring,night,0.0
2018-03-30 17:00:00,2408.16,0.0,6.18,0.9790381234919252,0.197854228,19.7854228,0.0,0.0,0.0,0.0,0.004895190617459626,spring,night,0.9790381234919252
2018-03-30 18:00:00,2463.12,0.0,5.6,10.562746206574907,0.19830976000000003,19.830976000000003,0.0,0.0,0.0,0.0,0.05281373103287454,spring,night,10.562746206574907
2018-03-30 19:00:00,2499.12,0.0,6.1,6.116350139019551,0.19791706,19.791706,0.0,0.0,0.0,0.0,0.030581750695097755,spring,night,6.116350139019551
2018-03-30 20:00:00,2582.64,0.0,5.83,17.52631515098521,0.198129118,19.8129118,0.0,0.0,0.0,0.0,0.08763157575492604,spring,night,17.52631515098521
2018-03-30 21:00:00,2574.7200000000003,0.0,5.5,7.011491187966717,0.1983883,19.838829999999998,0.0,0.0,0.0,0.0,0.03505745593983359,spring,night,7.011491187966717
2018-03-30 22:00:00,2469.76,0.0,5.2,18.73331560399924,0.19862391999999998,19.862392,0.0,0.0,0.0,0.0,0.0936665780199962,spring,night,18.73331560399924
2018-03-30 23:00:00,2293.92,0.0,4.9,45.616802454605775,0.19885954,19.885954,0.0,0.0,0.0,0.0,0.22808401227302888,spring,night,45.616802454605775
2018-03-31 00:00:00,2136.88,0.0,3.68,37.7506566298792,0.19981772799999997,19.981772799999998,0.0,0.0,0.0,0.0,0.18875328314939602,spring,night,37.7506566298792
2018-03-31 01:00:00,2022.16,0.0,2.31,40.286540313302275,0.20089372599999997,20.089372599999997,0.0,0.0,0.0,0.0,0.20143270156651139,spring,night,40.286540313302275
2018-03-31 02:00:00,1960.88,0.0,1.59,67.75064027423812,0.20145921400000003,20.145921400000002,0.0,0.0,0.0,0.0,0.33875320137119064,spring,night,67.75064027423812
2018-03-31 03:00:00,1932.08,0.0,1.1,100.33011033522087,0.20184406,20.184406,0.0,0.0,0.0,0.0,0.5016505516761043,spring,night,100.33011033522087
2018-03-31 16:00:00,2589.84,0.0,12.31,162.77053354199924,0.193039726,19.303972599999998,0.0,0.0,0.0,0.0,0.8138526677099962,spring,night,162.77053354199924
2018-03-31 17:00:00,2585.2000000000003,0.0,9.22,178.95515770901264,0.195466612,19.546661200000003,0.0,0.0,0.0,0.0,0.8947757885450632,spring,night,178.95515770901264
2018-03-31 18:00:00,2584.88,0.0,7.19,178.96648041779392,0.19706097399999997,19.706097399999997,0.0,0.0,0.0,0.0,0.8948324020889696,spring,night,178.96648041779392
2018-03-31 19:00:00,2563.2000000000003,0.0,6.53,178.96638343527758,0.19757933799999997,19.757933799999996,0.0,0.0,0.0,0.0,0.8948319171763879,spring,night,178.96638343527758
2018-03-31 20:00:00,2588.88,0.0,6.23,178.94616258062322,0.19781495799999999,19.7814958,0.0,0.0,0.0,0.0,0.8947308129031161,spring,night,178.94616258062322
2018-03-31 21:00:00,2551.44,0.0,6.02,178.96404373207142,0.197979892,19.7979892,0.0,0.0,0.0,0.0,0.8948202186603571,spring,night,178.96404373207142
2018-03-31 22:00:00,2457.68,0.0,5.77,178.95366660282434,0.198176242,19.8176242,0.0,0.0,0.0,0.0,0.8947683330141217,spring,night,178.95366660282434
2018-03-31 23:00:00,2310.88,0.0,5.79,178.95307258491158,0.198160534,19.8160534,0.0,0.0,0.0,0.0,0.8947653629245579,spring,night,178.95307258491158
2018-04-01 00:00:00,2150.16,0.0,5.9,178.939070734117,0.19807414,19.807414,0.0,0.0,0.0,0.0,0.894695353670585,spring,night,178.939070734117
2018-04-01 01:00:00,2047.76,0.0,5.49,178.90346602780988,0.19839615400000002,19.839615400000003,0.0,0.0,0.0,0.0,0.8945173301390494,spring,night,178.90346602780988
2018-04-01 02:00:00,1974.72,0.0,4.88,178.89908969176082,0.19887524799999998,19.887524799999998,0.0,0.0,0.0,0.0,0.8944954484588041,spring,night,178.89908969176082
2018-04-01 03:00:00,1936.16,0.0,4.09,178.91429170119522,0.199495714,19.9495714,0.0,0.0,0.0,0.0,0.8945714585059761,spring,night,178.91429170119522
2018-04-01 16:00:00,2137.6,0.0,16.42,0.0,0.189811732,18.9811732,0.0,0.0,0.0,0.0,0.0,spring,night,21.367371354927016
2018-04-01 17:00:00,2163.12,0.0,14.5,178.2254733789765,0.19131969999999998,19.13197,0.0,0.0,0.0,0.0,0.8911273668948825,spring,night,178.2254733789765
2018-04-01 18:00:00,2197.76,0.0,13.52,146.9732332995698,0.19208939199999997,19.208939199999996,0.0,0.0,0.0,0.0,0.7348661664978491,spring,night,146.9732332995698
2018-04-01 19:00:00,2231.36,0.0,12.34,91.24070281712513,0.19301616400000002,19.3016164,0.0,0.0,0.0,0.0,0.45620351408562565,spring,night,91.24070281712513
2018-04-01 20:00:00,2321.28,0.0,11.49,0.0,0.19368375399999999,19.368375399999998,0.0,0.0,0.0,0.0,0.0,spring,night,68.9792511595235
2018-04-01 21:00:00,2352.2400000000002,0.0,10.86,152.24327535964122,0.194178556,19.4178556,0.0,0.0,0.0,0.0,0.7612163767982061,spring,night,152.24327535964122
2018-04-01 22:00:00,2293.04,0.0,10.45,16.302239713690273,0.19450057,19.450057,0.0,0.0,0.0,0.0,0.08151119856845136,spring,night,16.302239713690273
2018-04-01 23:00:00,2188.88,0.0,10.03,22.39406918727294,0.194830438,19.4830438,0.0,0.0,0.0,0.0,0.1119703459363647,spring,night,22.39406918727294
2018-04-02 00:00:00,2071.6,0.0,9.53,50.94761921467434,0.195223138,19.5223138,0.0,0.0,0.0,0.0,0.2547380960733717,spring,night,50.94761921467434
2018-04-02 01:00:00,1966.96,0.0,9.31,0.0,0.19539592599999997,19.539592599999995,0.0,0.0,0.0,0.0,0.0,spring,night,0.0
2018-04-02 02:00:00,1900.72,0.0,8.69,0.0,0.19588287399999998,19.5882874,0.0,0.0,0.0,0.0,0.0,spring,night,71.57253940050175
2018-04-02 03:00:00,1867.68,0.0,8.08,0.0,0.19636196799999997,19.636196799999997,0.0,0.0,0.0,0.0,0.0,spring,night,33.84573137752824
2018-04-02 16:00:00,1887.3600000000001,0.0,7.09,11.253234446496663,0.197139514,19.7139514,0.0,0.0,0.0,0.0,0.056266172232483314,spring,night,11.253234446496663
2018-04-02 17:00:00,1927.52,0.0,5.77,38.10629151725352,0.198176242,19.8176242,0.0,0.0,0.0,0.0,0.19053145758626758,spring,night,38.10629151725352
2018-04-02 18:00:00,1994.88,0.0,4.85,36.81318422790673,0.19889881,19.889881000000003,0.0,0.0,0.0,0.0,0.18406592113953366,spring,night,36.81318422790673
2018-04-02 19:00:00,2055.2,0.0,3.99,29.585083347397564,0.199574254,19.9574254,0.0,0.0,0.0,0.0,0.1479254167369878,spring,night,29.585083347397564
2018-04-02 20:00:00,2179.2,0.0,3.1,62.27741378105265,0.20027326,20.027326000000002,0.0,0.0,0.0,0.0,0.31138706890526324,spring,night,62.27741378105265
2018-04-02 21:00:00,2268.64,0.0,2.78,43.03718874842975,0.200524588,20.0524588,0.0,0.0,0.0,0.0,0.21518594374214875,spring,night,43.03718874842975
2018-04-02 22:00:00,2188.8,0.0,2.82,56.044808123612775,0.20049317200000003,20.0493172,0.0,0.0,0.0,0.0,0.2802240406180639,spring,night,56.044808123612775
2018-04-02 23:00:00,2055.44,0.0,3.02,61.39106631870313,0.200336092,20.0336092,0.0,0.0,0.0,0.0,0.3069553315935157,spring,night,61.39106631870313
2018-04-03 00:00:00,1927.2,0.0,3.01,16.899535332179994,0.200343946,20.0343946,0.0,0.0,0.0,0.0,0.08449767666089997,spring,night,16.899535332179994
2018-04-03 01:00:00,1830.16,0.0,2.71,18.137564129011654,0.20057956600000001,20.0579566,0.0,0.0,0.0,0.0,0.09068782064505827,spring,night,18.137564129011654
2018-04-03 02:00:00,1780.8,0.0,2.32,8.487492349589706,0.20088587200000002,20.088587200000003,0.0,0.0,0.0,0.0,0.04243746174794853,spring,night,8.487492349589706
2018-04-03 03:00:00,1769.2,0.0,2.02,0.0,0.20112149199999999,20.112149199999998,0.0,0.0,0.0,0.0,0.0,spring,night,0.0
2018-04-03 16:00:00,2224.0,0.0,9.03,4.517178908632446,0.195615838,19.561583799999998,0.0,0.0,0.0,0.0,0.02258589454316223,spring,night,4.517178908632446
2018-04-03 17:00:00,2247.04,0.0,6.99,10.04710835148139,0.197218054,19.7218054,0.0,0.0,0.0,0.0,0.050235541757406944,spring,night,10.04710835148139
2018-04-03 18:00:00,2287.36,0.0,5.76,10.100114600385963,0.198184096,19.8184096,0.0,0.0,0.0,0.0,0.05050057300192981,spring,night,10.100114600385963
2018-04-03 19:00:00,2316.0,0.0,6.45,17.264182016813695,0.19764217,19.764217000000002,0.0,0.0,0.0,0.0,0.08632091008406848,spring,night,17.264182016813695
2018-04-03 20:00:00,2415.6,0.0,5.99,2.6515457521877925,0.19800345400000002,19.8003454,0.0,0.0,0.0,0.0,0.013257728760938963,spring,night,2.6515457521877925
2018-04-03 21:00:00,2419.12,0.0,5.66,0.1519742904675165,0.198262636,19.8262636,0.0,0.0,0.0,0.0,0.0007598714523375825,spring,night,0.1519742904675165
2018-04-03 22:00:00,2296.88,0.0,5.17,0.38544159717586285,0.19864748200000001,19.8647482,0.0,0.0,0.0,0.0,0.0019272079858793142,spring,night,0.38544159717586285
2018-04-03 23:00:00,2122.88,0.0,4.68,4.055189811614168,0.199032328,19.9032328,0.0,0.0,0.0,0.0,0.02027594905807084,spring,night,4.055189811614168
2018-04-04 00:00:00,1966.24,0.0,4.28,2.757867760605631,0.19934648800000002,19.9346488,0.0,0.0,0.0,0.0,0.013789338803028154,spring,night,2.757867760605631
2018-04-04 01:00:00,1851.1200000000001,0.0,3.89,0.0,0.19965279399999997,19.965279399999996,0.0,0.0,0.0,0.0,0.0,spring,night,0.0
2018-04-04 02:00:00,1784.32,0.0,3.05,0.0,0.20031253000000002,20.031253000000003,0.0,0.0,0.0,0.0,0.0,spring,night,0.0
2018-04-04 03:00:00,1749.92,0.0,2.1,0.0,0.20105866,20.105866,0.0,0.0,0.0,0.0,0.0,spring,night,39.50392171357266
2018-04-04 16:00:00,2296.7200000000003,0.0,12.56,0.0,0.19284337599999998,19.284337599999997,0.0,0.0,0.0,0.0,0.0,spring,night,40.286540313302275
2018-04-04 17:00:00,2310.64,0.0,10.36,0.0,0.19457125600000003,19.4571256,0.0,0.0,0.0,0.0,0.0,spring,night,0.0
2018-04-04 18:00:00,2332.96,0.0,10.37,0.0,0.194563402,19.4563402,0.0,0.0,0.0,0.0,0.0,spring,night,43.21118750553649
2018-04-04 19:00:00,2343.92,0.0,9.84,0.0,0.194979664,19.4979664,0.0,0.0,0.0,0.0,0.0,spring,night,0.0
2018-04-04 20:00:00,2402.96,0.0,9.12,0.0,0.195545152,19.5545152,0.0,0.0,0.0,0.0,0.0,spring,night,67.97483354495195
2018-04-04 21:00:00,2440.2400000000002,0.0,8.4,14.541719125494009,0.19611064,19.611064,0.0,0.0,0.0,0.0,0.07270859562747005,spring,night,14.541719125494009
2018-04-04 22:00:00,2324.08,0.0,7.18,9.500813413765586,0.197068828,19.7068828,0.0,0.0,0.0,0.0,0.04750406706882793,spring,night,9.500813413765586
2018-04-04 23:00:00,2129.04,0.0,6.18,0.4440598331501138,0.197854228,19.7854228,0.0,0.0,0.0,0.0,0.0022202991657505693,spring,night,0.4440598331501138
2018-04-05 00:00:00,1952.64,0.0,5.75,2.2175319439126104,0.19819194999999998,19.819194999999997,0.0,0.0,0.0,0.0,0.011087659719563053,spring,night,2.2175319439126104
2018-04-05 01:00:00,1822.16,0.0,6.29,0.0,0.19776783399999998,19.7767834,0.0,0.0,0.0,0.0,0.0,spring,night,0.0
2018-04-05 02:00:00,1747.52,0.0,6.84,0.0,0.197335864,19.7335864,0.0,0.0,0.0,0.0,0.0,spring,night,0.4440598331501138
2018-04-05 03:00:00,1708.4,0.0,6.24,0.0,0.197807104,19.7807104,0.0,0.0,0.0,0.0,0.0,spring,night,5.8160062722527845
2018-04-05 16:00:00,2200.8,0.0,16.16,0.0,0.190015936,19.0015936,0.0,0.0,0.0,0.0,0.0,spring,night,0.0
2018-04-05 17:00:00,2229.28,0.0,14.74,0.0,0.191131204,19.1131204,0.0,0.0,0.0,0.0,0.0,spring,night,9.057438140799064
2018-04-05 18:00:00,2251.84,0.0,11.81,0.0,0.19343242599999996,19.343242599999996,0.0,0.0,0.0,0.0,0.0,spring,night,0.8617435472721667
2018-04-05 19:00:00,2263.52,0.0,10.05,0.0,0.19481473,19.481472999999998,0.0,0.0,0.0,0.0,0.0,spring,night,50.66269973522116
2018-04-05 20:00:00,2344.96,0.0,8.49,0.0,0.19603995399999996,19.603995399999995,0.0,0.0,0.0,0.0,0.0,spring,night,46.76098702872386
2018-04-05 21:00:00,2390.7200000000003,0.0,7.92,0.0,0.19648763199999997,19.648763199999998,0.0,0.0,0.0,0.0,0.0,spring,night,4.155581490693739
2018-04-05 22:00:00,2280.64,0.0,7.55,0.0,0.19677822999999997,19.677822999999997,0.0,0.0,0.0,0.0,0.0,spring,night,18.86404197460192
2018-04-05 23:00:00,2099.2,0.0,7.16,0.0,0.19708453599999998,19.7084536,0.0,0.0,0.0,0.0,0.0,spring,night,0.0
2018-04-06 00:00:00,1929.44,0.0,6.54,0.0,0.197571484,19.7571484,0.0,0.0,0.0,0.0,0.0,spring,night,4.7740613487559
2018-04-06 01:00:00,1806.72,0.0,5.77,0.0,0.198176242,19.8176242,0.0,0.0,0.0,0.0,0.0,spring,night,0.0
2018-04-06 02:00:00,1741.1200000000001,0.0,5.07,0.0,0.19872602199999997,19.872602199999996,0.0,0.0,0.0,0.0,0.0,spring,night,13.964524648865046
2018-04-06 03:00:00,1704.24,0.0,4.44,0.0,0.19922082400000002,19.9220824,0.0,0.0,0.0,0.0,0.0,spring,night,13.50532910292254
2018-04-06 16:00:00,2442.88,0.0,16.8,159.59470769388284,0.18951327999999998,18.951327999999997,0.0,0.0,0.0,0.0,0.7979735384694142,spring,night,159.59470769388284
2018-04-06 17:00:00,2432.32,0.0,14.32,146.3146129083729,0.191461072,19.1461072,0.0,0.0,0.0,0.0,0.7315730645418645,spring,night,146.3146129083729
2018-04-06 18:00:00,2400.8,0.0,11.99,108.06165351939526,0.19329105399999996,19.329105399999996,0.0,0.0,0.0,0.0,0.5403082675969764,spring,night,108.06165351939526
2018-04-06 19:00:00,2392.8,0.0,10.61,112.76080799710219,0.19437490600000001,19.4374906,0.0,0.0,0.0,0.0,0.563804039985511,spring,night,112.76080799710219
2018-04-06 20:00:00,2455.04,0.0,9.31,129.65449558661825,0.19539592599999997,19.539592599999995,0.0,0.0,0.0,0.0,0.6482724779330913,spring,night,129.65449558661825
2018-04-06 21:00:00,2490.48,0.0,8.81,178.9787365832951,0.19578862600000002,19.5788626,0.0,0.0,0.0,0.0,0.8948936829164755,spring,night,178.9787365832951
2018-04-06 22:00:00,2388.88,0.0,8.51,125.38659811339181,0.19602424599999999,19.6024246,0.0,0.0,0.0,0.0,0.6269329905669591,spring,night,125.38659811339181
2018-04-06 23:00:00,2220.08,0.0,8.12,119.8736875868068,0.196330552,19.633055199999998,0.0,0.0,0.0,0.0,0.5993684379340339,spring,night,119.8736875868068
2018-04-07 00:00:00,2073.92,0.0,7.54,67.77238860352465,0.196786084,19.6786084,0.0,0.0,0.0,0.0,0.33886194301762323,spring,night,67.77238860352465
2018-04-07 01:00:00,1941.44,0.0,7.19,44.18906524837411,0.19706097399999997,19.706097399999997,0.0,0.0,0.0,0.0,0.22094532624187058,spring,night,44.18906524837411
2018-04-07 02:00:00,1878.24,0.0,6.65,10.963551458604833,0.19748509000000003,19.748509000000002,0.0,0.0,0.0,0.0,0.05481775729302416,spring,night,10.963551458604833
2018-04-07 03:00:00,1847.8400000000001,0.0,6.12,17.10621871264105,0.19790135199999997,19.790135199999998,0.0,0.0,0.0,0.0,0.08553109356320525,spring,night,17.10621871264105
2018-04-07 16:00:00,2388.88,0.0,17.18,0.0,0.189214828,18.9214828,0.0,0.0,0.0,0.0,0.0,spring,night,0.0
2018-04-07 17:00:00,2428.16,0.0,14.84,23.123868684047487,0.19105266399999996,19.105266399999994,0.0,0.0,0.0,0.0,0.11561934342023744,spring,night,23.123868684047487
2018-04-07 18:00:00,2459.28,0.0,12.83,30.749734263164456,0.192631318,19.2631318,0.0,0.0,0.0,0.0,0.1537486713158223,spring,night,30.749734263164456
2018-04-07 19:00:00,2480.7200000000003,0.0,12.1,0.0,0.19320466,19.320466,0.0,0.0,0.0,0.0,0.0,spring,night,43.26253065582124
2018-04-07 20:00:00,2543.12,0.0,11.52,57.467971998059014,0.193660192,19.3660192,0.0,0.0,0.0,0.0,0.28733985999029504,spring,night,57.467971998059014
2018-04-07 21:00:00,2567.68,0.0,10.86,62.34071911858567,0.194178556,19.4178556,0.0,0.0,0.0,0.0,0.3117035955929283,spring,night,62.34071911858567
2018-04-07 22:00:00,2487.2000000000003,0.0,9.95,68.82303657134837,0.19489327,19.489327,0.0,0.0,0.0,0.0,0.34411518285674186,spring,night,68.82303657134837
2018-04-07 23:00:00,2355.36,0.0,8.88,67.41879641040038,0.195733648,19.5733648,0.0,0.0,0.0,0.0,0.33709398205200186,spring,night,67.41879641040038
2018-04-08 00:00:00,2205.68,0.0,7.97,31.033820299117874,0.19644836200000002,19.6448362,0.0,0.0,0.0,0.0,0.15516910149558938,spring,night,31.033820299117874
2018-04-08 01:00:00,2080.2400000000002,0.0,7.26,5.455888216526025,0.19700599599999996,19.700599599999997,0.0,0.0,0.0,0.0,0.027279441082630126,spring,night,5.455888216526025
2018-04-08 02:00:00,2007.68,0.0,6.94,5.627178282258792,0.19725732399999998,19.7257324,0.0,0.0,0.0,0.0,0.02813589141129396,spring,night,5.627178282258792
2018-04-08 03:00:00,1974.32,0.0,6.53,0.0,0.19757933799999997,19.757933799999996,0.0,0.0,0.0,0.0,0.0,spring,night,23.674042922416405
2018-04-08 16:00:00,1934.0,0.0,14.08,28.213626307672403,0.191649568,19.1649568,0.0,0.0,0.0,0.0,0.141068131538362,spring,night,28.213626307672403
2018-04-08 17:00:00,1958.96,0.0,12.86,51.50578996458513,0.19260775599999996,19.260775599999995,0.0,0.0,0.0,0.0,0.2575289498229256,spring,night,51.50578996458513
2018-04-08 18:00:00,1996.0800000000002,0.0,11.77,109.42333653989678,0.19346384200000002,19.346384200000003,0.0,0.0,0.0,0.0,0.5471166826994839,spring,night,109.42333653989678
2018-04-08 19:00:00,2029.1200000000001,0.0,10.83,135.59924501278218,0.19420211799999998,19.420211799999997,0.0,0.0,0.0,0.0,0.6779962250639109,spring,night,135.59924501278218
2018-04-08 20:00:00,2112.0,0.0,9.18,137.8493121284761,0.195498028,19.5498028,0.0,0.0,0.0,0.0,0.6892465606423805,spring,night,137.8493121284761
2018-04-08 21:00:00,2211.28,0.0,7.88,72.4165721786956,0.196519048,19.6519048,0.0,0.0,0.0,0.0,0.362082860893478,spring,night,72.4165721786956
2018-04-08 22:00:00,2171.6,0.0,7.62,29.67238579631449,0.196723252,19.6723252,0.0,0.0,0.0,0.0,0.14836192898157244,spring,night,29.67238579631449
2018-04-08 23:00:00,2083.2,0.0,7.55,22.896329516520456,0.19677822999999997,19.677822999999997,0.0,0.0,0.0,0.0,0.11448164758260228,spring,night,22.896329516520456
2018-04-09 00:00:00,1977.6000000000001,0.0,7.26,43.95350077762096,0.19700599599999996,19.700599599999997,0.0,0.0,0.0,0.0,0.2197675038881048,spring,night,43.95350077762096
2018-04-09 01:00:00,1883.2,0.0,6.92,26.35862353364738,0.19727303200000001,19.7273032,0.0,0.0,0.0,0.0,0.1317931176682369,spring,night,26.35862353364738
2018-04-09 02:00:00,1831.04,0.0,6.53,15.645730207575085,0.19757933799999997,19.757933799999996,0.0,0.0,0.0,0.0,0.07822865103787542,spring,night,15.645730207575085
2018-04-09 03:00:00,1810.96,0.0,6.01,29.73491830442051,0.197987746,19.798774599999998,0.0,0.0,0.0,0.0,0.14867459152210255,spring,night,29.73491830442051
2018-04-09 16:00:00,1846.72,0.0,13.53,54.04668946252439,0.192081538,19.208153799999998,0.0,0.0,0.0,0.0,0.27023344731262194,spring,night,54.04668946252439
2018-04-09 17:00:00,1888.4,0.0,11.99,30.053863493586555,0.19329105399999996,19.329105399999996,0.0,0.0,0.0,0.0,0.15026931746793276,spring,night,30.053863493586555
2018-04-09 18:00:00,1952.96,0.0,11.29,46.967290055878706,0.19384083400000002,19.3840834,0.0,0.0,0.0,0.0,0.23483645027939354,spring,night,46.967290055878706
2018-04-09 19:00:00,2004.96,0.0,10.67,27.254990502214998,0.19432778199999998,19.432778199999998,0.0,0.0,0.0,0.0,0.136274952511075,spring,night,27.254990502214998
2018-04-09 20:00:00,2102.8,0.0,9.85,73.89271881409307,0.19497181,19.497181,0.0,0.0,0.0,0.0,0.36946359407046536,spring,night,73.89271881409307
2018-04-09 21:00:00,2203.28,0.0,9.43,24.25260273103306,0.195301678,19.5301678,0.0,0.0,0.0,0.0,0.1212630136551653,spring,night,24.25260273103306
2018-04-09 22:00:00,2128.08,0.0,8.48,0.8257460807160647,0.196047808,19.6047808,0.0,0.0,0.0,0.0,0.004128730403580323,spring,night,0.8257460807160647
2018-04-09 23:00:00,1983.28,0.0,7.64,0.0,0.19670754399999998,19.6707544,0.0,0.0,0.0,0.0,0.0,spring,night,0.5523572920812012
2018-04-10 00:00:00,1846.08,0.0,7.09,0.0,0.197139514,19.7139514,0.0,0.0,0.0,0.0,0.0,spring,night,0.0
2018-04-10 01:00:00,1746.08,0.0,6.26,0.0,0.197791396,19.7791396,0.0,0.0,0.0,0.0,0.0,spring,night,0.40445791287681965
2018-04-10 02:00:00,1687.92,0.0,5.49,0.0,0.19839615400000002,19.839615400000003,0.0,0.0,0.0,0.0,0.0,spring,night,0.0
2018-04-10 03:00:00,1673.1200000000001,0.0,5.2,0.0,0.19862391999999998,19.862392,0.0,0.0,0.0,0.0,0.0,spring,night,29.480148264730804
2018-04-10 07:00:00,2149.92,0.0,14.08,0.0,0.191649568,19.1649568,0.0,0.0,0.0,0.0,0.0,spring,night,45.979141258421244
2018-04-10 16:00:00,2251.04,0.0,14.77,9.245472086440648,0.19110764199999997,19.1107642,0.0,0.0,0.0,0.0,0.04622736043220324,spring,night,9.245472086440648
2018-04-10 17:00:00,2286.0,0.0,12.9,18.260624334768995,0.19257633999999998,19.257634,0.0,0.0,0.0,0.0,0.09130312167384497,spring,night,18.260624334768995
2018-04-10 18:00:00,2318.8,0.0,11.75,4.5377744340237145,0.19347955,19.347955,0.0,0.0,0.0,0.0,0.02268887217011857,spring,night,4.5377744340237145
2018-04-10 19:00:00,2309.44,0.0,10.7,1.8279035480515153,0.19430422000000003,19.430422000000004,0.0,0.0,0.0,0.0,0.009139517740257577,spring,night,1.8279035480515153
2018-04-10 20:00:00,2359.28,0.0,10.35,0.0,0.19457911,19.457911,0.0,0.0,0.0,0.0,0.0,spring,night,17.52631515098521
2018-04-10 21:00:00,2419.2000000000003,0.0,9.79,0.0,0.19501893400000003,19.501893400000004,0.0,0.0,0.0,0.0,0.0,spring,night,16.088185661988256
2018-04-10 22:00:00,2301.44,0.0,9.7,0.0,0.19508962,19.508962,0.0,0.0,0.0,0.0,0.0,spring,night,10.349800634727508
2018-04-10 23:00:00,2118.7200000000003,0.0,9.57,0.0,0.195191722,19.5191722,0.0,0.0,0.0,0.0,0.0,spring,night,61.39106631870313
2018-04-11 00:00:00,1938.48,0.0,8.66,0.0,0.19590643600000002,19.5906436,0.0,0.0,0.0,0.0,0.0,spring,night,6.07375094756046
2018-04-11 01:00:00,1798.48,0.0,8.05,0.0,0.19638552999999997,19.638552999999998,0.0,0.0,0.0,0.0,0.0,spring,night,3.9717348409622173
2018-04-11 02:00:00,1714.96,0.0,8.12,0.0,0.196330552,19.633055199999998,0.0,0.0,0.0,0.0,0.0,spring,night,35.34430825053022
2018-04-11 03:00:00,1670.56,0.0,8.82,0.0,0.195780772,19.5780772,0.0,0.0,0.0,0.0,0.0,spring,night,7.782048344903955
2018-04-11 10:00:00,2230.0,0.0,19.38,0.0,0.187486948,18.7486948,0.0,0.0,0.0,0.0,0.0,spring,night,36.14952074586055
2018-04-11 16:00:00,2439.76,0.88,17.64,0.0,0.18881514666666668,18.881514666666668,0.0,0.0,0.0,0.0,0.0,spring,night,0.0
2018-04-11 17:00:00,2483.44,0.0,15.91,0.0,0.19021228599999998,19.021228599999997,0.0,0.0,0.0,0.0,0.0,spring,night,4.506402105343464
2018-04-11 18:00:00,2514.56,0.0,13.94,0.0,0.19175952400000001,19.1759524,0.0,0.0,0.0,0.0,0.0,spring,night,24.32034198798446
2018-04-11 19:00:00,2498.7200000000003,0.0,15.47,0.0,0.190557862,19.0557862,0.0,0.0,0.0,0.0,0.0,spring,night,7.319953930934343
2018-04-11 20:00:00,2518.56,0.0,15.05,3.3685104084860202,0.19088773,19.088773,0.0,0.0,0.0,0.0,0.0168425520424301,spring,night,3.3685104084860202
2018-04-11 21:00:00,2566.2400000000002,0.0,14.48,0.5523572920812012,0.191335408,19.133540800000002,0.0,0.0,0.0,0.0,0.002761786460406006,spring,night,0.5523572920812012
2018-04-11 22:00:00,2441.2000000000003,0.0,13.35,0.8955695146736163,0.19222291,19.222291,0.0,0.0,0.0,0.0,0.004477847573368081,spring,night,0.8955695146736163
2018-04-11 23:00:00,2234.7200000000003,0.0,13.17,3.917092769770547,0.192364282,19.2364282,0.0,0.0,0.0,0.0,0.019585463848852736,spring,night,3.917092769770547
2018-04-12 00:00:00,2041.68,0.0,12.81,0.0,0.192647026,19.2647026,0.0,0.0,0.0,0.0,0.0,spring,night,0.0
2018-04-12 01:00:00,1887.6000000000001,0.0,12.67,0.0,0.192756982,19.2756982,0.0,0.0,0.0,0.0,0.0,spring,night,43.26253065582124
2018-04-12 02:00:00,1788.24,0.0,12.56,0.0,0.19284337599999998,19.284337599999997,0.0,0.0,0.0,0.0,0.0,spring,night,0.0
2018-04-12 03:00:00,1736.16,0.0,12.25,0.0,0.19308685000000003,19.308685000000004,0.0,0.0,0.0,0.0,0.0,spring,night,26.10609621464776
2018-04-12 16:00:00,2356.8,0.88,16.23,2.4761189654119162,0.18992256066666666,18.992256066666666,0.0,0.0,0.0,0.0,0.01238059482705958,spring,night,2.4761189654119162
2018-04-12 17:00:00,2384.08,0.0,15.05,12.35777590171387,0.19088773,19.088773,0.0,0.0,0.0,0.0,0.06178887950856935,spring,night,12.35777590171387
2018-04-12 18:00:00,2408.88,0.0,13.62,0.0,0.192010852,19.2010852,0.0,0.0,0.0,0.0,0.0,spring,night,0.0
2018-04-12 19:00:00,2397.44,0.0,11.89,0.0,0.193369594,19.3369594,0.0,0.0,0.0,0.0,0.0,spring,night,0.6192893400612312
2018-04-12 20:00:00,2404.96,0.0,10.92,0.0,0.194131432,19.4131432,0.0,0.0,0.0,0.0,0.0,spring,night,15.974644896349256
2018-04-12 21:00:00,2451.92,0.0,10.34,0.0,0.194586964,19.4586964,0.0,0.0,0.0,0.0,0.0,spring,night,63.92064310786162
2018-04-12 22:00:00,2334.32,0.0,10.28,0.0,0.19463408799999998,19.4634088,0.0,0.0,0.0,0.0,0.0,spring,night,34.752648225450194
2018-04-12 23:00:00,2133.52,0.0,11.23,0.0,0.193887958,19.3887958,0.0,0.0,0.0,0.0,0.0,spring,night,30.053863493586555
2018-04-13 00:00:00,1945.76,0.0,11.0,0.0,0.1940686,19.40686,0.0,0.0,0.0,0.0,0.0,spring,night,56.044808123612775
2018-04-13 01:00:00,1811.6000000000001,0.0,11.07,0.0,0.194013622,19.4013622,0.0,0.0,0.0,0.0,0.0,spring,night,36.24606077945766
2018-04-13 02:00:00,1725.44,0.0,10.97,0.0,0.19409216199999998,19.4092162,0.0,0.0,0.0,0.0,0.0,spring,night,0.0
2018-04-13 03:00:00,1679.8400000000001,0.0,10.7,0.0,0.19430422000000003,19.430422000000004,0.0,0.0,0.0,0.0,0.0,spring,night,70.4243148984379
2018-04-13 17:00:00,2198.16,0.0,15.84,6.845559406261114,0.190267264,19.026726399999998,0.0,0.0,0.0,0.0,0.034227797031305573,spring,night,6.845559406261114
2018-04-13 18:00:00,2222.8,0.0,14.15,2.662968474189037,0.19159459,19.159459000000002,0.0,0.0,0.0,0.0,0.013314842370945186,spring,night,2.662968474189037
2018-04-13 19:00:00,2215.52,0.0,12.55,0.9258059924570659,0.19285122999999998,19.285123,0.0,0.0,0.0,0.0,0.004629029962285329,spring,night,0.9258059924570659
2018-04-13 20:00:00,2258.4,0.0,11.28,1.0491883051851465,0.193848688,19.3848688,0.0,0.0,0.0,0.0,0.005245941525925732,spring,night,1.0491883051851465
2018-04-13 21:00:00,2305.12,0.0,10.31,1.1099720972936413,0.19461052599999998,19.4610526,0.0,0.0,0.0,0.0,0.005549860486468206,spring,night,1.1099720972936413
2018-04-13 22:00:00,2211.12,0.0,9.6,5.503725979218633,0.19516815999999998,19.516816,0.0,0.0,0.0,0.0,0.027518629896093164,spring,night,5.503725979218633
2018-04-13 23:00:00,2052.08,0.0,9.26,6.643200082211617,0.19543519599999998,19.543519599999996,0.0,0.0,0.0,0.0,0.033216000411058086,spring,night,6.643200082211617
2018-04-14 00:00:00,1890.88,0.0,8.91,7.197975686374771,0.195710086,19.5710086,0.0,0.0,0.0,0.0,0.03598987843187385,spring,night,7.197975686374771
2018-04-14 01:00:00,1766.24,0.0,8.33,6.585371983823405,0.19616561799999999,19.6165618,0.0,0.0,0.0,0.0,0.03292685991911703,spring,night,6.585371983823405
2018-04-14 02:00:00,1697.92,0.0,7.82,5.223299139066797,0.19656617199999998,19.6566172,0.0,0.0,0.0,0.0,0.026116495695333985,spring,night,5.223299139066797
2018-04-14 03:00:00,1665.04,0.0,7.26,1.1484989701618207,0.19700599599999996,19.700599599999997,0.0,0.0,0.0,0.0,0.005742494850809104,spring,night,1.1484989701618207
2018-04-14 16:00:00,2024.24,0.88,17.38,154.26497289501208,0.18901935066666664,18.901935066666663,0.0,0.0,0.0,0.0,0.7713248644750604,spring,night,154.26497289501208
2018-04-14 17:00:00,2053.76,0.0,15.81,178.56903394306798,0.190290826,19.0290826,0.0,0.0,0.0,0.0,0.8928451697153399,spring,night,178.56903394306798
2018-04-14 18:00:00,2090.2400000000002,0.0,14.49,171.49925095905684,0.19132755399999998,19.132755399999997,0.0,0.0,0.0,0.0,0.8574962547952842,spring,night,171.49925095905684
2018-04-14 19:00:00,2085.12,0.0,13.78,176.68114803460054,0.191885188,19.1885188,0.0,0.0,0.0,0.0,0.8834057401730027,spring,night,176.68114803460054
2018-04-14 20:00:00,2101.12,0.0,12.71,153.11257814474612,0.19272556600000001,19.2725566,0.0,0.0,0.0,0.0,0.7655628907237306,spring,night,153.11257814474612
2018-04-14 21:00:00,2163.28,0.0,11.91,172.86550428064007,0.193353886,19.3353886,0.0,0.0,0.0,0.0,0.8643275214032003,spring,night,172.86550428064007
2018-04-14 22:00:00,2092.56,0.0,11.03,173.30009505912005,0.194045038,19.4045038,0.0,0.0,0.0,0.0,0.8665004752956003,spring,night,173.30009505912005
2018-04-14 23:00:00,1968.4,0.0,10.16,177.76438212790993,0.194728336,19.4728336,0.0,0.0,0.0,0.0,0.8888219106395496,spring,night,177.76438212790993
2018-04-15 00:00:00,1833.44,0.0,9.26,178.83320219473032,0.19543519599999998,19.543519599999996,0.0,0.0,0.0,0.0,0.8941660109736516,spring,night,178.83320219473032
2018-04-15 01:00:00,1714.64,0.0,8.45,176.6212249623242,0.19607137000000002,19.607137,0.0,0.0,0.0,0.0,0.883106124811621,spring,night,176.6212249623242
2018-04-15 02:00:00,1644.0,0.0,7.6,178.60240805149908,0.19673896,19.673896,0.0,0.0,0.0,0.0,0.8930120402574954,spring,night,178.60240805149908
2018-04-15 03:00:00,1604.32,0.0,6.77,178.6905894044702,0.19739084199999998,19.739084199999997,0.0,0.0,0.0,0.0,0.8934529470223509,spring,night,178.6905894044702
2018-04-15 17:00:00,1971.44,0.0,14.1,178.90991536514568,0.19163386,19.163386,0.0,0.0,0.0,0.0,0.8945495768257284,spring,night,178.90991536514568
2018-04-15 18:00:00,2008.0,0.0,12.45,178.95122991710136,0.19292976999999997,19.292976999999997,0.0,0.0,0.0,0.0,0.8947561495855068,spring,night,178.95122991710136
2018-04-15 19:00:00,2029.2,0.0,11.68,178.72813376110386,0.193534528,19.3534528,0.0,0.0,0.0,0.0,0.8936406688055193,spring,night,178.72813376110386
2018-04-15 20:00:00,2078.96,0.0,10.63,178.20064585479656,0.19435919799999998,19.435919799999997,0.0,0.0,0.0,0.0,0.8910032292739828,spring,night,178.20064585479656
2018-04-15 21:00:00,2147.28,0.0,9.63,143.09706033260642,0.195144598,19.5144598,0.0,0.0,0.0,0.0,0.715485301663032,spring,night,143.09706033260642
2018-04-15 22:00:00,2090.96,0.0,8.55,167.9884959908021,0.19599283,19.599283,0.0,0.0,0.0,0.0,0.8399424799540105,spring,night,167.9884959908021
2018-04-15 23:00:00,1977.76,0.0,7.47,29.86554466180323,0.196841062,19.684106200000002,0.0,0.0,0.0,0.0,0.14932772330901614,spring,night,29.86554466180323
2018-04-16 00:00:00,1846.8,0.0,6.43,18.40499644848939,0.19765787799999998,19.7657878,0.0,0.0,0.0,0.0,0.09202498224244694,spring,night,18.40499644848939
2018-04-16 01:00:00,1710.96,0.0,5.45,24.697169070528226,0.19842757,19.842757,0.0,0.0,0.0,0.0,0.12348584535264112,spring,night,24.697169070528226
2018-04-16 02:00:00,1625.3600000000001,0.0,4.57,19.952217630188848,0.199118722,19.9118722,0.0,0.0,0.0,0.0,0.09976108815094424,spring,night,19.952217630188848
2018-04-16 03:00:00,1572.0,0.0,3.77,7.004013684422647,0.19974704199999999,19.974704199999998,0.0,0.0,0.0,0.0,0.035020068422113235,spring,night,7.004013684422647
2018-04-16 17:00:00,2164.2400000000002,0.0,13.24,17.864917483929435,0.192309304,19.2309304,0.0,0.0,0.0,0.0,0.08932458741964718,spring,night,17.864917483929435
2018-04-16 18:00:00,2175.2,0.0,10.7,24.619892189236694,0.19430422000000003,19.430422000000004,0.0,0.0,0.0,0.0,0.12309946094618347,spring,night,24.619892189236694
2018-04-16 19:00:00,2194.32,0.0,9.21,31.853598356119235,0.19547446599999999,19.547446599999997,0.0,0.0,0.0,0.0,0.15926799178059617,spring,night,31.853598356119235
2018-04-16 20:00:00,2232.64,0.0,7.83,23.674042922416405,0.196558318,19.6558318,0.0,0.0,0.0,0.0,0.11837021461208203,spring,night,23.674042922416405
2018-04-16 21:00:00,2324.2400000000002,0.0,6.94,0.0,0.19725732399999998,19.7257324,0.0,0.0,0.0,0.0,0.0,spring,night,0.0
2018-04-16 22:00:00,2261.28,0.0,6.4,0.0,0.19768144,19.768144000000003,0.0,0.0,0.0,0.0,0.0,spring,night,24.002678786456134
2018-04-16 23:00:00,2115.44,0.0,6.16,3.554648649003745,0.197869936,19.7869936,0.0,0.0,0.0,0.0,0.017773243245018725,spring,night,3.554648649003745
2018-04-17 00:00:00,1950.8,0.0,6.15,0.0,0.19787779,19.787779,0.0,0.0,0.0,0.0,0.0,spring,night,0.44172799083125763
2018-04-17 01:00:00,1823.28,0.0,6.05,21.367371354927016,0.19795632999999999,19.795633,0.0,0.0,0.0,0.0,0.10683685677463509,spring,night,21.367371354927016
2018-04-17 02:00:00,1733.1200000000001,0.0,5.45,17.39137307162589,0.19842757,19.842757,0.0,0.0,0.0,0.0,0.08695686535812945,spring,night,17.39137307162589
2018-04-17 03:00:00,1674.8,0.0,4.09,33.12926697674883,0.199495714,19.9495714,0.0,0.0,0.0,0.0,0.16564633488374414,spring,night,33.12926697674883
2018-04-17 17:00:00,2299.52,0.0,14.82,14.232572201180746,0.191068372,19.106837199999998,0.0,0.0,0.0,0.0,0.07116286100590373,spring,night,14.232572201180746
2018-04-17 18:00:00,2318.16,0.0,12.39,84.53265249620264,0.192976894,19.2976894,0.0,0.0,0.0,0.0,0.4226632624810132,spring,night,84.53265249620264
2018-04-17 19:00:00,2314.96,0.0,10.81,46.211365893768345,0.19421782599999998,19.421782599999997,0.0,0.0,0.0,0.0,0.23105682946884173,spring,night,46.211365893768345
2018-04-17 20:00:00,2336.88,0.0,9.53,18.86404197460192,0.195223138,19.5223138,0.0,0.0,0.0,0.0,0.09432020987300961,spring,night,18.86404197460192
2018-04-17 21:00:00,2388.64,0.0,8.55,2.78866236140541,0.19599283,19.599283,0.0,0.0,0.0,0.0,0.01394331180702705,spring,night,2.78866236140541
2018-04-17 22:00:00,2272.32,0.0,7.89,0.0,0.196511194,19.6511194,0.0,0.0,0.0,0.0,0.0,spring,night,36.34740750902028
2018-04-17 23:00:00,2079.84,0.0,7.67,0.0,0.19668398199999998,19.6683982,0.0,0.0,0.0,0.0,0.0,spring,night,9.332661641647123
2018-04-18 00:00:00,1905.2,0.0,7.58,2.8596480702070752,0.19675466800000002,19.675466800000002,0.0,0.0,0.0,0.0,0.014298240351035376,spring,night,2.8596480702070752
2018-04-18 01:00:00,1774.96,0.0,7.4,16.558414484514866,0.19689604000000002,19.689604000000003,0.0,0.0,0.0,0.0,0.08279207242257433,spring,night,16.558414484514866
2018-04-18 02:00:00,1694.56,0.0,6.97,16.258358155755534,0.197233762,19.7233762,0.0,0.0,0.0,0.0,0.08129179077877767,spring,night,16.258358155755534
2018-04-18 03:00:00,1657.28,0.0,6.37,39.50392171357266,0.197705002,19.7705002,0.0,0.0,0.0,0.0,0.1975196085678633,spring,night,39.50392171357266
2018-04-18 17:00:00,2233.52,0.0,17.91,99.81161149589533,0.188641486,18.8641486,0.0,0.0,0.0,0.0,0.4990580574794767,spring,night,99.81161149589533
2018-04-18 18:00:00,2253.44,0.0,17.12,84.53265249620264,0.189261952,18.926195200000002,0.0,0.0,0.0,0.0,0.4226632624810132,spring,night,84.53265249620264
2018-04-18 19:00:00,2246.4,0.0,16.05,85.99747642281885,0.19010233,19.010233000000003,0.0,0.0,0.0,0.0,0.42998738211409426,spring,night,85.99747642281885
2018-04-18 20:00:00,2272.64,0.0,13.71,158.5524972049801,0.191940166,19.1940166,0.0,0.0,0.0,0.0,0.7927624860249005,spring,night,158.5524972049801
2018-04-18 21:00:00,2347.6,0.0,11.61,120.19347531158317,0.193589506,19.3589506,0.0,0.0,0.0,0.0,0.6009673765579159,spring,night,120.19347531158317
2018-04-18 22:00:00,2244.2400000000002,0.0,10.57,178.5644757648006,0.194406322,19.4406322,0.0,0.0,0.0,0.0,0.892822378824003,spring,night,178.5644757648006
2018-04-18 23:00:00,2056.08,0.0,9.62,178.82377064501745,0.19515245199999998,19.5152452,0.0,0.0,0.0,0.0,0.8941188532250872,spring,night,178.82377064501745
2018-04-19 00:00:00,1885.2,0.0,9.04,178.8899612124112,0.195607984,19.560798400000003,0.0,0.0,0.0,0.0,0.894449806062056,spring,night,178.8899612124112
2018-04-19 01:00:00,1763.76,0.0,8.55,178.92069254727286,0.19599283,19.599283,0.0,0.0,0.0,0.0,0.8946034627363644,spring,night,178.92069254727286
2018-04-19 02:00:00,1695.1200000000001,0.0,7.8,178.94731424800486,0.19658188,19.658188,0.0,0.0,0.0,0.0,0.8947365712400243,spring,night,178.94731424800486
2018-04-19 03:00:00,1664.4,0.0,7.36,178.96250413462448,0.196927456,19.6927456,0.0,0.0,0.0,0.0,0.8948125206731224,spring,night,178.96250413462448
2018-04-19 17:00:00,2259.68,0.0,14.91,137.6889272920989,0.19099768599999997,19.099768599999997,0.0,0.0,0.0,0.0,0.6884446364604945,spring,night,137.6889272920989
2018-04-19 18:00:00,2300.2400000000002,0.0,12.99,172.70556798840107,0.192505654,19.2505654,0.0,0.0,0.0,0.0,0.8635278399420053,spring,night,172.70556798840107
2018-04-19 19:00:00,2306.32,0.0,12.11,167.67417565538346,0.19319680600000003,19.3196806,0.0,0.0,0.0,0.0,0.8383708782769174,spring,night,167.67417565538346
2018-04-19 20:00:00,2358.2400000000002,0.0,10.77,132.5623951105641,0.19424924200000002,19.424924200000003,0.0,0.0,0.0,0.0,0.6628119755528205,spring,night,132.5623951105641
2018-04-19 21:00:00,2383.52,0.0,9.67,121.25698558563462,0.195113182,19.511318199999998,0.0,0.0,0.0,0.0,0.6062849279281731,spring,night,121.25698558563462
2018-04-19 22:00:00,2271.84,0.0,8.77,108.41757935431858,0.195820042,19.5820042,0.0,0.0,0.0,0.0,0.5420878967715929,spring,night,108.41757935431858
2018-04-19 23:00:00,2088.96,0.0,7.99,64.9866870501519,0.196432654,19.6432654,0.0,0.0,0.0,0.0,0.3249334352507595,spring,night,64.9866870501519
2018-04-20 00:00:00,1918.48,0.0,7.24,28.75281576071537,0.197021704,19.7021704,0.0,0.0,0.0,0.0,0.14376407880357686,spring,night,28.75281576071537
2018-04-20 01:00:00,1792.56,0.0,6.47,0.40445791287681965,0.197626462,19.7626462,0.0,0.0,0.0,0.0,0.002022289564384098,spring,night,0.40445791287681965
2018-04-20 02:00:00,1724.8,0.0,5.6,0.0,0.19830976000000003,19.830976000000003,0.0,0.0,0.0,0.0,0.0,spring,night,33.12926697674883
2018-04-20 03:00:00,1687.8400000000001,0.0,4.65,0.0,0.19905589,19.905589000000003,0.0,0.0,0.0,0.0,0.0,spring,night,0.0
2018-04-20 17:00:00,2385.28,0.0,6.44,173.67692062631198,0.19765002399999998,19.765002399999997,0.0,0.0,0.0,0.0,0.86838460313156,spring,night,173.67692062631198
2018-04-20 18:00:00,2398.16,0.0,5.88,130.37300268164756,0.198089848,19.8089848,0.0,0.0,0.0,0.0,0.6518650134082378,spring,night,130.37300268164756
2018-04-20 19:00:00,2379.76,0.0,5.32,178.9028720098976,0.198529672,19.8529672,0.0,0.0,0.0,0.0,0.894514360049488,spring,night,178.9028720098976
2018-04-20 20:00:00,2414.4,0.0,4.73,122.66798421568885,0.19899305799999997,19.899305799999997,0.0,0.0,0.0,0.0,0.6133399210784443,spring,night,122.66798421568885
2018-04-20 21:00:00,2449.76,0.0,4.04,69.64016276266888,0.199534984,19.9534984,0.0,0.0,0.0,0.0,0.3482008138133444,spring,night,69.64016276266888
2018-04-20 22:00:00,2327.92,0.0,3.45,177.2717473134082,0.19999836999999998,19.999837,0.0,0.0,0.0,0.0,0.8863587365670411,spring,night,177.2717473134082
2018-04-20 23:00:00,2134.96,0.0,2.97,74.80220266799444,0.200375362,20.0375362,0.0,0.0,0.0,0.0,0.37401101333997216,spring,night,74.80220266799444
2018-04-21 00:00:00,1952.08,0.0,2.71,164.2099844177809,0.20057956600000001,20.0579566,0.0,0.0,0.0,0.0,0.8210499220889045,spring,night,164.2099844177809
2018-04-21 01:00:00,1812.88,0.0,2.41,103.17926269990114,0.200815186,20.0815186,0.0,0.0,0.0,0.0,0.5158963134995057,spring,night,103.17926269990114
2018-04-21 02:00:00,1729.04,0.0,2.14,84.88138344069573,0.201027244,20.1027244,0.0,0.0,0.0,0.0,0.4244069172034786,spring,night,84.88138344069573
2018-04-21 03:00:00,1685.76,0.0,1.91,46.32544460930268,0.20120788600000003,20.120788600000004,0.0,0.0,0.0,0.0,0.2316272230465134,spring,night,46.32544460930268
2018-04-21 17:00:00,2318.32,0.0,9.35,19.065839860802953,0.19536450999999996,19.536450999999996,0.0,0.0,0.0,0.0,0.09532919930401476,spring,night,19.065839860802953
2018-04-21 18:00:00,2299.36,0.0,8.06,26.8249094107445,0.19637767600000003,19.637767600000004,0.0,0.0,0.0,0.0,0.1341245470537225,spring,night,26.8249094107445
2018-04-21 19:00:00,2283.84,0.0,6.91,23.049963460550163,0.197280886,19.7280886,0.0,0.0,0.0,0.0,0.11524981730275081,spring,night,23.049963460550163
2018-04-21 20:00:00,2289.28,0.0,5.94,10.534442465325332,0.19804272399999998,19.8042724,0.0,0.0,0.0,0.0,0.05267221232662666,spring,night,10.534442465325332
2018-04-21 21:00:00,2324.2400000000002,0.0,5.08,6.07375094756046,0.198718168,19.8718168,0.0,0.0,0.0,0.0,0.0303687547378023,spring,night,6.07375094756046
2018-04-21 22:00:00,2239.36,0.0,4.31,0.6789309830919369,0.19932292599999998,19.932292599999997,0.0,0.0,0.0,0.0,0.0033946549154596846,spring,night,0.6789309830919369
2018-04-21 23:00:00,2093.2,0.0,3.31,2.639165327837815,0.200108326,20.0108326,0.0,0.0,0.0,0.0,0.013195826639189074,spring,night,2.639165327837815
2018-04-22 00:00:00,1923.92,0.0,2.24,11.787403538967858,0.20094870399999998,20.094870399999998,0.0,0.0,0.0,0.0,0.05893701769483929,spring,night,11.787403538967858
2018-04-22 01:00:00,1790.72,0.0,2.0,17.646014306411075,0.20113720000000002,20.11372,0.0,0.0,0.0,0.0,0.08823007153205538,spring,night,17.646014306411075
2018-04-22 02:00:00,1703.52,0.0,1.93,20.018070274127286,0.201192178,20.1192178,0.0,0.0,0.0,0.0,0.10009035137063643,spring,night,20.018070274127286
2018-04-22 03:00:00,1652.4,0.0,2.35,19.166948680130247,0.20086231,20.086230999999998,0.0,0.0,0.0,0.0,0.09583474340065123,spring,night,19.166948680130247
2018-04-22 17:00:00,2037.28,0.0,13.09,0.0,0.192427114,19.2427114,0.0,0.0,0.0,0.0,0.0,spring,night,16.558414484514866
2018-04-22 18:00:00,2053.04,0.0,11.44,0.0,0.193723024,19.3723024,0.0,0.0,0.0,0.0,0.0,spring,night,5.228423301238104
2018-04-22 19:00:00,2064.4,0.0,11.75,0.0,0.19347955,19.347955,0.0,0.0,0.0,0.0,0.0,spring,night,24.107973007503638
2018-04-22 20:00:00,2101.92,0.0,11.98,0.0,0.193298908,19.329890799999998,0.0,0.0,0.0,0.0,0.0,spring,night,0.8257460807160647
2018-04-22 21:00:00,2151.6,0.0,11.8,0.0,0.19344028,19.344027999999998,0.0,0.0,0.0,0.0,0.0,spring,night,8.617886858144342
2018-04-22 22:00:00,2093.04,0.0,11.45,0.0,0.19371516999999996,19.371516999999997,0.0,0.0,0.0,0.0,0.0,spring,night,59.69266606291889
2018-04-22 23:00:00,1984.16,0.0,11.0,0.0,0.1940686,19.40686,0.0,0.0,0.0,0.0,0.0,spring,night,24.107973007503638
2018-04-23 00:00:00,1863.52,0.0,10.52,0.0,0.194445592,19.4445592,0.0,0.0,0.0,0.0,0.0,spring,night,16.54965575100903
2018-04-23 01:00:00,1759.8400000000001,0.0,10.13,0.0,0.19475189799999998,19.4751898,0.0,0.0,0.0,0.0,0.0,spring,night,0.0
2018-04-23 02:00:00,1688.56,0.0,9.78,0.0,0.195026788,19.5026788,0.0,0.0,0.0,0.0,0.0,spring,night,0.0
2018-04-23 03:00:00,1652.88,0.0,9.39,10.571276879632231,0.19533309399999998,19.5333094,0.0,0.0,0.0,0.0,0.052856384398161156,spring,night,10.571276879632231
2018-04-23 17:00:00,1903.1200000000001,0.0,15.55,18.086275531392374,0.19049503,19.049503,0.0,0.0,0.0,0.0,0.09043137765696187,spring,night,18.086275531392374
2018-04-23 18:00:00,1963.2,0.0,12.95,41.78029836752418,0.19253706999999998,19.253707,0.0,0.0,0.0,0.0,0.2089014918376209,spring,night,41.78029836752418
2018-04-23 19:00:00,2014.32,0.0,11.34,52.06083302834383,0.193801564,19.3801564,0.0,0.0,0.0,0.0,0.26030416514171917,spring,night,52.06083302834383
2018-04-23 20:00:00,2088.7200000000003,0.0,10.24,26.113360811261433,0.194665504,19.4665504,0.0,0.0,0.0,0.0,0.13056680405630716,spring,night,26.113360811261433
2018-04-23 21:00:00,2179.6,0.0,9.2,26.787916642172707,0.19548232000000001,19.548232000000002,0.0,0.0,0.0,0.0,0.13393958321086352,spring,night,26.787916642172707
2018-04-23 22:00:00,2108.2400000000002,0.0,8.22,26.10609621464776,0.196252012,19.6252012,0.0,0.0,0.0,0.0,0.1305304810732388,spring,night,26.10609621464776
2018-04-23 23:00:00,1958.56,0.0,7.73,16.633854759403413,0.19663685799999997,19.663685799999996,0.0,0.0,0.0,0.0,0.08316927379701707,spring,night,16.633854759403413
2018-04-24 00:00:00,1814.32,0.0,7.48,10.93716009134911,0.19683320799999998,19.683320799999997,0.0,0.0,0.0,0.0,0.05468580045674555,spring,night,10.93716009134911
2018-04-24 01:00:00,1704.8,0.0,7.2,11.740330650105218,0.19705312,19.705312,0.0,0.0,0.0,0.0,0.05870165325052609,spring,night,11.740330650105218
2018-04-24 02:00:00,1648.0,0.0,7.1,10.329580537749052,0.19713166,19.713165999999998,0.0,0.0,0.0,0.0,0.051647902688745265,spring,night,10.329580537749052
2018-04-24 03:00:00,1623.3600000000001,0.0,6.85,4.506402105343464,0.19732800999999997,19.732801,0.0,0.0,0.0,0.0,0.02253201052671732,spring,night,4.506402105343464
2018-04-24 17:00:00,2279.6,0.0,16.42,25.41423355062744,0.189811732,18.9811732,0.0,0.0,0.0,0.0,0.1270711677531372,spring,night,25.41423355062744
2018-04-24 18:00:00,2316.8,0.0,14.2,35.491203425026946,0.19155531999999997,19.155531999999997,0.0,0.0,0.0,0.0,0.17745601712513473,spring,night,35.491203425026946
2018-04-24 19:00:00,2327.84,0.0,13.58,22.702347814994734,0.192042268,19.204226799999997,0.0,0.0,0.0,0.0,0.11351173907497367,spring,night,22.702347814994734
2018-04-24 20:00:00,2362.96,0.0,11.87,15.974644896349256,0.193385302,19.3385302,0.0,0.0,0.0,0.0,0.07987322448174627,spring,night,15.974644896349256
2018-04-24 21:00:00,2397.92,0.0,10.58,7.246881393260818,0.19439846799999996,19.439846799999998,0.0,0.0,0.0,0.0,0.03623440696630409,spring,night,7.246881393260818
2018-04-24 22:00:00,2280.96,0.0,9.72,0.8720275770919568,0.19507391199999996,19.507391199999997,0.0,0.0,0.0,0.0,0.004360137885459784,spring,night,0.8720275770919568
2018-04-24 23:00:00,2096.32,0.0,8.94,0.0,0.195686524,19.5686524,0.0,0.0,0.0,0.0,0.0,spring,night,41.42075084175676
2018-04-25 00:00:00,1923.68,0.0,8.53,0.0,0.19600853799999998,19.6008538,0.0,0.0,0.0,0.0,0.0,spring,night,4.676436323257355
2018-04-25 01:00:00,1804.96,0.0,8.07,0.0,0.196369822,19.6369822,0.0,0.0,0.0,0.0,0.0,spring,night,51.28834910157039
2018-04-25 02:00:00,1740.24,0.0,7.46,0.0,0.19684891599999998,19.6848916,0.0,0.0,0.0,0.0,0.0,spring,night,46.76098702872386
2018-04-25 03:00:00,1701.28,0.0,7.01,0.0,0.19720234600000003,19.7202346,0.0,0.0,0.0,0.0,0.0,spring,night,6.07375094756046
2018-04-25 17:00:00,2371.52,0.0,17.2,16.723160503423216,0.18919912,18.919912,0.0,0.0,0.0,0.0,0.08361580251711608,spring,night,16.723160503423216
2018-04-25 18:00:00,2400.64,0.0,14.65,28.89045516631009,0.19120188999999999,19.120189,0.0,0.0,0.0,0.0,0.14445227583155046,spring,night,28.89045516631009
2018-04-25 19:00:00,2402.64,0.0,13.29,27.217024877776254,0.19227003399999998,19.227003399999997,0.0,0.0,0.0,0.0,0.13608512438888126,spring,night,27.217024877776254
2018-04-25 20:00:00,2424.48,0.0,12.08,13.125169761731817,0.193220368,19.3220368,0.0,0.0,0.0,0.0,0.06562584880865908,spring,night,13.125169761731817
2018-04-25 21:00:00,2426.96,0.0,11.08,21.690491338350597,0.194005768,19.4005768,0.0,0.0,0.0,0.0,0.10845245669175299,spring,night,21.690491338350597
2018-04-25 22:00:00,2314.4,0.0,10.33,29.44349796566979,0.19459481799999997,19.4594818,0.0,0.0,0.0,0.0,0.14721748982834895,spring,night,29.44349796566979
2018-04-25 23:00:00,2128.08,0.0,9.77,22.12125433813901,0.195034642,19.5034642,0.0,0.0,0.0,0.0,0.11060627169069505,spring,night,22.12125433813901
2018-04-26 00:00:00,1950.64,0.0,9.38,16.54965575100903,0.19534094800000001,19.534094800000002,0.0,0.0,0.0,0.0,0.08274827875504515,spring,night,16.54965575100903
2018-04-26 01:00:00,1823.2,0.0,8.85,24.002678786456134,0.19575721,19.575720999999998,0.0,0.0,0.0,0.0,0.12001339393228067,spring,night,24.002678786456134
2018-04-26 02:00:00,1748.64,0.0,8.21,24.32034198798446,0.19625986599999998,19.625986599999997,0.0,0.0,0.0,0.0,0.1216017099399223,spring,night,24.32034198798446
2018-04-26 03:00:00,1714.48,0.88,7.52,28.520378976113843,0.19676339466666665,19.676339466666665,0.0,0.0,0.0,0.0,0.1426018948805692,spring,night,28.520378976113843
2018-04-26 17:00:00,2304.7200000000003,0.0,18.36,0.8428348925823771,0.18828805599999998,18.8288056,0.0,0.0,0.0,0.0,0.004214174462911885,spring,night,0.8428348925823771
2018-04-26 18:00:00,2319.44,0.0,16.25,21.64353361622607,0.18994524999999998,18.994525,0.0,0.0,0.0,0.0,0.10821766808113034,spring,night,21.64353361622607
2018-04-26 19:00:00,2310.64,0.0,14.33,0.0,0.191453218,19.1453218,0.0,0.0,0.0,0.0,0.0,spring,night,0.0
2018-04-26 20:00:00,2329.6,0.0,13.15,0.0,0.19237998999999997,19.237999,0.0,0.0,0.0,0.0,0.0,spring,night,18.911099709946395
2018-04-26 21:00:00,2394.96,0.0,12.26,0.0,0.193078996,19.3078996,0.0,0.0,0.0,0.0,0.0,spring,night,3.454649824882894
2018-04-26 22:00:00,2303.12,0.0,11.74,0.0,0.19348740399999997,19.348740399999997,0.0,0.0,0.0,0.0,0.0,spring,night,40.00885512342649
2018-04-26 23:00:00,2116.0,0.0,11.21,0.0,0.193903666,19.3903666,0.0,0.0,0.0,0.0,0.0,spring,night,33.09059519836309
2018-04-27 00:00:00,1931.76,0.0,10.59,0.0,0.19439061400000002,19.4390614,0.0,0.0,0.0,0.0,0.0,spring,night,0.5425171656344866
2018-04-27 01:00:00,1801.76,0.0,9.99,0.0,0.194861854,19.4861854,0.0,0.0,0.0,0.0,0.0,spring,night,10.100114600385963
2018-04-27 02:00:00,1731.44,0.0,9.39,0.0,0.19533309399999998,19.5333094,0.0,0.0,0.0,0.0,0.0,spring,night,71.57253940050175
2018-04-27 03:00:00,1688.32,0.88,8.92,0.259202538465724,0.19566383466666668,19.566383466666668,0.0,0.0,0.0,0.0,0.00129601269232862,spring,night,0.259202538465724
2018-04-27 17:00:00,2484.08,0.0,18.93,132.15080131126862,0.187840378,18.7840378,0.0,0.0,0.0,0.0,0.6607540065563431,spring,night,132.15080131126862
2018-04-27 18:00:00,2503.6,0.0,17.57,147.7544517142199,0.188908522,18.8908522,0.0,0.0,0.0,0.0,0.7387722585710995,spring,night,147.7544517142199
2018-04-27 19:00:00,2480.88,0.0,16.54,136.63977043046395,0.189717484,18.9717484,0.0,0.0,0.0,0.0,0.6831988521523198,spring,night,136.63977043046395
2018-04-27 20:00:00,2490.0,0.0,15.43,173.6366001451487,0.19058927799999997,19.058927799999996,0.0,0.0,0.0,0.0,0.8681830007257435,spring,night,173.6366001451487
2018-04-27 21:00:00,2544.96,0.0,14.56,177.24959893124156,0.19127257599999997,19.127257599999997,0.0,0.0,0.0,0.0,0.8862479946562078,spring,night,177.24959893124156
2018-04-27 22:00:00,2444.56,0.0,13.72,177.25461777646154,0.191932312,19.1932312,0.0,0.0,0.0,0.0,0.8862730888823077,spring,night,177.25461777646154
2018-04-27 23:00:00,2239.92,0.0,12.9,171.83188886724665,0.19257633999999998,19.257634,0.0,0.0,0.0,0.0,0.8591594443362333,spring,night,171.83188886724665
2018-04-28 00:00:00,2039.28,0.0,12.09,168.90775689463067,0.193212514,19.3212514,0.0,0.0,0.0,0.0,0.8445387844731533,spring,night,168.90775689463067
2018-04-28 01:00:00,1892.88,0.0,11.31,130.59725050502672,0.193825126,19.3825126,0.0,0.0,0.0,0.0,0.6529862525251336,spring,night,130.59725050502672
2018-04-28 02:00:00,1796.56,0.0,10.49,153.13756326551484,0.19446915399999998,19.446915399999998,0.0,0.0,0.0,0.0,0.7656878163275742,spring,night,153.13756326551484
2018-04-28 03:00:00,1737.76,0.88,9.61,159.86596779205186,0.19512190866666665,19.512190866666664,0.0,0.0,0.0,0.0,0.7993298389602593,spring,night,159.86596779205186
2018-04-28 17:00:00,2707.68,0.0,18.59,159.6958483355985,0.188107414,18.8107414,0.0,0.0,0.0,0.0,0.7984792416779924,spring,night,159.6958483355985
2018-04-28 18:00:00,2727.6,0.0,16.86,178.95316956742792,0.189466156,18.9466156,0.0,0.0,0.0,0.0,0.8947658478371396,spring,night,178.95316956742792
2018-04-28 19:00:00,2679.12,0.0,15.71,174.35873196172602,0.190369366,19.0369366,0.0,0.0,0.0,0.0,0.8717936598086301,spring,night,174.35873196172602
2018-04-28 20:00:00,2612.56,0.0,14.54,177.33317361468713,0.191288284,19.1288284,0.0,0.0,0.0,0.0,0.8866658680734356,spring,night,177.33317361468713
2018-04-28 21:00:00,2627.44,0.0,13.67,178.59774076790106,0.191971582,19.1971582,0.0,0.0,0.0,0.0,0.8929887038395052,spring,night,178.59774076790106
2018-04-28 22:00:00,2524.2400000000002,0.0,12.87,173.4901201770497,0.192599902,19.259990199999997,0.0,0.0,0.0,0.0,0.8674506008852485,spring,night,173.4901201770497
2018-04-28 23:00:00,2335.12,0.0,12.08,163.7239201687604,0.193220368,19.3220368,0.0,0.0,0.0,0.0,0.818619600843802,spring,night,163.7239201687604
2018-04-29 00:00:00,2137.6,0.0,11.36,149.19410867784902,0.193785856,19.3785856,0.0,0.0,0.0,0.0,0.7459705433892451,spring,night,149.19410867784902
2018-04-29 01:00:00,1971.44,0.0,10.6,114.00749399886793,0.19438276,19.438276,0.0,0.0,0.0,0.0,0.5700374699943397,spring,night,114.00749399886793
2018-04-29 02:00:00,1862.72,0.0,9.7,78.74014743645101,0.19508962,19.508962,0.0,0.0,0.0,0.0,0.39370073718225507,spring,night,78.74014743645101
2018-04-29 03:00:00,1800.4,0.88,8.57,5.65869419052375,0.19593872466666665,19.593872466666664,0.0,0.0,0.0,0.0,0.028293470952618752,spring,night,5.65869419052375
2018-04-29 17:00:00,2715.44,0.0,18.82,125.17277591051793,0.18792677199999996,18.792677199999996,0.0,0.0,0.0,0.0,0.6258638795525896,spring,night,125.17277591051793
2018-04-29 18:00:00,2713.68,0.0,16.14,99.34048861579646,0.19003164399999997,19.003164399999996,0.0,0.0,0.0,0.0,0.4967024430789823,spring,night,99.34048861579646
2018-04-29 19:00:00,2694.08,0.0,15.09,84.11659750115606,0.19085631399999997,19.085631399999997,0.0,0.0,0.0,0.0,0.4205829875057803,spring,night,84.11659750115606
2018-04-29 20:00:00,2658.96,0.0,13.48,79.9249646542072,0.19212080800000003,19.212080800000003,0.0,0.0,0.0,0.0,0.399624823271036,spring,night,79.9249646542072
2018-04-29 21:00:00,2676.4,0.0,11.67,68.9792511595235,0.19354238199999999,19.354238199999998,0.0,0.0,0.0,0.0,0.3448962557976175,spring,night,68.9792511595235
2018-04-29 22:00:00,2587.36,0.0,10.79,37.83690742463468,0.194233534,19.4233534,0.0,0.0,0.0,0.0,0.1891845371231734,spring,night,37.83690742463468
2018-04-29 23:00:00,2411.92,0.0,10.09,4.688004519033086,0.19478331399999999,19.4783314,0.0,0.0,0.0,0.0,0.023440022595165432,spring,night,4.688004519033086
2018-04-30 00:00:00,2223.6,0.0,9.24,0.0,0.19545090399999998,19.5450904,0.0,0.0,0.0,0.0,0.0,spring,night,0.0
2018-04-30 01:00:00,2049.52,0.0,8.46,0.0,0.196063516,19.6063516,0.0,0.0,0.0,0.0,0.0,spring,night,5.95731964832932
2018-04-30 02:00:00,1915.1200000000001,0.0,7.78,0.5788557284137831,0.196597588,19.6597588,0.0,0.0,0.0,0.0,0.0028942786420689155,spring,night,0.5788557284137831
2018-04-30 17:00:00,2288.64,0.0,20.83,38.0843977141925,0.18634811799999998,18.634811799999998,0.0,0.0,0.0,0.0,0.19042198857096249,spring,night,38.0843977141925
2018-04-30 18:00:00,2334.16,0.0,17.98,14.9785950545147,0.18858650799999999,18.8586508,0.0,0.0,0.0,0.0,0.0748929752725735,spring,night,14.9785950545147
2018-04-30 19:00:00,2334.7200000000003,0.0,14.47,6.52053235257502,0.191343262,19.1343262,0.0,0.0,0.0,0.0,0.0326026617628751,spring,night,6.52053235257502
2018-04-30 20:00:00,2331.36,0.0,13.11,0.0,0.19241140599999998,19.241140599999998,0.0,0.0,0.0,0.0,0.0,spring,night,45.05813770000273
2018-04-30 21:00:00,2378.88,0.0,11.88,8.190788736726835,0.19337744799999998,19.3377448,0.0,0.0,0.0,0.0,0.04095394368363418,spring,night,8.190788736726835
2018-04-30 22:00:00,2280.48,0.0,11.05,6.374904012197851,0.19402933,19.402933,0.0,0.0,0.0,0.0,0.03187452006098925,spring,night,6.374904012197851
2018-04-30 23:00:00,2096.0,0.0,10.23,7.319953930934343,0.194673358,19.4673358,0.0,0.0,0.0,0.0,0.03659976965467172,spring,night,7.319953930934343
2018-05-01 00:00:00,1915.92,0.0,9.53,21.477993552965305,0.195223138,19.5223138,0.0,0.0,0.0,0.0,0.10738996776482652,spring,night,21.477993552965305
2018-05-01 01:00:00,1786.96,0.0,8.89,7.038508395523135,0.19572579399999998,19.5725794,0.0,0.0,0.0,0.0,0.03519254197761568,spring,night,7.038508395523135
2018-05-01 02:00:00,1709.52,0.0,8.24,0.15631409233158372,0.19623630400000003,19.623630400000003,0.0,0.0,0.0,0.0,0.0007815704616579186,spring,night,0.15631409233158372
2018-05-01 17:00:00,2646.7200000000003,0.0,19.97,4.676436323257355,0.187023562,18.7023562,0.0,0.0,0.0,0.0,0.023382181616286773,spring,night,4.676436323257355
2018-05-01 18:00:00,2675.2000000000003,0.0,18.36,0.0,0.18828805599999998,18.8288056,0.0,0.0,0.0,0.0,0.0,spring,night,0.0
2018-05-01 19:00:00,2656.7200000000003,0.0,16.08,8.11356034669352,0.190078768,19.007876800000002,0.0,0.0,0.0,0.0,0.0405678017334676,spring,night,8.11356034669352
2018-05-01 20:00:00,2655.2000000000003,0.0,14.79,0.6192893400612312,0.191091934,19.1091934,0.0,0.0,0.0,0.0,0.0030964467003061556,spring,night,0.6192893400612312
2018-05-01 21:00:00,2690.7200000000003,0.0,13.45,2.6291837054151306,0.19214436999999998,19.214436999999997,0.0,0.0,0.0,0.0,0.013145918527075653,spring,night,2.6291837054151306
2018-05-01 22:00:00,2571.6,0.0,12.35,0.0,0.19300831000000002,19.300831000000002,0.0,0.0,0.0,0.0,0.0,spring,night,18.086275531392374
2018-05-01 23:00:00,2358.08,0.0,11.55,0.0,0.19363663,19.363663,0.0,0.0,0.0,0.0,0.0,spring,night,19.130699949300894
2018-05-02 00:00:00,2154.7200000000003,0.0,10.76,0.0,0.194257096,19.425709599999998,0.0,0.0,0.0,0.0,0.0,spring,night,2.78866236140541
2018-05-02 01:00:00,2005.68,0.0,9.99,0.0,0.194861854,19.4861854,0.0,0.0,0.0,0.0,0.0,spring,night,0.0
2018-05-02 02:00:00,1911.3600000000001,0.0,9.34,8.617886858144342,0.195372364,19.537236399999998,0.0,0.0,0.0,0.0,0.043089434290721706,spring,night,8.617886858144342
2018-05-02 17:00:00,2499.92,0.0,17.51,0.0,0.188955646,18.8955646,0.0,0.0,0.0,0.0,0.0,spring,night,17.52631515098521
2018-05-02 18:00:00,2513.2000000000003,0.0,16.8,0.0,0.18951327999999998,18.951327999999997,0.0,0.0,0.0,0.0,0.0,spring,night,4.676436323257355
2018-05-02 19:00:00,2475.28,0.0,14.69,21.037433803675917,0.191170474,19.1170474,0.0,0.0,0.0,0.0,0.10518716901837959,spring,night,21.037433803675917
2018-05-02 20:00:00,2448.56,0.0,13.86,13.562248747896085,0.191822356,19.1822356,0.0,0.0,0.0,0.0,0.06781124373948043,spring,night,13.562248747896085
2018-05-02 21:00:00,2488.7200000000003,0.0,13.77,0.0,0.19189304199999999,19.1893042,0.0,0.0,0.0,0.0,0.0,spring,night,43.26253065582124
2018-05-02 22:00:00,2392.0,0.0,11.88,0.0,0.19337744799999998,19.3377448,0.0,0.0,0.0,0.0,0.0,spring,night,67.43890209831697
2018-05-02 23:00:00,2176.32,0.0,10.79,0.0,0.194233534,19.4233534,0.0,0.0,0.0,0.0,0.0,spring,night,62.07233818887021
2018-05-03 00:00:00,1986.48,0.0,10.21,0.0,0.194689066,19.4689066,0.0,0.0,0.0,0.0,0.0,spring,night,51.28834910157039
2018-05-03 01:00:00,1830.16,0.0,9.91,0.0,0.19492468599999999,19.4924686,0.0,0.0,0.0,0.0,0.0,spring,night,30.549110774622086
2018-05-03 02:00:00,1744.32,0.0,9.78,0.29233909182226897,0.195026788,19.5026788,0.0,0.0,0.0,0.0,0.001461695459111345,spring,night,0.29233909182226897
2018-05-03 17:00:00,2230.8,0.0,19.85,44.62126177098199,0.18711781,18.711781,0.0,0.0,0.0,0.0,0.22310630885490995,spring,night,44.62126177098199
2018-05-03 18:00:00,2254.48,0.0,17.07,45.28117324192776,0.189301222,18.9301222,0.0,0.0,0.0,0.0,0.2264058662096388,spring,night,45.28117324192776
2018-05-03 19:00:00,2255.6,0.0,15.81,3.9517708384409436,0.190290826,19.0290826,0.0,0.0,0.0,0.0,0.019758854192204717,spring,night,3.9517708384409436
2018-05-03 20:00:00,2260.2400000000002,0.0,14.84,0.0,0.19105266399999996,19.105266399999994,0.0,0.0,0.0,0.0,0.0,spring,night,0.0
2018-05-03 21:00:00,2338.96,0.0,13.83,0.4944733150947052,0.191845918,19.1845918,0.0,0.0,0.0,0.0,0.002472366575473526,spring,night,0.4944733150947052
2018-05-03 22:00:00,2264.2400000000002,0.0,12.89,0.0,0.19258419400000001,19.2584194,0.0,0.0,0.0,0.0,0.0,spring,night,6.564491951128397
2018-05-03 23:00:00,2086.8,0.0,12.51,0.11091631835514991,0.192882646,19.288264599999998,0.0,0.0,0.0,0.0,0.0005545815917757496,spring,night,0.11091631835514991
2018-05-04 00:00:00,1904.08,0.0,12.33,0.0,0.193024018,19.3024018,0.0,0.0,0.0,0.0,0.0,spring,night,67.43890209831697
2018-05-04 01:00:00,1780.0,0.0,12.23,0.0,0.193102558,19.3102558,0.0,0.0,0.0,0.0,0.0,spring,night,0.0
2018-05-04 02:00:00,1710.8,0.0,12.16,0.0,0.19315753600000002,19.3157536,0.0,0.0,0.0,0.0,0.0,spring,night,8.11356034669352
2018-05-04 17:00:00,2220.32,0.0,20.36,67.46795442336432,0.186717256,18.6717256,0.0,0.0,0.0,0.0,0.3373397721168216,spring,night,67.46795442336432
2018-05-04 18:00:00,2240.7200000000003,0.0,18.56,80.51635797736694,0.188130976,18.8130976,0.0,0.0,0.0,0.0,0.4025817898868347,spring,night,80.51635797736694
2018-05-04 19:00:00,2247.36,0.0,18.31,95.36033826851532,0.18832732600000002,18.8327326,0.0,0.0,0.0,0.0,0.4768016913425766,spring,night,95.36033826851532
2018-05-04 20:00:00,2279.84,0.0,17.23,24.67075345764342,0.18917555799999997,18.917555799999995,0.0,0.0,0.0,0.0,0.1233537672882171,spring,night,24.67075345764342
2018-05-04 21:00:00,2346.48,0.0,16.13,5.983279519154979,0.190039498,19.0039498,0.0,0.0,0.0,0.0,0.029916397595774896,spring,night,5.983279519154979
2018-05-04 22:00:00,2257.6,0.0,14.79,21.00182152060999,0.191091934,19.1091934,0.0,0.0,0.0,0.0,0.10500910760304995,spring,night,21.00182152060999
2018-05-04 23:00:00,2080.7200000000003,0.0,13.33,0.0,0.19223861799999997,19.223861799999998,0.0,0.0,0.0,0.0,0.0,spring,night,0.15631409233158372
2018-05-05 00:00:00,1916.0,0.0,12.22,0.0,0.19311041199999998,19.3110412,0.0,0.0,0.0,0.0,0.0,spring,night,1.1484989701618207
2018-05-05 01:00:00,1795.28,0.0,11.41,0.0,0.193746586,19.3746586,0.0,0.0,0.0,0.0,0.0,spring,night,0.0
2018-05-05 02:00:00,1731.8400000000001,0.0,10.81,0.0,0.19421782599999998,19.421782599999997,0.0,0.0,0.0,0.0,0.0,spring,night,0.0
2018-05-05 17:00:00,2345.2000000000003,0.0,18.28,67.43890209831697,0.18835088799999997,18.835088799999998,0.0,0.0,0.0,0.0,0.3371945104915849,spring,night,67.43890209831697
2018-05-05 18:00:00,2336.64,0.0,16.89,22.524612200305693,0.189442594,18.9442594,0.0,0.0,0.0,0.0,0.11262306100152847,spring,night,22.524612200305693
2018-05-05 19:00:00,2305.76,0.0,15.1,4.751560647291923,0.19084846000000003,19.084846000000002,0.0,0.0,0.0,0.0,0.023757803236459613,spring,night,4.751560647291923
2018-05-05 20:00:00,2301.36,0.0,14.35,110.68503058606426,0.19143751,19.143751,0.0,0.0,0.0,0.0,0.5534251529303212,spring,night,110.68503058606426
2018-05-05 21:00:00,2323.84,0.0,13.47,43.41843308152192,0.19212866199999998,19.212866199999997,0.0,0.0,0.0,0.0,0.2170921654076096,spring,night,43.41843308152192
2018-05-05 22:00:00,2249.36,0.0,12.78,0.0,0.192670588,19.2670588,0.0,0.0,0.0,0.0,0.0,spring,night,0.0
2018-05-05 23:00:00,2107.84,0.0,12.02,0.0,0.193267492,19.326749200000002,0.0,0.0,0.0,0.0,0.0,spring,night,6.564491951128397
2018-05-06 00:00:00,1954.4,0.0,11.8,2.888020002288432,0.19344028,19.344027999999998,0.0,0.0,0.0,0.0,0.01444010001144216,spring,night,2.888020002288432
2018-05-06 01:00:00,1820.8,0.0,11.43,29.753829895104445,0.193730878,19.3730878,0.0,0.0,0.0,0.0,0.14876914947552222,spring,night,29.753829895104445
2018-05-06 02:00:00,1733.6000000000001,0.0,10.83,62.81601830829428,0.19420211799999998,19.420211799999997,0.0,0.0,0.0,0.0,0.31408009154147143,spring,night,62.81601830829428
2018-05-06 17:00:00,2007.44,0.0,14.78,0.0,0.19109978800000002,19.1099788,0.0,0.0,0.0,0.0,0.0,spring,night,0.0
2018-05-06 18:00:00,2025.76,0.0,13.81,16.45080177518636,0.19186162599999998,19.1861626,0.0,0.0,0.0,0.0,0.0822540088759318,spring,night,16.45080177518636
2018-05-06 19:00:00,2032.48,0.0,12.6,121.68559981654565,0.19281196,19.281196,0.0,0.0,0.0,0.0,0.6084279990827283,spring,night,121.68559981654565
2018-05-06 20:00:00,2043.68,0.0,11.83,112.47266081827777,0.193416718,19.3416718,0.0,0.0,0.0,0.0,0.5623633040913889,spring,night,112.47266081827777
2018-05-06 21:00:00,2115.68,0.0,10.74,117.28259357526021,0.194272804,19.4272804,0.0,0.0,0.0,0.0,0.586412967876301,spring,night,117.28259357526021
2018-05-06 22:00:00,2081.68,0.0,10.39,100.63305340919243,0.194547694,19.4547694,0.0,0.0,0.0,0.0,0.5031652670459621,spring,night,100.63305340919243
2018-05-06 23:00:00,1976.64,0.0,10.12,108.89828531931198,0.19475975199999998,19.475975199999997,0.0,0.0,0.0,0.0,0.5444914265965599,spring,night,108.89828531931198
2018-05-07 00:00:00,1852.08,0.0,10.12,109.25799347237204,0.19475975199999998,19.475975199999997,0.0,0.0,0.0,0.0,0.5462899673618602,spring,night,109.25799347237204
2018-05-07 01:00:00,1740.48,0.0,10.03,100.0346652220423,0.194830438,19.4830438,0.0,0.0,0.0,0.0,0.5001733261102115,spring,night,100.0346652220423
2018-05-07 02:00:00,1669.68,0.0,9.7,24.107973007503638,0.19508962,19.508962,0.0,0.0,0.0,0.0,0.12053986503751819,spring,night,24.107973007503638
2018-05-07 17:00:00,1955.68,0.0,15.51,7.782048344903955,0.190526446,19.052644599999997,0.0,0.0,0.0,0.0,0.038910241724519776,spring,night,7.782048344903955
2018-05-07 18:00:00,2007.76,0.0,14.08,24.013177143848626,0.191649568,19.1649568,0.0,0.0,0.0,0.0,0.12006588571924313,spring,night,24.013177143848626
2018-05-07 19:00:00,2054.96,0.0,12.88,19.130699949300894,0.192592048,19.2592048,0.0,0.0,0.0,0.0,0.09565349974650447,spring,night,19.130699949300894
2018-05-07 20:00:00,2108.7200000000003,0.0,11.76,40.38563826076752,0.193471696,19.3471696,0.0,0.0,0.0,0.0,0.2019281913038376,spring,night,40.38563826076752
2018-05-07 21:00:00,2198.48,0.0,10.93,54.58326341833029,0.19412357800000002,19.412357800000002,0.0,0.0,0.0,0.0,0.27291631709165143,spring,night,54.58326341833029
2018-05-07 22:00:00,2149.44,0.0,9.86,39.20380628609244,0.19496395600000002,19.496395600000003,0.0,0.0,0.0,0.0,0.19601903143046218,spring,night,39.20380628609244
2018-05-07 23:00:00,2009.8400000000001,0.0,9.28,31.48724083928344,0.19541948799999997,19.541948799999997,0.0,0.0,0.0,0.0,0.1574362041964172,spring,night,31.48724083928344
2018-05-08 00:00:00,1870.08,0.0,8.8,38.55786635890518,0.19579648,19.579648,0.0,0.0,0.0,0.0,0.1927893317945259,spring,night,38.55786635890518
2018-05-08 01:00:00,1773.92,0.0,8.56,76.10807831175639,0.195984976,19.5984976,0.0,0.0,0.0,0.0,0.38054039155878194,spring,night,76.10807831175639
2018-05-08 02:00:00,1723.44,0.0,8.07,134.1422160559161,0.196369822,19.6369822,0.0,0.0,0.0,0.0,0.6707110802795805,spring,night,134.1422160559161
2018-05-08 17:00:00,2206.56,0.0,12.53,9.057438140799064,0.19286693800000002,19.286693800000002,0.0,0.0,0.0,0.0,0.04528719070399532,spring,night,9.057438140799064
2018-05-08 18:00:00,2226.16,0.0,11.72,19.799001923260786,0.19350311199999998,19.350311199999997,0.0,0.0,0.0,0.0,0.09899500961630393,spring,night,19.799001923260786
2018-05-08 19:00:00,2237.92,0.0,11.41,13.495855123358737,0.193746586,19.3746586,0.0,0.0,0.0,0.0,0.06747927561679369,spring,night,13.495855123358737
2018-05-08 20:00:00,2266.96,0.0,10.91,3.6982524793526115,0.19413928600000002,19.413928600000002,0.0,0.0,0.0,0.0,0.018491262396763058,spring,night,3.6982524793526115
2018-05-08 21:00:00,2351.04,0.0,10.38,25.62077751872124,0.19455554800000002,19.4555548,0.0,0.0,0.0,0.0,0.1281038875936062,spring,night,25.62077751872124
2018-05-08 22:00:00,2284.96,0.0,9.98,33.38392184970037,0.194869708,19.4869708,0.0,0.0,0.0,0.0,0.16691960924850185,spring,night,33.38392184970037
2018-05-08 23:00:00,2108.0,0.0,9.72,36.24606077945766,0.19507391199999996,19.507391199999997,0.0,0.0,0.0,0.0,0.18123030389728828,spring,night,36.24606077945766
2018-05-09 00:00:00,1950.56,0.0,9.61,38.98995680688586,0.195160306,19.5160306,0.0,0.0,0.0,0.0,0.19494978403442928,spring,night,38.98995680688586
2018-05-09 01:00:00,1835.1200000000001,0.0,9.35,14.577063191288223,0.19536450999999996,19.536450999999996,0.0,0.0,0.0,0.0,0.07288531595644111,spring,night,14.577063191288223
2018-05-09 02:00:00,1775.3600000000001,0.0,9.35,7.417306950781596,0.19536450999999996,19.536450999999996,0.0,0.0,0.0,0.0,0.037086534753907975,spring,night,7.417306950781596
2018-05-09 17:00:00,2198.48,0.0,12.95,11.329961255078363,0.19253706999999998,19.253707,0.0,0.0,0.0,0.0,0.05664980627539182,spring,night,11.329961255078363
2018-05-09 18:00:00,2225.52,0.0,11.98,0.8617435472721667,0.193298908,19.329890799999998,0.0,0.0,0.0,0.0,0.0043087177363608335,spring,night,0.8617435472721667
2018-05-09 19:00:00,2232.2400000000002,0.0,11.06,4.155581490693739,0.19402147599999997,19.402147599999996,0.0,0.0,0.0,0.0,0.020777907453468695,spring,night,4.155581490693739
2018-05-09 20:00:00,2247.2000000000003,0.0,10.42,16.088185661988256,0.194524132,19.4524132,0.0,0.0,0.0,0.0,0.08044092830994128,spring,night,16.088185661988256
2018-05-09 21:00:00,2329.52,0.0,9.73,30.265294471292183,0.195066058,19.5066058,0.0,0.0,0.0,0.0,0.1513264723564609,spring,night,30.265294471292183
2018-05-09 22:00:00,2265.52,0.0,9.24,52.919122236438376,0.19545090399999998,19.5450904,0.0,0.0,0.0,0.0,0.2645956111821919,spring,night,52.919122236438376
2018-05-09 23:00:00,2080.96,0.0,8.64,0.0,0.195922144,19.5922144,0.0,0.0,0.0,0.0,0.0,spring,night,0.8257460807160647
2018-05-10 00:00:00,1912.72,0.0,8.44,6.133133418075613,0.196079224,19.6079224,0.0,0.0,0.0,0.0,0.030665667090378067,spring,night,6.133133418075613
2018-05-10 01:00:00,1799.52,0.0,8.34,17.446604614674612,0.196157764,19.6157764,0.0,0.0,0.0,0.0,0.08723302307337306,spring,night,17.446604614674612
2018-05-10 02:00:00,1733.92,0.0,8.64,6.564491951128397,0.195922144,19.5922144,0.0,0.0,0.0,0.0,0.032822459755641985,spring,night,6.564491951128397
2018-05-10 17:00:00,2267.92,0.0,13.83,8.247937199824845,0.191845918,19.1845918,0.0,0.0,0.0,0.0,0.041239685999124226,spring,night,8.247937199824845
2018-05-10 18:00:00,2272.64,0.0,12.55,0.0,0.19285122999999998,19.285123,0.0,0.0,0.0,0.0,0.0,spring,night,0.0
2018-05-10 19:00:00,2258.2400000000002,0.0,11.7,0.0,0.19351882,19.351882,0.0,0.0,0.0,0.0,0.0,spring,night,2.6291837054151306
2018-05-10 20:00:00,2266.64,0.0,10.55,0.0,0.19442203,19.442203,0.0,0.0,0.0,0.0,0.0,spring,night,0.0
2018-05-10 21:00:00,2344.2400000000002,0.0,10.45,0.0,0.19450057,19.450057,0.0,0.0,0.0,0.0,0.0,spring,night,22.702347814994734
2018-05-10 22:00:00,2271.12,0.0,10.51,0.0,0.19445344599999997,19.4453446,0.0,0.0,0.0,0.0,0.0,spring,night,36.14952074586055
2018-05-10 23:00:00,2092.4,0.0,10.35,0.0,0.19457911,19.457911,0.0,0.0,0.0,0.0,0.0,spring,night,28.520378976113843
2018-05-11 00:00:00,1923.76,0.0,10.49,0.0,0.19446915399999998,19.446915399999998,0.0,0.0,0.0,0.0,0.0,spring,night,0.0
2018-05-11 01:00:00,1792.72,0.0,10.25,0.0,0.19465765000000002,19.465765,0.0,0.0,0.0,0.0,0.0,spring,night,0.0
2018-05-11 02:00:00,1722.4,0.0,9.25,0.0,0.19544305,19.544305,0.0,0.0,0.0,0.0,0.0,spring,night,0.5523572920812012
2018-05-11 17:00:00,2284.4,0.0,14.27,17.827448894886928,0.19150034199999996,19.150034199999997,0.0,0.0,0.0,0.0,0.08913724447443463,spring,night,17.827448894886928
2018-05-11 18:00:00,2286.48,0.0,13.28,7.31942734617769,0.192277888,19.2277888,0.0,0.0,0.0,0.0,0.03659713673088845,spring,night,7.31942734617769
2018-05-11 19:00:00,2277.44,0.0,11.89,18.911099709946395,0.193369594,19.3369594,0.0,0.0,0.0,0.0,0.09455549854973197,spring,night,18.911099709946395
2018-05-11 20:00:00,2292.96,0.0,11.29,45.05813770000273,0.19384083400000002,19.3840834,0.0,0.0,0.0,0.0,0.22529068850001366,spring,night,45.05813770000273
2018-05-11 21:00:00,2355.6,0.0,10.76,35.71757577165437,0.194257096,19.425709599999998,0.0,0.0,0.0,0.0,0.17858787885827185,spring,night,35.71757577165437
2018-05-11 22:00:00,2277.04,0.0,10.01,91.7135168298526,0.19484614599999997,19.484614599999997,0.0,0.0,0.0,0.0,0.45856758414926296,spring,night,91.7135168298526
2018-05-11 23:00:00,2107.04,0.0,9.84,114.30457569200928,0.194979664,19.4979664,0.0,0.0,0.0,0.0,0.5715228784600463,spring,night,114.30457569200928
2018-05-12 00:00:00,1947.6000000000001,0.0,9.58,134.1436586708462,0.19518386799999998,19.5183868,0.0,0.0,0.0,0.0,0.670718293354231,spring,night,134.1436586708462
2018-05-12 01:00:00,1820.4,0.0,9.25,105.64985593490984,0.19544305,19.544305,0.0,0.0,0.0,0.0,0.5282492796745492,spring,night,105.64985593490984
2018-05-12 02:00:00,1751.8400000000001,0.0,9.14,135.78743958571644,0.19552944399999997,19.552944399999998,0.0,0.0,0.0,0.0,0.6789371979285822,spring,night,135.78743958571644
2018-05-12 17:00:00,2195.04,0.0,11.42,62.29449482674115,0.19373873199999997,19.3738732,0.0,0.0,0.0,0.0,0.31147247413370577,spring,night,62.29449482674115
2018-05-12 18:00:00,2208.2400000000002,0.0,10.41,85.8947416309909,0.194531986,19.4531986,0.0,0.0,0.0,0.0,0.42947370815495445,spring,night,85.8947416309909
2018-05-12 19:00:00,2197.92,0.0,9.73,100.64690978621302,0.195066058,19.5066058,0.0,0.0,0.0,0.0,0.5032345489310651,spring,night,100.64690978621302
2018-05-12 20:00:00,2204.16,0.0,9.35,132.26039155471912,0.19536450999999996,19.536450999999996,0.0,0.0,0.0,0.0,0.6613019577735956,spring,night,132.26039155471912
2018-05-12 21:00:00,2251.76,0.0,8.88,104.8538840549636,0.195733648,19.5733648,0.0,0.0,0.0,0.0,0.524269420274818,spring,night,104.8538840549636
2018-05-12 22:00:00,2192.8,0.0,9.0,112.70523701524631,0.1956394,19.56394,0.0,0.0,0.0,0.0,0.5635261850762315,spring,night,112.70523701524631
2018-05-12 23:00:00,2061.44,0.0,9.05,130.30229030443027,0.19560012999999998,19.560012999999998,0.0,0.0,0.0,0.0,0.6515114515221514,spring,night,130.30229030443027
2018-05-13 00:00:00,1915.3600000000001,0.0,8.82,133.4471423613942,0.195780772,19.5780772,0.0,0.0,0.0,0.0,0.667235711806971,spring,night,133.4471423613942
2018-05-13 01:00:00,1790.08,0.0,8.66,117.52714711299573,0.19590643600000002,19.5906436,0.0,0.0,0.0,0.0,0.5876357355649787,spring,night,117.52714711299573
2018-05-13 02:00:00,1718.96,0.0,8.52,74.17158597838673,0.196016392,19.6016392,0.0,0.0,0.0,0.0,0.37085792989193367,spring,night,74.17158597838673
2018-05-13 17:00:00,2075.36,0.0,13.84,9.040977631680175,0.19183806399999997,19.183806399999998,0.0,0.0,0.0,0.0,0.045204888158400874,spring,night,9.040977631680175
2018-05-13 18:00:00,2081.44,0.0,12.32,5.298044625146977,0.19303187200000002,19.303187200000004,0.0,0.0,0.0,0.0,0.026490223125734885,spring,night,5.298044625146977
2018-05-13 19:00:00,2091.2,0.0,10.29,0.0,0.194626234,19.462623400000002,0.0,0.0,0.0,0.0,0.0,spring,night,15.874887770843308
2018-05-13 20:00:00,2108.32,0.0,8.72,0.0,0.195859312,19.5859312,0.0,0.0,0.0,0.0,0.0,spring,night,35.49068820540892
2018-05-13 21:00:00,2162.88,0.0,7.75,3.3692995279450475,0.19662115,19.662115,0.0,0.0,0.0,0.0,0.016846497639725237,spring,night,3.3692995279450475
2018-05-13 22:00:00,2131.76,0.0,7.06,4.7740613487559,0.197163076,19.7163076,0.0,0.0,0.0,0.0,0.0238703067437795,spring,night,4.7740613487559
2018-05-13 23:00:00,2027.68,0.0,6.56,5.8160062722527845,0.19755577600000002,19.755577600000002,0.0,0.0,0.0,0.0,0.029080031361263924,spring,night,5.8160062722527845
2018-05-14 00:00:00,1899.8400000000001,0.0,6.15,0.5425171656344866,0.19787779,19.787779,0.0,0.0,0.0,0.0,0.002712585828172433,spring,night,0.5425171656344866
2018-05-14 01:00:00,1784.88,0.0,5.74,0.0,0.198199804,19.819980400000002,0.0,0.0,0.0,0.0,0.0,spring,night,21.037433803675917
2018-05-14 02:00:00,1711.44,0.0,5.29,0.0,0.198553234,19.8553234,0.0,0.0,0.0,0.0,0.0,spring,night,14.577063191288223
2018-05-14 17:00:00,1918.0,0.0,15.75,0.0,0.19033794999999998,19.033794999999998,0.0,0.0,0.0,0.0,0.0,spring,night,0.0
2018-05-14 18:00:00,1958.8,0.0,14.15,0.0,0.19159459,19.159459000000002,0.0,0.0,0.0,0.0,0.0,spring,night,23.049963460550163
2018-05-14 19:00:00,1988.72,0.0,12.92,0.0,0.192560632,19.2560632,0.0,0.0,0.0,0.0,0.0,spring,night,0.0
2018-05-14 20:00:00,2034.0,0.0,12.34,0.0,0.19301616400000002,19.3016164,0.0,0.0,0.0,0.0,0.0,spring,night,0.0
2018-05-14 21:00:00,2128.8,0.0,12.62,0.0,0.192796252,19.2796252,0.0,0.0,0.0,0.0,0.0,spring,night,0.0
2018-05-14 22:00:00,2098.48,0.0,13.47,0.0,0.19212866199999998,19.212866199999997,0.0,0.0,0.0,0.0,0.0,spring,night,10.252268045689856
2018-05-14 23:00:00,1977.04,0.0,13.18,0.0,0.19235642799999997,19.235642799999997,0.0,0.0,0.0,0.0,0.0,spring,night,68.82303657134837
2018-05-15 00:00:00,1819.3600000000001,0.0,12.59,0.0,0.192819814,19.2819814,0.0,0.0,0.0,0.0,0.0,spring,night,0.0
2018-05-15 01:00:00,1703.8400000000001,0.0,11.92,0.0,0.19334603199999997,19.334603199999997,0.0,0.0,0.0,0.0,0.0,spring,night,36.34740750902028
2018-05-15 02:00:00,1642.72,0.0,11.31,8.770466874984887,0.193825126,19.3825126,0.0,0.0,0.0,0.0,0.04385233437492444,spring,night,8.770466874984887
2018-05-15 17:00:00,2252.7200000000003,0.0,17.82,0.0,0.18871217199999998,18.871217199999997,0.0,0.0,0.0,0.0,0.0,spring,night,50.77437207206938
2018-05-15 18:00:00,2289.52,0.0,16.18,0.0,0.19000022799999997,19.000022799999996,0.0,0.0,0.0,0.0,0.0,spring,night,0.0
2018-05-15 19:00:00,2295.84,0.0,15.35,7.049809889378958,0.19065211,19.065211,0.0,0.0,0.0,0.0,0.03524904944689479,spring,night,7.049809889378958
2018-05-15 20:00:00,2296.7200000000003,0.0,15.96,40.47841719115335,0.190173016,19.0173016,0.0,0.0,0.0,0.0,0.20239208595576674,spring,night,40.47841719115335
2018-05-15 21:00:00,2353.04,0.0,16.08,59.420108823593694,0.190078768,19.007876800000002,0.0,0.0,0.0,0.0,0.2971005441179685,spring,night,59.420108823593694
2018-05-15 22:00:00,2290.0,0.0,14.3,80.30343286276909,0.19147678,19.147678000000003,0.0,0.0,0.0,0.0,0.40151716431384543,spring,night,80.30343286276909
2018-05-15 23:00:00,2099.44,0.0,14.7,153.39278488004643,0.19116261999999998,19.116262,0.0,0.0,0.0,0.0,0.7669639244002322,spring,night,153.39278488004643
2018-05-16 00:00:00,1912.32,0.0,14.6,170.34517113756942,0.19124116,19.124116,0.0,0.0,0.0,0.0,0.8517258556878471,spring,night,170.34517113756942
2018-05-16 01:00:00,1774.4,0.0,14.17,148.61706270569817,0.19157888199999998,19.1578882,0.0,0.0,0.0,0.0,0.7430853135284908,spring,night,148.61706270569817
2018-05-16 02:00:00,1692.88,0.0,14.0,147.45777007395864,0.19171239999999998,19.171239999999997,0.0,0.0,0.0,0.0,0.7372888503697932,spring,night,147.45777007395864
2018-05-16 17:00:00,2492.48,0.0,19.33,7.237863534594137,0.18752621800000002,18.752621800000004,0.0,0.0,0.0,0.0,0.036189317672970685,spring,night,7.237863534594137
2018-05-16 18:00:00,2521.76,0.0,17.91,26.52965826259883,0.188641486,18.8641486,0.0,0.0,0.0,0.0,0.13264829131299416,spring,night,26.52965826259883
2018-05-16 19:00:00,2514.88,0.0,17.12,38.574410970049996,0.189261952,18.926195200000002,0.0,0.0,0.0,0.0,0.19287205485024997,spring,night,38.574410970049996
2018-05-16 20:00:00,2497.68,0.0,15.43,62.67733330994543,0.19058927799999997,19.058927799999996,0.0,0.0,0.0,0.0,0.31338666654972713,spring,night,62.67733330994543
2018-05-16 21:00:00,2522.32,0.0,14.89,118.44953570297535,0.19101339400000003,19.101339400000004,0.0,0.0,0.0,0.0,0.5922476785148768,spring,night,118.44953570297535
2018-05-16 22:00:00,2453.36,0.0,15.07,130.08142474630782,0.19087202199999997,19.087202199999997,0.0,0.0,0.0,0.0,0.6504071237315391,spring,night,130.08142474630782
2018-05-16 23:00:00,2235.84,0.0,14.96,144.3313325722822,0.19095841600000002,19.095841600000004,0.0,0.0,0.0,0.0,0.7216566628614111,spring,night,144.3313325722822
2018-05-17 00:00:00,2024.48,0.0,14.72,133.0155459181061,0.191146912,19.1146912,0.0,0.0,0.0,0.0,0.6650777295905306,spring,night,133.0155459181061
2018-05-17 01:00:00,1861.04,0.0,15.05,149.38592797233125,0.19088773,19.088773,0.0,0.0,0.0,0.0,0.7469296398616563,spring,night,149.38592797233125
2018-05-17 02:00:00,1764.88,0.0,15.05,124.59782718528291,0.19088773,19.088773,0.0,0.0,0.0,0.0,0.6229891359264146,spring,night,124.59782718528291
2018-05-17 17:00:00,3280.56,0.0,21.04,28.02821998208259,0.18618318399999997,18.618318399999996,0.0,0.0,0.0,0.0,0.14014109991041296,spring,night,28.02821998208259
2018-05-17 18:00:00,3355.92,0.0,19.37,7.0125489035354045,0.187494802,18.749480199999997,0.0,0.0,0.0,0.0,0.03506274451767702,spring,night,7.0125489035354045
2018-05-17 19:00:00,3330.48,0.0,18.34,35.49068820540892,0.188303764,18.830376400000002,0.0,0.0,0.0,0.0,0.1774534410270446,spring,night,35.49068820540892
2018-05-17 20:00:00,3265.84,0.0,16.36,51.28834910157039,0.189858856,18.9858856,0.0,0.0,0.0,0.0,0.2564417455078519,spring,night,51.28834910157039
2018-05-17 21:00:00,3258.8,0.0,15.36,36.71610472906253,0.19064425599999998,19.0644256,0.0,0.0,0.0,0.0,0.18358052364531263,spring,night,36.71610472906253
2018-05-17 22:00:00,3149.84,0.0,14.58,19.326722829724932,0.191256868,19.1256868,0.0,0.0,0.0,0.0,0.09663361414862466,spring,night,19.326722829724932
2018-05-17 23:00:00,2874.16,0.0,13.63,35.34430825053022,0.19200299799999998,19.200299799999996,0.0,0.0,0.0,0.0,0.1767215412526511,spring,night,35.34430825053022
2018-05-18 00:00:00,2610.96,0.0,12.87,36.14952074586055,0.192599902,19.259990199999997,0.0,0.0,0.0,0.0,0.18074760372930274,spring,night,36.14952074586055
2018-05-18 01:00:00,2391.44,0.0,12.49,89.75100287507082,0.192898354,19.2898354,0.0,0.0,0.0,0.0,0.44875501437535414,spring,night,89.75100287507082
2018-05-18 02:00:00,2239.28,0.0,12.23,7.659306363028302,0.193102558,19.3102558,0.0,0.0,0.0,0.0,0.038296531815141505,spring,night,7.659306363028302
2018-05-18 17:00:00,3747.84,0.0,17.68,0.0,0.18882212799999998,18.882212799999998,0.0,0.0,0.0,0.0,0.0,spring,night,65.71766245993702
2018-05-18 18:00:00,3762.32,0.0,16.57,0.0,0.189693922,18.969392199999998,0.0,0.0,0.0,0.0,0.0,spring,night,0.0
2018-05-18 19:00:00,3674.16,0.0,17.08,1.6773131881474987,0.18929336800000002,18.9293368,0.0,0.0,0.0,0.0,0.008386565940737493,spring,night,1.6773131881474987
2018-05-18 20:00:00,3569.6800000000003,0.0,15.98,13.964524648865046,0.19015730799999997,19.015730799999996,0.0,0.0,0.0,0.0,0.06982262324432523,spring,night,13.964524648865046
2018-05-18 21:00:00,3520.8,0.0,15.69,3.165739287580112,0.190385074,19.0385074,0.0,0.0,0.0,0.0,0.01582869643790056,spring,night,3.165739287580112
2018-05-18 22:00:00,3378.0,0.0,14.88,0.0,0.19102124799999998,19.1021248,0.0,0.0,0.0,0.0,0.0,spring,night,30.549110774622086
2018-05-18 23:00:00,3080.88,0.0,13.65,0.0,0.19198729,19.198729,0.0,0.0,0.0,0.0,0.0,spring,night,0.0
2018-05-19 00:00:00,2796.0,0.0,12.88,4.911759853071486,0.192592048,19.2592048,0.0,0.0,0.0,0.0,0.024558799265357433,spring,night,4.911759853071486
2018-05-19 01:00:00,2559.12,0.0,12.52,16.176776159950144,0.19287479200000002,19.2874792,0.0,0.0,0.0,0.0,0.08088388079975072,spring,night,16.176776159950144
2018-05-19 02:00:00,2396.88,0.0,12.41,0.44172799083125763,0.192961186,19.2961186,0.0,0.0,0.0,0.0,0.0022086399541562884,spring,night,0.44172799083125763
2018-05-19 17:00:00,3775.92,0.0,20.36,0.0,0.186717256,18.6717256,0.0,0.0,0.0,0.0,0.0,spring,night,62.81601830829428
2018-05-19 18:00:00,3729.6800000000003,0.0,19.12,7.773274457879905,0.18769115199999997,18.769115199999998,0.0,0.0,0.0,0.0,0.03886637228939953,spring,night,7.773274457879905
2018-05-19 19:00:00,3589.76,0.0,17.29,1.0701501668783295,0.189128434,18.9128434,0.0,0.0,0.0,0.0,0.005350750834391647,spring,night,1.0701501668783295
2018-05-19 20:00:00,3399.2000000000003,0.0,16.15,19.561328082777546,0.19002379,19.002379,0.0,0.0,0.0,0.0,0.09780664041388773,spring,night,19.561328082777546
2018-05-19 21:00:00,3296.2400000000002,0.0,15.1,44.85193468606784,0.19084846000000003,19.084846000000002,0.0,0.0,0.0,0.0,0.2242596734303392,spring,night,44.85193468606784
2018-05-19 22:00:00,3136.96,0.0,13.78,30.099072499713508,0.191885188,19.1885188,0.0,0.0,0.0,0.0,0.15049536249856754,spring,night,30.099072499713508
2018-05-19 23:00:00,2863.76,0.0,12.94,0.0,0.19254492399999998,19.254492399999997,0.0,0.0,0.0,0.0,0.0,spring,night,0.0
2018-05-20 00:00:00,2574.0,0.0,12.15,0.0,0.19316539,19.316539,0.0,0.0,0.0,0.0,0.0,spring,night,0.0
2018-05-20 01:00:00,2321.44,0.0,11.66,3.9717348409622173,0.19355023600000001,19.355023600000003,0.0,0.0,0.0,0.0,0.019858674204811088,spring,night,3.9717348409622173
2018-05-20 02:00:00,2148.2400000000002,0.0,11.44,0.0,0.193723024,19.3723024,0.0,0.0,0.0,0.0,0.0,spring,night,14.438655502321993
2018-05-20 17:00:00,2085.44,0.0,17.11,64.52335913980262,0.18926980599999998,18.9269806,0.0,0.0,0.0,0.0,0.32261679569901314,spring,night,64.52335913980262
2018-05-20 18:00:00,2090.0,0.0,16.72,72.3953208848055,0.18957611200000002,18.957611200000002,0.0,0.0,0.0,0.0,0.3619766044240275,spring,night,72.3953208848055
2018-05-20 19:00:00,2086.08,0.0,14.77,47.02008188250107,0.19110764199999997,19.1107642,0.0,0.0,0.0,0.0,0.23510040941250535,spring,night,47.02008188250107
2018-05-20 20:00:00,2086.4,0.0,13.78,35.365895952524035,0.191885188,19.1885188,0.0,0.0,0.0,0.0,0.17682947976262017,spring,night,35.365895952524035
2018-05-20 21:00:00,2139.92,0.0,13.15,54.5863426132237,0.19237998999999997,19.237999,0.0,0.0,0.0,0.0,0.2729317130661185,spring,night,54.5863426132237
2018-05-20 22:00:00,2110.96,0.0,13.39,49.06790105250407,0.19219149400000002,19.219149400000003,0.0,0.0,0.0,0.0,0.24533950526252035,spring,night,49.06790105250407
2018-05-20 23:00:00,1996.0800000000002,0.0,13.05,43.26253065582124,0.19245853,19.245853,0.0,0.0,0.0,0.0,0.21631265327910618,spring,night,43.26253065582124
2018-05-21 00:00:00,1856.08,0.0,12.03,53.83341884771225,0.19325963799999998,19.325963799999997,0.0,0.0,0.0,0.0,0.2691670942385613,spring,night,53.83341884771225
2018-05-21 01:00:00,1727.3600000000001,0.0,11.06,70.92299899739582,0.19402147599999997,19.402147599999996,0.0,0.0,0.0,0.0,0.3546149949869791,spring,night,70.92299899739582
2018-05-21 02:00:00,1642.56,0.0,10.51,90.16736094048116,0.19445344599999997,19.4453446,0.0,0.0,0.0,0.0,0.4508368047024058,spring,night,90.16736094048116
2018-05-21 17:00:00,2005.92,0.0,19.64,105.9224616654932,0.187282744,18.7282744,0.0,0.0,0.0,0.0,0.529612308327466,spring,night,105.9224616654932
2018-05-21 18:00:00,2061.04,0.0,17.73,132.78087247422172,0.18878285799999997,18.878285799999997,0.0,0.0,0.0,0.0,0.6639043623711086,spring,night,132.78087247422172
2018-05-21 19:00:00,2091.92,0.0,15.63,83.38751325043934,0.190432198,19.0432198,0.0,0.0,0.0,0.0,0.4169375662521967,spring,night,83.38751325043934
2018-05-21 20:00:00,2124.4,0.0,14.86,80.73354426127607,0.19103695599999998,19.103695599999998,0.0,0.0,0.0,0.0,0.40366772130638034,spring,night,80.73354426127607
2018-05-21 21:00:00,2192.32,0.0,14.17,59.567982915364624,0.19157888199999998,19.1578882,0.0,0.0,0.0,0.0,0.29783991457682313,spring,night,59.567982915364624
2018-05-21 22:00:00,2135.28,0.0,13.31,45.979141258421244,0.192254326,19.2254326,0.0,0.0,0.0,0.0,0.2298957062921062,spring,night,45.979141258421244
2018-05-21 23:00:00,1988.24,0.0,12.67,70.54964661656975,0.192756982,19.2756982,0.0,0.0,0.0,0.0,0.35274823308284875,spring,night,70.54964661656975
2018-05-22 00:00:00,1835.2,0.0,12.16,52.752130466136066,0.19315753600000002,19.3157536,0.0,0.0,0.0,0.0,0.26376065233068036,spring,night,52.752130466136066
2018-05-22 01:00:00,1726.88,0.0,11.7,84.92046133336872,0.19351882,19.351882,0.0,0.0,0.0,0.0,0.4246023066668436,spring,night,84.92046133336872
2018-05-22 02:00:00,1665.04,0.0,11.32,61.04328701515137,0.19381727199999998,19.3817272,0.0,0.0,0.0,0.0,0.30521643507575685,spring,night,61.04328701515137
2018-05-22 17:00:00,2393.52,0.0,16.15,46.76098702872386,0.19002379,19.002379,0.0,0.0,0.0,0.0,0.2338049351436193,spring,night,46.76098702872386
2018-05-22 18:00:00,2411.6,0.0,15.07,2.059756543365339,0.19087202199999997,19.087202199999997,0.0,0.0,0.0,0.0,0.010298782716826695,spring,night,2.059756543365339
2018-05-22 19:00:00,2390.4,0.0,15.94,5.2063268198714905,0.190188724,19.0188724,0.0,0.0,0.0,0.0,0.02603163409935745,spring,night,5.2063268198714905
2018-05-22 20:00:00,2380.48,0.0,14.92,12.391610677097757,0.190989832,19.0989832,0.0,0.0,0.0,0.0,0.061958053385488786,spring,night,12.391610677097757
2018-05-22 21:00:00,2407.04,0.0,14.14,0.0,0.191602444,19.1602444,0.0,0.0,0.0,0.0,0.0,spring,night,38.98995680688586
2018-05-22 22:00:00,2334.48,0.0,13.39,0.0,0.19219149400000002,19.219149400000003,0.0,0.0,0.0,0.0,0.0,spring,night,28.39697175479025
2018-05-22 23:00:00,2142.48,0.0,12.4,0.0,0.19296903999999998,19.296903999999998,0.0,0.0,0.0,0.0,0.0,spring,night,0.9258059924570659
2018-05-23 00:00:00,1970.0800000000002,0.0,12.0,0.0,0.19328320000000002,19.32832,0.0,0.0,0.0,0.0,0.0,spring,night,0.0
2018-05-23 01:00:00,1830.72,0.0,11.57,0.9569670242682471,0.193620922,19.3620922,0.0,0.0,0.0,0.0,0.004784835121341235,spring,night,0.9569670242682471
2018-05-23 02:00:00,1746.88,0.0,11.26,6.132403397337459,0.193864396,19.3864396,0.0,0.0,0.0,0.0,0.030662016986687295,spring,night,6.132403397337459
2018-05-23 17:00:00,2346.16,0.0,20.57,17.873115537262816,0.186552322,18.6552322,0.0,0.0,0.0,0.0,0.08936557768631408,spring,night,17.873115537262816
2018-05-23 18:00:00,2352.4,0.0,18.29,0.0,0.188343034,18.8343034,0.0,0.0,0.0,0.0,0.0,spring,night,8.247937199824845
2018-05-23 19:00:00,2334.48,0.0,16.78,0.0,0.189528988,18.9528988,0.0,0.0,0.0,0.0,0.0,spring,night,0.0
2018-05-23 20:00:00,2341.44,0.0,15.64,15.788324813613388,0.19042434399999997,19.042434399999998,0.0,0.0,0.0,0.0,0.07894162406806694,spring,night,15.788324813613388
2018-05-23 21:00:00,2386.88,0.0,14.62,21.711794154202728,0.19122545200000002,19.1225452,0.0,0.0,0.0,0.0,0.10855897077101365,spring,night,21.711794154202728
2018-05-23 22:00:00,2313.44,0.0,13.96,13.870403116768843,0.191743816,19.1743816,0.0,0.0,0.0,0.0,0.06935201558384421,spring,night,13.870403116768843
2018-05-23 23:00:00,2122.64,0.0,13.35,6.317914661040684,0.19222291,19.222291,0.0,0.0,0.0,0.0,0.03158957330520342,spring,night,6.317914661040684
2018-05-24 00:00:00,1948.48,0.0,12.88,13.607882052531972,0.192592048,19.2592048,0.0,0.0,0.0,0.0,0.06803941026265986,spring,night,13.607882052531972
2018-05-24 01:00:00,1805.04,0.0,12.49,15.268113626734298,0.192898354,19.2898354,0.0,0.0,0.0,0.0,0.07634056813367149,spring,night,15.268113626734298
2018-05-24 02:00:00,1732.08,0.0,12.0,0.0,0.19328320000000002,19.32832,0.0,0.0,0.0,0.0,0.0,spring,night,0.0
2018-05-24 17:00:00,2384.32,0.0,19.23,59.53903363424075,0.18760475799999998,18.7604758,0.0,0.0,0.0,0.0,0.2976951681712038,spring,night,59.53903363424075
2018-05-24 18:00:00,2379.12,0.0,17.73,21.105232159348205,0.18878285799999997,18.878285799999997,0.0,0.0,0.0,0.0,0.10552616079674103,spring,night,21.105232159348205
2018-05-24 19:00:00,2347.44,0.0,14.45,10.693929455750615,0.19135897,19.135897,0.0,0.0,0.0,0.0,0.05346964727875307,spring,night,10.693929455750615
2018-05-24 20:00:00,2341.68,0.0,13.96,67.8164307887523,0.191743816,19.1743816,0.0,0.0,0.0,0.0,0.3390821539437615,spring,night,67.8164307887523
2018-05-24 21:00:00,2391.04,0.0,13.71,0.5549299332748263,0.191940166,19.1940166,0.0,0.0,0.0,0.0,0.0027746496663741318,spring,night,0.5549299332748263
2018-05-24 22:00:00,2314.7200000000003,0.0,13.24,0.0,0.192309304,19.2309304,0.0,0.0,0.0,0.0,0.0,spring,night,38.10629151725352
2018-05-24 23:00:00,2129.36,0.0,12.66,40.92533687202127,0.192764836,19.2764836,0.0,0.0,0.0,0.0,0.20462668436010634,spring,night,40.92533687202127
2018-05-25 00:00:00,1949.8400000000001,0.0,12.04,44.41848042145133,0.19325178399999998,19.3251784,0.0,0.0,0.0,0.0,0.22209240210725664,spring,night,44.41848042145133
2018-05-25 01:00:00,1810.0,0.0,11.29,24.239414624164283,0.19384083400000002,19.3840834,0.0,0.0,0.0,0.0,0.12119707312082141,spring,night,24.239414624164283
2018-05-25 02:00:00,1734.16,0.0,10.91,111.61943288525424,0.19413928600000002,19.413928600000002,0.0,0.0,0.0,0.0,0.5580971644262712,spring,night,111.61943288525424
2018-05-25 17:00:00,2390.96,0.0,17.51,111.36693890399462,0.188955646,18.8955646,0.0,0.0,0.0,0.0,0.5568346945199731,spring,night,111.36693890399462
2018-05-25 18:00:00,2414.2400000000002,0.0,16.21,85.728349940009,0.18997666600000002,18.997666600000002,0.0,0.0,0.0,0.0,0.428641749700045,spring,night,85.728349940009
2018-05-25 19:00:00,2392.7200000000003,0.0,15.9,124.7514111227024,0.19022013999999998,19.022014,0.0,0.0,0.0,0.0,0.6237570556135119,spring,night,124.7514111227024
2018-05-25 20:00:00,2367.12,0.0,15.05,133.2094503366889,0.19088773,19.088773,0.0,0.0,0.0,0.0,0.6660472516834445,spring,night,133.2094503366889
2018-05-25 21:00:00,2382.0,0.0,14.36,106.49776195235016,0.191429656,19.1429656,0.0,0.0,0.0,0.0,0.5324888097617508,spring,night,106.49776195235016
2018-05-25 22:00:00,2300.88,0.0,13.64,60.659351417231264,0.191995144,19.1995144,0.0,0.0,0.0,0.0,0.30329675708615633,spring,night,60.659351417231264
2018-05-25 23:00:00,2130.16,0.0,13.02,85.30965823279963,0.192482092,19.248209199999998,0.0,0.0,0.0,0.0,0.42654829116399817,spring,night,85.30965823279963
2018-05-26 00:00:00,1959.04,0.0,12.66,90.06546868426395,0.192764836,19.2764836,0.0,0.0,0.0,0.0,0.45032734342131975,spring,night,90.06546868426395
2018-05-26 01:00:00,1825.76,0.0,12.46,104.50888087594149,0.192921916,19.2921916,0.0,0.0,0.0,0.0,0.5225444043797074,spring,night,104.50888087594149
2018-05-26 02:00:00,1741.1200000000001,0.0,12.36,134.6812691272955,0.193000456,19.300045599999997,0.0,0.0,0.0,0.0,0.6734063456364775,spring,night,134.6812691272955
2018-05-26 17:00:00,2402.08,0.0,15.13,134.48136391551466,0.190824898,19.082489799999998,0.0,0.0,0.0,0.0,0.6724068195775733,spring,night,134.48136391551466
2018-05-26 18:00:00,2395.68,0.0,14.49,155.1399976485803,0.19132755399999998,19.132755399999997,0.0,0.0,0.0,0.0,0.7756999882429015,spring,night,155.1399976485803
2018-05-26 19:00:00,2349.12,0.0,13.95,175.5420156434424,0.19175166999999999,19.175167,0.0,0.0,0.0,0.0,0.877710078217212,spring,night,175.5420156434424
2018-05-26 20:00:00,2310.32,0.0,13.2,148.49515568267404,0.19234072,19.234071999999998,0.0,0.0,0.0,0.0,0.7424757784133702,spring,night,148.49515568267404
2018-05-26 21:00:00,2324.96,0.0,12.19,121.31249595341805,0.19313397399999999,19.3133974,0.0,0.0,0.0,0.0,0.6065624797670902,spring,night,121.31249595341805
2018-05-26 22:00:00,2288.0,0.0,11.61,67.97483354495195,0.193589506,19.3589506,0.0,0.0,0.0,0.0,0.33987416772475976,spring,night,67.97483354495195
2018-05-26 23:00:00,2141.04,0.0,11.39,135.70724716752807,0.193762294,19.3762294,0.0,0.0,0.0,0.0,0.6785362358376403,spring,night,135.70724716752807
2018-05-27 00:00:00,1969.92,0.0,10.44,125.45795299978003,0.19450842399999999,19.4508424,0.0,0.0,0.0,0.0,0.6272897649989002,spring,night,125.45795299978003
2018-05-27 01:00:00,1822.88,0.0,10.18,73.30753843338547,0.194712628,19.471262799999998,0.0,0.0,0.0,0.0,0.3665376921669274,spring,night,73.30753843338547
2018-05-27 02:00:00,1718.0,0.0,10.05,77.62186628630339,0.19481473,19.481472999999998,0.0,0.0,0.0,0.0,0.38810933143151694,spring,night,77.62186628630339
2018-05-27 17:00:00,2140.16,0.0,18.97,98.44724327197336,0.18780896200000002,18.7808962,0.0,0.0,0.0,0.0,0.4922362163598668,spring,night,98.44724327197336
2018-05-27 18:00:00,2150.96,0.0,17.38,28.057099557022834,0.189057748,18.9057748,0.0,0.0,0.0,0.0,0.14028549778511418,spring,night,28.057099557022834
2018-05-27 19:00:00,2149.52,0.0,16.97,14.764575855904543,0.189379762,18.9379762,0.0,0.0,0.0,0.0,0.07382287927952272,spring,night,14.764575855904543
2018-05-27 20:00:00,2141.44,0.0,16.12,51.39510866782594,0.19004735200000003,19.004735200000002,0.0,0.0,0.0,0.0,0.2569755433391297,spring,night,51.39510866782594
2018-05-27 21:00:00,2183.76,0.0,15.33,63.92064310786162,0.190667818,19.066781799999998,0.0,0.0,0.0,0.0,0.3196032155393081,spring,night,63.92064310786162
2018-05-27 22:00:00,2174.2400000000002,0.0,14.64,55.73779178395546,0.19120974400000001,19.1209744,0.0,0.0,0.0,0.0,0.2786889589197773,spring,night,55.73779178395546
2018-05-27 23:00:00,2065.92,0.0,14.21,97.28923565857468,0.191547466,19.1547466,0.0,0.0,0.0,0.0,0.4864461782928734,spring,night,97.28923565857468
2018-05-28 00:00:00,1923.76,0.0,13.52,122.07669393645259,0.19208939199999997,19.208939199999996,0.0,0.0,0.0,0.0,0.610383469682263,spring,night,122.07669393645259
2018-05-28 01:00:00,1783.8400000000001,0.0,12.66,116.98937905995767,0.192764836,19.2764836,0.0,0.0,0.0,0.0,0.5849468952997884,spring,night,116.98937905995767
2018-05-28 02:00:00,1693.1200000000001,0.0,11.58,71.57253940050175,0.193613068,19.3613068,0.0,0.0,0.0,0.0,0.3578626970025088,spring,night,71.57253940050175
2018-05-28 17:00:00,2149.12,0.0,16.47,58.47314122713211,0.189772462,18.9772462,0.0,0.0,0.0,0.0,0.29236570613566054,spring,night,58.47314122713211
2018-05-28 18:00:00,2148.56,0.0,15.58,70.39214094864613,0.190471468,19.0471468,0.0,0.0,0.0,0.0,0.35196070474323066,spring,night,70.39214094864613
2018-05-28 19:00:00,2130.2400000000002,0.0,15.28,123.51499314485312,0.19070708800000002,19.070708800000002,0.0,0.0,0.0,0.0,0.6175749657242656,spring,night,123.51499314485312
2018-05-28 20:00:00,2122.7200000000003,0.0,14.76,65.33884268975319,0.191115496,19.1115496,0.0,0.0,0.0,0.0,0.326694213448766,spring,night,65.33884268975319
2018-05-28 21:00:00,2152.0,0.0,14.33,67.55911798871252,0.191453218,19.1453218,0.0,0.0,0.0,0.0,0.33779558994356257,spring,night,67.55911798871252
2018-05-28 22:00:00,2108.48,0.0,13.74,35.278214665652776,0.191916604,19.1916604,0.0,0.0,0.0,0.0,0.17639107332826387,spring,night,35.278214665652776
2018-05-28 23:00:00,2009.68,0.0,13.01,23.793581450549617,0.192489946,19.2489946,0.0,0.0,0.0,0.0,0.11896790725274808,spring,night,23.793581450549617
2018-05-29 00:00:00,1866.96,0.0,12.64,27.714075427474818,0.19278054400000003,19.278054400000002,0.0,0.0,0.0,0.0,0.13857037713737408,spring,night,27.714075427474818
2018-05-29 01:00:00,1744.32,0.0,12.15,15.874887770843308,0.19316539,19.316539,0.0,0.0,0.0,0.0,0.07937443885421654,spring,night,15.874887770843308
2018-05-29 02:00:00,1662.4,0.0,11.85,22.312908459272865,0.19340100999999998,19.340100999999997,0.0,0.0,0.0,0.0,0.11156454229636432,spring,night,22.312908459272865
2018-05-29 17:00:00,2187.44,0.0,16.48,142.7220653104104,0.18976460799999997,18.976460799999998,0.0,0.0,0.0,0.0,0.7136103265520519,spring,night,142.7220653104104
2018-05-29 18:00:00,2217.68,0.0,15.7,106.18355072226213,0.19037721999999999,19.037722,0.0,0.0,0.0,0.0,0.5309177536113107,spring,night,106.18355072226213
2018-05-29 19:00:00,2215.6,0.0,15.2,126.64083662861681,0.19076992,19.076992,0.0,0.0,0.0,0.0,0.633204183143084,spring,night,126.64083662861681
2018-05-29 20:00:00,2219.92,0.0,14.48,68.5315616799321,0.191335408,19.133540800000002,0.0,0.0,0.0,0.0,0.3426578083996605,spring,night,68.5315616799321
2018-05-29 21:00:00,2262.16,0.0,13.86,140.9441212070149,0.191822356,19.1822356,0.0,0.0,0.0,0.0,0.7047206060350745,spring,night,140.9441212070149
2018-05-29 22:00:00,2227.68,0.0,13.14,98.7043075543147,0.192387844,19.2387844,0.0,0.0,0.0,0.0,0.4935215377715735,spring,night,98.7043075543147
2018-05-29 23:00:00,2065.92,0.0,12.24,37.3625447223496,0.19309470399999998,19.3094704,0.0,0.0,0.0,0.0,0.18681272361174797,spring,night,37.3625447223496
2018-05-30 00:00:00,1895.6000000000001,0.0,11.95,16.957541484406796,0.19332246999999997,19.332246999999995,0.0,0.0,0.0,0.0,0.08478770742203398,spring,night,16.957541484406796
2018-05-30 01:00:00,1768.4,0.0,11.31,31.088633605064967,0.193825126,19.3825126,0.0,0.0,0.0,0.0,0.15544316802532485,spring,night,31.088633605064967
2018-05-30 02:00:00,1695.04,0.0,11.03,45.40501385387116,0.194045038,19.4045038,0.0,0.0,0.0,0.0,0.2270250692693558,spring,night,45.40501385387116
2018-05-30 17:00:00,2392.88,0.0,17.83,131.63622420244724,0.188704318,18.870431800000002,0.0,0.0,0.0,0.0,0.6581811210122361,spring,night,131.63622420244724
2018-05-30 18:00:00,2407.92,0.0,16.33,94.79094179233958,0.18988241800000003,18.9882418,0.0,0.0,0.0,0.0,0.4739547089616979,spring,night,94.79094179233958
2018-05-30 19:00:00,2402.16,0.0,15.32,91.95519119913449,0.19067567199999996,19.067567199999996,0.0,0.0,0.0,0.0,0.45977595599567245,spring,night,91.95519119913449
2018-05-30 20:00:00,2390.16,0.0,14.18,87.47128941641681,0.19157102799999998,19.157102799999997,0.0,0.0,0.0,0.0,0.43735644708208404,spring,night,87.47128941641681
2018-05-30 21:00:00,2403.28,0.0,13.34,61.66794534141206,0.19223076400000003,19.223076400000004,0.0,0.0,0.0,0.0,0.3083397267070603,spring,night,61.66794534141206
2018-05-30 22:00:00,2325.76,0.0,12.56,47.97859342910939,0.19284337599999998,19.284337599999997,0.0,0.0,0.0,0.0,0.23989296714554695,spring,night,47.97859342910939
2018-05-30 23:00:00,2143.52,0.0,11.91,11.088608140381908,0.193353886,19.3353886,0.0,0.0,0.0,0.0,0.055443040701909536,spring,night,11.088608140381908
2018-05-31 00:00:00,1971.28,0.0,11.89,59.69266606291889,0.193369594,19.3369594,0.0,0.0,0.0,0.0,0.29846333031459443,spring,night,59.69266606291889
2018-05-31 01:00:00,1835.3600000000001,0.0,11.47,100.27027818405371,0.193699462,19.369946199999998,0.0,0.0,0.0,0.0,0.5013513909202686,spring,night,100.27027818405371
2018-05-31 02:00:00,1758.4,0.0,11.26,93.35834030677331,0.193864396,19.3864396,0.0,0.0,0.0,0.0,0.46679170153386657,spring,night,93.35834030677331
2018-05-31 17:00:00,2711.76,0.0,17.11,107.6036293404078,0.18926980599999998,18.9269806,0.0,0.0,0.0,0.0,0.5380181467020391,spring,night,107.6036293404078
2018-05-31 18:00:00,2754.8,0.0,15.72,96.91210702101947,0.19036151199999998,19.0361512,0.0,0.0,0.0,0.0,0.48456053510509733,spring,night,96.91210702101947
2018-05-31 19:00:00,2708.7200000000003,0.0,15.22,82.45568098793204,0.19075421199999998,19.075421199999997,0.0,0.0,0.0,0.0,0.4122784049396602,spring,night,82.45568098793204
2018-05-31 20:00:00,2657.84,0.0,14.55,107.21269281709016,0.19128043,19.128043,0.0,0.0,0.0,0.0,0.5360634640854508,spring,night,107.21269281709016
2018-05-31 21:00:00,2643.36,0.0,13.83,80.9479604820627,0.191845918,19.1845918,0.0,0.0,0.0,0.0,0.4047398024103135,spring,night,80.9479604820627
2018-05-31 22:00:00,2589.76,0.0,13.41,50.77437207206938,0.19217578600000002,19.217578600000003,0.0,0.0,0.0,0.0,0.2538718603603469,spring,night,50.77437207206938
2018-05-31 23:00:00,2366.16,0.0,13.12,22.91232405495545,0.19240355199999998,19.240355199999996,0.0,0.0,0.0,0.0,0.11456162027477726,spring,night,22.91232405495545
