DateTime,load_PJME_MW,solar_G_i__POA,solar_T2m,wind_Energy_scaled_MW,eta_eff,eta_eff_pct,P_150MW_adj_MW,P_110MW_adj_MW,CF_150MW,CF_110MW,CF_Wind,season,day_night,wind_Energy_smoothed_MW
2018-06-01 03:00:00,1793.28,6.12,11.91,41.205125370219896,0.19308685000000003,19.308685000000004,22.190399959776553,16.272959970502804,0.14793599973184368,0.14793599973184368,0.20602562685109949,summer,day,41.205125370219896
2018-06-01 04:00:00,1764.96,68.61,12.75,77.42726480588436,0.18970046699999998,18.970046699999997,22.190399959776553,16.272959970502804,0.14793599973184368,0.14793599973184368,0.38713632402942183,summer,day,77.42726480588436
2018-06-01 05:00:00,1787.3600000000001,129.79,14.32,74.02599703715666,0.18579790166666665,18.579790166666665,62.360915563580946,45.73133807995935,0.4157394370905396,0.41573943709053957,0.3701299851857833,summer,day,74.02599703715666
2018-06-01 06:00:00,1891.6000000000001,358.66,15.68,96.84924416621706,0.1747433966666667,17.47433966666667,94.6948089285451,69.44285988093307,0.6312987261903007,0.6312987261903007,0.4842462208310853,summer,day,96.84924416621706
2018-06-01 07:00:00,2091.04,418.56,17.26,80.53194791686664,0.170888828,17.0888828,119.19208005466915,87.40752537342402,0.7946138670311277,0.7946138670311275,0.4026597395843332,summer,day,80.53194791686664
2018-06-01 08:00:00,2266.96,458.1,18.19,48.82933921585571,0.16843314399999998,16.843314399999997,135.85272894195296,99.62533455743218,0.9056848596130197,0.9056848596130198,0.24414669607927855,summer,day,48.82933921585571
2018-06-01 09:00:00,2361.2000000000003,286.63,19.14,55.25807382834678,0.17516882166666667,17.516882166666665,144.6767555903966,106.0962874329575,0.9645117039359773,0.9645117039359772,0.2762903691417339,summer,day,55.25807382834678
2018-06-01 10:00:00,2436.56,145.56,19.92,54.20767437822152,0.18071156400000002,18.071156400000003,145.66415999999998,106.82038399999996,0.9710943999999999,0.9710943999999997,0.2710383718911076,summer,day,54.20767437822152
2018-06-01 11:00:00,2509.2000000000003,197.47,20.66,35.19934060354545,0.17786536166666667,17.786536166666668,138.8149421707632,101.79762425855967,0.925432947805088,0.9254329478050879,0.17599670301772727,summer,day,35.19934060354545
2018-06-01 12:00:00,2562.48,511.62,21.05,34.522872398640374,0.163851644,16.3851644,124.12910210268623,91.02800820863655,0.8275273473512416,0.8275273473512413,0.17261436199320188,summer,day,34.522872398640374
2018-06-01 13:00:00,2608.0,188.2,20.83,32.82509040639737,0.17813632466666665,17.813632466666665,101.60663979576911,74.51153585023067,0.6773775986384607,0.6773775986384607,0.16412545203198686,summer,day,32.82509040639737
2018-06-01 14:00:00,2648.56,209.75,20.85,98.64804557203023,0.17718031833333334,17.718031833333335,71.24755525001167,52.24820718334189,0.4749837016667445,0.4749837016667445,0.49324022786015115,summer,day,98.64804557203023
2018-06-01 15:00:00,2687.84,36.16,19.26,101.83719439332695,0.18600341466666667,18.600341466666666,33.05184846541418,24.238022207970396,0.22034565643609455,0.2203456564360945,0.5091859719666347,summer,day,101.83719439332695
2018-06-01 16:00:00,2739.28,45.47,19.03,98.65157331106141,0.1857778303333333,18.577783033333333,22.190399959776553,16.272959970502804,0.14793599973184368,0.14793599973184368,0.49325786655530707,summer,day,98.65157331106141
2018-06-02 03:00:00,1765.8400000000001,37.6,9.16,51.26247901533993,0.19387312266666668,19.38731226666667,36.691602997299434,26.907175531352927,0.2446106866486629,0.24461068664866298,0.2563123950766996,summer,day,51.26247901533993
2018-06-02 04:00:00,1731.1200000000001,141.28,11.64,46.732083208154535,0.18740142666666668,18.740142666666667,36.691602997299434,26.907175531352927,0.2446106866486629,0.24461068664866298,0.23366041604077267,summer,day,46.732083208154535
2018-06-02 05:00:00,1746.8,367.27,15.98,28.533995927546993,0.17413209366666665,17.413209366666667,72.14434858500499,52.90585562900365,0.4809623239000333,0.48096232390003324,0.14266997963773498,summer,day,28.533995927546993
2018-06-02 06:00:00,1849.68,596.02,17.8,18.11619312232771,0.16272154066666666,16.272154066666666,100.68083307114165,73.83261091883722,0.671205553807611,0.671205553807611,0.09058096561163856,summer,day,18.11619312232771
2018-06-02 07:00:00,2029.44,754.19,19.08,17.4025003000227,0.15481474433333334,15.481474433333334,122.30105645570956,89.68744140085366,0.815340376371397,0.8153403763713969,0.08701250150011351,summer,day,17.4025003000227
2018-06-02 08:00:00,2203.68,746.12,20.23,27.61781118790849,0.15426365533333333,15.426365533333334,137.00501873870857,100.47034707505293,0.9133667915913904,0.9133667915913902,0.13808905593954246,summer,day,27.61781118790849
2018-06-02 09:00:00,2302.4,874.21,21.19,48.08090392242806,0.14792067766666667,14.792067766666667,144.79271992013872,106.18132794143503,0.9652847994675915,0.9652847994675912,0.2404045196121403,summer,day,48.08090392242806
2018-06-02 10:00:00,2371.44,655.09,21.96,53.590908004226755,0.15687685566666668,15.687685566666667,145.66415999999998,106.82038399999996,0.9710943999999999,0.9710943999999997,0.2679545400211338,summer,day,53.590908004226755
2018-06-02 11:00:00,2432.96,865.01,22.55,60.68988878706025,0.14725396033333332,14.725396033333332,139.61933897829243,102.38751525074775,0.9307955931886163,0.9307955931886159,0.30344944393530127,summer,day,60.68988878706025
2018-06-02 12:00:00,2476.88,761.75,22.96,38.34109528139421,0.15143752433333332,15.143752433333333,126.65825685501599,92.8827216936784,0.84438837903344,0.84438837903344,0.19170547640697105,summer,day,38.34109528139421
2018-06-02 13:00:00,2513.68,647.91,23.21,27.619111359767995,0.156208393,15.6208393,106.78091363017077,78.30600332879189,0.7118727575344718,0.7118727575344718,0.13809555679883997,summer,day,27.619111359767995
2018-06-02 14:00:00,2561.2000000000003,423.57,23.04,47.71382509812705,0.166130613,16.613061300000002,79.9873093037566,58.657360156088174,0.5332487286917107,0.5332487286917107,0.23856912549063528,summer,day,47.71382509812705
2018-06-02 15:00:00,2579.12,191.66,22.74,57.123859845905784,0.17648523933333332,17.648523933333333,46.27744387577368,33.93679217556737,0.30851629250515783,0.3085162925051579,0.28561929922952894,summer,day,57.123859845905784
2018-06-02 16:00:00,2598.7200000000003,47.22,21.74,42.75918230396865,0.183573038,18.3573038,36.691602997299434,26.907175531352927,0.2446106866486629,0.24461068664866298,0.21379591151984326,summer,day,42.75918230396865
2018-06-03 03:00:00,1683.1200000000001,41.1,9.62,72.87379625192335,0.193359122,19.3359122,36.155549335600035,26.514069512773354,0.2410369955706669,0.24103699557066685,0.36436898125961675,summer,day,72.87379625192335
2018-06-03 04:00:00,1650.88,141.07,12.12,34.33649927859091,0.18703359766666666,18.703359766666665,36.155549335600035,26.514069512773354,0.2410369955706669,0.24103699557066685,0.17168249639295452,summer,day,34.33649927859091
2018-06-03 05:00:00,1644.32,363.77,15.07,16.525646516810585,0.17499952433333332,17.499952433333334,71.78269272227726,52.64064132966999,0.4785512848151817,0.4785512848151817,0.08262823258405293,summer,day,16.525646516810585
2018-06-03 06:00:00,1668.32,590.8,16.84,7.338479864580683,0.16370329066666667,16.370329066666667,100.45955279857691,73.67033871895637,0.6697303519905127,0.6697303519905125,0.03669239932290341,summer,day,7.338479864580683
2018-06-03 07:00:00,1721.1200000000001,787.1,18.67,2.059954107358559,0.15370078533333334,15.370078533333334,122.18612956449905,89.60316168063262,0.8145741970966603,0.8145741970966602,0.010299770536792796,summer,day,2.059954107358559
2018-06-03 08:00:00,1825.04,860.46,20.06,8.762239272291136,0.149408138,14.940813799999999,136.96242302004362,100.43911021469864,0.9130828201336241,0.9130828201336241,0.04381119636145568,summer,day,8.762239272291136
2018-06-03 09:00:00,1956.4,894.53,21.09,2.069029549394302,0.14711258833333332,14.711258833333332,144.7884331652106,106.17818432115442,0.965256221101404,0.9652562211014039,0.01034514774697151,summer,day,2.069029549394302
2018-06-03 10:00:00,2046.0,866.22,21.54,0.0,0.147994418,14.799441799999999,145.66415999999998,106.82038399999996,0.9710943999999999,0.9710943999999997,0.0,summer,day,0.0
2018-06-03 11:00:00,2086.56,846.97,22.02,2.7841933994762624,0.14845736766666667,14.845736766666667,139.58960352441184,102.36570925123533,0.9305973568294122,0.9305973568294121,0.013920966997381313,summer,day,2.7841933994762624
2018-06-03 12:00:00,2098.96,746.05,22.26,11.846870490346822,0.15267234766666665,15.267234766666665,126.56476373844612,92.81416007486047,0.8437650915896407,0.8437650915896406,0.05923435245173411,summer,day,11.846870490346822
2018-06-03 13:00:00,2095.6,555.92,22.53,8.14959541291657,0.16075629533333333,16.075629533333334,106.58964064210286,78.16573647087543,0.7105976042806857,0.7105976042806857,0.04074797706458285,summer,day,8.14959541291657
2018-06-03 14:00:00,2105.2,414.87,22.32,2.8172030657954568,0.16707571100000002,16.707571100000003,79.66423423538197,58.4204384392801,0.5310948949025465,0.5310948949025464,0.014086015328977283,summer,day,2.8172030657954568
2018-06-03 15:00:00,2126.48,194.1,22.11,11.607488090689207,0.176873576,17.687357600000002,45.78854451828361,33.57826598007464,0.3052569634552241,0.305256963455224,0.05803744045344603,summer,day,11.607488090689207
2018-06-03 16:00:00,2171.44,45.47,21.55,24.144736957951007,0.18379862233333333,18.379862233333334,36.155549335600035,26.514069512773354,0.2410369955706669,0.24103699557066685,0.12072368478975504,summer,day,24.144736957951007
2018-06-04 03:00:00,1640.16,41.1,11.78,1.0778839542985457,0.191662658,19.1662658,34.36055800990838,25.197742540599474,0.22907038673272254,0.22907038673272248,0.0053894197714927285,summer,day,1.0778839542985457
2018-06-04 04:00:00,1603.3600000000001,141.82,13.7,0.0,0.18575994066666668,18.575994066666667,34.36055800990838,25.197742540599474,0.22907038673272254,0.22907038673272248,0.0,summer,day,7.888488929601514
2018-06-04 05:00:00,1594.64,362.5,16.19,6.810189579485957,0.17417529066666665,17.417529066666663,70.57167751453895,51.75256351066188,0.47047785009692633,0.47047785009692616,0.03405094789742979,summer,day,6.810189579485957
2018-06-04 06:00:00,1583.1200000000001,591.83,18.14,0.3879110050269126,0.16263732833333333,16.263732833333332,99.71858934999003,73.12696552332599,0.6647905956666001,0.6647905956665999,0.001939555025134563,summer,day,0.3879110050269126
2018-06-04 07:00:00,1606.32,786.21,19.79,0.0,0.152859971,15.285997100000001,121.80129351626172,89.32094857859191,0.8120086234417448,0.8120086234417446,0.0,summer,day,0.0
2018-06-04 08:00:00,1690.48,939.35,21.13,0.45496548869833664,0.14512552633333334,14.512552633333334,136.81979001335395,100.33451267645955,0.9121319334223597,0.9121319334223595,0.002274827443491683,summer,day,0.45496548869833664
2018-06-04 09:00:00,1818.56,956.73,21.85,0.0,0.143801691,14.380169100000002,144.77407884126671,106.16765781692891,0.9651605256084448,0.9651605256084447,0.0,summer,day,30.323474888978044
2018-06-04 10:00:00,1944.64,907.35,22.32,0.0,0.145587167,14.5587167,145.66415999999998,106.82038399999998,0.9710943999999999,0.9710943999999998,0.0,summer,day,7.8177257880980715
2018-06-04 11:00:00,2050.88,961.24,22.73,0.0,0.14291375266666667,14.291375266666668,139.49003348955387,102.29269122567281,0.9299335565970258,0.9299335565970256,0.0,summer,day,0.0
2018-06-04 12:00:00,2123.68,832.18,23.17,0.5663684717606636,0.14819949466666668,14.819949466666667,126.25169930992826,92.58457949394737,0.8416779953995217,0.8416779953995216,0.002831842358803318,summer,day,0.5663684717606636
2018-06-04 13:00:00,2206.7200000000003,644.06,23.44,0.0,0.15619573933333333,15.619573933333333,105.94915746112324,77.69604880482369,0.7063277164074883,0.706327716407488,0.0,summer,day,1.561387637585479
2018-06-04 14:00:00,2259.04,426.18,23.4,0.0,0.165733986,16.5733986,78.58240794313866,57.62709915830169,0.5238827196209244,0.5238827196209245,0.0,summer,day,0.14934223090848017
2018-06-04 15:00:00,2299.76,193.8,23.02,0.0,0.17617195200000002,17.6171952,44.15145075597477,32.37773055438149,0.2943430050398318,0.29434300503983174,0.0,summer,day,0.0
2018-06-04 16:00:00,2340.2400000000002,55.09,22.16,0.0,0.18289977566666665,18.289977566666664,34.36055800990838,25.197742540599474,0.22907038673272254,0.22907038673272248,0.0,summer,day,10.411183748479901
2018-06-05 03:00:00,1803.68,38.48,13.43,5.950080055020636,0.19048106733333334,19.048106733333334,32.377926511446326,23.74381277506063,0.21585284340964217,0.2158528434096421,0.02975040027510318,summer,day,5.950080055020636
2018-06-05 04:00:00,1782.72,138.52,14.29,5.734031042650744,0.18544054466666665,18.544054466666665,32.377926511446326,23.74381277506063,0.21585284340964217,0.2158528434096421,0.02867015521325372,summer,day,5.734031042650744
2018-06-05 05:00:00,1820.64,362.82,17.22,8.751196145920206,0.173352366,17.3352366,69.23406832299958,50.77165010353301,0.46156045548666386,0.46156045548666375,0.04375598072960103,summer,day,8.751196145920206
2018-06-05 06:00:00,1949.04,586.58,19.02,19.10935318824603,0.16217525133333333,16.217525133333332,98.90016897583507,72.52679058227903,0.6593344598389005,0.6593344598389003,0.09554676594123014,summer,day,19.10935318824603
2018-06-05 07:00:00,2150.4,719.06,20.55,0.0,0.15519304533333333,15.519304533333333,121.3762284699529,89.0092342112988,0.8091748564663527,0.8091748564663528,0.0,summer,day,33.83814249562558
2018-06-05 08:00:00,2331.44,938.59,21.77,0.45496548869833664,0.14465603166666666,14.465603166666666,136.66224680535302,100.2189809905922,0.9110816453690201,0.91108164536902,0.002274827443491683,summer,day,0.45496548869833664
2018-06-05 09:00:00,2435.68,1027.67,22.8,0.0,0.13996021233333333,13.996021233333334,144.75822398203536,106.15603092015927,0.9650548265469024,0.9650548265469024,0.0,summer,day,17.605718070876843
2018-06-05 10:00:00,2504.48,1025.82,23.6,0.0,0.139412614,13.941261399999998,145.66415999999998,106.82038399999998,0.9710943999999999,0.9710943999999998,0.0,summer,day,0.0
2018-06-05 11:00:00,2567.2000000000003,966.4,24.09,0.0,0.14162046066666667,14.162046066666667,139.38005485924688,102.21204023011438,0.9292003657283125,0.9292003657283125,0.0,summer,day,0.0
2018-06-05 12:00:00,2603.68,802.42,24.08,0.5663684717606636,0.14878330866666664,14.878330866666664,125.90590855977607,92.33099961050245,0.8393727237318405,0.8393727237318405,0.002831842358803318,summer,day,0.5663684717606636
2018-06-05 13:00:00,2623.76,139.06,24.47,0.0,0.17742161066666667,17.742161066666668,105.24172110158756,77.17726214116419,0.7016114740105838,0.7016114740105835,0.0,summer,day,0.0
2018-06-05 14:00:00,2634.08,337.71,24.19,5.801144838139422,0.168973761,16.8973761,77.38749248468122,56.75082782209955,0.5159166165645415,0.5159166165645414,0.029005724190697108,summer,day,5.801144838139422
2018-06-05 15:00:00,2613.44,100.59,22.14,10.07862918463981,0.180930167,18.0930167,42.34322270905729,31.051696653308667,0.28228815139371527,0.28228815139371516,0.05039314592319905,summer,day,10.07862918463981
2018-06-05 16:00:00,2591.92,14.87,20.5,3.311582429077469,0.18595847233333332,18.59584723333333,32.377926511446326,23.74381277506063,0.21585284340964217,0.2158528434096421,0.016557912145387346,summer,day,3.311582429077469
2018-06-06 03:00:00,1800.08,39.35,13.33,37.15310794763593,0.19052164633333332,19.052164633333334,32.62161344953858,23.922516529661625,0.21747742299692385,0.21747742299692385,0.18576553973817966,summer,day,37.15310794763593
2018-06-06 04:00:00,1775.44,141.67,15.44,22.169325843849446,0.18439988966666665,18.439988966666665,32.62161344953858,23.922516529661625,0.21747742299692385,0.21747742299692385,0.11084662921924723,summer,day,22.169325843849446
2018-06-06 05:00:00,1805.76,336.95,18.14,7.888488929601514,0.17375859233333332,17.375859233333333,69.39847501607548,50.89221501178869,0.46265650010716985,0.4626565001071699,0.03944244464800757,summer,day,7.888488929601514
2018-06-06 06:00:00,1921.1200000000001,575.92,19.7,16.000480129487908,0.16210631066666667,16.210631066666668,99.00076172602834,72.60055859908746,0.6600050781735223,0.6600050781735224,0.08000240064743953,summer,day,16.000480129487908
2018-06-06 07:00:00,2121.2,766.85,20.33,4.141865283716526,0.15328059633333335,15.328059633333336,121.42847357939729,89.04754729155802,0.8095231571959819,0.809523157195982,0.02070932641858263,summer,day,4.141865283716526
2018-06-06 08:00:00,2288.0,887.37,21.35,2.699434658004223,0.14722079899999999,14.722079899999999,136.6816105761822,100.23318108920029,0.911210737174548,0.911210737174548,0.013497173290021116,summer,day,2.699434658004223
2018-06-06 09:00:00,2367.84,956.78,22.38,0.4696142526550652,0.14338324733333332,14.338324733333332,144.76017271638312,106.15745999201428,0.9650678181092208,0.9650678181092207,0.0023480712632753258,summer,day,0.4696142526550652
2018-06-06 10:00:00,2421.92,893.37,23.28,0.0,0.14544317699999998,14.544317699999997,145.66415999999998,106.82038399999998,0.9710943999999999,0.9710943999999998,0.0,summer,day,25.944177842231078
2018-06-06 11:00:00,2470.4,924.59,23.82,0.0,0.14365682833333332,14.365682833333333,139.39357242703286,102.22195311315744,0.9292904828468858,0.9292904828468859,0.0,summer,day,0.5663684717606636
2018-06-06 12:00:00,2498.0,752.49,24.13,0.0,0.15092265100000002,15.092265100000002,125.94840999748175,92.3621673314866,0.8396560666498784,0.8396560666498782,0.0,summer,day,19.824390127613277
2018-06-06 13:00:00,2506.48,379.59,24.32,0.0,0.16704429499999998,16.7044295,105.32867271134666,77.24102665498755,0.7021911514089777,0.7021911514089777,0.0,summer,day,32.40467725952329
2018-06-06 14:00:00,2510.88,261.24,24.12,0.0,0.17236538,17.236538000000003,77.53436056862748,56.85853108366014,0.5168957371241831,0.5168957371241831,0.0,summer,day,0.0
2018-06-06 15:00:00,2513.04,185.7,22.12,0.0,0.17723224199999998,17.723224199999997,42.565473569324396,31.214680617504555,0.283769823795496,0.283769823795496,0.0,summer,day,27.619111359767995
2018-06-06 16:00:00,2525.12,53.34,21.02,0.0,0.18387149,18.387149,32.62161344953858,23.922516529661625,0.21747742299692385,0.21747742299692385,0.0,summer,day,0.0
2018-06-07 03:00:00,1721.68,41.1,13.09,0.0,0.19063378399999997,19.063378399999998,33.66137042893577,24.685004981219574,0.22440913619290512,0.22440913619290523,0.0,summer,day,0.0
2018-06-07 04:00:00,1703.52,142.0,15.71,0.0,0.18417343266666664,18.417343266666663,33.66137042893577,24.685004981219574,0.22440913619290512,0.22440913619290523,0.0,summer,day,29.74237686606683
2018-06-07 05:00:00,1741.44,349.71,19.28,0.0,0.17230647500000001,17.2306475,70.09996114382426,51.40663817213779,0.46733307429216175,0.4673330742921617,0.0,summer,day,0.0
2018-06-07 06:00:00,1854.64,575.06,21.14,0.0,0.16101285933333334,16.101285933333333,99.42996821082826,72.91531002127405,0.6628664547388551,0.662866454738855,0.0,summer,day,16.64386517351064
2018-06-07 07:00:00,2046.0,769.31,22.03,0.0,0.15183807833333335,15.183807833333335,121.6513916299479,89.21102052862845,0.811009277532986,0.8110092775329859,0.0,summer,day,2.069029549394302
2018-06-07 08:00:00,2199.28,915.11,23.32,0.0,0.14446317233333333,14.446317233333334,136.76423140118305,100.2937696942009,0.9117615426745537,0.9117615426745537,0.0,summer,day,20.78237130108547
2018-06-07 09:00:00,2259.44,959.91,24.45,0.0,0.141620897,14.1620897,144.76848752453378,106.16355751799142,0.9651232501635586,0.9651232501635584,0.0,summer,day,15.23451070017855
2018-06-07 10:00:00,2283.84,743.98,25.22,0.0,0.15043788466666666,15.043788466666665,145.66415999999998,106.82038399999998,0.9710943999999999,0.9710943999999998,0.0,summer,day,0.5663684717606636
2018-06-07 11:00:00,2309.04,863.14,25.65,0.0,0.14490081466666666,14.490081466666666,139.4512488275818,102.26424914022664,0.9296749921838786,0.9296749921838785,0.0,summer,day,32.977977281980976
2018-06-07 12:00:00,2330.32,792.36,25.7,0.0,0.147949912,14.794991199999998,126.12975400727913,92.49515293867137,0.8408650267151943,0.8408650267151943,0.0,summer,day,4.218201889205193
2018-06-07 13:00:00,2338.8,328.73,25.53,6.083612478351599,0.16831315233333333,16.83131523333333,105.69967553909208,77.51309539533419,0.7046645035939473,0.7046645035939472,0.030418062391757993,summer,day,6.083612478351599
2018-06-07 14:00:00,2348.08,135.36,25.07,19.148834164502393,0.177111814,17.7111814,78.16101342302048,57.31807651021501,0.5210734228201365,0.5210734228201365,0.09574417082251196,summer,day,19.148834164502393
2018-06-07 15:00:00,2343.36,89.93,23.84,27.212769769872367,0.18006011833333335,18.006011833333336,43.513767659064534,31.910096283314,0.29009178439376354,0.29009178439376365,0.13606384884936185,summer,day,27.212769769872367
2018-06-07 16:00:00,2342.0,22.74,20.5,51.096735894935584,0.185615078,18.561507799999998,33.66137042893577,24.685004981219574,0.22440913619290512,0.22440913619290523,0.2554836794746779,summer,day,51.096735894935584
2018-06-08 03:00:00,1685.6000000000001,41.98,12.53,36.78578060563681,0.19103521066666668,19.10352106666667,32.22329496218182,23.6304163056,0.21482196641454546,0.21482196641454546,0.18392890302818404,summer,day,36.78578060563681
2018-06-08 04:00:00,1671.28,139.59,15.02,28.71027680449106,0.18482051500000002,18.4820515,32.22329496218182,23.6304163056,0.21482196641454546,0.21482196641454546,0.1435513840224553,summer,day,28.71027680449106
2018-06-08 05:00:00,1708.88,353.7,18.8,20.988324281970392,0.17250937,17.250937,69.12974405408798,50.6951456396645,0.46086496036058655,0.4608649603605864,0.10494162140985196,summer,day,20.988324281970392
2018-06-08 06:00:00,1811.92,582.0,20.49,12.512630461632684,0.161220554,16.122055399999997,98.83633784508618,72.47998108639652,0.6589089189672411,0.6589089189672411,0.06256315230816342,summer,day,12.512630461632684
2018-06-08 07:00:00,1999.76,767.74,21.53,3.494587300874303,0.15229928266666667,15.229928266666667,121.34307633517653,88.9849226457961,0.8089538422345103,0.8089538422345101,0.017472936504371515,summer,day,3.494587300874303
2018-06-08 08:00:00,2162.16,931.35,22.83,22.568472543314975,0.144139413,14.4139413,136.64995952435896,100.20997031786322,0.9109997301623931,0.910999730162393,0.11284236271657487,summer,day,22.568472543314975
2018-06-08 09:00:00,2238.08,1026.25,23.79,0.8411406345407902,0.13924462566666665,13.924462566666666,144.75698741263344,106.15512410259785,0.9650465827508896,0.9650465827508896,0.004205703172703951,summer,day,0.8411406345407902
2018-06-08 10:00:00,2282.96,1019.67,24.68,1.3495372862642792,0.13883272700000002,13.883272700000001,145.66415999999998,106.82038399999996,0.9710943999999999,0.9710943999999997,0.006747686431321395,summer,day,1.3495372862642792
2018-06-08 11:00:00,2334.16,912.14,25.21,14.908878263441313,0.14310835733333335,14.310835733333334,139.37147728645863,102.20575001006966,0.9291431819097242,0.9291431819097242,0.07454439131720657,summer,day,14.908878263441313
2018-06-08 12:00:00,2365.12,776.04,25.61,9.194491105240374,0.148732694,14.8732694,125.87893927200935,92.31122213280685,0.8391929284800623,0.8391929284800622,0.04597245552620187,summer,day,9.194491105240374
2018-06-08 13:00:00,2384.16,606.41,25.78,9.370682576427228,0.15600069833333335,15.600069833333336,105.1865459566522,77.1368003682116,0.7012436397110147,0.7012436397110146,0.04685341288213614,summer,day,9.370682576427228
2018-06-08 14:00:00,2392.48,408.88,25.73,14.895914428641564,0.16465886066666666,16.465886066666666,77.29429734038703,56.68248471628382,0.5152953156025802,0.5152953156025801,0.07447957214320783,summer,day,14.895914428641564
2018-06-08 15:00:00,2382.4,192.95,25.33,14.672490956651227,0.1743947663333333,17.43947663333333,42.202193423214055,30.948275177023643,0.2813479561547604,0.2813479561547604,0.07336245478325613,summer,day,14.672490956651227
2018-06-08 16:00:00,2354.64,48.97,24.38,22.406467795844748,0.18142322366666666,18.142322366666665,32.22329496218182,23.6304163056,0.21482196641454546,0.21482196641454546,0.11203233897922374,summer,day,22.406467795844748
2018-06-09 03:00:00,1690.08,43.72,13.18,0.0,0.19044877866666665,19.044877866666667,33.27571386027182,24.40219016419933,0.22183809240181215,0.22183809240181207,0.0,summer,day,44.611978725747214
2018-06-09 04:00:00,1673.3600000000001,143.03,15.72,0.0,0.18412063633333334,18.412063633333332,33.27571386027182,24.40219016419933,0.22183809240181215,0.22183809240181207,0.0,summer,day,28.524934123677628
2018-06-09 05:00:00,1703.76,350.91,19.4,0.0,0.17215986700000002,17.215986700000002,69.83977271676528,51.21583332562786,0.4655984847784352,0.46559848477843513,0.0,summer,day,19.836825104628655
2018-06-09 06:00:00,1802.96,576.33,21.31,0.0,0.160823927,16.0823927,99.2707711066432,72.798565478205,0.6618051407109546,0.6618051407109546,0.0,summer,day,14.210485948438887
2018-06-09 07:00:00,1981.8400000000001,767.17,22.89,0.0,0.15125600966666666,15.125600966666667,121.56870902990568,89.15038662193082,0.8104580601993712,0.810458060199371,0.0,summer,day,9.194491105240374
2018-06-09 08:00:00,2143.36,917.41,24.16,0.0,0.14370307966666668,14.370307966666667,136.73358648655264,100.27129675680526,0.9115572432436843,0.9115572432436841,0.0,summer,day,0.0
2018-06-09 09:00:00,2240.32,994.22,25.2,0.0,0.13953478733333333,13.953478733333332,144.76540347658408,106.16129588282831,0.9651026898438939,0.9651026898438938,0.0,summer,day,0.3879110050269126
2018-06-09 10:00:00,2299.76,992.44,26.17,0.0,0.13885061666666668,13.885061666666667,145.66415999999998,106.82038399999998,0.9710943999999999,0.9710943999999998,0.0,summer,day,0.0
2018-06-09 11:00:00,2361.36,946.53,26.9,0.0,0.140280481,14.028048100000001,139.42985605680042,102.24856110832029,0.9295323737120028,0.9295323737120026,0.0,summer,day,0.0
2018-06-09 12:00:00,2417.84,834.02,27.3,0.0,0.14487550733333332,14.487550733333332,126.06249164698532,92.44582720778922,0.8404166109799022,0.8404166109799021,0.0,summer,day,0.0
2018-06-09 13:00:00,2465.12,637.2,27.43,0.0,0.153361318,15.3361318,105.56206677055476,77.41218229840682,0.7037471118036984,0.7037471118036983,0.0,summer,day,4.207650494499082
2018-06-09 14:00:00,2529.44,418.9,27.23,0.0,0.16304355466666667,16.304355466666667,77.92858142750862,57.14762638017298,0.5195238761833908,0.5195238761833907,0.0,summer,day,22.876308688306047
2018-06-09 15:00:00,2586.64,195.45,26.76,6.684756332782205,0.173162561,17.3162561,43.16203561784707,31.65215945308784,0.28774690411898046,0.28774690411898035,0.03342378166391102,summer,day,6.684756332782205
2018-06-09 16:00:00,2639.28,51.6,25.79,24.012525542567037,0.180201054,18.0201054,33.27571386027182,24.40219016419933,0.22183809240181215,0.22183809240181207,0.12006262771283518,summer,day,24.012525542567037
2018-06-10 03:00:00,1777.6000000000001,42.85,13.78,0.0,0.19001549966666667,19.001549966666666,32.38633908360334,23.74998199464245,0.21590892722402225,0.21590892722402227,0.0,summer,day,21.56261534451681
2018-06-10 04:00:00,1735.76,140.04,16.26,0.0,0.183826984,18.3826984,32.38633908360334,23.74998199464245,0.21590892722402225,0.21590892722402227,0.0,summer,day,33.607921155381426
2018-06-10 05:00:00,1718.56,344.67,21.21,0.0,0.171010565,17.1010565,69.23974397873815,50.77581225107464,0.4615982931915876,0.4615982931915876,0.0,summer,day,13.62997739738475
2018-06-10 06:00:00,1725.2,567.44,23.41,0.0,0.15956248733333334,15.956248733333334,98.90364164357877,72.52933720529109,0.6593576109571918,0.6593576109571917,0.0,summer,day,40.59369303462356
2018-06-10 07:00:00,1771.1200000000001,763.19,25.51,18.25841949787435,0.14937192233333332,14.937192233333333,121.37803207812533,89.0105568572919,0.8091868805208355,0.8091868805208354,0.09129209748937175,summer,day,18.25841949787435
2018-06-10 08:00:00,1901.28,917.04,26.94,13.884535287819961,0.141535812,14.153581200000001,136.66291528237772,100.21947120707698,0.9110861018825182,0.9110861018825179,0.0694226764390998,summer,day,13.884535287819961
2018-06-10 09:00:00,2078.08,1020.38,27.75,4.806947513901953,0.13639056933333335,13.639056933333334,144.75829125633595,106.15608025464634,0.9650552750422396,0.9650552750422394,0.024034737569509766,summer,day,4.806947513901953
2018-06-10 10:00:00,2231.44,897.15,28.47,13.364904480687025,0.14120201699999999,14.120201699999999,145.66415999999998,106.82038399999998,0.9710943999999999,0.9710943999999998,0.06682452240343513,summer,day,13.364904480687025
2018-06-10 11:00:00,2365.36,129.79,28.98,40.08985370878205,0.17428393766666667,17.428393766666666,139.38052151336993,102.21238244313793,0.9292034767557995,0.9292034767557993,0.20044926854391026,summer,day,40.08985370878205
2018-06-10 12:00:00,2482.16,70.46,29.38,59.21066295676936,0.17655854333333335,17.655854333333334,125.9073757964457,92.33207558406016,0.8393825053096381,0.8393825053096379,0.29605331478384683,summer,day,59.21066295676936
2018-06-10 13:00:00,2579.84,243.85,29.21,101.85511191321851,0.16912647766666666,16.912647766666666,105.24472284922734,77.17946342276672,0.7016314856615157,0.7016314856615156,0.5092755595660925,summer,day,101.85511191321851
2018-06-10 14:00:00,2670.7200000000003,95.49,28.69,121.99247674383614,0.176008327,17.600832699999998,77.39256267171478,56.7545459592575,0.5159504178114319,0.5159504178114318,0.6099623837191807,summer,day,121.99247674383614
2018-06-10 15:00:00,2757.28,46.35,26.32,124.1251101550718,0.180013867,18.001386699999998,42.350895263908164,31.057323193532653,0.28233930175938776,0.28233930175938776,0.620625550775359,summer,day,124.1251101550718
2018-06-10 16:00:00,2845.04,11.37,23.85,98.4013584189355,0.183480099,18.3480099,32.38633908360334,23.74998199464245,0.21590892722402225,0.21590892722402227,0.4920067920946775,summer,day,98.4013584189355
2018-06-11 03:00:00,1954.88,41.98,14.9,164.94463910177933,0.18917381266666666,18.917381266666666,28.358290474126054,20.796079681025766,0.18905526982750703,0.18905526982750698,0.8247231955088966,summer,day,164.94463910177933
2018-06-11 04:00:00,1890.08,139.6,17.01,176.87684662973538,0.18325713266666666,18.325713266666664,28.358290474126054,20.796079681025766,0.18905526982750703,0.18905526982750698,0.8843842331486769,summer,day,176.87684662973538
2018-06-11 05:00:00,1847.8400000000001,278.12,18.95,168.50405504760107,0.17568936733333335,17.568936733333334,66.52216643183462,48.78292205001205,0.44348110954556413,0.4434811095455641,0.8425202752380053,summer,day,168.50405504760107
2018-06-11 06:00:00,1821.8400000000001,576.07,20.89,176.50497929369095,0.16116513966666665,16.116513966666666,97.24088330818466,71.30998109266874,0.6482725553878977,0.6482725553878976,0.8825248964684548,summer,day,176.50497929369095
2018-06-11 07:00:00,1848.56,776.31,22.68,119.86192845670203,0.151022135,15.1022135,120.51444110317628,88.37725680899592,0.8034296073545085,0.8034296073545084,0.5993096422835101,summer,day,119.86192845670203
2018-06-11 08:00:00,2011.3600000000001,934.21,24.38,129.79879344809933,0.14279725166666665,14.279725166666665,136.34283981680937,99.98474919899351,0.9089522654453959,0.9089522654453955,0.6489939672404966,summer,day,129.79879344809933
2018-06-11 09:00:00,2244.08,1023.39,25.74,113.66547303222337,0.137837887,13.783788699999999,144.72607944908395,106.13245826266154,0.9648405296605597,0.9648405296605594,0.5683273651611169,summer,day,113.66547303222337
2018-06-11 10:00:00,2494.2400000000002,1014.25,26.44,133.81827020575193,0.13768691566666666,13.768691566666666,145.66415999999998,106.82038399999996,0.9710943999999999,0.9710943999999997,0.6690913510287596,summer,day,133.81827020575193
2018-06-11 11:00:00,2709.12,970.62,26.84,128.80038268813297,0.139276478,13.9276478,139.15708146955757,102.04852641100885,0.9277138764637172,0.9277138764637168,0.6440019134406648,summer,day,128.80038268813297
2018-06-11 12:00:00,2888.0,796.39,27.31,152.16228283569265,0.14650957566666667,14.650957566666667,125.20484385775661,91.81688549568818,0.8346989590517108,0.8346989590517108,0.7608114141784632,summer,day,152.16228283569265
2018-06-11 13:00:00,3027.44,631.01,27.15,148.62291802512172,0.15385132033333335,15.385132033333335,103.8074471645972,76.12546125403794,0.6920496477639814,0.6920496477639813,0.7431145901256087,summer,day,148.62291802512172
2018-06-11 14:00:00,3145.2000000000003,395.73,26.75,163.54704830460744,0.164431531,16.4431531,74.96489139007922,54.97425368605808,0.4997659426005281,0.499765942600528,0.8177352415230372,summer,day,163.54704830460744
2018-06-11 15:00:00,3258.8,191.65,25.68,167.41239559818547,0.17417659966666665,17.417659966666665,38.67717653420283,28.36326279174873,0.2578478435613522,0.2578478435613521,0.8370619779909273,summer,day,167.41239559818547
2018-06-11 16:00:00,3374.32,48.09,25.09,178.22518243142753,0.180903987,18.090398699999998,28.358290474126054,20.796079681025766,0.18905526982750703,0.18905526982750698,0.8911259121571377,summer,day,178.22518243142753
2018-06-12 03:00:00,2221.44,39.35,13.44,178.8719830784472,0.19043525233333333,19.043525233333334,32.37336686843561,23.740469036852772,0.21582244578957074,0.21582244578957066,0.8943599153922359,summer,day,178.8719830784472
2018-06-12 04:00:00,2164.16,136.02,14.48,178.89581653183475,0.185400402,18.5400402,32.37336686843561,23.740469036852772,0.21582244578957074,0.21582244578957066,0.8944790826591738,summer,day,178.89581653183475
2018-06-12 05:00:00,2163.04,365.52,16.26,159.4415601777868,0.17398854,17.398854,69.23099209809041,50.769394205266295,0.4615399473206027,0.46153994732060266,0.7972078008889341,summer,day,159.4415601777868
2018-06-12 06:00:00,2250.48,595.85,18.14,123.06785525332346,0.16246192233333331,16.246192233333332,98.89828677798755,72.52541030385753,0.6593219118532503,0.6593219118532503,0.6153392762666173,summer,day,123.06785525332346
2018-06-12 07:00:00,2454.08,796.16,19.66,116.44049438598529,0.15252792133333334,15.252792133333335,121.37525090812713,89.00851733262655,0.8091683393875142,0.8091683393875141,0.5822024719299265,summer,day,116.44049438598529
2018-06-12 08:00:00,2719.84,942.85,21.27,131.09681956944638,0.14486285366666665,14.486285366666666,136.6618844885091,100.2187152915733,0.911079229923394,0.9110792299233936,0.6554840978472319,summer,day,131.09681956944638
2018-06-12 09:00:00,2949.28,1033.19,22.7,96.02158931046785,0.13979789633333334,13.979789633333334,144.75818751913334,106.15600418069778,0.9650545834608889,0.9650545834608889,0.48010794655233924,summer,day,96.02158931046785
2018-06-12 10:00:00,3167.04,1044.6,24.0,84.18487319265088,0.13827902,13.827902,145.66415999999998,106.82038399999998,0.9710943999999999,0.9710943999999998,0.42092436596325444,summer,day,84.18487319265088
2018-06-12 11:00:00,3380.4,989.93,24.97,75.44851234102482,0.13990261633333334,13.990261633333335,139.379801931109,102.21185474947994,0.9291986795407267,0.9291986795407268,0.3772425617051241,summer,day,75.44851234102482
2018-06-12 12:00:00,3558.96,855.63,25.7,54.53390537892654,0.145189231,14.5189231,125.9051133124604,92.33041642913763,0.8393674220830694,0.8393674220830694,0.2726695268946327,summer,day,54.53390537892654
2018-06-12 13:00:00,3702.08,657.96,26.07,78.52136700243013,0.153523634,15.3523634,105.24009414405421,77.17606903897308,0.7016006276270281,0.701600627627028,0.3926068350121506,summer,day,78.52136700243013
2018-06-12 14:00:00,3835.76,432.63,26.0,126.48342188180189,0.16341051099999998,16.341051099999998,77.38474442589029,56.7488125789862,0.515898296172602,0.5158982961726017,0.6324171094090094,summer,day,126.48342188180189
2018-06-12 15:00:00,3928.4,200.58,25.61,95.04830308363753,0.17384193199999998,17.3841932,42.33906415796884,31.04864704917714,0.28226042771979226,0.2822604277197922,0.47524151541818765,summer,day,95.04830308363753
2018-06-12 16:00:00,4004.32,50.72,24.67,123.19114427720527,0.18111909933333334,18.111909933333333,32.37336686843561,23.740469036852772,0.21582244578957074,0.21582244578957066,0.6159557213860264,summer,day,123.19114427720527
2018-06-13 03:00:00,2407.76,34.97,11.01,37.81618347317684,0.19253488833333335,19.253488833333336,32.01873580979866,23.480406260519015,0.2134582387319911,0.21345823873199105,0.1890809173658842,summer,day,37.81618347317684
2018-06-13 04:00:00,2335.84,135.28,13.48,53.247886905382714,0.18621809066666667,18.621809066666668,32.01873580979866,23.480406260519015,0.2134582387319911,0.21345823873199105,0.26623943452691357,summer,day,53.247886905382714
2018-06-13 05:00:00,2330.08,367.06,17.29,49.641710233172475,0.17311238266666668,17.311238266666667,68.99173545155469,50.5939393311401,0.4599449030103646,0.45994490301036456,0.24820855116586238,summer,day,49.641710233172475
2018-06-13 06:00:00,2405.2000000000003,599.89,19.32,37.65383171014036,0.16135887166666665,16.135887166666667,98.75189684928836,72.41805768947812,0.6583459789952557,0.6583459789952556,0.1882691585507018,summer,day,37.65383171014036
2018-06-13 08:00:00,2870.96,955.48,23.1,21.570758845184727,0.14287448266666666,14.287448266666667,136.63370491268887,100.19805026930516,0.9108913660845924,0.9108913660845923,0.10785379422592363,summer,day,21.570758845184727
2018-06-13 09:00:00,3102.4,1051.96,24.43,15.927894777423736,0.1376201566666667,13.762015666666668,144.7553515783556,106.1539244907941,0.9650356771890374,0.9650356771890373,0.07963947388711869,summer,day,15.927894777423736
2018-06-13 10:00:00,3338.4,1052.79,25.52,7.587733265978331,0.136727855,13.672785500000002,145.66415999999998,106.82038399999998,0.9710943999999999,0.9710943999999998,0.03793866632989165,summer,day,7.587733265978331
2018-06-13 11:00:00,3586.16,1003.76,26.37,13.294334546540332,0.13819960733333334,13.819960733333334,139.36013017762207,102.19742879692285,0.9290675345174805,0.9290675345174805,0.06647167273270166,summer,day,13.294334546540332
2018-06-13 12:00:00,3783.28,858.94,27.01,20.014192488825984,0.14401593066666668,14.401593066666669,125.8432621112218,92.28505888156266,0.8389550807414787,0.8389550807414787,0.10007096244412991,summer,day,20.014192488825984
2018-06-13 13:00:00,3933.92,663.47,27.29,17.141955254556056,0.15232502633333334,15.232502633333333,105.11355580079928,77.08327425391947,0.7007570386719951,0.7007570386719951,0.08570977627278027,summer,day,17.141955254556056
2018-06-13 14:00:00,4039.2000000000003,436.45,27.25,18.589048049554236,0.16226208166666664,16.226208166666662,77.17101124635434,56.59207491399317,0.5144734083090289,0.5144734083090289,0.09294524024777118,summer,day,18.589048049554236
2018-06-13 15:00:00,4112.8,201.79,26.96,57.25247078537133,0.17272884566666666,17.272884566666665,42.01562844788717,30.81146086178392,0.2801041896525811,0.2801041896525811,0.28626235392685667,summer,day,57.25247078537133
2018-06-13 16:00:00,4192.4800000000005,49.84,26.19,69.46333938977408,0.17996368866666665,17.996368866666664,32.01873580979866,23.480406260519015,0.2134582387319911,0.21345823873199105,0.3473166969488704,summer,day,69.46333938977408
2018-06-14 03:00:00,2576.56,39.35,12.0,0.0,0.19156622833333334,19.156622833333333,32.7245283014545,23.99798742106663,0.21816352200969666,0.21816352200969663,0.0,summer,day,44.61876144048293
2018-06-14 04:00:00,2494.96,134.29,15.16,0.0,0.18494181566666668,18.49418156666667,32.7245283014545,23.99798742106663,0.21816352200969666,0.21816352200969663,0.0,summer,day,1.609791763019902
2018-06-14 05:00:00,2474.2400000000002,356.09,20.4,0.0,0.17114844633333332,17.11484463333333,69.4679079147132,50.94313247078968,0.46311938609808795,0.463119386098088,0.0,summer,day,0.0
2018-06-14 06:00:00,2547.28,582.4,22.91,0.0,0.1593024326666667,15.930243266666668,99.04324446257141,72.6317126058857,0.6602882964171427,0.6602882964171427,0.0,summer,day,44.611978725747214
2018-06-14 07:00:00,2720.88,774.03,24.97,0.0,0.14932305299999998,14.932305299999998,121.45053794502927,89.06372782635478,0.8096702529668618,0.8096702529668616,0.0,summer,day,33.31052729976563
2018-06-14 08:00:00,2901.6,927.01,26.51,0.0,0.14143850966666666,14.143850966666665,136.68978836208663,100.23917813219686,0.9112652557472442,0.9112652557472442,0.0,summer,day,31.089970145368095
2018-06-14 09:00:00,3021.52,1011.22,27.58,0.0,0.13692376866666664,13.692376866666663,144.76099571374357,106.15806352341193,0.9650733047582905,0.9650733047582902,0.0,summer,day,8.787866144554872
2018-06-14 10:00:00,3110.0,936.34,28.31,0.0,0.13961769066666668,13.961769066666669,145.66415999999998,106.82038399999998,0.9710943999999999,0.9710943999999998,0.0,summer,day,1.947917896655442
2018-06-14 11:00:00,3261.12,843.45,28.98,0.0,0.143144573,14.314457299999999,139.399281220856,102.22613956196106,0.9293285414723734,0.9293285414723733,0.0,summer,day,17.94452952237194
2018-06-14 12:00:00,3367.44,626.51,29.33,0.0,0.15233549833333335,15.233549833333335,125.96635937631156,92.37533020929513,0.8397757291754104,0.8397757291754102,0.0,summer,day,40.08985370878205
2018-06-14 13:00:00,3464.48,553.3,29.51,0.0,0.15538852266666667,15.538852266666666,105.36539446636671,77.26795594200225,0.7024359631091114,0.7024359631091113,0.0,summer,day,0.0
2018-06-14 14:00:00,3549.84,425.79,29.27,0.0,0.161140705,16.1140705,77.59638649102132,56.904016760082285,0.5173092432734755,0.5173092432734753,0.0,summer,day,13.03795065716487
2018-06-14 15:00:00,3607.52,197.22,28.69,0.0,0.17156950799999998,17.156950799999997,42.659335450275584,31.283512663535426,0.2843955696685039,0.2843955696685039,0.0,summer,day,10.365014766976444
2018-06-14 16:00:00,3669.92,65.59,27.23,3.5004888385280353,0.17845964766666667,17.84596476666667,32.7245283014545,23.99798742106663,0.21816352200969666,0.21816352200969663,0.017502444192640177,summer,day,3.5004888385280353
2018-06-15 03:00:00,2094.56,6.99,14.91,47.416503979398506,0.190692689,19.0692689,29.186359286498636,21.403330143432328,0.1945757285766576,0.19457572857665753,0.23708251989699253,summer,day,47.416503979398506
2018-06-15 04:00:00,2045.52,137.12,17.19,53.60818907635505,0.18322397133333335,18.322397133333336,29.186359286498636,21.403330143432328,0.1945757285766576,0.19457572857665753,0.26804094538177525,summer,day,53.60818907635505
2018-06-15 05:00:00,2050.08,318.78,20.83,41.11924735201156,0.172438684,17.2438684,67.08083427077285,49.192611798566745,0.44720556180515236,0.4472055618051522,0.2055962367600578,summer,day,41.11924735201156
2018-06-15 06:00:00,2133.6,567.93,22.75,52.354944631922905,0.160059471,16.0059471,97.58270597557078,71.56065104875188,0.6505513731704718,0.6505513731704716,0.26177472315961453,summer,day,52.354944631922905
2018-06-15 07:00:00,2308.56,766.05,23.39,36.62661714282461,0.150912179,15.0912179,120.69197440089249,88.50744789398782,0.8046131626726166,0.8046131626726165,0.18313308571412304,summer,day,36.62661714282461
2018-06-15 08:00:00,2492.48,921.33,24.69,44.469890247216014,0.143115775,14.3115775,136.40863954673796,100.03300233427449,0.9093909303115864,0.9093909303115862,0.22234945123608008,summer,day,44.469890247216014
2018-06-15 09:00:00,2610.96,963.59,25.57,36.01113578717159,0.14058067833333335,14.058067833333334,144.73270141310712,106.13731436961187,0.9648846760873808,0.9648846760873806,0.18005567893585794,summer,day,36.01113578717159
2018-06-15 10:00:00,2720.0,938.16,26.44,9.613441179934531,0.141006976,14.1006976,145.66415999999998,106.82038399999998,0.9710943999999999,0.9710943999999998,0.04806720589967266,summer,day,9.613441179934531
2018-06-15 11:00:00,2834.08,439.44,27.08,0.0,0.162265136,16.2265136,139.20301530741665,102.08221122543885,0.9280201020494443,0.9280201020494442,0.0,summer,day,38.21331475472494
2018-06-15 12:00:00,2926.56,781.5,27.36,0.0,0.14712000600000003,14.712000600000003,125.34926733535698,91.92279604592845,0.8356617822357132,0.8356617822357132,0.0,summer,day,33.31052729976563
2018-06-15 13:00:00,3010.56,589.41,27.66,0.0,0.155265913,15.5265913,104.10291608382113,76.34213846146882,0.6940194405588075,0.6940194405588075,0.0,summer,day,13.288605001317931
2018-06-15 14:00:00,3099.04,356.87,27.44,80.75152239524058,0.16558519633333332,16.558519633333333,75.46396155280891,55.340238472059866,0.5030930770187261,0.5030930770187261,0.4037576119762029,summer,day,80.75152239524058
2018-06-15 15:00:00,3174.08,181.21,26.66,17.702336902768486,0.17386243966666667,17.38624396666667,39.43240374232055,28.917096077701732,0.26288269161547034,0.2628826916154703,0.08851168451384243,summer,day,17.702336902768486
2018-06-15 16:00:00,3229.6,49.84,23.15,0.0,0.18235130466666666,18.235130466666664,29.186359286498636,21.403330143432328,0.1945757285766576,0.19457572857665753,0.0,summer,day,27.61781118790849
2018-06-16 03:00:00,1991.92,6.99,15.19,10.109539331015649,0.19047277699999998,19.0472777,31.219933578865483,22.894617957834686,0.2081328905257699,0.2081328905257699,0.050547696655078245,summer,day,10.109539331015649
2018-06-16 04:00:00,1961.04,132.81,16.71,0.9722502944438586,0.183789023,18.3789023,31.219933578865483,22.894617957834686,0.2081328905257699,0.2081328905257699,0.004861251472219293,summer,day,0.9722502944438586
2018-06-16 05:00:00,1983.04,348.04,20.78,0.0,0.17120124266666667,17.120124266666668,68.45281270814665,50.19872931930754,0.45635208472097766,0.4563520847209776,0.0,summer,day,0.0
2018-06-16 06:00:00,2084.0,572.94,22.78,15.174572474384252,0.159817306,15.981730599999999,98.42215528045762,72.17624720566891,0.6561477018697175,0.6561477018697174,0.07587286237192126,summer,day,15.174572474384252
2018-06-16 07:00:00,2255.84,758.39,23.33,70.24173318863589,0.15129353433333334,15.129353433333334,121.12796129579849,88.82717161691889,0.80751974197199,0.80751974197199,0.35120866594317945,summer,day,70.24173318863589
2018-06-16 08:00:00,2433.44,908.52,25.0,44.611978725747214,0.14343124399999999,14.343124399999999,136.5702307541692,100.15150255305738,0.9104682050277946,0.9104682050277944,0.22305989362873607,summer,day,44.611978725747214
2018-06-16 09:00:00,2552.0,940.02,26.13,24.628188740438212,0.141169292,14.1169292,144.7489636555697,106.14924001408443,0.9649930910371313,0.9649930910371312,0.12314094370219106,summer,day,24.628188740438212
2018-06-16 10:00:00,2642.32,95.49,23.97,33.120596133648405,0.179715415,17.9715415,145.66415999999998,106.82038399999998,0.9710943999999999,0.9710943999999998,0.16560298066824203,summer,day,33.120596133648405
2018-06-16 11:00:00,2725.04,478.81,22.94,10.05077247217644,0.16379884766666666,16.379884766666667,139.31581978746016,102.1649345108041,0.9287721319164011,0.928772131916401,0.0502538623608822,summer,day,10.05077247217644
2018-06-16 12:00:00,2783.68,697.11,24.83,17.209153530908544,0.15278928500000002,15.278928500000003,125.70394301795014,92.18289154649676,0.8380262867863343,0.8380262867863342,0.08604576765454272,summer,day,17.209153530908544
2018-06-16 13:00:00,2833.76,239.2,22.22,24.120685293901694,0.17481931866666667,17.481931866666667,104.82852969147,76.874255107078,0.6988568646098,0.6988568646098,0.12060342646950847,summer,day,24.120685293901694
2018-06-16 14:00:00,2904.08,84.37,20.75,3.887370659219687,0.18272960566666666,18.272960566666665,76.6895798080196,56.2390251925477,0.5112638653867974,0.5112638653867972,0.019436853296098434,summer,day,3.887370659219687
2018-06-16 15:00:00,2947.68,49.14,19.92,178.91677687817588,0.18491869,18.491869,41.28709336759914,30.27720180290603,0.2752472891173276,0.27524728911732754,0.8945838843908794,summer,day,178.91677687817588
2018-06-16 16:00:00,2982.08,27.11,18.42,57.0221191248707,0.18705803233333335,18.705803233333334,31.219933578865483,22.894617957834686,0.2081328905257699,0.2081328905257699,0.2851105956243535,summer,day,57.0221191248707
2018-06-17 03:00:00,2018.4,6.99,11.29,8.180033527201264,0.193535837,19.353583699999998,24.857240391192253,18.228642953540984,0.1657149359412817,0.16571493594128167,0.04090016763600632,summer,day,8.180033527201264
2018-06-17 04:00:00,1973.52,54.7,13.94,0.5042619195796157,0.18937278066666663,18.937278066666664,24.857240391192253,18.228642953540984,0.1657149359412817,0.16571493594128167,0.002521309597898079,summer,day,0.5042619195796157
2018-06-17 05:00:00,1961.28,263.97,16.62,2.2662052337136407,0.17813676099999998,17.8136761,64.16013557809072,47.05076609059985,0.42773423718727144,0.4277342371872714,0.011331026168568204,summer,day,2.2662052337136407
2018-06-17 06:00:00,1984.48,551.1,18.33,0.0,0.16426528799999998,16.4265288,95.79566733081694,70.25015604259909,0.6386377822054463,0.6386377822054462,0.0,summer,day,17.209153530908544
2018-06-17 07:00:00,2031.1200000000001,566.72,18.28,0.0,0.16362300533333335,16.362300533333336,119.76383564937105,87.82681280953875,0.798425570995807,0.7984255709958068,0.0,summer,day,0.0
2018-06-17 08:00:00,2154.64,638.47,19.3,0.0,0.15969120566666667,15.969120566666668,136.06464053375294,99.7807363914188,0.9070976035583529,0.9070976035583527,0.0,summer,day,41.541933526612056
2018-06-17 09:00:00,2319.2000000000003,743.41,20.3,0.0,0.15432692366666667,15.432692366666668,144.69808198396257,106.1119267882392,0.9646538798930838,0.9646538798930837,0.0,summer,day,30.323474888978044
2018-06-17 10:00:00,2473.84,681.72,20.78,3.202603630085381,0.156641672,15.664167200000001,145.66415999999998,106.82038399999998,0.9710943999999999,0.9710943999999998,0.016013018150426904,summer,day,3.202603630085381
2018-06-17 11:00:00,2589.44,432.49,21.35,6.141296618317179,0.16706872966666667,16.706872966666666,138.96287458186524,101.90610802670116,0.9264191638791016,0.9264191638791015,0.0307064830915859,summer,day,6.141296618317179
2018-06-17 12:00:00,2667.28,506.72,21.85,0.0,0.16343712733333332,16.343712733333334,124.59422572955826,91.36909886834272,0.8306281715303884,0.8306281715303884,0.0,summer,day,2.2662052337136407
2018-06-17 13:00:00,2727.12,515.3,21.71,0.0,0.16317270933333333,16.317270933333333,102.55821344307913,75.20935652492469,0.6837214229538608,0.6837214229538607,0.0,summer,day,10.109539331015649
2018-06-17 14:00:00,2776.7200000000003,416.8,20.49,0.0,0.16842878066666667,16.842878066666668,72.85483772242769,53.42688099644696,0.48569891814951793,0.4856989181495178,0.0,summer,day,37.15995733785158
2018-06-17 15:00:00,2822.56,175.64,19.22,0.0,0.17994885333333333,17.994885333333333,35.48409856760416,26.021672282909712,0.23656065711736105,0.23656065711736102,0.0,summer,day,27.035682725761344
2018-06-17 16:00:00,2890.7200000000003,62.08,18.77,0.0,0.18525728466666666,18.525728466666667,24.857240391192253,18.228642953540984,0.1657149359412817,0.16571493594128167,0.0,summer,day,0.6935548858079122
2018-06-18 03:00:00,2120.0,36.73,12.31,0.0,0.19143707366666665,19.143707366666664,33.287573623133895,24.410887323631517,0.2219171574875593,0.22191715748755925,0.0,summer,day,0.0
2018-06-18 04:00:00,2070.88,137.58,14.42,0.0,0.185379458,18.5379458,33.287573623133895,24.410887323631517,0.2219171574875593,0.22191715748755925,0.0,summer,day,11.816297509750365
2018-06-18 05:00:00,2053.36,321.13,16.05,0.0,0.17609035766666667,17.60903576666667,69.84777406639887,51.22170098202584,0.4656518271093258,0.4656518271093258,0.0,summer,day,31.864915003493262
2018-06-18 06:00:00,2056.16,510.28,17.67,0.0,0.16656476466666667,16.656476466666668,99.27566675748224,72.80215562215363,0.6618377783832149,0.6618377783832149,0.0,summer,day,4.717844448187766
2018-06-18 07:00:00,2090.56,723.31,18.94,0.0,0.15627209766666667,15.627209766666667,121.5712516963841,89.15225124401499,0.8104750113092273,0.8104750113092272,0.0,summer,day,0.0
2018-06-18 08:00:00,2218.16,751.65,20.08,0.0,0.154140173,15.4140173,136.73452888310433,100.27198784760984,0.9115635258873622,0.9115635258873621,0.0,summer,day,3.881206586863555
2018-06-18 09:00:00,2412.32,627.52,21.09,0.0,0.15876312466666667,15.876312466666667,144.76549831764297,106.16136543293817,0.9651033221176197,0.9651033221176197,0.0,summer,day,0.0
2018-06-18 10:00:00,2627.52,804.22,21.96,0.0,0.15036981666666668,15.036981666666668,145.66415999999998,106.82038399999998,0.9710943999999999,0.9710943999999998,0.0,summer,day,29.66800339885789
2018-06-18 11:00:00,2831.76,888.79,22.57,0.0,0.14620065166666665,14.620065166666665,139.43051393017544,102.24904354879531,0.9295367595345029,0.9295367595345029,0.0,summer,day,38.061949292366215
2018-06-18 12:00:00,3014.16,579.84,23.09,5.074577207953909,0.15927276199999998,15.927276199999998,126.0645601081693,92.44734407932414,0.8404304007211287,0.8404304007211285,0.025372886039769546,summer,day,5.074577207953909
2018-06-18 13:00:00,3163.6,505.32,23.02,1.3175624158175487,0.16257929599999998,16.257929599999997,105.56629853398161,77.41528559158651,0.7037753235598774,0.7037753235598774,0.0065878120790877435,summer,day,1.3175624158175487
2018-06-18 14:00:00,3287.2000000000003,301.0,23.26,13.288605001317931,0.17130596266666667,17.130596266666668,77.93572920761224,57.1528680855823,0.5195715280507482,0.5195715280507481,0.06644302500658966,summer,day,13.288605001317931
2018-06-18 15:00:00,3385.6800000000003,199.74,22.13,21.075514594852823,0.176611776,17.6611776,43.17285212906139,31.66009156131168,0.2878190141937426,0.28781901419374256,0.10537757297426412,summer,day,21.075514594852823
2018-06-18 16:00:00,3462.0,56.84,20.97,10.365014766976444,0.18375804333333332,18.37580433333333,33.287573623133895,24.410887323631517,0.2219171574875593,0.22191715748755925,0.05182507383488222,summer,day,10.365014766976444
2018-06-19 03:00:00,2479.28,37.6,13.69,21.11257706960823,0.19031526066666668,19.031526066666668,35.90323904107851,26.329041963457577,0.23935492694052338,0.23935492694052343,0.10556288534804115,summer,day,21.11257706960823
2018-06-19 04:00:00,2432.96,135.93,15.68,9.418718471369946,0.184461849,18.446184900000002,35.90323904107851,26.329041963457577,0.23935492694052338,0.23935492694052343,0.04709359235684973,summer,day,9.418718471369946
2018-06-19 05:00:00,2453.52,338.73,17.74,23.847631019180568,0.173995085,17.3995085,71.61246816499883,52.515809987665804,0.47741645443332553,0.4774164544333255,0.11923815509590284,summer,day,23.847631019180568
2018-06-19 06:00:00,2544.56,520.01,19.21,19.824390127613277,0.16493069633333335,16.493069633333334,100.35540036994574,73.59396027129354,0.6690360024663049,0.6690360024663049,0.09912195063806639,summer,day,19.824390127613277
2018-06-19 07:00:00,2757.28,632.08,20.62,24.463944302981474,0.15893329466666667,15.893329466666668,122.13203565591938,89.56349281434086,0.8142135710394626,0.8142135710394623,0.12231972151490737,summer,day,24.463944302981474
2018-06-19 08:00:00,3017.92,285.77,21.7,13.62997739738475,0.17319572233333333,17.319572233333332,136.94237402291964,100.42440761680771,0.9129491601527976,0.9129491601527974,0.06814988698692374,summer,day,13.62997739738475
2018-06-19 09:00:00,3186.0,241.97,22.64,26.40389921525428,0.17436858633333333,17.436858633333333,144.7864154709465,106.17670467869408,0.9652427698063101,0.9652427698063099,0.1320194960762714,summer,day,26.40389921525428
2018-06-19 10:00:00,3349.92,171.52,23.27,34.06622718980696,0.17694775266666665,17.694775266666664,145.66415999999998,106.82038399999996,0.9710943999999999,0.9710943999999997,0.1703311359490348,summer,day,34.06622718980696
2018-06-19 11:00:00,3519.92,742.97,24.02,37.992179463979234,0.15142443433333333,15.142443433333334,139.5756076100801,102.35544558072542,0.9305040507338674,0.9305040507338674,0.18996089731989618,summer,day,37.992179463979234
2018-06-19 12:00:00,3649.76,837.51,24.13,83.71374425114436,0.147212945,14.7212945,126.5207583011869,92.78188942087039,0.8434717220079126,0.8434717220079125,0.4185687212557218,summer,day,83.71374425114436
2018-06-19 13:00:00,3742.32,624.11,24.66,77.30362422038111,0.1561080363333333,15.610803633333331,106.49961207332035,78.09971552043491,0.7099974138221357,0.7099974138221355,0.38651812110190553,summer,day,77.30362422038111
2018-06-19 14:00:00,3824.2400000000002,351.94,24.67,113.54223249959972,0.16797586666666667,16.797586666666668,79.51216892648034,58.30892387941891,0.5300811261765356,0.5300811261765356,0.5677111624979986,summer,day,113.54223249959972
2018-06-19 15:00:00,3854.56,38.01,23.92,127.6061763505154,0.18226272899999998,18.226272899999998,45.55842886066708,33.40951449782253,0.30372285907111385,0.3037228590711139,0.6380308817525769,summer,day,127.6061763505154
2018-06-19 16:00:00,3824.2400000000002,31.48,21.73,149.9464263026334,0.18426768066666668,18.426768066666668,35.90323904107851,26.329041963457577,0.23935492694052338,0.23935492694052343,0.749732131513167,summer,day,149.9464263026334
2018-06-20 03:00:00,2175.44,36.73,14.35,80.5783237438933,0.18983485766666666,18.983485766666668,14.255432065621932,10.453983514789417,0.09503621377081288,0.09503621377081288,0.40289161871946655,summer,day,80.5783237438933
2018-06-20 04:00:00,2132.96,21.33,15.79,74.80185716777964,0.189375835,18.9375835,14.255432065621932,10.453983514789417,0.09503621377081288,0.09503621377081288,0.3740092858388982,summer,day,74.80185716777964
2018-06-20 05:00:00,2145.52,153.44,17.09,21.601956908405928,0.18259041533333334,18.259041533333335,57.007482009224404,41.80548680676456,0.38004988006149604,0.38004988006149604,0.10800978454202964,summer,day,21.601956908405928
2018-06-20 06:00:00,2237.2000000000003,216.81,18.48,20.78237130108547,0.17873366499999999,17.8733665,91.41929383767771,67.04081548096366,0.6094619589178514,0.6094619589178515,0.10391185650542735,summer,day,20.78237130108547
2018-06-20 07:00:00,2416.64,460.48,19.25,15.477354921063544,0.16749677266666668,16.74967726666667,117.490867550982,86.15996953738679,0.78327245033988,0.7832724503398799,0.07738677460531772,summer,day,15.477354921063544
2018-06-20 08:00:00,2633.04,754.86,20.87,38.359467406831044,0.15337964399999998,15.337964399999999,135.22220314913716,99.16294897603389,0.901481354327581,0.9014813543275808,0.19179733703415522,summer,day,38.359467406831044
2018-06-20 09:00:00,2780.56,662.1,21.75,20.964778745428177,0.15673592,15.673592,144.61330063214314,106.04975379690497,0.9640886708809543,0.9640886708809543,0.10482389372714089,summer,day,20.964778745428177
2018-06-20 10:00:00,2885.04,797.84,22.16,34.21623186623347,0.15049111733333334,15.049111733333334,145.66415999999998,106.82038399999998,0.9710943999999999,0.9710943999999998,0.17108115933116735,summer,day,34.21623186623347
2018-06-20 11:00:00,2991.68,915.87,22.41,50.797760012022515,0.145144725,14.5144725,138.37478125270775,101.474839585319,0.9224985416847183,0.9224985416847182,0.2539888000601126,summer,day,50.797760012022515
2018-06-20 12:00:00,3078.56,335.98,22.73,73.79882155406625,0.17019593066666666,17.019593066666665,122.74516439026638,90.013120552862,0.8183010959351092,0.8183010959351091,0.36899410777033126,summer,day,73.79882155406625
2018-06-20 13:00:00,3158.2400000000002,57.48,22.77,87.92608286532922,0.182316398,18.2316398,98.77530941267594,72.43522690262901,0.658502062751173,0.6585020627511728,0.4396304143266461,summer,day,87.92608286532922
2018-06-20 14:00:00,3248.7200000000003,60.27,21.39,129.80386078457747,0.183278513,18.3278513,66.46521631993626,48.74115863461992,0.4431014421329084,0.44310144213290836,0.6490193039228873,summer,day,129.80386078457747
2018-06-20 15:00:00,3326.96,64.9,19.47,133.61150348094088,0.18458445866666667,18.45844586666667,25.814885112047595,18.930915748834906,0.1720992340803173,0.17209923408031733,0.6680575174047044,summer,day,133.61150348094088
2018-06-20 16:00:00,3397.2000000000003,50.72,18.87,100.77263549581731,0.18567441933333334,18.567441933333335,14.255432065621932,10.453983514789417,0.09503621377081288,0.09503621377081288,0.5038631774790866,summer,day,100.77263549581731
2018-06-21 03:00:00,2127.6,41.1,14.2,24.648270182725327,0.18976199,18.976198999999998,32.27103465875467,23.665425416420085,0.2151402310583645,0.2151402310583644,0.12324135091362663,summer,day,24.648270182725327
2018-06-21 04:00:00,2073.36,136.53,16.2,6.801455849285059,0.18402726099999997,18.402726099999995,32.27103465875467,23.665425416420085,0.2151402310583645,0.2151402310583644,0.0340072792464253,summer,day,6.801455849285059
2018-06-21 05:00:00,2083.44,312.43,18.07,0.0,0.17488345966666669,17.488345966666667,69.16195228692735,50.71876501041338,0.461079681912849,0.46107968191284887,0.0,summer,day,27.04970579148159
2018-06-21 06:00:00,2168.7200000000003,540.46,19.12,0.0,0.16410908066666666,16.410908066666664,98.85604455324727,72.49443267238132,0.6590402970216485,0.6590402970216483,0.0,summer,day,0.0
2018-06-21 07:00:00,2351.76,745.63,20.81,33.574931946311736,0.15382950366666667,15.382950366666668,121.35331145771457,88.99242840232401,0.8090220763847638,0.8090220763847638,0.16787465973155868,summer,day,33.574931946311736
2018-06-21 08:00:00,2574.32,880.42,21.86,27.9200299237116,0.14712349666666666,14.712349666666666,136.65375300032912,100.21275220024134,0.9110250200021941,0.911025020002194,0.139600149618558,summer,day,27.9200299237116
2018-06-21 09:00:00,2746.7200000000003,906.25,22.65,7.91900205380117,0.14537598166666668,14.537598166666669,144.75736918109092,106.15540406613331,0.9650491278739395,0.9650491278739393,0.039595010269005845,summer,day,7.91900205380117
2018-06-21 10:00:00,2899.28,510.07,23.4,56.49016396140516,0.16207358566666666,16.207358566666667,145.66415999999998,106.82038399999996,0.9710943999999999,0.9710943999999997,0.2824508198070258,summer,day,56.49016396140516
2018-06-21 11:00:00,3053.04,123.31,23.72,29.00620076884378,0.17869788566666667,17.869788566666667,139.37412545705638,102.20769200184131,0.9291608363803758,0.9291608363803755,0.1450310038442189,summer,day,29.00620076884378
2018-06-21 12:00:00,3181.6,93.64,23.37,0.0,0.18026737666666665,18.026737666666666,125.88726555226002,92.31732807165733,0.8392484370150668,0.8392484370150666,0.0,summer,day,22.406467795844748
2018-06-21 13:00:00,3273.28,58.41,23.48,0.0,0.181718185,18.1718185,105.20358028561098,77.14929220944805,0.7013572019040732,0.7013572019040731,0.0,summer,day,0.0
2018-06-21 14:00:00,3333.52,171.22,22.44,5.901899822817258,0.17761272466666664,17.761272466666664,77.32306965710913,56.703584415213356,0.5154871310473942,0.5154871310473942,0.02950949911408629,summer,day,5.901899822817258
2018-06-21 15:00:00,3423.28,194.35,22.41,0.0,0.17662704766666668,17.662704766666668,42.24573366675469,30.98020468895343,0.2816382244450313,0.28163822444503117,0.0,summer,day,6.681896106226439
2018-06-21 16:00:00,3512.2400000000002,49.84,21.77,0.0,0.18343515666666665,18.343515666666665,32.27103465875467,23.665425416420085,0.2151402310583645,0.2151402310583644,0.0,summer,day,0.0
2018-06-22 03:00:00,2086.8,6.99,14.44,0.0,0.19106182700000002,19.1061827,27.614464385288425,20.25060721587818,0.18409642923525615,0.18409642923525618,0.0,summer,day,10.23933754863006
2018-06-22 04:00:00,2038.0800000000002,113.66,15.2,0.0,0.18581055533333332,18.58105553333333,27.614464385288425,20.25060721587818,0.18409642923525615,0.18409642923525618,0.0,summer,day,7.451722863587545
2018-06-22 05:00:00,2050.2400000000002,318.58,16.24,10.791710562486381,0.17605239666666667,17.605239666666666,66.0203340872422,48.41491166397762,0.4401355605816147,0.44013556058161474,0.053958552812431906,summer,day,10.791710562486381
2018-06-22 06:00:00,2134.16,560.13,17.51,0.0,0.164515307,16.4515307,96.93383561606188,71.08481278511205,0.6462255707737459,0.6462255707737459,0.0,summer,day,10.07862918463981
2018-06-22 07:00:00,2307.2000000000003,763.02,19.86,0.0,0.15381685,15.381685000000001,120.35496897174757,88.26031057928154,0.8023664598116504,0.8023664598116503,0.0,summer,day,0.0
2018-06-22 08:00:00,2529.12,883.32,21.18,0.0,0.14753103199999998,14.753103199999998,136.28373415429914,99.94140504648603,0.9085582276953276,0.9085582276953275,0.0,summer,day,33.94816309899232
2018-06-22 09:00:00,2721.52,935.94,22.29,0.0,0.144363252,14.436325199999999,144.72013116371662,106.12809618672551,0.9648008744247775,0.9648008744247774,0.0,summer,day,1.3175624158175487
2018-06-22 10:00:00,2887.68,973.49,23.39,0.0,0.14186088033333333,14.186088033333332,145.66415999999998,106.82038399999998,0.9710943999999999,0.9710943999999998,0.0,summer,day,28.676963310132436
2018-06-22 11:00:00,3056.7200000000003,882.75,23.53,0.0,0.145710213,14.5710213,139.1158206631493,102.01826848630948,0.9274388044209952,0.9274388044209952,0.0,summer,day,4.998162940684579
2018-06-22 12:00:00,3206.64,409.47,23.97,0.0,0.166015421,16.6015421,125.07511315316454,91.72174964565399,0.8338340876877636,0.8338340876877635,0.0,summer,day,0.0
2018-06-22 13:00:00,3325.36,462.25,22.58,0.0,0.16480415966666664,16.480415966666666,103.54203747004574,75.93082747803354,0.6902802498003049,0.6902802498003049,0.0,summer,day,30.323474888978044
2018-06-22 14:00:00,3435.36,287.03,21.65,0.0,0.17318001433333335,17.318001433333336,74.51659361379275,54.645501983448014,0.4967772907586183,0.4967772907586183,0.0,summer,day,27.61781118790849
2018-06-22 15:00:00,3536.64,145.04,21.89,2.306938269409301,0.17918701533333334,17.918701533333333,37.99878158440582,27.8657731618976,0.25332521056270546,0.25332521056270546,0.011534691347046504,summer,day,2.306938269409301
2018-06-22 16:00:00,3667.2000000000003,11.37,21.71,1.561387637585479,0.18516085499999999,18.5160855,27.614464385288425,20.25060721587818,0.18409642923525615,0.18409642923525618,0.007806938187927394,summer,day,1.561387637585479
2018-06-23 03:00:00,2407.2000000000003,37.6,12.99,54.588924772720674,0.19086504066666665,19.086504066666667,31.3011525800147,22.954178558677444,0.20867435053343134,0.2086743505334313,0.27294462386360335,summer,day,54.588924772720674
2018-06-23 04:00:00,2351.2000000000003,133.77,14.99,37.851482078416566,0.185098023,18.5098023,31.3011525800147,22.954178558677444,0.20867435053343134,0.2086743505334313,0.18925741039208283,summer,day,37.851482078416566
2018-06-23 05:00:00,2357.6,337.38,16.95,12.919280425623176,0.174674456,17.4674456,68.50760820723416,50.23891268530504,0.4567173880482277,0.45671738804822765,0.06459640212811588,summer,day,12.919280425623176
2018-06-23 06:00:00,2446.2400000000002,538.34,18.51,0.0,0.1646806773333333,16.46806773333333,98.45568207823148,72.20083352403641,0.6563712138548765,0.6563712138548765,0.0,summer,day,20.98928349967099
2018-06-23 07:00:00,2618.96,770.11,19.96,0.0,0.15342894966666668,15.342894966666668,121.14537419300679,88.83994107487163,0.8076358279533786,0.8076358279533785,0.0,summer,day,21.56261534451681
2018-06-23 08:00:00,2813.44,924.68,21.16,1.836004808287504,0.14574206533333334,14.574206533333333,136.57668455156,100.15623533781064,0.9105112303437333,0.9105112303437332,0.00918002404143752,summer,day,1.836004808287504
2018-06-23 09:00:00,2951.28,991.09,21.95,0.22979377425790387,0.14222390966666665,14.222390966666666,144.74961315389106,106.14971631285343,0.9649974210259404,0.9649974210259402,0.0011489688712895193,summer,day,0.22979377425790387
2018-06-23 10:00:00,3053.04,788.35,22.35,0.0,0.15075597166666668,15.075597166666668,145.66415999999998,106.82038399999998,0.9710943999999999,0.9710943999999998,0.0,summer,day,9.422303793770455
2018-06-23 11:00:00,3144.2400000000002,826.12,22.78,25.944177842231078,0.14877021866666665,14.877021866666665,139.32032508988686,102.16823839925036,0.9288021672659125,0.9288021672659124,0.12972088921115538,summer,day,25.944177842231078
2018-06-23 12:00:00,3239.6800000000003,638.88,23.2,55.18756147756927,0.156610256,15.6610256,125.71810842355163,92.19327951060451,0.8381207228236776,0.8381207228236773,0.27593780738784635,summer,day,55.18756147756927
2018-06-23 13:00:00,3333.92,558.45,23.28,91.20217045110672,0.16005685299999997,16.005685299999996,104.85751000099434,76.8955073340625,0.6990500666732956,0.6990500666732955,0.4560108522555336,summer,day,91.20217045110672
2018-06-23 14:00:00,3419.44,357.05,23.28,70.34725016640061,0.1688446063333333,16.884460633333333,76.73852982221484,56.27492186962422,0.5115901988147656,0.5115901988147656,0.35173625083200305,summer,day,70.34725016640061
2018-06-23 15:00:00,3499.84,35.23,22.75,115.03028373887646,0.18330294766666666,18.330294766666665,41.36116788721338,30.33152311728981,0.2757411192480892,0.2757411192480892,0.5751514186943824,summer,day,115.03028373887646
2018-06-23 16:00:00,3586.88,42.85,22.32,103.77497780644511,0.18330818366666668,18.33081836666667,31.3011525800147,22.954178558677444,0.20867435053343134,0.2086743505334313,0.5188748890322256,summer,day,103.77497780644511
2018-06-24 03:00:00,2419.68,18.36,14.07,78.27135213674401,0.19085631399999997,19.085631399999997,31.08425929376635,22.79512348209532,0.20722839529177567,0.20722839529177564,0.39135676068372005,summer,day,78.27135213674401
2018-06-24 04:00:00,2330.4,137.0,15.18,85.593138128026,0.18480786133333332,18.480786133333332,31.08425929376635,22.79512348209532,0.20722839529177567,0.20722839529177564,0.42796569064013,summer,day,85.593138128026
2018-06-24 05:00:00,2293.92,331.51,17.18,63.117130837270395,0.17474994166666669,17.47499416666667,68.36127821424554,50.131604023780056,0.455741854761637,0.45574185476163687,0.315585654186352,summer,day,63.117130837270395
2018-06-24 06:00:00,2292.8,548.97,19.11,113.41004532984485,0.163745615,16.374561500000002,98.36614961361525,72.13517638331786,0.655774330757435,0.6557743307574351,0.5670502266492242,summer,day,113.41004532984485
2018-06-24 07:00:00,2305.36,712.49,20.67,133.36467085407165,0.15538546833333333,15.538546833333333,121.09887349187562,88.80584056070877,0.8073258232791708,0.8073258232791707,0.6668233542703582,summer,day,133.36467085407165
2018-06-24 08:00:00,2411.36,854.77,21.92,149.2480309569273,0.14819556766666667,14.819556766666667,136.55944984902652,100.14359655595278,0.9103963323268435,0.9103963323268435,0.7462401547846365,summer,day,149.2480309569273
2018-06-24 09:00:00,2585.6,944.18,22.9,104.85840586478714,0.14352461933333335,14.352461933333336,144.74787868506797,106.14844436904986,0.9649858579004532,0.9649858579004532,0.5242920293239357,summer,day,104.85840586478714
2018-06-24 10:00:00,2794.96,874.9,23.46,98.08580155643368,0.14610771266666667,14.610771266666667,145.66415999999998,106.82038399999998,0.9710943999999999,0.9710943999999998,0.4904290077821684,summer,day,98.08580155643368
2018-06-24 11:00:00,2958.48,503.4,23.51,133.33591553798044,0.162278226,16.2278226,139.3082937938226,102.15941544880322,0.928721958625484,0.9287219586254838,0.6666795776899022,summer,day,133.33591553798044
2018-06-24 12:00:00,3054.96,207.67,23.97,125.49777644554743,0.17482062766666667,17.48206276666667,125.68028006653573,92.16553871545952,0.8378685337769048,0.8378685337769047,0.6274888822277371,summer,day,125.49777644554743
2018-06-24 13:00:00,3099.76,455.0,24.35,137.3260065931857,0.16373034333333333,16.373034333333333,104.78011881813948,76.83875379996894,0.6985341254542632,0.6985341254542631,0.6866300329659285,summer,day,137.3260065931857
2018-06-24 14:00:00,3136.8,419.92,24.13,131.00015224629658,0.16543378866666666,16.543378866666668,76.60781004863371,56.179060702331384,0.510718733657558,0.510718733657558,0.6550007612314829,summer,day,131.00015224629658
2018-06-24 15:00:00,3190.4,104.32,23.85,145.06175639400556,0.17942438066666666,17.942438066666668,41.16335375801862,30.186459422546985,0.2744223583867908,0.2744223583867908,0.7253087819700278,summer,day,145.06175639400556
2018-06-24 16:00:00,3244.8,56.84,23.36,141.20704080877974,0.18188093733333333,18.188093733333332,31.08425929376635,22.79512348209532,0.20722839529177567,0.20722839529177564,0.7060352040438986,summer,day,141.20704080877974
2018-06-25 03:00:00,2052.16,39.35,14.81,127.03026992293138,0.1893592543333333,18.93592543333333,33.372272119033454,24.472999553957873,0.2224818141268897,0.22248181412688975,0.6351513496146569,summer,day,127.03026992293138
2018-06-25 04:00:00,1977.04,131.65,15.76,155.16591622606893,0.18458576766666665,18.458576766666663,33.372272119033454,24.472999553957873,0.2224818141268897,0.22248181412688975,0.7758295811303446,summer,day,155.16591622606893
2018-06-25 05:00:00,1929.8400000000001,335.02,17.37,159.45820480215136,0.17444756266666667,17.444756266666666,69.90491705374308,51.26360583941158,0.46603278035828716,0.4660327803582871,0.7972910240107568,summer,day,159.45820480215136
2018-06-25 06:00:00,1897.92,560.4,19.04,109.59857182408646,0.16330186400000002,16.330186400000002,99.3106298732999,72.82779524041992,0.6620708658219994,0.6620708658219993,0.5479928591204323,summer,day,109.59857182408646
2018-06-25 07:00:00,1915.52,753.19,21.43,115.62595035416224,0.15301268766666665,15.301268766666665,121.58941057770407,89.16556775698298,0.8105960705180272,0.8105960705180271,0.5781297517708112,summer,day,115.62595035416224
2018-06-25 08:00:00,2039.2,900.18,23.17,76.95976058592585,0.145232428,14.5232428,136.74125916695547,100.27692338910067,0.9116083944463699,0.9116083944463698,0.38479880292962926,summer,day,76.95976058592585
2018-06-25 09:00:00,2226.7200000000003,913.79,24.48,74.87136938635764,0.1436097043333333,14.360970433333332,144.76617564105413,106.16186213677301,0.9651078376070276,0.9651078376070273,0.3743568469317882,summer,day,74.87136938635764
2018-06-25 10:00:00,2418.56,842.45,25.47,83.72595798679454,0.14594496033333335,14.594496033333334,145.66415999999998,106.82038399999998,0.9710943999999999,0.9710943999999998,0.4186297899339727,summer,day,83.72595798679454
2018-06-25 11:00:00,2589.52,692.74,26.19,126.7056815635963,0.15191181866666664,15.191181866666664,139.43521224379316,102.25248897878163,0.9295680816252877,0.9295680816252875,0.6335284078179815,summer,day,126.7056815635963
2018-06-25 12:00:00,2732.32,824.97,26.62,97.96598571891774,0.145804461,14.5804461,126.07933237243354,92.45817707311792,0.8405288824828903,0.8405288824828903,0.4898299285945887,summer,day,97.96598571891774
2018-06-25 13:00:00,2840.96,306.14,26.6,85.07508783283873,0.16845845133333334,16.845845133333334,105.59652038592122,77.43744828300889,0.7039768025728081,0.7039768025728081,0.4253754391641937,summer,day,85.07508783283873
2018-06-25 14:00:00,2915.92,320.17,26.6,113.31103830348837,0.16784627566666666,16.784627566666664,77.98677628425608,57.19030260845446,0.5199118418950406,0.5199118418950406,0.5665551915174418,summer,day,113.31103830348837
2018-06-25 15:00:00,2972.2400000000002,40.8,26.15,90.8060271789436,0.18038954999999998,18.038954999999998,43.2501000674383,31.716740049454756,0.2883340004495886,0.2883340004495887,0.45403013589471797,summer,day,90.8060271789436
2018-06-25 16:00:00,3015.84,23.61,24.12,117.88084235004348,0.182733969,18.273396899999998,33.372272119033454,24.472999553957873,0.2224818141268897,0.22248181412688975,0.5894042117502174,summer,day,117.88084235004348
2018-06-26 03:00:00,1930.08,40.22,15.26,108.00811917038229,0.18896786333333335,18.896786333333335,32.31169685823092,23.695244362702667,0.2154113123882061,0.21541131238820607,0.5400405958519114,summer,day,108.00811917038229
2018-06-26 04:00:00,1890.48,124.83,16.44,117.75500753510808,0.18434927499999998,18.434927499999997,32.31169685823092,23.695244362702667,0.2154113123882061,0.21541131238820607,0.5887750376755404,summer,day,117.75500753510808
2018-06-26 05:00:00,1901.6000000000001,344.3,18.12,77.54206785958748,0.17345359533333332,17.345359533333333,69.1893855904988,50.738882766365776,0.4612625706033253,0.46126257060332526,0.38771033929793736,summer,day,77.54206785958748
2018-06-26 06:00:00,1980.0,570.09,19.96,61.885434695684474,0.16215648900000001,16.2156489,98.87282970597744,72.50674178438345,0.6591521980398496,0.6591521980398496,0.30942717347842236,summer,day,61.885434695684474
2018-06-26 07:00:00,2140.48,775.11,22.2,29.66800339885789,0.151451487,15.1451487,121.36202920466692,88.99882141675575,0.8090801946977795,0.8090801946977795,0.14834001699428945,summer,day,29.66800339885789
2018-06-26 08:00:00,2343.76,933.3,23.82,24.010316159616956,0.143276782,14.3276782,136.6569840865672,100.21512166348259,0.9110465605771148,0.9110465605771144,0.12005158079808478,summer,day,24.010316159616956
2018-06-26 09:00:00,2496.32,959.41,24.65,37.40964185684132,0.14148563366666667,14.148563366666666,144.7576943516782,106.15564252456402,0.9650512956778546,0.9650512956778546,0.1870482092842066,summer,day,37.40964185684132
2018-06-26 10:00:00,2611.76,720.23,25.18,36.158185527553734,0.15150559233333333,15.150559233333333,145.66415999999998,106.82038399999998,0.9710943999999999,0.9710943999999998,0.18079092763776866,summer,day,36.158185527553734
2018-06-26 11:00:00,2715.2000000000003,522.23,25.43,6.28320098160255,0.15994864233333334,15.994864233333333,139.37638103153256,102.20934608979054,0.9291758735435504,0.9291758735435504,0.03141600490801275,summer,day,6.28320098160255
2018-06-26 12:00:00,2800.2400000000002,498.77,25.91,62.267479134536686,0.1605952883333333,16.05952883333333,125.89435744627593,92.32252879393567,0.8392957163085062,0.8392957163085061,0.3113373956726834,summer,day,62.267479134536686
2018-06-26 13:00:00,2869.36,508.04,26.17,10.23933754863006,0.1599866033333333,15.998660333333332,105.21808924423011,77.15993211243541,0.7014539282948674,0.7014539282948674,0.051196687743150296,summer,day,10.23933754863006
2018-06-26 14:00:00,2937.12,130.72,26.41,0.0,0.17626183666666664,17.626183666666666,77.34757642539499,56.72155604528965,0.5156505095026332,0.5156505095026332,0.0,summer,day,36.01113578717159
2018-06-26 15:00:00,2998.64,194.73,26.26,0.0,0.173586677,17.358667699999998,42.28281898977076,31.007400592498552,0.2818854599318051,0.281885459931805,0.0,summer,day,0.9327964051012516
2018-06-26 16:00:00,3050.96,69.08,25.71,0.0,0.17950117533333332,17.950117533333334,32.31169685823092,23.695244362702667,0.2154113123882061,0.21541131238820607,0.0,summer,day,19.836825104628655
2018-06-27 03:00:00,1928.88,37.6,17.08,13.027468968642404,0.18765275466666667,18.76527546666667,31.161623951370366,22.851857564338264,0.20774415967580245,0.2077441596758024,0.06513734484321203,summer,day,13.027468968642404
2018-06-27 04:00:00,1890.72,123.51,18.16,72.07514522996333,0.183055983,18.3055983,31.161623951370366,22.851857564338264,0.20774415967580245,0.2077441596758024,0.3603757261498166,summer,day,72.07514522996333
2018-06-27 05:00:00,1909.76,344.93,20.96,178.95580021818355,0.17119557033333335,17.119557033333336,68.41347332826027,50.16988044072419,0.4560898221884018,0.4560898221884018,0.8947790010909178,summer,day,178.95580021818355
2018-06-27 06:00:00,2005.76,572.99,23.03,74.48808235901559,0.15961877433333332,15.961877433333333,98.39808535763615,72.15859592893317,0.6559872357175743,0.6559872357175742,0.372440411795078,summer,day,74.48808235901559
2018-06-27 07:00:00,2167.12,766.94,24.62,10.836871835031076,0.14990730333333332,14.990730333333332,121.11546003949812,88.81800402896528,0.8074364002633208,0.8074364002633206,0.05418435917515538,summer,day,10.836871835031076
2018-06-27 08:00:00,2325.68,917.92,26.08,0.0,0.14217285866666668,14.217285866666668,136.5655973738461,100.14810474082046,0.9104373158256406,0.9104373158256405,0.0,summer,day,31.229146117705888
2018-06-27 09:00:00,2446.7200000000003,1005.72,27.22,20.320201119524988,0.137446496,13.7446496,144.74849736068006,106.1488980644987,0.9649899824045337,0.9649899824045336,0.10160100559762494,summer,day,20.320201119524988
2018-06-27 10:00:00,2535.84,957.69,27.84,7.8511332342693505,0.13905525700000002,13.905525700000002,145.66415999999998,106.82038399999998,0.9710943999999999,0.9710943999999998,0.03925566617134675,summer,day,7.8511332342693505
2018-06-27 11:00:00,2606.96,627.85,28.44,0.0,0.15297603566666668,15.297603566666668,139.312585291806,102.16256254732437,0.92875056861204,0.9287505686120398,0.0,summer,day,5.772617961334697
2018-06-27 12:00:00,2689.84,549.01,28.92,98.65256738185377,0.15603909566666668,15.603909566666669,125.69377323609797,92.17543370647182,0.8379584882406531,0.8379584882406529,0.49326283690926886,summer,day,98.65256738185377
2018-06-27 13:00:00,2759.68,169.66,28.89,40.59369303462356,0.17261496266666668,17.26149626666667,104.80772383287601,76.85899747744239,0.6987181588858401,0.6987181588858399,0.2029684651731178,summer,day,40.59369303462356
2018-06-27 14:00:00,2836.64,43.57,28.63,0.0,0.17832089366666667,17.83208936666667,76.65443708213995,56.21325386023595,0.5110295805475996,0.5110295805475996,0.0,summer,day,0.0
2018-06-27 15:00:00,2899.36,47.28,28.08,23.782633033667246,0.17859098399999998,17.859098399999997,41.23391298389003,30.23820285485268,0.27489275322593354,0.2748927532259335,0.11891316516833622,summer,day,23.782633033667246
2018-06-27 16:00:00,2933.68,56.84,26.86,35.381873822089055,0.17913203733333333,17.913203733333333,31.161623951370366,22.851857564338264,0.20774415967580245,0.2077441596758024,0.17690936911044527,summer,day,35.381873822089055
2018-06-28 03:00:00,1835.8400000000001,40.22,16.38,41.28574814832473,0.18808821533333334,18.808821533333333,31.341212353622474,22.983555725989802,0.2089414156908165,0.2089414156908164,0.20642874074162365,summer,day,41.28574814832473
2018-06-28 04:00:00,1798.32,127.97,18.61,80.8176644713762,0.18250794833333334,18.250794833333334,31.341212353622474,22.983555725989802,0.2089414156908165,0.2089414156908164,0.404088322356881,summer,day,80.8176644713762
2018-06-28 05:00:00,1814.08,343.81,22.54,60.947250078357705,0.17000350766666666,17.000350766666667,68.5346350760347,50.258732389092096,0.45689756717356467,0.4568975671735645,0.30473625039178853,summer,day,60.947250078357705
2018-06-28 06:00:00,1894.16,570.58,24.12,33.83814249562558,0.15886784466666667,15.886784466666667,98.47221855257382,72.21296027188745,0.6564814570171588,0.6564814570171587,0.16919071247812792,summer,day,33.83814249562558
2018-06-28 07:00:00,2054.48,763.31,25.93,7.8104657375398325,0.14903681833333335,14.903681833333335,121.15396278323999,88.84623937437597,0.8076930852215999,0.8076930852215998,0.039052328687699166,summer,day,7.8104657375398325
2018-06-28 08:00:00,2233.12,918.62,27.19,28.73021277300374,0.14127052133333332,14.127052133333331,136.57986776803307,100.15856969655756,0.9105324517868871,0.9105324517868869,0.1436510638650187,summer,day,28.73021277300374
2018-06-28 09:00:00,2354.96,1016.15,28.16,20.320201119524988,0.13625312433333334,13.625312433333333,144.74993350695308,106.14995123843224,0.9649995567130205,0.9649995567130203,0.10160100559762494,summer,day,20.320201119524988
2018-06-28 10:00:00,2442.2400000000002,1020.58,28.95,7.8511332342693505,0.13543936266666665,13.543936266666664,145.66415999999998,106.82038399999998,0.9710943999999999,0.9710943999999998,0.03925566617134675,summer,day,7.8511332342693505
2018-06-28 11:00:00,2520.0,978.02,29.47,0.0,0.13688798933333335,13.688798933333334,139.3225472471739,102.16986798126084,0.928816981647826,0.9288169816478258,0.0,summer,day,13.967349264653095
2018-06-28 12:00:00,2595.52,849.06,29.7,98.65256738185377,0.142334302,14.233430199999999,125.72509524847473,92.19840318221478,0.8381673016564982,0.838167301656498,0.49326283690926886,summer,day,98.65256738185377
2018-06-28 13:00:00,2655.76,648.2,29.69,40.59369303462356,0.15110634733333334,15.110634733333333,104.87180400390253,76.90598960286185,0.6991453600260168,0.6991453600260168,0.2029684651731178,summer,day,40.59369303462356
2018-06-28 14:00:00,2734.64,433.18,29.36,178.43849547609068,0.16074756866666667,16.074756866666668,76.7626735134572,56.292627243201935,0.5117511567563814,0.5117511567563813,0.8921924773804534,summer,day,178.43849547609068
2018-06-28 15:00:00,2809.12,210.61,28.57,115.60385046325379,0.17107950566666666,17.107950566666666,41.39770377713893,30.358316103235204,0.27598469184759283,0.2759846918475928,0.5780192523162689,summer,day,115.60385046325379
2018-06-28 16:00:00,2894.16,56.84,27.11,98.41357215458567,0.17893568733333332,17.893568733333332,31.341212353622474,22.983555725989802,0.2089414156908165,0.2089414156908164,0.4920678607729283,summer,day,98.41357215458567
2018-06-29 03:00:00,1914.0,40.22,15.04,65.89403728869354,0.18914065133333333,18.91406513333333,30.70762881000495,22.51892779400363,0.20471752540003302,0.20471752540003302,0.3294701864434677,summer,day,65.89403728869354
2018-06-29 04:00:00,1881.92,128.15,16.47,89.07996266037632,0.1841808503333333,18.41808503333333,30.70762881000495,22.51892779400363,0.20471752540003302,0.20471752540003302,0.4453998133018816,summer,day,89.07996266037632
2018-06-29 05:00:00,1901.04,316.04,18.2,31.300237332877845,0.17462384133333334,17.462384133333334,68.1071793576078,49.94526486224572,0.45404786238405204,0.45404786238405204,0.15650118666438922,summer,day,31.300237332877845
2018-06-29 06:00:00,1994.8,504.01,19.71,44.119762148346936,0.16523612966666665,16.523612966666665,98.21067843216915,72.0211641835907,0.654737856214461,0.6547378562144609,0.22059881074173468,summer,day,44.119762148346936
2018-06-29 07:00:00,2152.64,721.6,21.0,98.94121159607461,0.15472878666666665,15.472878666666665,121.0181260336891,88.74662575803866,0.8067875068912607,0.8067875068912606,0.49470605798037304,summer,day,98.94121159607461
2018-06-29 08:00:00,2346.16,907.48,22.13,131.86310267658197,0.14573072066666667,14.573072066666667,136.52952216216755,100.12164958558954,0.9101968144144503,0.9101968144144503,0.6593155133829098,summer,day,131.86310267658197
2018-06-29 09:00:00,2511.6,958.84,23.42,70.70278200985145,0.14247654666666668,14.247654666666667,144.74486681760453,106.1462356662433,0.9649657787840302,0.96496577878403,0.35351391004925725,summer,day,70.70278200985145
2018-06-29 10:00:00,2650.88,924.31,24.38,130.47053072463007,0.14322922166666666,14.322922166666666,145.66415999999998,106.82038399999998,0.9710943999999999,0.9710943999999998,0.6523526536231503,summer,day,130.47053072463007
2018-06-29 11:00:00,2788.96,813.58,25.11,122.17873166644381,0.14748739866666666,14.748739866666666,139.28740170935401,102.1440945868596,0.9285826780623601,0.92858267806236,0.6108936583322191,summer,day,122.17873166644381
2018-06-29 12:00:00,2928.8,818.68,25.47,146.38045191414474,0.14698212466666666,14.698212466666666,125.61459194566655,92.11736742682213,0.8374306129711103,0.8374306129711102,0.7319022595707237,summer,day,146.38045191414474
2018-06-29 13:00:00,3060.64,411.43,25.63,51.02577500002031,0.16462613566666667,16.46261356666667,104.64573070893765,76.7402025198876,0.697638204726251,0.6976382047262509,0.25512887500010156,summer,day,51.02577500002031
2018-06-29 14:00:00,3208.16,445.5,25.72,31.471144772276638,0.16306886199999998,16.306886199999997,76.38081799916718,56.01259986605593,0.5092054533277812,0.5092054533277812,0.1573557238613832,summer,day,31.471144772276638
2018-06-29 15:00:00,3336.16,209.9,25.45,36.16350744313722,0.17356093333333333,17.356093333333334,40.81985381635536,29.93455946532726,0.2721323587757024,0.27213235877570235,0.1808175372156861,summer,day,36.16350744313722
2018-06-29 16:00:00,3448.16,54.22,24.79,37.853161088230515,0.18087213466666666,18.087213466666665,30.70762881000495,22.51892779400363,0.20471752540003302,0.20471752540003302,0.18926580544115257,summer,day,37.853161088230515
2018-06-30 03:00:00,2225.6,6.12,16.48,163.4535450360526,0.189497572,18.9497572,22.214307340816916,16.290492049932407,0.14809538227211277,0.1480953822721128,0.8172677251802629,summer,day,163.4535450360526
2018-06-30 04:00:00,2167.84,86.47,17.32,151.17673438195453,0.18533189766666666,18.533189766666666,22.214307340816916,16.290492049932407,0.14809538227211277,0.1480953822721128,0.7558836719097727,summer,day,151.17673438195453
2018-06-30 05:00:00,2174.0,232.48,19.87,151.5937349565353,0.17695822466666666,17.695822466666666,62.37704500198139,45.743166334786345,0.4158469666798759,0.41584696667987586,0.7579686747826764,summer,day,151.5937349565353
2018-06-30 06:00:00,2256.2400000000002,510.19,21.39,63.49063475327812,0.16364700366666668,16.364700366666668,94.7046777759589,69.45009703570318,0.6313645185063926,0.6313645185063925,0.3174531737663906,summer,day,63.49063475327812
2018-06-30 07:00:00,2405.28,414.2,22.56,72.70869564068994,0.16691644933333333,16.691644933333333,119.19720566274958,87.41128415268302,0.7946480377516639,0.7946480377516638,0.3635434782034497,summer,day,72.70869564068994
2018-06-30 08:00:00,2632.0,873.91,23.81,82.85769170233301,0.14587601966666666,14.587601966666666,135.85462866235332,99.62672768572577,0.9056975244156888,0.9056975244156888,0.41428845851166507,summer,day,82.85769170233301
2018-06-30 09:00:00,2846.08,654.33,24.06,73.71614395889675,0.15526067699999999,15.526067699999999,144.67694677477013,106.09642763483141,0.9645129784984675,0.9645129784984674,0.36858071979448376,summer,day,73.71614395889675
2018-06-30 10:00:00,3041.76,675.36,24.5,106.72080961708947,0.153997492,15.399749200000002,145.66415999999998,106.82038399999998,0.9710943999999999,0.9710943999999998,0.5336040480854474,summer,day,106.72080961708947
2018-06-30 11:00:00,3220.16,553.85,25.14,81.80048529184288,0.15879672233333333,15.879672233333334,138.81626833804296,101.7985967812315,0.9254417889202864,0.9254417889202863,0.40900242645921436,summer,day,81.80048529184288
2018-06-30 12:00:00,3390.16,687.76,25.25,35.861949400726566,0.15286738866666666,15.286738866666665,124.133271788899,91.03106597852593,0.8275551452593266,0.8275551452593266,0.17930974700363284,summer,day,35.861949400726566
2018-06-30 13:00:00,3554.08,379.47,25.32,106.89381430340411,0.166264131,16.6264131,101.61517035256816,74.51779159188331,0.677434469017121,0.677434469017121,0.5344690715170206,summer,day,106.89381430340411
2018-06-30 14:00:00,3692.32,336.81,24.95,44.14031334969753,0.168416127,16.8416127,71.2619640290503,52.25877362130355,0.4750797601936687,0.4750797601936686,0.22070156674848765,summer,day,44.14031334969753
2018-06-30 15:00:00,3820.08,211.16,24.62,21.56261534451681,0.17415783733333332,17.41578373333333,33.07365281834566,24.254012066786814,0.22049101878897104,0.22049101878897104,0.10781307672258406,summer,day,21.56261534451681
2018-06-30 16:00:00,3911.92,60.34,23.84,57.87484396109066,0.18135122866666667,18.135122866666666,22.214307340816916,16.290492049932407,0.14809538227211277,0.1480953822721128,0.2893742198054533,summer,day,57.87484396109066
2018-07-01 03:00:00,2393.04,38.48,16.05,39.90499594055025,0.18842331933333334,18.842331933333334,30.555726395227005,22.40753268983314,0.2037048426348467,0.20370484263484673,0.19952497970275127,summer,day,39.90499594055025
2018-07-01 04:00:00,2318.32,120.95,16.85,47.6254588722342,0.18419655833333334,18.419655833333334,30.555726395227005,22.40753268983314,0.2037048426348467,0.20370484263484673,0.238127294361171,summer,day,47.6254588722342
2018-07-01 05:00:00,2282.7200000000003,348.88,19.42,12.617437497070883,0.17223273466666666,17.223273466666665,68.00469633623868,49.87011064657503,0.4533646422415912,0.4533646422415912,0.06308718748535441,summer,day,12.617437497070883
2018-07-01 06:00:00,2284.96,578.35,21.04,0.0,0.16094784566666667,16.094784566666668,98.14797387449715,71.97518084129791,0.654319825829981,0.654319825829981,0.0,summer,day,0.0
2018-07-01 07:00:00,2320.64,764.94,22.5,0.0,0.151659618,15.1659618,120.98555901000262,88.72274327400191,0.8065703934000175,0.8065703934000173,0.0,summer,day,30.867128568475728
2018-07-01 08:00:00,2452.96,940.55,23.97,0.0,0.14284263033333333,14.284263033333334,136.5174517427549,100.11279794468692,0.9101163449516994,0.9101163449516992,0.0,summer,day,19.855033572069214
2018-07-01 09:00:00,2641.6,1026.43,25.25,0.0,0.13809008766666667,13.809008766666667,144.74365207275403,106.14534485335295,0.9649576804850268,0.9649576804850268,0.0,summer,day,28.322549796323145
2018-07-01 10:00:00,2843.84,1042.84,26.29,0.0,0.13655724866666666,13.655724866666667,145.66415999999998,106.82038399999998,0.9710943999999999,0.9710943999999998,0.0,summer,day,4.52332858514631
2018-07-01 11:00:00,3032.4,863.27,27.04,2.618834041919742,0.14380343633333334,14.380343633333334,139.27897552449286,102.13791538462809,0.9285265034966191,0.928526503496619,0.01309417020959871,summer,day,2.618834041919742
2018-07-01 12:00:00,3171.28,675.74,27.43,0.0,0.15167968933333334,15.167968933333334,125.58809864623257,92.09793900723722,0.8372539909748837,0.8372539909748837,0.0,summer,day,19.824390127613277
2018-07-01 13:00:00,3277.04,415.48,27.49,0.0,0.16298857666666666,16.298857666666667,104.5915293652192,76.7004548678274,0.6972768624347947,0.6972768624347946,0.0,summer,day,0.0
2018-07-01 14:00:00,3346.16,443.36,27.35,12.514725435520559,0.16188203533333334,16.188203533333333,76.28926768145257,55.94546296639856,0.5085951178763505,0.5085951178763505,0.06257362717760279,summer,day,12.514725435520559
2018-07-01 15:00:00,3402.7200000000003,214.56,26.82,8.94851995587971,0.17228160399999998,17.228160399999997,40.681313594932945,29.83296330295083,0.27120875729955296,0.271208757299553,0.044742599779398554,summer,day,8.94851995587971
2018-07-01 16:00:00,3434.4,64.71,25.61,27.04970579148159,0.179770393,17.9770393,30.555726395227005,22.40753268983314,0.2037048426348467,0.20370484263484673,0.13524852895740794,summer,day,27.04970579148159
2018-07-02 03:00:00,2158.0,36.73,15.74,50.39778896116825,0.18874315166666666,18.874315166666666,32.15871301356718,23.58305620994927,0.21439142009044787,0.2143914200904479,0.2519889448058413,summer,day,50.39778896116825
2018-07-02 04:00:00,2090.2400000000002,124.42,17.25,75.71402016369431,0.18373099066666665,18.373099066666665,32.15871301356718,23.58305620994927,0.21439142009044787,0.2143914200904479,0.3785701008184716,summer,day,75.71402016369431
2018-07-02 05:00:00,2056.32,339.2,19.51,85.87081119508699,0.17258441933333332,17.258441933333334,69.08617296781124,50.66319350972824,0.46057448645207494,0.4605744864520749,0.4293540559754349,summer,day,85.87081119508699
2018-07-02 06:00:00,2031.2,567.83,21.55,51.590649666372016,0.16100631433333334,16.100631433333334,98.80967873945316,72.46043107559896,0.6587311915963544,0.6587311915963542,0.25795324833186006,summer,day,51.590649666372016
2018-07-02 07:00:00,2052.08,726.12,23.72,51.738869258357234,0.152395276,15.239527599999999,121.32923032849305,88.97476890756155,0.808861535523287,0.8088615355232869,0.25869434629178617,summer,day,51.738869258357234
2018-07-02 08:00:00,2213.68,824.35,25.35,49.306662915592426,0.14682897166666667,14.682897166666667,136.64482773493083,100.20620700561591,0.9109655182328722,0.9109655182328719,0.24653331457796213,summer,day,49.306662915592426
2018-07-02 09:00:00,2449.6,951.44,26.76,37.85260040805796,0.1401761973333333,14.01761973333333,144.75647095876647,106.15474536976205,0.9650431397251098,0.9650431397251096,0.18926300204028979,summer,day,37.85260040805796
2018-07-02 10:00:00,2683.28,800.25,27.79,32.325357683981636,0.14596415899999998,14.596415899999998,145.66415999999998,106.82038399999996,0.9710943999999999,0.9710943999999997,0.16162678841990819,summer,day,32.325357683981636
2018-07-02 11:00:00,2891.68,690.34,28.34,17.12179046791897,0.15032792866666664,15.032792866666664,139.36789485863142,102.20312289632969,0.9291192990575428,0.9291192990575426,0.08560895233959485,summer,day,17.12179046791897
2018-07-02 12:00:00,3060.16,490.97,28.55,0.0,0.15886217233333333,15.886217233333333,125.86767553466076,92.3029620587512,0.8391178368977384,0.8391178368977382,0.0,summer,day,4.806947513901953
2018-07-02 13:00:00,3186.64,600.15,28.91,37.996637629026694,0.153815541,15.3815541,105.16350202808802,77.11990148726454,0.7010900135205868,0.7010900135205868,0.18998318814513346,summer,day,37.996637629026694
2018-07-02 14:00:00,3289.6800000000003,427.23,28.9,53.259506623120124,0.16136847099999999,16.136847099999997,77.25537433891309,56.65394118186959,0.5150358289260872,0.5150358289260872,0.2662975331156006,summer,day,53.259506623120124
2018-07-02 15:00:00,3371.92,213.79,28.22,45.23860397866707,0.17121564166666667,17.121564166666666,42.14329246713616,30.90508114256652,0.28095528311424106,0.28095528311424106,0.22619301989333537,summer,day,45.23860397866707
2018-07-02 16:00:00,3457.12,64.71,27.06,76.66550956997993,0.178631563,17.8631563,32.15871301356718,23.58305620994927,0.21439142009044787,0.2143914200904479,0.38332754784989964,summer,day,76.66550956997993
2018-07-03 03:00:00,2258.2400000000002,37.6,16.35,18.55981994369592,0.18822609666666668,18.82260966666667,30.84527853149212,22.61987092309422,0.20563519020994747,0.20563519020994744,0.0927990997184796,summer,day,18.55981994369592
2018-07-03 04:00:00,2187.2000000000003,119.73,17.62,3.521713234923618,0.183645033,18.364503300000003,30.84527853149212,22.61987092309422,0.20563519020994747,0.20563519020994744,0.01760856617461809,summer,day,3.521713234923618
2018-07-03 05:00:00,2176.32,344.53,19.55,9.440397852148754,0.17232043766666666,17.232043766666667,68.20004660642176,50.01336751137596,0.4546669773761451,0.4546669773761451,0.047201989260743774,summer,day,9.440397852148754
2018-07-03 06:00:00,2219.52,574.58,21.57,5.91850921525224,0.16069608133333335,16.069608133333336,98.26749954928005,72.06283300280535,0.6551166636618669,0.6551166636618668,0.029592546076261203,summer,day,5.91850921525224
2018-07-03 07:00:00,2331.2000000000003,780.24,23.86,1.5531522687136285,0.14992388399999998,14.992388399999998,121.04763736006706,88.76826739738252,0.8069842490671137,0.8069842490671137,0.007765761343568143,summer,day,1.5531522687136285
2018-07-03 08:00:00,2546.56,902.51,25.48,1.406390824014794,0.14331648833333333,14.331648833333333,136.54046003878273,100.12967069510734,0.9102697335918848,0.9102697335918849,0.00703195412007397,summer,day,1.406390824014794
2018-07-03 09:00:00,2773.28,1005.6,26.8,9.325794067209682,0.13778159999999998,13.778159999999998,144.74596758542705,106.14704289597984,0.9649731172361804,0.9649731172361803,0.04662897033604841,summer,day,9.325794067209682
2018-07-03 10:00:00,3000.4,1022.02,27.89,2.900882687354369,0.13620905466666666,13.620905466666667,145.66415999999998,106.82038399999998,0.9710943999999999,0.9710943999999998,0.014504413436771845,summer,day,2.900882687354369
2018-07-03 11:00:00,3194.88,985.52,28.69,0.0,0.13717335133333333,13.717335133333334,139.29503728250165,102.14969400716785,0.9286335818833443,0.9286335818833441,0.0,summer,day,23.788591397014162
2018-07-03 12:00:00,3347.12,873.78,29.34,1.0630410832449269,0.14153843000000002,14.153843000000002,125.63859943293193,92.13497291748342,0.8375906628862129,0.837590662886213,0.0053152054162246345,summer,day,1.0630410832449269
2018-07-03 13:00:00,3464.48,680.27,29.65,3.6804902830223423,0.14973844233333336,14.973844233333336,104.69484645129094,76.77622073094668,0.6979656430086063,0.6979656430086062,0.018402451415111713,summer,day,3.6804902830223423
2018-07-03 14:00:00,3577.6800000000003,447.93,29.61,2.2266049235016525,0.159907627,15.9907627,76.46377833757852,56.07343744755757,0.5097585222505234,0.5097585222505234,0.011133024617508263,summer,day,2.2266049235016525
2018-07-03 15:00:00,3667.12,214.9,29.25,11.259033697902685,0.17035824666666666,17.035824666666667,40.94539509179487,30.026623067316237,0.27296930061196584,0.2729693006119658,0.05629516848951343,summer,day,11.259033697902685
2018-07-03 16:00:00,3729.52,64.71,28.46,25.390935016431477,0.177532003,17.7532003,30.84527853149212,22.61987092309422,0.20563519020994747,0.20563519020994744,0.12695467508215738,summer,day,25.390935016431477
2018-07-04 03:00:00,2238.7200000000003,34.11,15.94,103.2197892689114,0.188700391,18.8700391,30.102170918029632,22.07492533988839,0.2006811394535309,0.20068113945353083,0.516098946344557,summer,day,103.2197892689114
2018-07-04 04:00:00,2163.92,118.96,17.24,111.50587848144859,0.18397708266666665,18.397708266666665,30.102170918029632,22.07492533988839,0.2006811394535309,0.20068113945353083,0.557529392407243,summer,day,111.50587848144859
2018-07-04 05:00:00,2133.36,351.64,19.5,100.64735833035077,0.17204947466666667,17.204947466666667,67.69869899097162,49.64571259337917,0.4513246599398108,0.4513246599398107,0.5032367916517538,summer,day,100.64735833035077
2018-07-04 06:00:00,2123.2,585.36,21.37,76.31717867836643,0.160382794,16.0382794,97.96074844020146,71.83788218948106,0.6530716562680097,0.6530716562680097,0.38158589339183213,summer,day,76.31717867836643
2018-07-04 07:00:00,2135.52,790.9,23.31,50.505639580731994,0.14989072266666664,14.989072266666664,120.88831926571928,88.65143412819413,0.8059221284381285,0.8059221284381284,0.25252819790366,summer,day,50.505639580731994
2018-07-04 08:00:00,2247.68,945.06,24.94,41.990259453966736,0.141884006,14.188400600000001,136.481411467525,100.08636840951831,0.9098760764501667,0.9098760764501665,0.2099512972698337,summer,day,41.990259453966736
2018-07-04 09:00:00,2418.56,1047.66,26.38,31.517405432565038,0.13627625,13.627624999999998,144.74002504561855,106.14268503345359,0.9649335003041237,0.9649335003041235,0.1575870271628252,summer,day,31.517405432565038
2018-07-04 10:00:00,2617.04,1064.28,27.57,33.55818124731977,0.13461643800000003,13.461643800000003,145.66415999999998,106.82038399999998,0.9710943999999999,0.9710943999999998,0.16779090623659887,summer,day,33.55818124731977
2018-07-04 11:00:00,2805.84,1014.45,28.48,21.183012137443164,0.136075973,13.607597299999998,139.25381633066937,102.11946530915752,0.9283587755377958,0.9283587755377957,0.10591506068721582,summer,day,21.183012137443164
2018-07-04 12:00:00,2983.2000000000003,885.05,29.07,25.41183020264465,0.14125874033333333,14.125874033333332,125.5089940376266,92.03992896092616,0.8367266269175107,0.8367266269175105,0.12705915101322326,summer,day,25.41183020264465
2018-07-04 13:00:00,3120.2400000000002,690.62,29.31,21.022889456930407,0.14955387333333334,14.955387333333334,104.42969312087178,76.58177495530596,0.6961979541391452,0.6961979541391451,0.10511444728465204,summer,day,21.022889456930407
2018-07-04 14:00:00,3236.08,458.07,29.11,25.990386980557687,0.159857885,15.9857885,76.01591358040476,55.745003292296815,0.5067727572026984,0.5067727572026983,0.12995193490278845,summer,day,25.990386980557687
2018-07-04 15:00:00,3325.92,218.54,28.46,25.331071042876285,0.17081988733333334,17.081988733333333,40.26765541622575,29.52961397189888,0.26845103610817167,0.2684510361081716,0.12665535521438143,summer,day,25.331071042876285
2018-07-04 16:00:00,3381.6,64.71,27.22,26.338660288802,0.178505899,17.8505899,30.102170918029632,22.07492533988839,0.2006811394535309,0.20068113945353083,0.13169330144401,summer,day,26.338660288802
2018-07-05 03:00:00,2144.88,35.85,13.58,16.327017231260186,0.190478013,19.0478013,30.018480895814662,22.013552656930745,0.20012320597209773,0.20012320597209768,0.08163508615630093,summer,day,16.327017231260186
2018-07-05 04:00:00,2097.28,118.38,15.63,23.79199790790018,0.185266884,18.526688399999998,30.018480895814662,22.013552656930745,0.20012320597209773,0.20012320597209768,0.11895998953950089,summer,day,23.79199790790018
2018-07-05 05:00:00,2116.88,349.23,18.74,0.0,0.172751535,17.275153500000002,67.64223638405666,49.604306681641546,0.45094824256037774,0.4509482425603777,0.0,summer,day,32.977977281980976
2018-07-05 06:00:00,2212.96,582.77,20.39,16.858146527985266,0.16126549633333334,16.126549633333333,97.92620161728084,71.81254785267261,0.6528413441152056,0.6528413441152056,0.08429073263992633,summer,day,16.858146527985266
2018-07-05 07:00:00,2378.48,788.13,22.17,14.891707811995843,0.150906943,15.0906943,120.87037659548733,88.63827617002403,0.8058025106365821,0.805802510636582,0.07445853905997922,summer,day,14.891707811995843
2018-07-05 08:00:00,2579.36,945.87,23.74,0.0,0.142791143,14.279114300000002,136.47476131867603,100.08149163369573,0.9098317421245069,0.9098317421245067,0.0,summer,day,0.0
2018-07-05 09:00:00,2731.84,1048.59,25.12,18.07652878850142,0.13722527499999998,13.722527499999998,144.7393557868469,106.14219424368773,0.9649290385789793,0.9649290385789794,0.0903826439425071,summer,day,18.07652878850142
2018-07-05 10:00:00,2872.08,1061.45,26.27,23.257630304340843,0.13576094033333336,13.576094033333336,145.66415999999998,106.82038399999998,0.9710943999999999,0.9710943999999998,0.11628815152170421,summer,day,23.257630304340843
2018-07-05 11:00:00,3012.32,1011.72,27.18,11.368186004677897,0.137216112,13.7216112,139.24917395813532,102.11606090263255,0.9283278263875687,0.9283278263875687,0.05684093002338948,summer,day,11.368186004677897
2018-07-05 12:00:00,3140.16,876.18,27.75,9.05901259133758,0.142682496,14.268249599999999,125.49439766125286,92.02922495158542,0.8366293177416857,0.8366293177416856,0.045295062956687906,summer,day,9.05901259133758
2018-07-05 13:00:00,3251.28,682.66,27.95,13.387428670104175,0.15096933866666667,15.096933866666667,104.39983110935268,76.55987614685861,0.6959988740623512,0.6959988740623511,0.06693714335052087,summer,day,13.387428670104175
2018-07-05 14:00:00,3354.8,452.05,27.72,7.918420916379109,0.16121226366666666,16.121226366666665,75.9654743024346,55.70801448845204,0.506436495349564,0.5064364953495639,0.03959210458189554,summer,day,7.918420916379109
2018-07-05 15:00:00,3418.0,218.64,27.03,24.091655699131476,0.171938646,17.1938646,40.19132724049887,29.47363997636583,0.26794218160332584,0.2679421816033257,0.12045827849565738,summer,day,24.091655699131476
2018-07-05 16:00:00,3456.08,64.71,25.8,42.78596160128969,0.179621167,17.9621167,30.018480895814662,22.013552656930745,0.20012320597209773,0.20012320597209768,0.21392980800644845,summer,day,42.78596160128969
2018-07-06 03:00:00,2170.32,35.85,13.01,0.0,0.190925691,19.092569100000002,30.15368361756966,22.11270131955109,0.20102455745046438,0.20102455745046444,0.0,summer,day,0.3879110050269126
2018-07-06 04:00:00,2129.92,118.55,15.18,3.1886131444291794,0.18561289633333333,18.561289633333335,30.15368361756966,22.11270131955109,0.20102455745046438,0.20102455745046444,0.015943065722145898,summer,day,3.1886131444291794
2018-07-06 05:00:00,2151.84,344.36,18.06,7.781844530084475,0.17349810133333332,17.34981013333333,67.7334527313612,49.671198669664875,0.451556351542408,0.451556351542408,0.038909222650422376,summer,day,7.781844530084475
2018-07-06 06:00:00,2257.36,573.88,19.97,1.2952266035732252,0.16198326466666668,16.198326466666668,97.98201262513143,71.85347592509638,0.6532134175008762,0.6532134175008761,0.0064761330178661255,summer,day,1.2952266035732252
2018-07-06 07:00:00,2425.52,771.79,21.93,0.0,0.15180840766666667,15.180840766666668,120.89936329888049,88.6595330858457,0.8059957553258699,0.80599575532587,0.0,summer,day,6.801455849285059
2018-07-06 08:00:00,2595.92,937.19,23.58,0.0,0.14329554433333333,14.329554433333334,136.48550475260828,100.08937015191272,0.9099033650173886,0.9099033650173883,0.0,summer,day,0.0
2018-07-06 09:00:00,2721.2000000000003,1033.9,25.09,0.0,0.13788981066666664,13.788981066666665,144.7404369863148,106.14298712329749,0.964936246575432,0.9649362465754318,0.0,summer,day,17.94452952237194
2018-07-06 10:00:00,2818.96,1045.7,26.3,0.0,0.13642460333333334,13.642460333333334,145.66415999999998,106.82038399999998,0.9710943999999999,0.9710943999999998,0.0,summer,day,0.0
2018-07-06 11:00:00,2889.12,998.31,27.25,4.649682029241309,0.137746257,13.774625700000001,139.256673793664,102.12156078202024,0.9283778252910933,0.9283778252910931,0.023248410146206547,summer,day,4.649682029241309
2018-07-06 12:00:00,2943.44,880.66,27.87,6.8541893348624345,0.1423927706666667,14.23927706666667,125.51797836730668,92.04651746935822,0.8367865224487112,0.8367865224487111,0.03427094667431217,summer,day,6.8541893348624345
2018-07-06 13:00:00,2973.52,680.16,28.18,10.398402513574124,0.15089778,15.089778,104.44807372092818,76.59525406201399,0.6963204914728546,0.6963204914728545,0.05199201256787062,summer,day,10.398402513574124
2018-07-06 14:00:00,3007.84,456.54,28.11,6.042641911258556,0.160710044,16.0710044,76.04695985452831,55.767770559987426,0.5069797323635221,0.506979732363522,0.03021320955629278,summer,day,6.042641911258556
2018-07-06 15:00:00,3023.52,215.52,27.76,8.910280810437918,0.17150144,17.150144,40.31463676810731,29.564066963278698,0.2687642451207154,0.26876424512071545,0.04455140405218959,summer,day,8.910280810437918
2018-07-06 16:00:00,3028.64,65.59,27.14,11.684239902575897,0.17853033366666665,17.853033366666665,30.15368361756966,22.11270131955109,0.20102455745046438,0.20102455745046444,0.05842119951287948,summer,day,11.684239902575897
2018-07-07 03:00:00,2132.32,33.23,15.59,32.73102342696659,0.18901367833333332,18.90136783333333,31.59554178020913,23.170063972153354,0.2106369452013942,0.21063694520139412,0.16365511713483294,summer,day,32.73102342696659
2018-07-07 04:00:00,2098.96,118.58,16.75,40.53760077174243,0.18437850933333333,18.437850933333333,31.59554178020913,23.170063972153354,0.2106369452013942,0.21063694520139412,0.20268800385871216,summer,day,40.53760077174243
2018-07-07 05:00:00,2124.2400000000002,338.08,18.8,33.53723302379295,0.17319092266666666,17.319092266666665,68.70622186810631,50.38456270327795,0.45804147912070875,0.45804147912070864,0.16768616511896475,summer,day,33.53723302379295
2018-07-07 06:00:00,2232.48,569.49,20.92,23.788591397014162,0.161428685,16.1428685,98.57720446883064,72.28994994380912,0.6571813631255377,0.6571813631255374,0.1189429569850708,summer,day,23.788591397014162
2018-07-07 07:00:00,2394.96,774.05,23.03,35.43109244912545,0.15084585633333333,15.084585633333333,121.20848958238223,88.88622569374697,0.8080565972158815,0.8080565972158815,0.17715546224562725,summer,day,35.43109244912545
2018-07-07 08:00:00,2578.08,911.22,24.53,17.51068884304188,0.143682572,14.3682572,136.60007720876098,100.17338995309139,0.9106671813917399,0.9106671813917399,0.0875534442152094,summer,day,17.51068884304188
2018-07-07 09:00:00,2722.32,943.1,25.83,28.99299599310503,0.14127052133333332,14.127052133333331,144.7519673479669,106.15144272184239,0.9650131156531128,0.9650131156531127,0.14496497996552515,summer,day,28.99299599310503
2018-07-07 10:00:00,2838.16,806.94,26.95,27.557378957421683,0.146331988,14.633198799999999,145.66415999999998,106.82038399999998,0.9710943999999999,0.9710943999999998,0.13778689478710843,summer,day,27.557378957421683
2018-07-07 11:00:00,2925.68,787.05,28.08,32.40467725952329,0.146312353,14.6312353,139.33665516486028,102.1802137875642,0.9289110344324019,0.9289110344324019,0.16202338629761645,summer,day,32.40467725952329
2018-07-07 12:00:00,3001.52,637.61,28.94,30.535063463272706,0.15215747433333332,15.215747433333332,125.76945284254774,92.230932084535,0.8384630189503183,0.8384630189503182,0.15267531731636352,summer,day,30.535063463272706
2018-07-07 13:00:00,3079.76,425.15,29.26,31.864915003493262,0.16117648433333331,16.117648433333333,104.96255303306243,76.97253889091243,0.6997503535537496,0.6997503535537494,0.1593245750174663,summer,day,31.864915003493262
2018-07-07 14:00:00,3178.2400000000002,399.47,29.36,38.21331475472494,0.16221844833333332,16.221844833333332,76.9159557364042,56.40503420669641,0.5127730382426947,0.5127730382426947,0.1910665737736247,summer,day,38.21331475472494
2018-07-07 15:00:00,3279.44,176.08,29.15,60.23837455948104,0.17213063266666664,17.213063266666666,41.629660952573275,30.528418031887064,0.2775310730171552,0.2775310730171551,0.30119187279740517,summer,day,60.23837455948104
2018-07-07 16:00:00,3391.76,60.34,28.31,60.97957556333161,0.17784049066666666,17.784049066666665,31.59554178020913,23.170063972153354,0.2106369452013942,0.21063694520139412,0.30489787781665806,summer,day,60.97957556333161
2018-07-08 03:00:00,2132.48,27.11,15.4,110.09974110002554,0.18942994033333332,18.94299403333333,31.82396918416183,23.33757740171868,0.21215979456107886,0.2121597945610789,0.5504987055001277,summer,day,110.09974110002554
2018-07-08 04:00:00,2058.96,121.06,17.36,69.04067746080241,0.18379120466666665,18.379120466666667,31.82396918416183,23.33757740171868,0.21215979456107886,0.2121597945610789,0.34520338730401207,summer,day,69.04067746080241
2018-07-08 05:00:00,2028.88,334.08,20.99,61.849435997905395,0.17164543,17.164543,68.8603335098126,50.49757790719591,0.45906889006541735,0.45906889006541735,0.309247179989527,summer,day,61.849435997905395
2018-07-08 06:00:00,2028.16,529.13,23.55,60.276809942983114,0.16112412433333334,16.112412433333333,98.67149815959225,72.35909865036764,0.6578099877306149,0.6578099877306149,0.30138404971491556,summer,day,60.276809942983114
2018-07-08 07:00:00,2068.2400000000002,762.23,25.61,51.3246993609719,0.14933527033333333,14.933527033333332,121.25746313350086,88.92213963123396,0.8083830875566724,0.8083830875566723,0.2566234968048595,summer,day,51.3246993609719
2018-07-08 08:00:00,2218.48,916.87,27.64,28.56624261422601,0.14099344966666666,14.099344966666665,136.61822843153837,100.18670084979479,0.9107881895435891,0.910788189543589,0.14283121307113006,summer,day,28.56624261422601
2018-07-08 09:00:00,2427.76,706.28,29.32,26.631811159328453,0.14886272133333334,14.886272133333334,144.75379405370475,106.15278230605013,0.965025293691365,0.9650252936913648,0.13315905579664228,summer,day,26.631811159328453
2018-07-08 10:00:00,2626.64,802.34,30.08,38.612246274232405,0.14407439933333335,14.407439933333336,145.66415999999998,106.82038399999998,0.9710943999999999,0.9710943999999998,0.19306123137116202,summer,day,38.612246274232405
2018-07-08 11:00:00,2818.4,902.94,30.61,26.42646583452235,0.139268624,13.926862400000001,139.34932627042417,102.18950593164438,0.9289955084694945,0.9289955084694943,0.13213232917261175,summer,day,26.42646583452235
2018-07-08 12:00:00,2976.48,774.38,30.72,19.88928052314749,0.1447917313333333,14.479173133333331,125.80929286497722,92.26014810098329,0.8387286190998482,0.8387286190998481,0.09944640261573745,summer,day,19.88928052314749
2018-07-08 13:00:00,3090.56,516.25,30.65,23.99818122226143,0.15610978166666667,15.610978166666667,105.04405978365922,77.03231050801675,0.7002937318910615,0.7002937318910614,0.11999090611130715,summer,day,23.99818122226143
2018-07-08 14:00:00,3174.56,408.68,30.45,28.106484872759186,0.1609604993333333,16.09604993333333,77.05362702647001,56.50599315274468,0.5136908468431334,0.5136908468431335,0.14053242436379593,summer,day,28.106484872759186
2018-07-08 15:00:00,3244.08,189.27,29.86,30.153873682845997,0.170997475,17.0997475,41.83799459340983,30.68119603516721,0.27891996395606555,0.27891996395606555,0.15076936841423,summer,day,30.153873682845997
2018-07-08 16:00:00,3303.52,50.72,29.11,31.089970145368095,0.17763192333333333,17.763192333333333,31.82396918416183,23.33757740171868,0.21215979456107886,0.2121597945610789,0.15544985072684048,summer,day,31.089970145368095
2018-07-09 03:00:00,2011.52,29.73,17.1,4.52332858514631,0.18798044099999997,18.7980441,31.749503069280426,23.28296891747231,0.21166335379520285,0.21166335379520282,0.022616642925731553,summer,day,4.52332858514631
2018-07-09 04:00:00,1936.24,125.68,18.7,3.881206586863555,0.18253718266666666,18.253718266666667,31.749503069280426,23.28296891747231,0.21166335379520285,0.21166335379520282,0.019406032934317773,summer,day,3.881206586863555
2018-07-09 05:00:00,1894.32,322.03,21.59,7.451722863587545,0.17169997166666667,17.16999716666667,68.81009393690113,50.46073555372749,0.4587339595793408,0.4587339595793408,0.03725861431793773,summer,day,7.451722863587545
2018-07-09 06:00:00,1862.64,551.7,24.02,7.916459293451186,0.159770182,15.977018200000002,98.64075891952147,72.33655654098241,0.6576050594634765,0.6576050594634765,0.03958229646725593,summer,day,7.916459293451186
2018-07-09 07:00:00,1869.6000000000001,757.56,26.79,0.0,0.14861226600000002,14.861226600000002,121.2414980171416,88.91043187923717,0.8082766534476107,0.8082766534476106,0.0,summer,day,0.0
2018-07-09 08:00:00,1990.0800000000002,907.18,27.78,0.0,0.14130630066666666,14.130630066666667,136.6123112297614,100.18236156849167,0.9107487415317426,0.9107487415317425,0.0,summer,day,0.0
2018-07-09 09:00:00,2169.44,661.79,28.3,0.8391990900244584,0.15160507633333334,15.160507633333333,144.75319855738087,106.15234560874595,0.9650213237158725,0.9650213237158722,0.004195995450122292,summer,day,0.8391990900244584
2018-07-09 10:00:00,2333.2000000000003,243.83,29.02,0.0,0.16927657633333335,16.927657633333336,145.66415999999998,106.82038399999998,0.9710943999999999,0.9710943999999998,0.0,summer,day,16.735286348667827
2018-07-09 11:00:00,2478.7200000000003,439.19,29.76,15.23451070017855,0.16017117233333336,16.017117233333337,139.34519555761884,102.1864767422538,0.9289679703841256,0.9289679703841255,0.07617255350089275,summer,day,15.23451070017855
2018-07-09 12:00:00,2597.76,242.9,30.25,8.80474867915498,0.16835111333333333,16.835111333333334,125.79630523023737,92.25062383550738,0.8386420348682491,0.838642034868249,0.044023743395774896,summer,day,8.80474867915498
2018-07-09 13:00:00,2686.4,385.39,30.24,9.371750141782739,0.16214165366666666,16.214165366666666,105.01748901785562,77.01282527976079,0.7001165934523709,0.7001165934523709,0.046858750708913696,summer,day,9.371750141782739
2018-07-09 14:00:00,2765.2000000000003,124.23,30.2,14.537350366203771,0.173568351,17.3568351,77.00874692047347,56.47308107501388,0.5133916461364898,0.5133916461364898,0.07268675183101886,summer,day,14.537350366203771
2018-07-09 15:00:00,2846.8,101.98,29.62,12.013959243165207,0.17499472466666666,17.499472466666667,41.77007893809113,30.63139122126683,0.27846719292060756,0.27846719292060756,0.06006979621582603,summer,day,12.013959243165207
2018-07-09 16:00:00,2942.16,66.45,28.69,11.268786502200934,0.177275439,17.7275439,31.749503069280426,23.28296891747231,0.21166335379520285,0.21166335379520282,0.05634393251100467,summer,day,11.268786502200934
2018-07-10 03:00:00,1965.1200000000001,31.48,17.16,0.0,0.18785695866666666,18.785695866666664,31.28621403579126,22.94322362624692,0.2085747602386084,0.20857476023860835,0.0,summer,day,36.805628683744075
2018-07-10 04:00:00,1929.3600000000001,117.29,18.96,0.0,0.18269906233333333,18.269906233333334,31.28621403579126,22.94322362624692,0.2085747602386084,0.20857476023860835,0.0,summer,day,4.584590470753268
2018-07-10 05:00:00,1956.32,331.51,22.27,0.0,0.17075225566666666,17.075225566666667,68.49752971605866,50.23152179177635,0.45665019810705776,0.45665019810705776,0.0,summer,day,32.73102342696659
2018-07-10 06:00:00,2056.88,557.79,24.94,0.0,0.15878188699999998,15.878188699999999,98.44951552183299,72.19631138267752,0.6563301034788867,0.6563301034788865,0.0,summer,day,41.26957631372706
2018-07-10 07:00:00,2215.92,759.47,27.35,0.0,0.14808910233333333,14.808910233333334,121.14217145311436,88.83759239895052,0.8076144763540957,0.8076144763540957,0.0,summer,day,4.54455525456962
2018-07-10 08:00:00,2437.28,914.12,29.0,0.0,0.14004529733333335,14.004529733333335,136.57549750990262,100.15536484059525,0.9105033167326841,0.9105033167326841,0.0,summer,day,7.8104657375398325
2018-07-10 09:00:00,2608.56,947.25,30.35,0.0,0.13753943500000002,13.753943500000002,144.74949369219786,106.14962870761175,0.9649966246146524,0.9649966246146523,0.0,summer,day,0.0
2018-07-10 10:00:00,2768.32,782.15,31.45,0.0,0.14387935833333335,14.387935833333335,145.66415999999998,106.82038399999998,0.9710943999999999,0.9710943999999998,0.0,summer,day,5.074577207953909
2018-07-10 11:00:00,2947.76,532.24,32.4,0.0,0.15403763466666667,15.403763466666668,139.3194964333091,102.16763071776,0.9287966428887273,0.9287966428887273,0.0,summer,day,0.0
2018-07-10 12:00:00,3094.56,810.95,32.57,0.0,0.14174307033333333,14.174307033333333,125.71550299212515,92.19136886089177,0.8381033532808343,0.8381033532808343,0.0,summer,day,42.71889212984166
2018-07-10 13:00:00,3243.28,227.18,33.01,5.5907958216315095,0.16686932533333335,16.686932533333334,104.8521796764482,76.89159842939534,0.6990145311763214,0.6990145311763213,0.027953979108157546,summer,day,5.5907958216315095
2018-07-10 14:00:00,3390.32,398.37,32.77,10.473476073322816,0.159588231,15.9588231,76.7295264862781,56.2683194232706,0.5115301765751874,0.5115301765751873,0.05236738036661408,summer,day,10.473476073322816
2018-07-10 15:00:00,3500.64,214.69,32.45,6.570321509570748,0.16785412966666666,16.785412966666666,41.34754342161506,30.321531842517704,0.2756502894774337,0.2756502894774337,0.03285160754785374,summer,day,6.570321509570748
2018-07-10 16:00:00,3594.96,68.21,31.45,10.317877475661568,0.17503094033333333,17.503094033333333,31.28621403579126,22.94322362624692,0.2085747602386084,0.20857476023860835,0.051589387378307844,summer,day,10.317877475661568
2018-07-11 08:00:00,2788.7200000000003,903.53,29.39,23.51402934723452,0.14020106833333335,14.020106833333335,144.65947673099927,106.08361626939946,0.9643965115399952,0.9643965115399951,0.1175701467361726,summer,day,23.51402934723452
2018-07-11 09:00:00,2954.08,1003.8,30.91,33.89802616875443,0.134632146,13.4632146,145.56305052023123,106.74623704816956,0.9704203368015415,0.9704203368015415,0.16949013084377212,summer,day,33.89802616875443
2018-07-11 10:00:00,3119.04,747.54,31.9,51.9461330185642,0.145036078,14.503607800000001,145.66415999999998,106.82038399999998,0.9710943999999999,0.9710943999999998,0.259730665092821,summer,day,51.9461330185642
2018-07-11 11:00:00,3296.4,609.74,32.81,31.38603352208801,0.15033403733333334,15.033403733333333,144.96280517030553,106.3060571248907,0.9664187011353702,0.96641870113537,0.15693016761044004,summer,day,31.38603352208801
2018-07-11 12:00:00,3471.52,394.66,33.19,46.52040068204711,0.15942024266666666,15.942024266666666,143.45898603114784,105.20325642284175,0.9563932402076523,0.9563932402076523,0.23260200341023554,summer,day,46.52040068204711
2018-07-11 13:00:00,3603.04,468.83,33.25,51.71170809237828,0.15613683433333334,15.613683433333334,141.15270258252698,103.5119818938531,0.9410180172168465,0.9410180172168464,0.2585585404618914,summer,day,51.71170809237828
2018-07-11 14:00:00,3709.92,220.13,33.0,84.41864954825922,0.16718479433333333,16.718479433333332,138.0439548244429,101.23223353792476,0.9202930321629527,0.9202930321629523,0.42209324774129614,summer,day,84.41864954825922
2018-07-11 15:00:00,3762.56,213.32,32.86,135.95294024982996,0.16759189333333332,16.75918933333333,134.1327427568956,98.36401135505675,0.8942182850459707,0.8942182850459705,0.6797647012491498,summer,day,135.95294024982996
2018-07-11 16:00:00,3814.48,11.37,32.01,123.48207970337411,0.177071235,17.707123499999998,133.02053847943935,97.54839488492217,0.8868035898629291,0.8868035898629288,0.6174103985168705,summer,day,123.48207970337411
2018-07-12 03:00:00,2470.08,4.37,19.62,86.62159528383208,0.1871077743333333,18.71077743333333,24.351990875692866,17.858126642174767,0.16234660583795243,0.16234660583795243,0.4331079764191604,summer,day,86.62159528383208
2018-07-12 04:00:00,2416.48,80.89,20.42,118.44501389315181,0.18314063166666666,18.314063166666667,24.351990875692866,17.858126642174767,0.16234660583795243,0.16234660583795243,0.592225069465759,summer,day,118.44501389315181
2018-07-12 05:00:00,2422.16,306.36,22.14,115.56194189338586,0.171951736,17.1951736,63.81926214978242,46.80079224317376,0.4254617476652161,0.425461747665216,0.5778097094669293,summer,day,115.56194189338586
2018-07-12 06:00:00,2519.44,538.28,24.23,88.06884112936385,0.16019080733333335,16.019080733333336,95.58710285585657,70.09720876096148,0.6372473523723772,0.6372473523723771,0.44034420564681925,summer,day,88.06884112936385
2018-07-12 07:00:00,2689.92,732.57,25.88,94.43123970068666,0.150417377,15.041737699999999,119.65551299391548,87.74737619553801,0.7977034199594365,0.7977034199594365,0.4721561985034333,summer,day,94.43123970068666
2018-07-12 08:00:00,2921.44,896.0,27.63,74.40148303334196,0.14191193133333335,14.191193133333336,136.02449256395903,99.75129454690327,0.9068299504263936,0.9068299504263934,0.3720074151667098,summer,day,74.40148303334196
2018-07-12 09:00:00,3118.4,1001.1,29.25,79.49271964034101,0.13605372,13.605372,144.6940415659872,106.10896381505727,0.964626943773248,0.9646269437732479,0.397463598201705,summer,day,79.49271964034101
2018-07-12 10:00:00,3315.36,1002.8,30.35,79.44534368111485,0.1351156033333333,13.51156033333333,145.66415999999998,106.82038399999998,0.9710943999999999,0.9710943999999998,0.3972267184055742,summer,day,79.44534368111485
2018-07-12 11:00:00,3511.6,846.19,31.13,77.46112988830473,0.14133640766666666,14.133640766666666,138.93484786599748,101.88555510173147,0.9262323191066499,0.9262323191066497,0.3873056494415236,summer,day,77.46112988830473
2018-07-12 12:00:00,3682.96,739.31,31.45,78.29597963448414,0.14574861033333333,14.574861033333333,124.50610516397958,91.30447712025169,0.8300407010931973,0.8300407010931972,0.3914798981724207,summer,day,78.29597963448414
2018-07-12 13:00:00,3812.4,651.35,31.6,41.02277096319079,0.14946878833333332,14.946878833333333,102.37793189394641,75.0771500555607,0.6825195459596427,0.6825195459596427,0.20511385481595393,summer,day,41.02277096319079
2018-07-12 14:00:00,3927.84,440.97,31.37,56.630491601124454,0.158829011,15.8829011,72.55032805589778,53.20357390765837,0.48366885370598517,0.48366885370598517,0.2831524580056223,summer,day,56.630491601124454
2018-07-12 15:00:00,3992.7200000000003,213.72,29.88,90.77350166753037,0.169914932,16.9914932,35.02329364983393,25.68374867654488,0.2334886243322262,0.2334886243322262,0.4538675083376518,summer,day,90.77350166753037
2018-07-12 16:00:00,4015.6800000000003,45.47,27.74,80.12924620203708,0.17893699633333332,17.89369963333333,24.351990875692866,17.858126642174767,0.16234660583795243,0.16234660583795243,0.4006462310101854,summer,day,80.12924620203708
2018-07-13 03:00:00,2601.12,28.86,17.12,104.51781539025845,0.188002694,18.8002694,29.79581095226796,21.850261364996506,0.19863873968178639,0.1986387396817864,0.5225890769512922,summer,day,104.51781539025845
2018-07-13 04:00:00,2533.84,116.86,18.72,106.95270693644422,0.18290632066666665,18.290632066666664,29.79581095226796,21.850261364996506,0.19863873968178639,0.1986387396817864,0.534763534682221,summer,day,106.95270693644422
2018-07-13 05:00:00,2533.52,326.8,21.07,82.18650601386403,0.17190024866666667,17.19002486666667,67.4920090909875,49.494140000057484,0.44994672727324997,0.44994672727324986,0.4109325300693202,summer,day,82.18650601386403
2018-07-13 06:00:00,2625.36,554.12,23.05,52.744335496386455,0.16042642733333334,16.042642733333334,97.8342845774013,71.74514202342762,0.652228563849342,0.652228563849342,0.26372167748193226,summer,day,52.744335496386455
2018-07-13 07:00:00,2791.2000000000003,755.72,25.39,28.322549796323145,0.1497921113333333,14.979211133333331,120.82263741150953,88.60326743510697,0.8054842494100636,0.8054842494100634,0.14161274898161572,summer,day,28.322549796323145
2018-07-13 08:00:00,3063.28,915.12,27.04,51.97855548605442,0.141541048,14.1541048,136.45706759331205,100.0685162350955,0.9097137839554137,0.9097137839554137,0.2598927774302721,summer,day,51.97855548605442
2018-07-13 09:00:00,3312.16,983.8,28.44,40.49221295410099,0.13744475066666667,13.744475066666666,144.7375751228089,106.14088842339316,0.9649171674853926,0.9649171674853924,0.20246106477050496,summer,day,40.49221295410099
2018-07-13 10:00:00,3548.64,959.88,29.59,47.281968014326274,0.13758525,13.758524999999999,145.66415999999998,106.82038399999996,0.9710943999999999,0.9710943999999997,0.23640984007163138,summer,day,47.281968014326274
2018-07-13 11:00:00,3786.96,854.33,30.42,70.26939139001126,0.14153886633333332,14.153886633333332,139.23682222488546,102.10700296491598,0.9282454814992364,0.9282454814992361,0.3513469569500563,summer,day,70.26939139001126
2018-07-13 12:00:00,3985.2000000000003,822.47,31.01,69.01863212255977,0.14246563833333334,14.246563833333333,125.45556179746522,92.00074531814116,0.8363704119831015,0.8363704119831015,0.3450931606127988,summer,day,69.01863212255977
2018-07-13 13:00:00,4105.12,647.07,31.3,77.07972795862342,0.14989115900000002,14.989115900000002,104.32037871773936,76.50161105967553,0.6954691914515957,0.6954691914515957,0.3853986397931171,summer,day,77.07972795862342
2018-07-13 14:00:00,4166.0,407.73,31.23,85.79737118459771,0.16038933900000002,16.038933900000004,75.83127298570773,55.609600189518986,0.5055418199047181,0.505541819904718,0.4289868559229885,summer,day,85.79737118459771
2018-07-13 15:00:00,4176.8,208.98,31.02,88.65904035529192,0.169226398,16.9226398,39.98824460137052,29.324712707671715,0.26658829734247014,0.26658829734247014,0.4432952017764596,summer,day,88.65904035529192
2018-07-13 16:00:00,4151.28,57.71,30.2,101.98978425995406,0.17647084033333332,17.647084033333332,29.79581095226796,21.850261364996506,0.19863873968178639,0.1986387396817864,0.5099489212997703,summer,day,101.98978425995406
2018-07-14 03:00:00,2495.36,5.25,17.66,47.840135733533195,0.18860876099999999,18.8608761,31.95241757947441,23.431772891614557,0.21301611719649607,0.21301611719649596,0.23920067866766598,summer,day,47.840135733533195
2018-07-14 04:00:00,2429.68,123.04,18.44,16.450891180943632,0.18285657866666666,18.285657866666664,31.95241757947441,23.431772891614557,0.21301611719649607,0.21301611719649596,0.08225445590471817,summer,day,16.450891180943632
2018-07-14 05:00:00,2429.6,308.19,20.07,15.295964277790423,0.173497665,17.3497665,68.94699295930782,50.56112817015905,0.4596466197287188,0.4596466197287187,0.07647982138895211,summer,day,15.295964277790423
2018-07-14 06:00:00,2520.16,508.57,21.89,16.359680639689078,0.16332498966666667,16.332498966666666,98.72452101524287,72.39798207784476,0.6581634734349525,0.6581634734349524,0.08179840319844539,summer,day,16.359680639689078
2018-07-14 07:00:00,2669.44,655.19,23.34,8.108267222794543,0.15578864033333334,15.578864033333334,121.28500174727967,88.94233461467175,0.8085666783151978,0.8085666783151977,0.04054133611397272,summer,day,8.108267222794543
2018-07-14 08:00:00,2841.28,742.07,24.55,21.477784434414488,0.1510474423333333,15.104744233333331,136.62843515541812,100.19418578063994,0.9108562343694541,0.9108562343694541,0.10738892217207244,summer,day,21.477784434414488
2018-07-14 09:00:00,2988.48,790.14,25.75,25.16206991606405,0.148007508,14.800750800000001,144.7548212396582,106.15353557574936,0.9650321415977214,0.9650321415977214,0.12581034958032025,summer,day,25.16206991606405
2018-07-14 10:00:00,3110.96,791.55,26.41,22.876308688306047,0.147427621,14.7427621,145.66415999999998,106.82038399999998,0.9710943999999999,0.9710943999999998,0.11438154344153023,summer,day,22.876308688306047
2018-07-14 11:00:00,3218.2400000000002,432.59,26.92,46.51633650847226,0.1626896883333333,16.268968833333332,139.35645143644345,102.19473105339185,0.9290430095762897,0.9290430095762895,0.23258168254236128,summer,day,46.51633650847226
2018-07-14 12:00:00,3306.88,142.78,27.12,80.03485190661382,0.17517798466666668,17.51779846666667,125.83169554898856,92.27657673592493,0.8388779703265904,0.8388779703265903,0.4001742595330691,summer,day,80.03485190661382
2018-07-14 13:00:00,3371.84,300.28,26.7,70.69001668613954,0.16863560266666666,16.863560266666667,105.08989233763539,77.06592104759928,0.7005992822509026,0.7005992822509025,0.3534500834306977,summer,day,70.69001668613954
2018-07-14 14:00:00,3430.7200000000003,391.68,26.58,73.3288867097919,0.16474176399999998,16.474176399999997,77.1310418023838,56.56276398841478,0.5142069453492254,0.5142069453492253,0.36664443354895954,summer,day,73.3288867097919
2018-07-14 15:00:00,3431.12,113.24,24.57,88.96575968599312,0.17846968333333332,17.846968333333333,41.955143943234,30.76710555837159,0.27970095962156,0.2797009596215599,0.4448287984299656,summer,day,88.96575968599312
2018-07-14 16:00:00,3432.56,63.84,22.44,52.098177358537214,0.18229807199999998,18.229807199999996,31.95241757947441,23.431772891614557,0.21301611719649607,0.21301611719649596,0.26049088679268606,summer,day,52.098177358537214
2018-07-15 03:00:00,2209.52,28.86,15.64,5.036163797053108,0.189165086,18.9165086,29.226005456451823,21.432404001397995,0.19484003637634548,0.1948400363763454,0.02518081898526554,summer,day,5.036163797053108
2018-07-15 04:00:00,2157.28,116.01,16.46,4.717844448187766,0.18471841299999997,18.471841299999998,29.226005456451823,21.432404001397995,0.19484003637634548,0.1948400363763454,0.02358922224093883,summer,day,4.717844448187766
2018-07-15 05:00:00,2143.36,314.14,18.07,0.0,0.17480884666666668,17.480884666666668,67.10758209626633,49.21222687059529,0.44738388064177553,0.44738388064177537,0.0,summer,day,0.0
2018-07-15 06:00:00,2168.16,559.09,19.8,0.0,0.16276211966666668,16.27621196666667,97.59907171639153,71.57265259202043,0.6506604781092769,0.6506604781092766,0.0,summer,day,17.702336902768486
2018-07-15 07:00:00,2209.92,756.41,21.97,0.14934223090848017,0.15244807233333335,15.244807233333335,120.70047431682755,88.51368116567353,0.8046698287788504,0.8046698287788503,0.0007467111545424008,summer,day,0.14934223090848017
2018-07-15 08:00:00,2340.2400000000002,848.21,23.57,0.0,0.14718589233333332,14.718589233333331,136.41178989757432,100.03531259155449,0.9094119326504955,0.9094119326504954,0.0,summer,day,25.16206991606405
2018-07-15 09:00:00,2537.68,833.1,24.98,0.0,0.146737778,14.673777800000002,144.7330184586318,106.1375468696633,0.9648867897242119,0.9648867897242118,0.0,summer,day,12.042109176205278
2018-07-15 10:00:00,2721.6,972.21,26.1,10.411183748479901,0.13978829699999998,13.978829699999999,145.66415999999998,106.82038399999998,0.9710943999999999,0.9710943999999998,0.05205591874239951,summer,day,10.411183748479901
2018-07-15 11:00:00,2892.7200000000003,930.15,26.89,8.988854832885282,0.141003049,14.1003049,139.20521452167895,102.08382398256457,0.9280347634778597,0.9280347634778597,0.04494427416442641,summer,day,8.988854832885282
2018-07-15 12:00:00,3039.44,583.29,27.62,31.44020128816075,0.155564365,15.5564365,125.35618202366868,91.92786681735701,0.8357078801577912,0.8357078801577911,0.15720100644080376,summer,day,31.44020128816075
2018-07-15 13:00:00,3145.6,493.1,27.96,42.314632633343464,0.15923261933333333,15.923261933333333,104.11706250596916,76.35251250437737,0.6941137500397944,0.6941137500397943,0.21157316316671732,summer,day,42.314632633343464
2018-07-15 14:00:00,3212.32,430.17,27.34,55.47074436383901,0.162465413,16.2465413,75.4878559685803,55.357761043625544,0.5032523731238687,0.5032523731238686,0.27735372181919504,summer,day,55.47074436383901
2018-07-15 15:00:00,3260.32,213.7,26.94,33.94816309899232,0.17222488066666666,17.222488066666667,39.468562411502305,28.943612435101677,0.2631237494100154,0.26312374941001526,0.1697408154949616,summer,day,33.94816309899232
2018-07-15 16:00:00,3309.6,41.98,25.74,25.397807136924406,0.18066007666666667,18.066007666666668,29.226005456451823,21.432404001397995,0.19484003637634548,0.1948400363763454,0.12698903568462203,summer,day,25.397807136924406
2018-07-16 03:00:00,2072.88,24.49,13.82,0.0,0.19078519166666666,19.078519166666666,28.845206101494128,21.15315114109569,0.19230137400996086,0.19230137400996083,0.0,summer,day,4.52332858514631
2018-07-16 04:00:00,1991.3600000000001,112.02,15.56,4.218201889205193,0.18559936999999999,18.559936999999998,28.845206101494128,21.15315114109569,0.19230137400996086,0.19230137400996083,0.021091009446025964,summer,day,4.218201889205193
2018-07-16 05:00:00,1944.24,330.6,18.27,0.0,0.173933562,17.393356200000003,66.8506706542163,49.02382514642528,0.44567113769477534,0.4456711376947753,0.0,summer,day,22.618927697434554
2018-07-16 06:00:00,1920.56,539.85,20.21,0.0,0.16327961100000002,16.327961100000003,97.44187964574996,71.4573784068833,0.6496125309716664,0.6496125309716663,0.0,summer,day,0.0
2018-07-16 07:00:00,1924.88,707.99,21.8,4.207650494499082,0.15469431633333333,15.469431633333333,120.61883307609521,88.45381092246981,0.8041255538406348,0.8041255538406347,0.021038252472495408,summer,day,4.207650494499082
2018-07-16 08:00:00,2056.88,830.6,23.44,1.2202127108023682,0.14805637733333332,14.805637733333333,136.381530945252,100.01312269318477,0.9092102063016799,0.9092102063016797,0.006101063554011841,summer,day,1.2202127108023682
2018-07-16 09:00:00,2259.76,999.46,24.66,0.6935548858079122,0.1397302646666667,13.973026466666669,144.72997325322024,106.13531371902816,0.9648664883548016,0.9648664883548015,0.003467774429039561,summer,day,0.6935548858079122
2018-07-16 10:00:00,2469.2000000000003,989.52,25.67,0.9327964051012516,0.139370726,13.9370726,145.66415999999998,106.82038399999998,0.9710943999999999,0.9710943999999998,0.004663982025506258,summer,day,0.9327964051012516
2018-07-16 11:00:00,2654.8,835.63,26.49,5.541573027377607,0.14544143166666668,14.544143166666668,139.18409118559129,102.06833353610027,0.9278939412372752,0.9278939412372752,0.027707865136888037,summer,day,5.541573027377607
2018-07-16 12:00:00,2821.76,840.08,27.06,3.9095565463435515,0.1447995853333333,14.479958533333331,125.28976680999409,91.879162327329,0.8352651120666272,0.8352651120666272,0.01954778273171776,summer,day,3.9095565463435515
2018-07-16 13:00:00,2962.0,641.63,26.96,1.947917896655442,0.15353716033333334,15.353716033333335,103.98118687320847,76.2528703736862,0.6932079124880565,0.6932079124880565,0.00973958948327721,summer,day,1.947917896655442
2018-07-16 14:00:00,3078.8,405.07,26.98,0.9088115112414014,0.16384335366666666,16.384335366666665,75.25835137523427,55.18945767517179,0.5017223425015618,0.5017223425015617,0.0045440575562070065,summer,day,0.9088115112414014
2018-07-16 15:00:00,3184.08,208.3,26.56,7.768129838459092,0.17275895266666666,17.275895266666666,39.1212603160717,28.688924231785908,0.2608084021071447,0.2608084021071446,0.03884064919229546,summer,day,7.768129838459092
2018-07-16 16:00:00,3292.2400000000002,63.84,25.26,7.6867902989445245,0.18008324399999998,18.0083244,28.845206101494128,21.15315114109569,0.19230137400996086,0.19230137400996083,0.038433951494722625,summer,day,7.6867902989445245
2018-07-17 03:00:00,2223.04,27.98,15.33,8.846399639214177,0.18944695733333333,18.944695733333333,28.819167512045112,21.13405617549975,0.1921277834136341,0.1921277834136341,0.04423199819607088,summer,day,8.846399639214177
2018-07-17 04:00:00,2179.04,109.62,16.03,13.967349264653095,0.185334952,18.5334952,28.819167512045112,21.13405617549975,0.1921277834136341,0.1921277834136341,0.06983674632326548,summer,day,13.967349264653095
2018-07-17 05:00:00,2195.6,332.9,18.07,22.618927697434554,0.17399028533333333,17.399028533333333,66.83310336719966,49.01094246927974,0.4455540224479977,0.44555402244799763,0.11309463848717277,summer,day,22.618927697434554
2018-07-17 06:00:00,2304.7200000000003,560.75,20.0,28.885033237506644,0.16253260833333333,16.253260833333332,97.431131046156,71.4494961005144,0.64954087364104,0.64954087364104,0.1444251661875332,summer,day,28.885033237506644
2018-07-17 08:00:00,2700.0,918.36,23.11,8.733429403534464,0.144486298,14.4486298,136.37946187547436,100.01160537534786,0.9091964125031624,0.9091964125031623,0.04366714701767232,summer,day,8.733429403534464
2018-07-17 09:00:00,2923.84,1010.29,24.59,9.422303793770455,0.13931269366666665,13.931269366666665,144.7297650258363,106.13516101894659,0.9648651001722419,0.9648651001722417,0.047111518968852274,summer,day,9.422303793770455
2018-07-17 10:00:00,3139.6800000000003,1019.15,25.93,5.425638384704719,0.13787366633333334,13.787366633333335,145.66415999999998,106.82038399999998,0.9710943999999999,0.9710943999999998,0.027128191923523594,summer,day,5.425638384704719
2018-07-17 11:00:00,3361.76,984.79,26.88,12.33001389873911,0.13862677766666667,13.862677766666668,139.18264679796556,102.06727431850808,0.9278843119864371,0.9278843119864372,0.06165006949369555,summer,day,12.33001389873911
2018-07-17 12:00:00,3543.44,858.94,27.46,8.787866144554872,0.14366250066666666,14.366250066666666,125.285225419733,91.87583197447086,0.8352348361315532,0.8352348361315532,0.04393933072277436,summer,day,8.787866144554872
2018-07-17 13:00:00,3676.32,667.77,27.63,17.75804123558431,0.151870367,15.1870367,103.97189586530229,76.24605696788834,0.6931459724353486,0.6931459724353485,0.08879020617792156,summer,day,17.75804123558431
2018-07-17 14:00:00,3772.8,445.62,27.45,7.8177257880980715,0.161704884,16.1704884,75.24265813467332,55.17794929876044,0.5016177208978221,0.5016177208978222,0.03908862894049036,summer,day,7.8177257880980715
2018-07-17 15:00:00,3826.0,218.12,26.98,0.0,0.17200060533333333,17.200060533333332,39.09751222784632,28.671508967087306,0.2606500815189755,0.2606500815189755,0.0,summer,day,17.4025003000227
2018-07-17 16:00:00,3846.2400000000002,62.08,26.31,5.282011066402667,0.17933536866666666,17.933536866666667,28.819167512045112,21.13405617549975,0.1921277834136341,0.1921277834136341,0.026410055332013335,summer,day,5.282011066402667
2018-07-18 03:00:00,2300.0,20.98,19.04,15.570155066374777,0.18683855666666666,18.683855666666666,30.106819308706914,22.078334159718402,0.20071212872471275,0.20071212872471275,0.07785077533187389,summer,day,15.570155066374777
2018-07-18 04:00:00,2245.92,114.41,19.49,0.0,0.18240846433333333,18.24084643333333,30.106819308706914,22.078334159718402,0.20071212872471275,0.20071212872471275,0.0,summer,day,41.541933526612056
2018-07-18 05:00:00,2260.48,318.02,22.29,5.772617961334697,0.17132516133333334,17.132516133333333,67.70183509069595,49.648012399843694,0.4513455672713063,0.4513455672713063,0.028863089806673483,summer,day,5.772617961334697
2018-07-18 06:00:00,2366.32,542.19,24.48,0.0,0.159823851,15.982385099999998,97.96266727264222,71.83928933327095,0.6530844484842815,0.6530844484842814,0.0,summer,day,15.23451070017855
2018-07-18 07:00:00,2539.84,695.78,25.72,0.0,0.15214831133333334,15.214831133333334,120.88931585454581,88.65216496000025,0.8059287723636388,0.8059287723636386,0.0,summer,day,30.78266285816144
2018-07-18 08:00:00,2761.2000000000003,790.43,27.21,0.0,0.14684817033333333,14.684817033333333,136.48178083640664,100.08663928003153,0.9098785389093776,0.9098785389093775,0.0,summer,day,10.317877475661568
2018-07-18 09:00:00,2951.84,907.54,28.31,0.0,0.14087433066666666,14.087433066666666,144.7400622182247,106.14271229336475,0.9649337481214979,0.9649337481214978,0.0,summer,day,24.120685293901694
2018-07-18 10:00:00,3127.6,889.8,28.9,0.0,0.141185,14.118500000000001,145.66415999999998,106.82038399999996,0.9710943999999999,0.9710943999999997,0.0,summer,day,44.50162474498064
2018-07-18 11:00:00,3328.48,392.22,29.23,0.0,0.16263689199999998,16.263689199999998,139.25407418173253,102.11965439993719,0.9283604945448836,0.9283604945448836,0.0,summer,day,1.947917896655442
2018-07-18 12:00:00,3535.6,809.21,29.35,0.0,0.14434798033333332,14.434798033333331,125.50980476342237,92.04052349317638,0.8367320317561491,0.836732031756149,0.0,summer,day,0.0
2018-07-18 13:00:00,3707.52,114.03,29.37,3.0537095171222184,0.174665293,17.4665293,104.43135174506946,76.58299127971759,0.6962090116337964,0.6962090116337962,0.015268547585611091,summer,day,3.0537095171222184
2018-07-18 14:00:00,3859.12,42.64,29.47,3.3552810082802154,0.17770173666666667,17.770173666666665,76.01871512667371,55.74705775956072,0.5067914341778248,0.5067914341778247,0.016776405041401078,summer,day,3.3552810082802154
2018-07-18 15:00:00,3973.84,58.41,27.67,1.0885622597193785,0.178427359,17.8427359,40.27189490823534,29.532722932705916,0.2684792993882356,0.2684792993882356,0.0054428112985968925,summer,day,1.0885622597193785
2018-07-18 16:00:00,4024.08,48.97,25.14,0.35532800495387085,0.18082631966666668,18.082631966666668,30.106819308706914,22.078334159718402,0.20071212872471275,0.20071212872471275,0.0017766400247693542,summer,day,0.35532800495387085
2018-07-19 03:00:00,2475.68,8.74,15.09,18.826314260398565,0.19047495866666667,19.047495866666665,25.773643299372484,18.90067175287316,0.17182428866248323,0.17182428866248325,0.09413157130199283,summer,day,18.826314260398565
2018-07-19 04:00:00,2408.96,84.12,16.46,10.755908860443231,0.18610988,18.610988,25.773643299372484,18.90067175287316,0.17182428866248323,0.17182428866248325,0.05377954430221615,summer,day,10.755908860443231
2018-07-19 05:00:00,2405.12,318.72,18.82,16.236352216660023,0.174019956,17.4019956,64.77839921108864,47.504159421465005,0.43185599474059094,0.43185599474059094,0.08118176108330012,summer,day,16.236352216660023
2018-07-19 06:00:00,2499.92,528.73,20.55,56.97792540446141,0.16349777766666665,16.349777766666666,96.17395387149347,70.52756617242855,0.6411596924766231,0.6411596924766232,0.284889627022307,summer,day,56.97792540446141
2018-07-19 07:00:00,2668.4,754.35,21.8,44.50162474498064,0.152671475,15.2671475,119.96030728058709,87.97089200576386,0.7997353818705806,0.7997353818705806,0.2225081237249032,summer,day,44.50162474498064
2018-07-19 08:00:00,2910.32,910.5,23.4,31.229146117705888,0.14460149,14.460149,136.13745943836938,99.83413692147087,0.9075830629224625,0.9075830629224625,0.15614573058852943,summer,day,31.229146117705888
2018-07-19 09:00:00,3148.4,974.69,24.83,50.988188213535615,0.14067754433333335,14.067754433333334,144.70541034484035,106.11730091954959,0.9647027356322689,0.964702735632269,0.25494094106767806,summer,day,50.988188213535615
2018-07-19 10:00:00,3376.88,950.58,25.76,52.23954149889988,0.140999122,14.0999122,145.66415999999998,106.82038399999998,0.9710943999999999,0.9710943999999998,0.2611977074944994,summer,day,52.23954149889988
2018-07-19 11:00:00,3596.4,910.36,26.29,50.12448616874866,0.14233779266666668,14.23377926666667,139.01370840384837,101.94338616282212,0.9267580560256558,0.9267580560256556,0.2506224308437433,summer,day,50.12448616874866
2018-07-19 12:00:00,3782.16,807.84,26.56,25.221452007741227,0.146599024,14.6599024,124.75405555638542,91.48630740801599,0.8316937037092361,0.8316937037092362,0.12610726003870615,summer,day,25.221452007741227
2018-07-19 13:00:00,3936.2400000000002,459.82,26.64,38.061949292366215,0.16172146466666668,16.172146466666668,102.88520145761123,75.44914773558156,0.6859013430507416,0.6859013430507415,0.19030974646183108,summer,day,38.061949292366215
2018-07-19 14:00:00,4083.6800000000003,402.26,26.16,14.210485948438887,0.16460999133333332,16.46099913333333,73.40714610752563,53.8319071455188,0.4893809740501709,0.4893809740501709,0.07105242974219443,summer,day,14.210485948438887
2018-07-19 15:00:00,4185.04,216.1,25.59,1.1211857007440518,0.17318045066666665,17.318045066666667,36.31988950612886,26.634585637827836,0.24213259670752574,0.2421325967075258,0.005605928503720259,summer,day,1.1211857007440518
2018-07-19 16:00:00,4245.76,60.34,24.79,5.493745114471874,0.18060509866666666,18.060509866666667,25.773643299372484,18.90067175287316,0.17182428866248323,0.17182428866248325,0.02746872557235937,summer,day,5.493745114471874
2018-07-20 03:00:00,2666.56,15.74,14.73,8.681087636401978,0.1904522693333333,19.045226933333332,27.723481420814764,20.33055304193082,0.18482320947209843,0.18482320947209835,0.04340543818200989,summer,day,8.681087636401978
2018-07-20 04:00:00,2583.68,110.16,15.75,13.90902488854456,0.18553130199999998,18.5531302,27.723481420814764,20.33055304193082,0.18482320947209843,0.18482320947209835,0.0695451244427228,summer,day,13.90902488854456
2018-07-20 05:00:00,2570.48,327.82,18.5,15.64231308922634,0.17387422066666666,17.387422066666666,66.09388390669557,48.4688481982434,0.44062589271130376,0.44062589271130365,0.0782115654461317,summer,day,15.64231308922634
2018-07-20 06:00:00,2653.68,557.85,20.13,3.1444222653046756,0.16255704299999998,16.255704299999998,96.97883730350301,71.11781402256887,0.6465255820233534,0.6465255820233533,0.015722111326523378,summer,day,3.1444222653046756
2018-07-20 07:00:00,2810.0,757.73,21.45,1.3645902229636169,0.15279888433333333,15.279888433333333,120.37834161123725,88.27745051490729,0.8025222774082483,0.8025222774082481,0.006822951114818085,summer,day,1.3645902229636169
2018-07-20 08:00:00,3057.2000000000003,915.22,23.13,1.6850386411327223,0.14460759866666667,14.460759866666667,136.29239682989817,99.94775767525863,0.9086159788659878,0.9086159788659876,0.008425193205663612,summer,day,1.6850386411327223
2018-07-20 09:00:00,3299.04,1007.34,24.58,0.3145981420260778,0.139449266,13.944926599999999,144.72100295948576,106.12873550362286,0.9648066863965717,0.9648066863965715,0.001572990710130389,summer,day,0.3145981420260778
2018-07-20 10:00:00,3545.28,1022.32,25.85,4.54455525456962,0.13779818066666666,13.779818066666666,145.66415999999998,106.82038399999996,0.9710943999999999,0.9710943999999997,0.022722776272848102,summer,day,4.54455525456962
2018-07-20 11:00:00,3801.92,976.99,26.63,0.6343298224628187,0.13916346766666668,13.916346766666669,139.12186795144095,102.02270316439004,0.927479119676273,0.9274791196762731,0.0031716491123140933,summer,day,0.6343298224628187
2018-07-20 12:00:00,4023.36,803.47,26.68,0.0,0.14669545366666664,14.669545366666664,125.09412681380861,91.73569299679298,0.8339608454253907,0.8339608454253907,0.0,summer,day,0.0
2018-07-20 13:00:00,4178.96,608.87,26.51,18.3206428742096,0.15532001833333334,15.532001833333334,103.58093658710301,75.95935349720887,0.6905395772473534,0.6905395772473534,0.091603214371048,summer,day,18.3206428742096
2018-07-20 14:00:00,4291.6,439.01,25.94,5.69856726406293,0.16317925433333333,16.317925433333333,74.58229727132401,54.6936846656376,0.49721531514216005,0.49721531514216,0.02849283632031465,summer,day,5.69856726406293
2018-07-20 15:00:00,4349.2,218.64,25.49,25.237291980290852,0.173148162,17.3148162,38.098208866471815,27.938686502079324,0.2539880591098121,0.25398805910981204,0.12618645990145427,summer,day,25.237291980290852
2018-07-20 16:00:00,4393.92,55.09,24.96,15.254895212829188,0.18070065566666665,18.070065566666667,27.723481420814764,20.33055304193082,0.18482320947209843,0.18482320947209835,0.07627447606414595,summer,day,15.254895212829188
2018-07-21 03:00:00,2684.0,3.5,15.03,0.3916598433594791,0.19075072133333335,19.075072133333336,30.66346087752956,22.486537976855008,0.20442307251686373,0.2044230725168637,0.0019582992167973957,summer,day,0.3916598433594791
2018-07-21 04:00:00,2606.08,115.85,16.45,0.0,0.18473324833333332,18.473324833333333,30.66346087752956,22.486537976855008,0.20442307251686373,0.2044230725168637,0.0,summer,day,37.65383171014036
2018-07-21 05:00:00,2586.88,318.41,18.78,0.0,0.17406489833333333,17.40648983333333,68.07738086378976,49.92341263344582,0.4538492057585984,0.4538492057585984,0.0,summer,day,0.0
2018-07-21 06:00:00,2661.44,529.06,20.81,0.0,0.16327917466666667,16.327917466666666,98.1924461303772,72.00779382894328,0.6546163075358481,0.654616307535848,0.0,summer,day,0.0
2018-07-21 07:00:00,2803.92,624.48,22.94,0.0,0.15744278,15.744278000000001,121.00865667729202,88.73968156334747,0.8067243778486135,0.8067243778486134,0.0,summer,day,3.311582429077469
2018-07-21 08:00:00,3038.0,688.16,24.33,0.0,0.15357250333333333,15.357250333333333,136.5260125045341,100.11907583665833,0.910173416696894,0.9101734166968939,0.0,summer,day,0.0
2018-07-21 09:00:00,3257.52,759.95,25.88,0.0,0.14922269633333335,14.922269633333334,144.7445136121034,106.14597664887583,0.9649634240806892,0.9649634240806894,0.0,summer,day,0.0
2018-07-21 10:00:00,3470.96,823.84,27.04,0.0,0.14552389866666668,14.552389866666667,145.66415999999998,106.82038399999998,0.9710943999999999,0.9710943999999998,0.0,summer,day,0.0
2018-07-21 11:00:00,3689.12,854.54,27.79,0.0,0.1435953053333333,14.35953053333333,139.28495166822387,102.14229789003083,0.9285663444548258,0.9285663444548258,0.0,summer,day,10.317877475661568
2018-07-21 12:00:00,3867.28,747.15,28.35,0.0,0.147841265,14.7841265,125.60688861677502,92.11171831896834,0.8373792574451668,0.8373792574451667,0.0,summer,day,0.0
2018-07-21 13:00:00,4009.28,631.0,28.71,0.0,0.15262653266666668,15.262653266666668,104.6299708456535,76.72864528681257,0.6975331389710233,0.6975331389710233,0.0,summer,day,37.85260040805796
2018-07-21 14:00:00,4095.76,385.29,28.81,13.92372683187915,0.163269139,16.3269139,76.35419835485915,55.99307879356337,0.5090279890323943,0.5090279890323943,0.06961863415939576,summer,day,13.92372683187915
2018-07-21 15:00:00,4153.28,206.82,28.64,11.188603176123191,0.171189898,17.1189898,40.77957114439221,29.905018839220947,0.27186380762928136,0.27186380762928136,0.055943015880615954,summer,day,11.188603176123191
2018-07-21 16:00:00,4200.8,50.72,28.19,9.1337633811491,0.17835449133333334,17.835449133333334,30.66346087752956,22.486537976855008,0.20442307251686373,0.2044230725168637,0.0456688169057455,summer,day,9.1337633811491
2018-07-22 03:00:00,2710.0,19.24,16.22,0.0,0.18912930666666666,18.912930666666668,28.935957423351045,21.219702110457437,0.1929063828223403,0.19290638282234032,0.0,summer,day,21.477784434414488
2018-07-22 04:00:00,2610.7200000000003,107.96,17.44,0.0,0.1842999693333333,18.42999693333333,28.935957423351045,21.219702110457437,0.1929063828223403,0.19290638282234032,0.0,summer,day,0.0
2018-07-22 05:00:00,2549.44,320.94,19.87,0.0,0.17309842,17.309842,66.91189726256704,49.06872465921582,0.44607931508378024,0.4460793150837802,0.0,summer,day,0.6343298224628187
2018-07-22 06:00:00,2531.12,509.91,21.78,0.0,0.16335291500000002,16.3352915,97.47934133787318,71.48485031444034,0.6498622755858212,0.6498622755858212,0.0,summer,day,0.0
2018-07-22 07:00:00,2540.8,640.13,23.39,0.0,0.15640648833333334,15.640648833333334,120.63828964926961,88.46807907613105,0.8042552643284641,0.8042552643284641,0.0,summer,day,33.2643151307354
2018-07-22 08:00:00,2688.56,859.85,24.66,0.0,0.14582191433333333,14.582191433333334,136.38874219675623,100.0184109442879,0.9092582813117082,0.9092582813117082,0.0,summer,day,7.8511332342693505
2018-07-22 09:00:00,2927.2000000000003,929.39,26.06,0.0,0.14168809233333335,14.168809233333334,144.73069898033302,106.13584591891087,0.9648713265355534,0.9648713265355534,0.0,summer,day,1.4294635707899197
2018-07-22 10:00:00,3171.2000000000003,947.97,27.18,0.6377893233077048,0.13999773699999998,13.999773699999999,145.66415999999998,106.82038399999998,0.9710943999999999,0.9710943999999998,0.003188946616538524,summer,day,0.6377893233077048
2018-07-22 11:00:00,3392.56,949.3,28.16,12.68386597469999,0.13917001266666668,13.917001266666668,139.1891252557572,102.07202518755525,0.927927501705048,0.9279275017050478,0.06341932987349995,summer,day,12.68386597469999
2018-07-22 12:00:00,3572.2400000000002,565.02,28.61,5.533603413330769,0.155584,15.5584,125.30559474760456,91.89076948157667,0.835370631650697,0.835370631650697,0.027668017066653845,summer,day,5.533603413330769
2018-07-22 13:00:00,3709.12,639.8,28.8,0.0,0.15217187333333332,15.217187333333332,104.01356847554219,76.27661688206427,0.6934237898369479,0.693423789836948,0.0,summer,day,36.266278603408395
2018-07-22 14:00:00,3803.04,440.86,28.41,0.0,0.16115859466666665,16.115859466666667,75.31304643956992,55.229567389017944,0.5020869762637994,0.5020869762637995,0.0,summer,day,9.05901259133758
2018-07-22 15:00:00,3825.52,215.48,27.88,0.0,0.17140893733333334,17.140893733333336,39.20402863968796,28.74962100243784,0.26136019093125307,0.2613601909312531,0.0,summer,day,0.0
2018-07-22 16:00:00,3775.04,57.71,26.44,0.0,0.17942394433333334,17.942394433333334,28.935957423351045,21.219702110457437,0.1929063828223403,0.19290638282234032,0.0,summer,day,28.322549796323145
2018-07-23 03:00:00,2371.04,18.36,16.96,1.609791763019902,0.18858650799999999,18.8586508,28.198443750468744,20.678858750343736,0.18798962500312497,0.18798962500312486,0.008048958815099509,summer,day,1.609791763019902
2018-07-23 04:00:00,2301.6,108.89,17.65,0.0,0.18409445633333332,18.409445633333334,28.198443750468744,20.678858750343736,0.18798962500312497,0.18798962500312486,0.0,summer,day,0.0
2018-07-23 05:00:00,2267.52,321.05,20.03,18.572621635851203,0.1729679563333333,17.296795633333332,66.41432367488896,48.70383736158523,0.4427621578325931,0.442762157832593,0.09286310817925601,summer,day,18.572621635851203
2018-07-23 06:00:00,2266.48,549.95,22.06,0.0,0.16138592433333332,16.138592433333333,97.1748993795098,71.26159287830717,0.6478326625300653,0.6478326625300652,0.0,summer,day,0.0
2018-07-23 07:00:00,2270.64,746.16,23.85,0.0,0.15141876199999998,15.141876199999999,120.48017086433138,88.35212530050967,0.8032011390955426,0.8032011390955425,0.0,summer,day,14.537350366203771
2018-07-23 08:00:00,2367.84,872.11,25.47,0.0,0.14465079566666666,14.465079566666667,136.33013812935363,99.97543462819264,0.9088675875290242,0.9088675875290241,0.0,summer,day,0.0
2018-07-23 09:00:00,2551.92,981.13,26.97,0.0,0.13871578966666667,13.871578966666668,144.7248011745765,106.13152086135608,0.96483200783051,0.9648320078305098,0.0,summer,day,0.14934223090848017
2018-07-23 10:00:00,2744.2400000000002,927.02,28.11,0.0,0.14018143333333333,14.018143333333333,145.66415999999998,106.82038399999998,0.9710943999999999,0.9710943999999998,0.0,summer,day,0.0
2018-07-23 11:00:00,2931.28,932.32,28.93,0.0,0.13930614866666663,13.930614866666662,139.1482146056242,102.04202404412439,0.9276547640374946,0.9276547640374945,0.0,summer,day,0.0
2018-07-23 12:00:00,3092.8,849.25,29.43,0.0,0.14253806966666666,14.253806966666666,125.17696499144903,91.79644099372928,0.8345130999429935,0.8345130999429934,0.0,summer,day,0.45496548869833664
2018-07-23 13:00:00,3208.96,662.66,29.59,0.0,0.15055394933333335,15.055394933333336,103.75041115747459,76.08363484881468,0.6916694077164972,0.6916694077164971,0.0,summer,day,5.91850921525224
2018-07-23 14:00:00,3271.04,436.11,29.31,0.0,0.160658993,16.0658993,74.8685531037007,54.903605609380506,0.4991236873580047,0.4991236873580046,0.0,summer,day,0.0
2018-07-23 15:00:00,3299.04,213.25,28.92,0.0,0.17068942366666667,17.06894236666667,38.5313908301276,28.256353275426896,0.2568759388675173,0.25687593886751725,0.0,summer,day,41.175933632805204
2018-07-23 16:00:00,3335.2000000000003,59.46,28.04,0.0,0.178090946,17.8090946,28.198443750468744,20.678858750343736,0.18798962500312497,0.18798962500312486,0.0,summer,day,22.568472543314975
2018-07-24 03:00:00,2270.2400000000002,6.99,19.62,17.94452952237194,0.186993455,18.6993455,26.843627317398255,19.685326699425385,0.1789575154493217,0.17895751544932167,0.0897226476118597,summer,day,17.94452952237194
2018-07-24 04:00:00,2240.56,110.45,20.2,19.168924698900426,0.18202361833333333,18.202361833333335,26.843627317398255,19.685326699425385,0.1789575154493217,0.17895751544932167,0.09584462349450212,summer,day,19.168924698900426
2018-07-24 05:00:00,2262.0,311.85,23.22,7.130276586246575,0.17086395699999998,17.086395699999997,65.5002784198179,48.033537507866455,0.43666852279878604,0.436668522798786,0.03565138293123288,summer,day,7.130276586246575
2018-07-24 06:00:00,2379.04,534.07,25.55,150.7419011471837,0.15933777566666665,15.933777566666665,96.61563792677644,70.85146781296937,0.6441042528451763,0.6441042528451761,0.7537095057359186,summer,day,150.7419011471837
2018-07-24 07:00:00,2545.68,740.07,26.9,135.91733554352334,0.14928901900000002,14.928901900000003,120.18970583827398,88.13911761473425,0.8012647055884932,0.8012647055884932,0.6795866777176167,summer,day,135.91733554352334
2018-07-24 08:00:00,2727.68,888.52,28.19,97.96752531636469,0.14179848466666667,14.179848466666666,136.2224821543104,99.89648691316096,0.908149881028736,0.908149881028736,0.48983762658182345,summer,day,97.96752531636469
2018-07-24 09:00:00,2874.4,990.57,29.4,39.166040688093645,0.136395369,13.6395369,144.71396687488576,106.12357570824955,0.964759779165905,0.9647597791659049,0.19583020344046823,summer,day,39.166040688093645
2018-07-24 10:00:00,3007.76,878.16,30.21,28.621531740643814,0.140664018,14.0664018,145.66415999999998,106.82038399999998,0.9710943999999999,0.9710943999999998,0.14310765870321907,summer,day,28.621531740643814
2018-07-24 11:00:00,3124.16,305.54,30.07,36.59773756788436,0.16575929333333336,16.575929333333335,139.07306152965316,101.98691178841231,0.9271537435310211,0.9271537435310211,0.1829886878394218,summer,day,36.59773756788436
2018-07-24 12:00:00,3219.92,639.61,30.51,13.03795065716487,0.15083712966666665,15.083712966666665,124.94067146384526,91.62315907348652,0.8329378097589685,0.8329378097589684,0.06518975328582435,summer,day,13.03795065716487
2018-07-24 13:00:00,3315.28,660.43,29.26,0.9530343074635611,0.15091043366666668,15.091043366666668,103.26698980257633,75.72912585522263,0.6884465986838422,0.6884465986838422,0.004765171537317805,summer,day,0.9530343074635611
2018-07-24 14:00:00,3407.6800000000003,435.78,28.32,0.0,0.161450938,16.145093799999998,74.0520165458462,54.304812133620544,0.49368011030564135,0.4936801103056413,0.0,summer,day,41.353135843654385
2018-07-24 15:00:00,3477.6800000000003,54.7,27.69,0.0,0.17857353066666665,17.857353066666665,37.295751693655134,27.350217908680428,0.24863834462436757,0.2486383446243675,0.0,summer,day,41.09961748456608
2018-07-24 16:00:00,3556.32,56.84,27.09,0.0,0.17895139533333335,17.895139533333335,26.843627317398255,19.685326699425385,0.1789575154493217,0.17895751544932167,0.0,summer,day,0.0
2018-07-25 03:00:00,2156.08,19.24,18.67,17.029178226233093,0.18720507666666666,18.720507666666666,21.91314047346862,16.069636347210317,0.14608760315645747,0.1460876031564574,0.08514589113116547,summer,day,17.029178226233093
2018-07-25 04:00:00,2104.48,108.86,18.99,4.617598621720641,0.18304332933333334,18.304332933333335,21.91314047346862,16.069636347210317,0.14608760315645747,0.1460876031564574,0.023087993108603207,summer,day,4.617598621720641
2018-07-25 05:00:00,2108.08,222.39,21.24,5.152550393405613,0.176322487,17.6322487,62.17385869617283,45.594163043860064,0.41449239130781884,0.4144923913078188,0.025762751967028062,summer,day,5.152550393405613
2018-07-25 06:00:00,2197.36,484.57,23.21,13.562695776682288,0.16333546166666668,16.333546166666668,94.58035759823073,69.3589289053692,0.6305357173215382,0.6305357173215381,0.06781347888341144,summer,day,13.562695776682288
2018-07-25 07:00:00,2345.28,627.17,24.19,4.81918928356062,0.15634365633333333,15.634365633333333,119.13263717964247,87.3639339317378,0.7942175811976164,0.7942175811976164,0.0240959464178031,summer,day,4.81918928356062
2018-07-25 08:00:00,2505.76,836.33,25.34,8.694331053612071,0.14631409833333334,14.631409833333334,135.83069744040793,99.6091781229658,0.9055379829360529,0.9055379829360527,0.04347165526806036,summer,day,8.694331053612071
2018-07-25 09:00:00,2635.68,992.71,26.16,6.574238694019348,0.13884668966666666,13.884668966666666,144.6745383805271,106.0946614790532,0.9644969225368474,0.9644969225368473,0.03287119347009674,summer,day,6.574238694019348
2018-07-25 10:00:00,2724.4,1011.76,26.94,0.8773237316945454,0.13740286266666668,13.740286266666669,145.66415999999998,106.82038399999998,0.9710943999999999,0.9710943999999998,0.004386618658472727,summer,day,0.8773237316945454
2018-07-25 11:00:00,2804.4,957.47,27.55,0.0,0.13929262233333334,13.929262233333334,138.79956229882666,101.7863456858062,0.9253304153255111,0.9253304153255109,0.0,summer,day,1.609791763019902
2018-07-25 12:00:00,2874.16,703.79,27.89,0.0,0.1500944903333333,15.00944903333333,124.08074527700704,90.99254653647182,0.8272049685133802,0.8272049685133802,0.0,summer,day,0.0
2018-07-25 13:00:00,2917.92,407.56,27.82,0.0,0.16307497066666665,16.307497066666667,101.5077089345412,74.43898655199688,0.676718059563608,0.676718059563608,0.0,summer,day,0.0
2018-07-25 14:00:00,2955.84,177.81,27.39,0.0,0.173437451,17.3437451,71.08045327142902,52.125665732381265,0.4738696884761935,0.4738696884761933,0.0,summer,day,0.4103034298680445
2018-07-25 15:00:00,2985.44,95.49,26.44,0.0,0.177775477,17.7775477,32.79897828767069,24.05258407762517,0.21865985525113796,0.2186598552511379,0.0,summer,day,0.0
2018-07-25 16:00:00,3011.12,56.84,24.79,0.0,0.18075781533333335,18.075781533333334,21.91314047346862,16.069636347210317,0.14608760315645747,0.1460876031564574,0.0,summer,day,6.141296618317179
2018-07-26 03:00:00,1999.8400000000001,20.12,17.38,0.0,0.18817984533333332,18.81798453333333,20.77187614861471,15.232709175650783,0.13847917432409806,0.13847917432409804,0.0,summer,day,1.4294635707899197
2018-07-26 04:00:00,1964.32,94.93,18.34,0.0,0.18416165166666668,18.41616516666667,20.77187614861471,15.232709175650783,0.13847917432409806,0.13847917432409804,0.0,summer,day,36.41522859496985
2018-07-26 05:00:00,1984.0800000000002,199.22,20.66,0.0,0.17778900333333333,17.778900333333333,61.40388926308113,45.029518792926154,0.4093592617538742,0.4093592617538741,0.0,summer,day,10.398402513574124
2018-07-26 06:00:00,2097.12,471.22,22.67,0.0,0.16434208266666667,16.434208266666666,94.10924938851997,69.0134495515813,0.6273949959234665,0.6273949959234664,0.0,summer,day,1.2202127108023682
2018-07-26 07:00:00,2244.64,721.41,23.56,0.0,0.15272645299999998,15.272645299999999,118.88795652493134,87.18450145161631,0.7925863768328756,0.7925863768328756,0.0,summer,day,23.788591397014162
2018-07-26 08:00:00,2420.32,886.35,25.33,0.0,0.144139413,14.4139413,135.74001067231512,99.54267449303109,0.9049334044821008,0.9049334044821008,0.0,summer,day,39.166040688093645
2018-07-26 09:00:00,2545.2000000000003,939.64,26.34,0.0,0.14102093866666668,14.102093866666667,144.66541183067136,106.08796867582565,0.9644360788711424,0.9644360788711422,0.0,summer,day,7.8177257880980715
2018-07-26 10:00:00,2657.44,583.19,27.4,0.0,0.15574151633333333,15.574151633333333,145.66415999999998,106.82038399999998,0.9710943999999999,0.9710943999999998,0.0,summer,day,9.194491105240374
2018-07-26 11:00:00,2765.28,765.86,27.94,0.0,0.14734689933333334,14.734689933333334,138.7362551803011,101.73992046555414,0.924908367868674,0.9249083678686739,0.0,summer,day,19.836825104628655
2018-07-26 12:00:00,2858.48,754.07,28.48,0.0,0.14743722033333334,14.743722033333334,123.88169737157465,90.84657807248807,0.8258779824771643,0.8258779824771643,0.0,summer,day,6.570321509570748
2018-07-26 13:00:00,2929.92,566.54,28.9,0.0,0.15528991133333334,15.528991133333333,101.10048657382069,74.14035682080183,0.6740032438254713,0.6740032438254712,0.0,summer,day,10.07862918463981
2018-07-26 14:00:00,3009.36,88.08,29.07,8.891193438943112,0.176033198,17.6033198,70.39262278703907,51.62125671049531,0.4692841519135938,0.46928415191359374,0.04445596719471556,summer,day,8.891193438943112
2018-07-26 15:00:00,3078.56,49.14,28.86,4.311435046298311,0.177897214,17.7897214,31.758106011230012,23.289277741568675,0.21172070674153343,0.2117207067415334,0.021557175231491556,summer,day,4.311435046298311
2018-07-26 16:00:00,3141.52,50.72,27.62,0.0,0.17880216933333334,17.880216933333333,20.77187614861471,15.232709175650783,0.13847917432409806,0.13847917432409804,0.0,summer,day,0.0
2018-07-27 03:00:00,2045.1200000000001,2.62,17.99,0.0,0.18846433466666668,18.846433466666667,26.109528711244955,19.14698772157963,0.17406352474163303,0.174063524741633,0.0,summer,day,44.50162474498064
2018-07-27 04:00:00,2009.04,109.34,18.56,0.0,0.18336010733333333,18.33601073333333,26.109528711244955,19.14698772157963,0.17406352474163303,0.174063524741633,0.0,summer,day,0.0
2018-07-27 05:00:00,2038.72,314.42,20.91,0.0,0.17256609333333334,17.256609333333333,65.00500885315935,47.67033982565019,0.433366725687729,0.433366725687729,0.0,summer,day,31.089970145368095
2018-07-27 06:00:00,2150.8,542.97,23.05,0.0,0.16091293899999998,16.091293899999997,96.31260569089162,70.62924417332052,0.6420840379392775,0.6420840379392774,0.0,summer,day,0.0
2018-07-27 07:00:00,2313.28,751.33,24.5,0.0,0.15068266766666666,15.068266766666666,120.03231922444189,88.02370076459071,0.8002154614962793,0.8002154614962792,0.0,summer,day,0.0
2018-07-27 08:00:00,2481.28,908.07,25.66,0.0,0.142932515,14.2932515,136.16414945381004,99.85370959946069,0.9077609963587336,0.9077609963587335,0.0,summer,day,8.988854832885282
2018-07-27 09:00:00,2613.04,1006.66,26.23,0.0,0.13818302666666665,13.818302666666666,144.70809637899606,106.11927067793044,0.9647206425266404,0.9647206425266404,0.0,summer,day,15.64231308922634
2018-07-27 10:00:00,2735.52,977.17,26.9,0.0,0.13894355566666666,13.894355566666666,145.66415999999998,106.82038399999998,0.9710943999999999,0.9710943999999998,0.0,summer,day,5.425638384704719
2018-07-27 11:00:00,2871.84,512.23,27.8,0.0,0.15852357766666667,15.852357766666666,139.03234031682183,101.95704956566934,0.9268822687788122,0.9268822687788122,0.0,summer,day,6.083612478351599
2018-07-27 12:00:00,2991.2000000000003,90.85,28.49,0.0,0.17636786566666668,17.636786566666668,124.81263732946158,91.52926737493848,0.8320842488630772,0.8320842488630771,0.0,summer,day,33.89802616875443
2018-07-27 13:00:00,3093.6800000000003,577.85,28.36,0.0,0.15522053433333333,15.522053433333333,103.00505103791929,75.53703742780746,0.6867003402527952,0.6867003402527951,0.0,summer,day,30.867128568475728
2018-07-27 14:00:00,3174.48,300.47,28.04,42.51189507155436,0.16757487633333334,16.757487633333334,73.60958144219478,53.98035972427617,0.4907305429479652,0.4907305429479652,0.2125594753577718,summer,day,42.51189507155436
2018-07-27 15:00:00,3217.6800000000003,211.95,26.93,37.67121582619213,0.172309093,17.2309093,36.62622854228832,26.85923426434476,0.2441748569485888,0.24417485694858873,0.18835607913096067,summer,day,37.67121582619213
2018-07-27 16:00:00,3248.8,57.71,26.21,0.0,0.17960458633333332,17.96045863333333,26.109528711244955,19.14698772157963,0.17406352474163303,0.174063524741633,0.0,summer,day,0.0
2018-07-28 03:00:00,2218.88,2.62,17.15,0.0,0.18912407066666667,18.912407066666667,15.934952308898323,11.685631693192102,0.10623301539265549,0.10623301539265548,0.0,summer,day,12.134034963517749
2018-07-28 04:00:00,2169.36,58.41,17.77,0.0,0.186202819,18.6202819,15.934952308898323,11.685631693192102,0.10623301539265549,0.10623301539265548,0.0,summer,day,0.0
2018-07-28 05:00:00,2181.04,162.72,20.2,0.0,0.179742904,17.9742904,58.14059308736756,42.63643493073621,0.3876039539157837,0.3876039539157837,0.0,summer,day,12.617437497070883
2018-07-28 06:00:00,2287.36,393.01,21.55,0.0,0.16863429366666666,16.863429366666665,92.1125914005225,67.5492336937165,0.61408394267015,0.61408394267015,0.0,summer,day,9.371750141782739
2018-07-28 07:00:00,2432.32,713.16,20.89,0.0,0.155183446,15.5183446,117.8509472483633,86.42402798213307,0.7856729816557553,0.7856729816557552,0.0,summer,day,4.218201889205193
2018-07-28 08:00:00,2623.6,831.22,22.33,0.0,0.14890111866666667,14.890111866666667,135.35566063088982,99.26081779598584,0.9023710708725988,0.9023710708725986,0.0,summer,day,6.801455849285059
2018-07-28 09:00:00,2798.0,599.39,23.63,0.0,0.15799561433333334,15.799561433333334,144.62673154810204,106.05960313527481,0.9641782103206803,0.9641782103206801,0.0,summer,day,15.927894777423736
2018-07-28 10:00:00,2945.68,694.23,25.44,0.0,0.15243585499999998,15.243585499999998,145.66415999999998,106.82038399999998,0.9710943999999999,0.9710943999999998,0.0,summer,day,34.21623186623347
2018-07-28 11:00:00,3095.12,607.9,26.66,0.0,0.15524453266666666,15.524453266666665,138.46794598658371,101.54316039016139,0.9231196399105581,0.9231196399105581,0.0,summer,day,0.0
2018-07-28 12:00:00,3230.64,420.97,27.19,0.0,0.16298464966666665,16.298464966666664,123.03808950785319,90.227932305759,0.8202539300523546,0.8202539300523545,0.0,summer,day,11.607488090689207
2018-07-28 13:00:00,3332.08,118.66,27.35,0.0,0.17604977866666666,17.604977866666665,99.37459056380844,72.87469974679284,0.6624972704253896,0.6624972704253895,0.0,summer,day,0.0
2018-07-28 14:00:00,3402.8,437.83,26.8,0.0,0.16255529766666665,16.255529766666665,67.47744915444935,49.48346271326284,0.4498496610296623,0.4498496610296622,0.0,summer,day,0.0
2018-07-28 15:00:00,3430.16,213.15,25.71,0.0,0.173214921,17.3214921,27.346665279776115,20.05422120516915,0.1823111018651741,0.18231110186517407,0.0,summer,day,30.090428932945787
2018-07-28 16:00:00,3413.12,55.97,25.17,0.0,0.18049732433333332,18.049732433333332,15.934952308898323,11.685631693192102,0.10623301539265549,0.10623301539265548,0.0,summer,day,17.4025003000227
2018-07-29 03:00:00,2145.12,2.62,16.16,0.0,0.18990161666666663,18.990161666666662,25.88472352003918,18.982130581362064,0.17256482346692786,0.17256482346692786,0.0,summer,day,20.98928349967099
2018-07-29 04:00:00,2075.76,107.7,17.15,0.0,0.18453908,18.453908,25.88472352003918,18.982130581362064,0.17256482346692786,0.17256482346692786,0.0,summer,day,0.5235002579992258
2018-07-29 05:00:00,2042.0,309.64,20.28,4.584590470753268,0.17326946266666665,17.326946266666667,64.85334098633899,47.559116723315256,0.4323556065755933,0.43235560657559324,0.02292295235376634,summer,day,4.584590470753268
2018-07-29 06:00:00,2047.92,541.29,22.28,1.4624886747557535,0.16159100099999998,16.1591001,96.21980723144955,70.56119196972966,0.641465381542997,0.6414653815429969,0.0073124433737787676,summer,day,1.4624886747557535
2018-07-29 07:00:00,2063.76,740.94,23.91,0.0,0.151599404,15.1599404,119.984122255371,87.98835632060539,0.7998941483691401,0.79989414836914,0.0,summer,day,38.14249024147289
2018-07-29 08:00:00,2123.68,872.62,25.08,0.0,0.14493484866666667,14.493484866666668,136.14628605810321,99.84060977594237,0.9076419070540215,0.9076419070540215,0.0,summer,day,0.0
2018-07-29 09:00:00,2245.04,939.09,26.45,0.0,0.140958543,14.0958543,144.7062986396462,106.11795233574057,0.9647086575976414,0.9647086575976416,0.0,summer,day,0.0
2018-07-29 10:00:00,2344.0,1014.61,27.48,0.0,0.13685439166666666,13.685439166666665,145.66415999999998,106.82038399999998,0.9710943999999999,0.9710943999999998,0.0,summer,day,18.11619312232771
2018-07-29 11:00:00,2418.2400000000002,932.09,28.37,0.0,0.13975600833333335,13.975600833333335,139.01987013916457,101.94790476872069,0.9267991342610972,0.9267991342610972,0.0,summer,day,23.99818122226143
2018-07-29 12:00:00,2446.88,658.3,28.97,5.700925909167033,0.15123113866666665,15.123113866666666,124.77342905713994,91.50051464190264,0.8318228603809329,0.8318228603809331,0.028504629545835165,summer,day,5.700925909167033
2018-07-29 13:00:00,2456.2400000000002,621.15,29.24,0.0,0.152640059,15.264005899999999,102.92483675392617,75.47821361954584,0.6861655783595079,0.6861655783595076,0.0,summer,day,12.514725435520559
2018-07-29 14:00:00,2463.6,441.11,29.23,17.537736357634675,0.16050365833333333,16.050365833333334,73.47409322952308,53.88100170165025,0.48982728819682053,0.4898272881968204,0.08768868178817338,summer,day,17.537736357634675
2018-07-29 15:00:00,2454.4,211.01,28.89,28.2681486660705,0.17081072433333333,17.081072433333333,36.421198483930894,26.708878888215988,0.24280798989287264,0.2428079898928726,0.1413407433303525,summer,day,28.2681486660705
2018-07-29 16:00:00,2458.4,53.34,28.4,22.57392932521028,0.178075238,17.8075238,25.88472352003918,18.982130581362064,0.17256482346692786,0.17256482346692786,0.1128696466260514,summer,day,22.57392932521028
2018-07-30 03:00:00,1766.32,2.62,17.46,3.12259494830466,0.18888059666666665,18.888059666666663,26.107244894711677,19.14531292278856,0.17404829929807786,0.1740482992980778,0.0156129747415233,summer,day,3.12259494830466
2018-07-30 04:00:00,1718.88,107.02,18.51,10.484479800546502,0.18350060666666665,18.350060666666664,26.107244894711677,19.14531292278856,0.17404829929807786,0.1740482992980778,0.05242239900273251,summer,day,10.484479800546502
2018-07-30 05:00:00,1696.4,308.03,21.75,12.346812331313386,0.17218517433333333,17.218517433333332,65.00346804540507,47.66920989996372,0.4333564536360338,0.4333564536360338,0.061734061656566926,summer,day,12.346812331313386
2018-07-30 06:00:00,1699.44,537.89,23.96,15.439806018374632,0.16041988233333332,16.04198823333333,96.31166294284031,70.62855282474955,0.6420777529522688,0.6420777529522687,0.07719903009187316,summer,day,15.439806018374632
2018-07-30 07:00:00,1698.64,745.0,26.04,11.535453569010775,0.14974935066666664,14.974935066666664,120.03182958701748,88.02334169714614,0.8002121972467833,0.800212197246783,0.05767726784505387,summer,day,11.535453569010775
2018-07-30 08:00:00,1784.32,901.52,27.63,8.29377810765979,0.14167107533333334,14.167107533333335,136.1639679779365,99.8535765171534,0.9077597865195767,0.9077597865195763,0.04146889053829895,summer,day,8.29377810765979
2018-07-30 09:00:00,1922.48,993.68,28.52,8.885363880500712,0.13695082133333333,13.695082133333333,144.70807811559732,106.11925728477135,0.9647205207706487,0.9647205207706486,0.044426819402503565,summer,day,8.885363880500712
2018-07-30 10:00:00,2053.52,821.93,28.95,4.521194969787097,0.14410712433333334,14.410712433333334,145.66415999999998,106.82038399999998,0.9710943999999999,0.9710943999999998,0.022605974848935485,summer,day,4.521194969787097
2018-07-30 11:00:00,2165.6,325.68,29.75,14.294224289880708,0.165131846,16.5131846,139.03221363114454,101.95695666283933,0.9268814242076303,0.9268814242076303,0.07147112144940354,summer,day,14.294224289880708
2018-07-30 12:00:00,2260.8,89.93,30.59,28.676963310132436,0.17475866833333334,17.475866833333335,124.81223900903095,91.52897527328936,0.8320815933935396,0.8320815933935396,0.14338481655066218,summer,day,28.676963310132436
2018-07-30 13:00:00,2353.04,668.03,30.91,29.881674066550037,0.14928291033333332,14.928291033333332,103.00423613365928,75.53643983135011,0.6866949075577286,0.6866949075577282,0.14940837033275017,summer,day,29.881674066550037
2018-07-30 14:00:00,2442.88,435.68,30.78,26.04965845155218,0.15952321733333333,15.952321733333333,73.60820500502933,53.9793503370215,0.49072136670019556,0.49072136670019545,0.1302482922577609,summer,day,26.04965845155218
2018-07-30 15:00:00,2533.84,209.47,30.36,73.71147667529821,0.16972338166666667,16.972338166666667,36.62414562314137,26.857706790303663,0.24416097082094243,0.2441609708209424,0.3685573833764911,summer,day,73.71147667529821
2018-07-30 16:00:00,2645.92,48.97,29.64,36.50693768697239,0.17729201966666666,17.729201966666665,26.107244894711677,19.14531292278856,0.17404829929807786,0.1740482992980778,0.18253468843486195,summer,day,36.50693768697239
2018-07-31 03:00:00,1881.52,1.75,19.06,94.09060679630693,0.18766191766666668,18.76619176666667,26.25384429896617,19.25281915257519,0.17502562865977445,0.17502562865977445,0.47045303398153465,summer,day,94.09060679630693
2018-07-31 04:00:00,1852.16,105.29,19.88,103.15642331730594,0.1825000943333333,18.250009433333332,26.25384429896617,19.25281915257519,0.17502562865977445,0.17502562865977445,0.5157821165865297,summer,day,103.15642331730594
2018-07-31 05:00:00,1875.6000000000001,299.87,22.73,103.14644624093846,0.1717715303333333,17.17715303333333,65.10237331890502,47.74174043386368,0.4340158221260335,0.43401582212603346,0.5157322312046922,summer,day,103.14644624093846
2018-07-31 06:00:00,1979.44,522.83,24.99,110.39066440338007,0.16026803833333333,16.026803833333332,96.37217844427056,70.67293085913174,0.6424811896284705,0.6424811896284703,0.5519533220169004,summer,day,110.39066440338007
2018-07-31 07:00:00,2119.04,731.12,27.6,95.840201697898,0.14912975733333333,14.912975733333333,120.0632596750629,88.04639042837944,0.8004217311670859,0.8004217311670858,0.47920100848949,summer,day,95.840201697898
2018-07-31 08:00:00,2301.44,719.71,29.32,34.525193917625,0.14827672566666666,14.827672566666667,136.1756170112819,99.86211914160671,0.9078374467418794,0.9078374467418792,0.172625969588125,summer,day,34.525193917625
2018-07-31 09:00:00,2472.56,958.99,30.35,34.38381765444804,0.13702717966666667,13.702717966666667,144.7092504529276,106.12011699881357,0.9647283363528506,0.9647283363528506,0.1719190882722402,summer,day,34.38381765444804
2018-07-31 10:00:00,2622.7200000000003,849.58,31.38,41.541933526612056,0.14099214066666668,14.099214066666669,145.66415999999998,106.82038399999998,0.9710943999999999,0.9710943999999998,0.20770966763306029,summer,day,41.541933526612056
2018-07-31 11:00:00,2791.12,705.92,31.42,12.780275688040817,0.14722908933333334,14.722908933333335,139.0403456524991,101.96292014516601,0.9269356376833273,0.9269356376833273,0.06390137844020409,summer,day,12.780275688040817
2018-07-31 12:00:00,2946.4,732.3,32.03,11.845177084690611,0.145598948,14.5598948,124.83780741042493,91.5477254343116,0.8322520494028328,0.8322520494028327,0.059225885423453056,summer,day,11.845177084690611
2018-07-31 13:00:00,3102.2400000000002,500.29,32.49,26.993531699602343,0.15536103366666665,15.536103366666666,103.0565452737775,75.57479986743684,0.6870436351585166,0.6870436351585167,0.1349676584980117,summer,day,26.993531699602343
2018-07-31 14:00:00,3255.2000000000003,40.8,32.24,60.20783718965255,0.175606464,17.5606464,73.69655924255669,54.04414344454156,0.4913103949503779,0.4913103949503778,0.30103918594826273,summer,day,60.20783718965255
2018-07-31 15:00:00,3396.64,63.97,29.8,133.39610531217667,0.17651185566666666,17.651185566666665,36.757849316762695,26.955756165625974,0.24505232877841795,0.24505232877841795,0.6669805265608834,summer,day,133.39610531217667
2018-07-31 16:00:00,3520.64,22.74,27.16,59.09238671669987,0.180384314,18.0384314,26.25384429896617,19.25281915257519,0.17502562865977445,0.17502562865977445,0.29546193358349937,summer,day,59.09238671669987
2018-08-01 03:00:00,2170.2400000000002,2.62,17.15,51.49084253425583,0.18912407066666667,18.912407066666667,27.46975501483153,20.14448701087645,0.18313170009887686,0.1831317000988768,0.25745421267127916,summer,day,51.49084253425583
2018-08-01 04:00:00,2112.7200000000003,106.08,18.05,51.550880773269945,0.183902906,18.3902906,27.46975501483153,20.14448701087645,0.18313170009887686,0.1831317000988768,0.25775440386634973,summer,day,51.550880773269945
2018-08-01 05:00:00,2113.76,310.96,19.61,9.224041223359903,0.17373808466666665,17.373808466666667,65.92270395064085,48.34331623046995,0.43948469300427234,0.4394846930042723,0.04612020611679951,summer,day,9.224041223359903
2018-08-01 06:00:00,2208.96,550.18,21.94,30.867128568475728,0.16147013666666668,16.14701366666667,96.87410031113764,71.04100689483425,0.6458273354075843,0.6458273354075841,0.15433564284237863,summer,day,30.867128568475728
2018-08-01 07:00:00,2350.96,775.12,24.04,41.752046148236396,0.15000591466666668,15.000591466666668,120.323944096322,88.23755900396945,0.8021596273088133,0.8021596273088132,0.20876023074118197,summer,day,41.752046148236396
2018-08-01 08:00:00,2564.08,921.13,26.05,47.23106128536507,0.14205635766666666,14.205635766666665,136.27223530619383,99.93297255787549,0.9084815687079589,0.9084815687079589,0.23615530642682536,summer,day,47.23106128536507
2018-08-01 09:00:00,2764.88,873.92,27.61,30.849744452423955,0.14289106333333335,14.289106333333335,144.7189739407532,106.12724755655232,0.9647931596050212,0.9647931596050211,0.15424872226211978,summer,day,30.849744452423955
2018-08-01 10:00:00,2958.8,461.79,28.52,10.004673196856606,0.16015895500000002,16.015895500000003,145.66415999999998,106.82038399999998,0.9710943999999999,0.9710943999999998,0.05002336598428303,summer,day,10.004673196856606
2018-08-01 11:00:00,3170.48,721.05,28.7,27.51844956922696,0.148705205,14.870520500000001,139.10779348393433,102.0123818882185,0.9273852898928955,0.9273852898928955,0.1375922478461348,summer,day,27.51844956922696
2018-08-01 12:00:00,3358.48,528.22,29.06,26.498326848417676,0.15683627666666666,15.683627666666666,125.04987439255615,91.70324122120783,0.8336658292837077,0.8336658292837076,0.13249163424208837,summer,day,26.498326848417676
2018-08-01 13:00:00,3525.12,625.47,29.45,17.244776421437255,0.15228662899999998,15.228662899999998,103.49040272586552,75.89296199896805,0.6899360181724368,0.6899360181724368,0.08622388210718628,summer,day,17.244776421437255
2018-08-01 14:00:00,3672.48,165.89,29.43,41.26957631372706,0.17235534433333333,17.23553443333333,74.4293784838623,54.581544221499016,0.49619585655908194,0.49619585655908194,0.2063478815686353,summer,day,41.26957631372706
2018-08-01 15:00:00,3788.2400000000002,209.19,29.13,52.74860878851203,0.17070164100000002,17.070164100000003,37.86680166654669,27.7689878888009,0.25244534444364464,0.2524453444436445,0.26374304394256015,summer,day,52.74860878851203
2018-08-01 16:00:00,3868.88,48.09,28.22,53.07548835979513,0.178445685,17.844568499999998,27.46975501483153,20.14448701087645,0.18313170009887686,0.1831317000988768,0.26537744179897566,summer,day,53.07548835979513
2018-08-02 03:00:00,2317.28,2.62,17.88,45.45857244851323,0.18855072866666667,18.855072866666667,29.27250349387626,21.466502562175926,0.1951500232925084,0.1951500232925084,0.22729286224256615,summer,day,45.45857244851323
2018-08-02 04:00:00,2259.44,104.67,18.64,38.65933128590959,0.18350104299999997,18.350104299999998,29.27250349387626,21.466502562175926,0.1951500232925084,0.1951500232925084,0.19329665642954794,summer,day,38.65933128590959
2018-08-02 05:00:00,2266.96,305.97,20.48,36.805628683744075,0.173272517,17.327251699999998,67.13895262694523,49.23523192642649,0.44759301751296815,0.44759301751296815,0.18402814341872037,summer,day,36.805628683744075
2018-08-02 06:00:00,2370.8,447.96,22.55,34.14058247279406,0.165451242,16.5451242,97.61826587386147,71.5867283074984,0.6507884391590765,0.6507884391590764,0.17070291236397028,summer,day,34.14058247279406
2018-08-02 07:00:00,2527.84,573.17,24.52,42.71889212984166,0.1584406743333333,15.844067433333331,120.71044323462515,88.52099170539176,0.8047362882308343,0.8047362882308342,0.2135944606492083,summer,day,42.71889212984166
2018-08-02 08:00:00,2717.68,643.96,25.86,32.24688367475422,0.15429943466666665,15.429943466666666,136.41548470923613,100.03802212010646,0.9094365647282409,0.9094365647282405,0.16123441837377112,summer,day,32.24688367475422
2018-08-02 09:00:00,2899.76,828.48,26.7,58.46866790856624,0.145588476,14.5588476,144.7333902976944,106.13781955164254,0.964889268651296,0.9648892686512958,0.2923433395428312,summer,day,58.46866790856624
2018-08-02 10:00:00,3093.6,598.5,27.59,76.84267844308901,0.154924264,15.492426400000001,145.66415999999998,106.82038399999996,0.9710943999999999,0.9710943999999997,0.3842133922154451,summer,day,76.84267844308901
2018-08-02 11:00:00,3307.84,699.61,28.27,75.19119954098554,0.14997842566666666,14.997842566666666,139.20779381615293,102.0857154651788,0.9280519587743529,0.9280519587743526,0.37595599770492766,summer,day,75.19119954098554
2018-08-02 12:00:00,3508.56,511.24,28.72,0.0,0.15784420666666665,15.784420666666666,125.36429174615319,91.933813947179,0.8357619449743545,0.8357619449743546,0.0,summer,day,0.0
2018-08-02 13:00:00,3636.16,163.17,29.31,119.58866809413347,0.172568275,17.2568275,104.13365379000082,76.3646794460006,0.6942243586000054,0.6942243586000054,0.5979433404706673,summer,day,119.58866809413347
2018-08-02 14:00:00,3662.88,329.56,27.76,159.31365236156464,0.16652549466666666,16.652549466666667,75.51587994769568,55.37831196164349,0.5034391996513046,0.5034391996513045,0.7965682618078231,summer,day,159.31365236156464
2018-08-02 15:00:00,3605.6800000000003,71.38,24.69,0.0,0.18020192666666665,18.020192666666667,39.51097021923798,28.974711494107854,0.26340646812825325,0.26340646812825325,0.0,summer,day,0.0
2018-08-02 16:00:00,3526.64,17.49,24.71,79.20437243507631,0.182537619,18.2537619,29.27250349387626,21.466502562175926,0.1951500232925084,0.1951500232925084,0.39602186217538154,summer,day,79.20437243507631
2018-08-03 03:00:00,2123.52,1.75,18.43,82.61418072664802,0.18815671966666667,18.815671966666667,11.653132799999998,8.545630719999998,0.07768755199999999,0.07768755199999998,0.41307090363324006,summer,day,82.61418072664802
2018-08-03 04:00:00,2080.96,14.83,19.05,75.2625059361156,0.18709904766666668,18.709904766666668,11.653132799999998,8.545630719999998,0.07768755199999999,0.07768755199999998,0.376312529680578,summer,day,75.2625059361156
2018-08-03 05:00:00,2094.96,62.11,20.8,92.03135884289526,0.18366161366666667,18.366161366666667,55.25180556630893,40.517990748626545,0.36834537044205956,0.3683453704420595,0.4601567942144763,summer,day,92.03135884289526
2018-08-03 06:00:00,2200.32,227.66,22.4,79.79591123201104,0.17518147533333334,17.518147533333334,90.34507770609424,66.25305698446911,0.6023005180406283,0.6023005180406283,0.3989795561600552,summer,day,79.79591123201104
2018-08-03 07:00:00,2352.96,598.08,24.2,63.64704936789304,0.157605096,15.7605096,116.93294921935608,85.75082942752778,0.7795529947957072,0.779552994795707,0.3182352468394652,summer,day,63.64704936789304
2018-08-03 08:00:00,2546.88,817.25,25.71,30.323474888978044,0.14685602433333333,14.685602433333333,135.01542010609433,99.01130807780248,0.9001028007072955,0.9001028007072953,0.1516173744448902,summer,day,30.323474888978044
2018-08-03 09:00:00,2717.36,827.23,26.55,51.539261055532535,0.14576082766666668,14.576082766666667,144.59249036630897,106.03449293529323,0.9639499357753931,0.963949935775393,0.2576963052776627,summer,day,51.539261055532535
2018-08-03 10:00:00,2892.96,830.39,27.39,33.31052729976563,0.14496321033333334,14.496321033333334,145.66415999999998,106.82038399999996,0.9710943999999999,0.9710943999999997,0.16655263649882815,summer,day,33.31052729976563
2018-08-03 11:00:00,3080.8,246.61,28.11,30.00940610196109,0.16986998966666667,16.98699896666667,138.23042900716746,101.36898127192279,0.9215361933811164,0.9215361933811163,0.15004703050980545,summer,day,30.00940610196109
2018-08-03 12:00:00,3264.56,121.45,28.39,61.12040023844683,0.17511122566666668,17.511122566666668,122.29129738781135,89.68028475106166,0.8152753159187424,0.8152753159187424,0.30560200119223413,summer,day,61.12040023844683
2018-08-03 13:00:00,3429.52,210.56,28.55,143.28376379935236,0.17109739533333332,17.109739533333332,97.84676514193173,71.75429443741659,0.6523117676128781,0.6523117676128781,0.7164188189967617,summer,day,143.28376379935236
2018-08-03 14:00:00,3591.2000000000003,60.27,28.52,177.4678823298665,0.17767861100000001,17.7678611,64.8968322695284,47.591010330987494,0.4326455484635227,0.43264554846352266,0.8873394116493326,summer,day,177.4678823298665
2018-08-03 15:00:00,3716.96,195.23,28.09,0.0,0.17212757833333334,17.212757833333335,23.441498770601644,17.19043243177454,0.15627665847067762,0.15627665847067762,0.0,summer,day,0.0
2018-08-03 16:00:00,3785.44,44.6,27.2,156.63431638297448,0.17939907333333333,17.939907333333334,11.653132799999998,8.545630719999998,0.07768755199999999,0.07768755199999998,0.7831715819148724,summer,day,156.63431638297448
2018-08-04 03:00:00,2230.7200000000003,1.75,17.75,175.02252879473215,0.18869079166666666,18.869079166666666,20.377588161342672,14.943564651651295,0.13585058774228448,0.1358505877422845,0.8751126439736607,summer,day,175.02252879473215
2018-08-04 04:00:00,2177.84,30.6,18.02,178.29142149007944,0.18721991200000002,18.7219912,20.377588161342672,14.943564651651295,0.13585058774228448,0.1358505877422845,0.8914571074503972,summer,day,178.29142149007944
2018-08-04 05:00:00,2196.8,310.04,19.6,68.84066920509811,0.17378608133333331,17.37860813333333,61.1378775325615,44.83444352387843,0.40758585021707666,0.4075858502170766,0.3442033460254905,summer,day,68.84066920509811
2018-08-04 06:00:00,2294.4,551.15,21.3,177.77321965971055,0.16193046833333333,16.193046833333334,93.94648927786992,68.8940921371046,0.6263099285191328,0.6263099285191327,0.8888660982985528,summer,day,177.77321965971055
2018-08-04 07:00:00,2440.7200000000003,769.85,22.7,157.648523170288,0.15128829833333332,15.128829833333333,118.80342339726803,87.12251049132989,0.7920228226484536,0.7920228226484536,0.78824261585144,summer,day,157.648523170288
2018-08-04 08:00:00,2637.68,932.36,24.18,0.0,0.14303505333333333,14.303505333333334,135.70867989075577,99.51969858655421,0.9047245326050385,0.9047245326050383,0.0,summer,day,26.06760324777651
2018-08-04 09:00:00,2840.56,1040.57,25.53,0.0,0.13725320033333335,13.725320033333336,144.66225875833308,106.08565642277757,0.9644150583888872,0.9644150583888871,0.0,summer,day,23.831836507185475
2018-08-04 10:00:00,3033.04,1032.54,26.75,112.17790670552829,0.136645388,13.6645388,145.66415999999998,106.82038399999998,0.9710943999999999,0.9710943999999998,0.5608895335276415,summer,day,112.17790670552829
2018-08-04 11:00:00,3238.2400000000002,916.79,27.66,135.68803250648037,0.14098123233333335,14.098123233333334,138.71438361575656,101.72388131822146,0.9247625574383771,0.9247625574383769,0.6784401625324018,summer,day,135.68803250648037
2018-08-04 12:00:00,3432.7200000000003,848.99,28.23,163.43636700784828,0.14349189433333334,14.349189433333335,123.81292960560273,90.796148377442,0.8254195307040182,0.8254195307040181,0.8171818350392414,summer,day,163.43636700784828
2018-08-04 13:00:00,3584.64,680.03,28.49,172.88646462698165,0.15065997833333333,15.065997833333334,100.95979796953857,74.03718517766161,0.6730653197969239,0.6730653197969237,0.8644323231349083,summer,day,172.88646462698165
2018-08-04 14:00:00,3714.4,440.99,28.43,151.34839343585486,0.16113721433333336,16.113721433333335,70.15498870756393,51.44699171888021,0.4676999247170929,0.4676999247170928,0.7567419671792743,summer,day,151.34839343585486
2018-08-04 15:00:00,3781.04,208.98,28.01,164.04602335111434,0.17159045199999998,17.159045199999998,31.39850181967904,23.025568001097966,0.20932334546452694,0.20932334546452697,0.8202301167555717,summer,day,164.04602335111434
2018-08-04 16:00:00,3822.4,45.47,27.22,150.22971223282713,0.17934540433333335,17.934540433333336,20.377588161342672,14.943564651651295,0.13585058774228448,0.1358505877422845,0.7511485611641356,summer,day,150.22971223282713
2018-08-05 03:00:00,2299.76,1.75,16.88,177.79551351565115,0.18937408966666666,18.937408966666666,14.718586920086803,10.793630408063654,0.0981239128005787,0.09812391280057868,0.8889775675782557,summer,day,177.79551351565115
2018-08-05 04:00:00,2221.12,14.83,17.41,178.71755054400936,0.1883871036666667,18.83871036666667,14.718586920086803,10.793630408063654,0.0981239128005787,0.09812391280057868,0.8935877527200468,summer,day,178.71755054400936
2018-08-05 05:00:00,2182.48,228.9,19.15,177.51907697567336,0.17767992,17.767992,57.3199557043709,42.03463418320533,0.38213303802913934,0.38213303802913934,0.8875953848783668,summer,day,177.51907697567336
2018-08-05 06:00:00,2183.52,244.91,21.19,154.42496980132398,0.17537913433333333,17.537913433333333,91.61048184693554,67.18102002108606,0.6107365456462369,0.6107365456462369,0.7721248490066199,summer,day,154.42496980132398
2018-08-05 07:00:00,2205.52,178.0,22.94,140.35669810561694,0.17692419066666665,17.692419066666666,117.59016534778084,86.23278792170593,0.7839344356518723,0.7839344356518722,0.7017834905280848,summer,day,140.35669810561694
2018-08-05 08:00:00,2273.52,960.57,24.69,178.59163086937238,0.141403603,14.1403603,135.25900620690666,99.18993788506488,0.9017267080460444,0.9017267080460444,0.8929581543468619,summer,day,178.59163086937238
2018-08-05 09:00:00,2414.32,1040.28,26.13,163.7516207999863,0.13679461399999998,13.679461399999997,144.61700442431305,106.0524699111629,0.9641133628287537,0.9641133628287537,0.8187581039999315,summer,day,163.7516207999863
2018-08-05 10:00:00,2547.04,1072.57,27.0,150.76335852892123,0.13470239566666667,13.470239566666667,145.66415999999998,106.82038399999998,0.9710943999999999,0.9710943999999998,0.7538167926446061,summer,day,150.76335852892123
2018-08-05 11:00:00,2637.84,893.47,28.02,90.56609243354843,0.14171601766666667,14.171601766666667,138.4004729339675,101.49368015157617,0.9226698195597833,0.9226698195597833,0.45283046216774214,summer,day,90.56609243354843
2018-08-05 12:00:00,2681.68,843.13,28.55,107.50159161041609,0.14349625766666668,14.349625766666668,122.8259432262156,90.07235836589143,0.818839621508104,0.818839621508104,0.5375079580520804,summer,day,107.50159161041609
2018-08-05 13:00:00,2706.4,518.71,28.77,98.62843085810293,0.15747899566666665,15.747899566666664,98.9405708767443,72.55641864294581,0.659603805844962,0.6596038058449619,0.49314215429051467,summer,day,98.62843085810293
2018-08-05 14:00:00,2697.04,305.87,28.9,113.56367775852249,0.16666381233333336,16.666381233333336,66.74435588555346,48.945860982739205,0.4449623725703564,0.4449623725703564,0.5678183887926125,summer,day,113.56367775852249
2018-08-05 15:00:00,2714.7200000000003,212.08,28.46,164.85893080297458,0.1711017586666667,17.11017586666667,26.23729825264332,19.240685385271767,0.1749153216842888,0.1749153216842888,0.8242946540148729,summer,day,164.85893080297458
2018-08-05 16:00:00,2768.08,44.6,27.91,129.1426461110688,0.17884143933333332,17.884143933333334,14.718586920086803,10.793630408063654,0.0981239128005787,0.09812391280057868,0.645713230555344,summer,day,129.1426461110688
2018-08-06 04:00:00,1773.52,90.19,17.6,103.86475937093562,0.18494966966666665,18.494966966666667,53.751497902779974,39.417765128705305,0.3583433193518665,0.3583433193518664,0.5193237968546781,summer,day,103.86475937093562
2018-08-06 05:00:00,1753.1200000000001,305.26,20.22,94.7345828275388,0.17350770066666665,17.350770066666666,83.6540377279282,61.346294333814,0.5576935848528547,0.5576935848528546,0.473672914137694,summer,day,94.7345828275388
2018-08-06 06:00:00,1758.8,544.46,22.39,45.70127119562373,0.16136628933333333,16.136628933333334,107.72307242949844,78.99691978163217,0.7181538161966563,0.7181538161966561,0.22850635597811866,summer,day,45.70127119562373
2018-08-06 07:00:00,1754.88,764.89,24.51,43.73792985874955,0.15008314566666667,15.008314566666666,125.95860200749078,92.36964147215988,0.8397240133832719,0.8397240133832716,0.21868964929374776,summer,day,43.73792985874955
2018-08-06 08:00:00,1831.6000000000001,927.33,26.14,40.53387906767835,0.141715145,14.171514499999999,138.36062646190516,101.4644594053971,0.922404176412701,0.9224041764127009,0.20266939533839173,summer,day,40.53387906767835
2018-08-06 09:00:00,1968.8,1040.04,27.34,30.298398847099993,0.13585475200000002,13.585475200000003,144.92914579274156,106.28137358134379,0.9661943052849438,0.9661943052849435,0.15149199423549997,summer,day,30.298398847099993
2018-08-06 10:00:00,2096.48,1060.38,28.35,46.232426253329706,0.134173996,13.4173996,145.66415999999998,106.82038399999996,0.9710943999999999,0.9710943999999997,0.23116213126664853,summer,day,46.232426253329706
2018-08-06 11:00:00,2193.36,506.91,29.14,59.333758015618514,0.157703271,15.770327100000001,140.56566908368046,103.08149066136566,0.9371044605578698,0.9371044605578697,0.29666879007809255,summer,day,59.333758015618514
2018-08-06 12:00:00,2285.68,588.52,29.64,47.23077033781608,0.15374965466666665,15.374965466666666,129.633673043783,95.06469356544085,0.8642244869585534,0.8642244869585531,0.2361538516890804,summer,day,47.23077033781608
2018-08-06 13:00:00,2366.88,411.03,29.22,54.49607007474388,0.161824003,16.182400299999998,112.8681718803076,82.76999271222556,0.7524544792020507,0.7524544792020506,0.2724803503737194,summer,day,54.49607007474388
2018-08-06 14:00:00,2433.04,259.79,29.16,80.52415294711703,0.16847023233333333,16.84702323333333,90.26916559325417,66.19738810171971,0.6017944372883611,0.601794437288361,0.40262076473558517,summer,day,80.52415294711703
2018-08-06 15:00:00,2492.16,182.37,28.53,79.82972782317324,0.17234312699999998,17.234312699999997,61.836654182622866,45.34687973392342,0.41224436121748576,0.41224436121748564,0.39914863911586623,summer,day,79.82972782317324
2018-08-06 16:00:00,2536.2400000000002,41.1,27.77,107.75567368038082,0.17910411199999998,17.9104112,53.751497902779974,39.417765128705305,0.3583433193518665,0.3583433193518664,0.5387783684019041,summer,day,107.75567368038082
2018-08-07 04:00:00,1904.96,14.83,18.55,118.18884669908601,0.18749174766666668,18.74917476666667,31.155065549218453,22.84704806942686,0.20770043699478968,0.20770043699478966,0.59094423349543,summer,day,118.18884669908601
2018-08-07 05:00:00,1942.16,54.7,20.32,57.940288975390544,0.18436192866666665,18.436192866666666,68.40904861342698,50.16663564984644,0.4560603240895132,0.4560603240895131,0.2897014448769527,summer,day,57.940288975390544
2018-08-07 07:00:00,2247.28,483.88,23.29,67.06435562025872,0.16330273666666667,16.330273666666667,121.1140539549501,88.81697290029673,0.807427026366334,0.8074270263663339,0.3353217781012936,summer,day,67.06435562025872
2018-08-07 08:00:00,2403.28,826.47,25.1,68.75153621118565,0.146932819,14.693281899999999,136.56507623226474,100.14772257032746,0.9104338415484317,0.9104338415484314,0.34375768105592824,summer,day,68.75153621118565
2018-08-07 09:00:00,2525.92,1022.21,26.2,45.064105155460524,0.13752809033333335,13.752809033333335,144.74844491394802,106.14885960356187,0.9649896327596534,0.9649896327596534,0.22532052577730263,summer,day,45.064105155460524
2018-08-07 10:00:00,2616.16,1059.07,27.1,56.10519186284167,0.1352129056666667,13.52129056666667,145.66415999999998,106.82038399999998,0.9710943999999999,0.9710943999999998,0.2805259593142084,summer,day,56.10519186284167
2018-08-07 11:00:00,2695.04,1005.92,27.7,78.935142908343,0.13706077733333333,13.706077733333332,139.31222149042068,102.16229575964182,0.9287481432694712,0.9287481432694711,0.39467571454171496,summer,day,78.935142908343
2018-08-07 12:00:00,2728.8,835.56,28.21,108.16101210737317,0.14409359800000002,14.409359800000002,125.69262938521004,92.17459488248736,0.837950862568067,0.8379508625680668,0.5408050605368658,summer,day,108.16101210737317
2018-08-07 13:00:00,2742.96,689.08,28.81,94.61923424718108,0.15001376866666666,15.001376866666666,104.80538368436815,76.85728136853663,0.6987025578957877,0.6987025578957876,0.4730961712359054,summer,day,94.61923424718108
2018-08-07 14:00:00,2742.16,442.39,28.6,129.98232073743554,0.16094260966666668,16.094260966666667,76.65048438789486,56.210355217789555,0.5110032292526324,0.5110032292526323,0.6499116036871777,summer,day,129.98232073743554
2018-08-07 15:00:00,2725.28,207.25,25.63,114.50876025732332,0.17353518966666667,17.353518966666666,41.22793149579037,30.233816430246268,0.2748528766386025,0.2748528766386024,0.5725438012866166,summer,day,114.50876025732332
2018-08-07 16:00:00,2702.48,40.22,24.96,150.86544475017115,0.18134948333333334,18.134948333333334,31.155065549218453,22.84704806942686,0.20770043699478968,0.20770043699478966,0.7543272237508557,summer,day,150.86544475017115
2018-08-08 03:00:00,1927.04,1.75,17.06,104.65660949393792,0.18923271766666666,18.923271766666666,25.536469763135553,18.726744492966066,0.17024313175423703,0.17024313175423697,0.5232830474696896,summer,day,104.65660949393792
2018-08-08 04:00:00,1907.6000000000001,99.98,17.56,134.2929268862896,0.18455391533333335,18.455391533333334,25.536469763135553,18.726744492966066,0.17024313175423703,0.17024313175423697,0.671464634431448,summer,day,134.2929268862896
2018-08-08 05:00:00,1937.04,308.94,19.99,124.8254936423626,0.173527772,17.3527772,64.61838687278649,47.386817040043425,0.4307892458185766,0.4307892458185766,0.624127468211813,summer,day,124.8254936423626
2018-08-08 06:00:00,2053.28,547.16,21.94,117.28387859360156,0.16160190933333335,16.160190933333336,96.07604982103464,70.45576986875874,0.6405069988068977,0.6405069988068977,0.5864193929680078,summer,day,117.28387859360156
2018-08-08 07:00:00,2226.08,769.34,23.56,68.22221169847526,0.15063510733333335,15.063510733333334,119.90945860788014,87.9336029791121,0.7993963907192009,0.7993963907192009,0.34111105849237633,summer,day,68.22221169847526
2018-08-08 08:00:00,2371.6,884.04,25.04,98.88405858692126,0.144467972,14.4467972,136.11861323332286,99.82031637110342,0.9074574215554857,0.9074574215554856,0.49442029293460626,summer,day,98.88405858692126
2018-08-08 09:00:00,2486.4,971.12,26.42,38.14249024147289,0.13958452933333332,13.958452933333332,144.7035136973628,106.11591004473271,0.964690091315752,0.964690091315752,0.19071245120736446,summer,day,38.14249024147289
2018-08-08 10:00:00,2566.08,1000.64,27.36,30.78266285816144,0.13755819733333333,13.755819733333333,145.66415999999998,106.82038399999998,0.9710943999999999,0.9710943999999998,0.1539133142908072,summer,day,30.78266285816144
2018-08-08 11:00:00,2643.2000000000003,919.09,27.98,58.749717179477265,0.14062954766666666,14.062954766666666,139.00055214123444,101.93373823690524,0.9266703476082295,0.9266703476082295,0.29374858589738634,summer,day,58.749717179477265
2018-08-08 12:00:00,2695.92,645.54,28.56,50.559613381771776,0.15210991399999998,15.2109914,124.71269012106613,91.45597275544849,0.8314179341404409,0.8314179341404407,0.25279806690885886,summer,day,50.559613381771776
2018-08-08 13:00:00,2757.52,633.71,28.74,168.16134308052744,0.15248472433333332,15.248472433333331,102.80057393949512,75.38708755562975,0.6853371595966341,0.6853371595966341,0.8408067154026372,summer,day,168.16134308052744
2018-08-08 14:00:00,2817.36,440.12,28.73,165.0868033479012,0.16093955533333332,16.093955533333332,73.26420359652126,53.727082637448916,0.48842802397680835,0.48842802397680835,0.825434016739506,summer,day,165.0868033479012
2018-08-08 15:00:00,2876.32,207.36,28.38,155.93478149270155,0.17137054,17.137054,36.10357909214478,26.47595800090616,0.24069052728096518,0.2406905272809651,0.7796739074635077,summer,day,155.93478149270155
2018-08-08 16:00:00,2920.0,42.85,27.23,153.16283933383303,0.17945186966666665,17.945186966666665,25.536469763135553,18.726744492966066,0.17024313175423703,0.17024313175423697,0.7658141966691652,summer,day,153.16283933383303
2018-08-09 04:00:00,1873.3600000000001,99.35,15.62,147.26564770911313,0.18610508033333334,18.610508033333335,66.81121541226392,48.99489130232688,0.4454081027484261,0.4454081027484262,0.7363282385455656,summer,day,147.26564770911313
2018-08-09 05:00:00,1886.56,317.88,18.49,94.98673130858363,0.17431579000000003,17.431579000000003,92.46495301558703,67.80763221143049,0.6164330201039135,0.6164330201039135,0.47493365654291814,summer,day,94.98673130858363
2018-08-09 06:00:00,1988.4,559.95,20.6,126.55179455581305,0.16209627499999998,16.2096275,113.11405855009662,82.95030960340418,0.7540937236673108,0.7540937236673108,0.6327589727790652,summer,day,126.55179455581305
2018-08-09 07:00:00,2123.44,734.86,22.64,39.08814251255691,0.15286215266666667,15.286215266666666,128.75853201579275,94.42292347824801,0.8583902134386183,0.8583902134386182,0.19544071256278453,summer,day,39.08814251255691
2018-08-09 08:00:00,2290.0,565.96,24.37,64.6349314634307,0.15887308066666667,15.887308066666666,139.39837341267534,102.2254738359619,0.9293224894178356,0.9293224894178355,0.3231746573171535,summer,day,64.6349314634307
2018-08-09 09:00:00,2433.04,815.05,25.87,35.77344679317014,0.14682635366666666,14.682635366666666,145.0335827407444,106.3579606765459,0.9668905516049627,0.9668905516049627,0.1788672339658507,summer,day,35.77344679317014
2018-08-09 10:00:00,2561.92,553.09,27.16,58.158875444378786,0.15724337566666668,15.72433756666667,145.66415999999998,106.82038399999998,0.9710943999999999,0.9710943999999998,0.29079437722189394,summer,day,58.158875444378786
2018-08-09 11:00:00,2695.76,675.14,28.01,89.62979291388291,0.15125033733333332,15.125033733333332,141.29010519044206,103.61274380632418,0.9419340346029471,0.941934034602947,0.44814896456941455,summer,day,89.62979291388291
2018-08-09 12:00:00,2818.0,136.29,28.62,119.71504843572346,0.174283065,17.428306499999998,131.91141831207062,96.73504009551843,0.8794094554138041,0.8794094554138039,0.5985752421786174,summer,day,119.71504843572346
2018-08-09 13:00:00,2918.8,341.97,28.95,171.91039621421407,0.165049379,16.504937899999998,117.52809936488569,86.18727286758283,0.7835206624325712,0.7835206624325712,0.8595519810710703,summer,day,171.91039621421407
2018-08-09 14:00:00,3031.52,442.98,28.79,128.7074249462327,0.16076764000000002,16.076764,98.14014834888718,71.96944212251726,0.6542676556592478,0.6542676556592478,0.6435371247311634,summer,day,128.7074249462327
2018-08-09 15:00:00,3139.6800000000003,170.44,28.14,96.48035298114206,0.17316997866666667,17.316997866666668,73.74756526407526,54.081547860321855,0.4916504350938351,0.49165043509383505,0.4824017649057103,summer,day,96.48035298114206
2018-08-09 16:00:00,3238.0,42.85,26.63,167.02165303990046,0.17992310966666664,17.992310966666665,66.81121541226392,48.99489130232688,0.4454081027484261,0.4454081027484262,0.8351082651995023,summer,day,167.02165303990046
2018-08-10 04:00:00,1938.48,98.67,16.75,178.85053781952394,0.185247249,18.5247249,57.40931077439463,42.10016123455605,0.3827287384959642,0.38272873849596406,0.8942526890976197,summer,day,178.85053781952394
2018-08-10 05:00:00,1950.4,326.66,18.47,178.75172475820062,0.17394839733333334,17.394839733333335,86.12183072011968,63.15600919475442,0.5741455381341312,0.574145538134131,0.8937586237910031,summer,day,178.75172475820062
2018-08-10 06:00:00,2049.76,563.42,20.29,169.86297406638724,0.16218834133333335,16.218834133333335,109.23299930259503,80.10419948856969,0.7282199953506335,0.7282199953506335,0.8493148703319362,summer,day,169.86297406638724
2018-08-10 07:00:00,2188.64,674.82,22.0,147.94160372510362,0.155984554,15.598455399999999,126.7428165218208,92.94473211600192,0.844952110145472,0.844952110145472,0.739708018625518,summer,day,147.94160372510362
2018-08-10 08:00:00,2358.56,739.78,23.58,125.88597321277881,0.15190920066666666,15.190920066666665,138.65128237779686,101.67760707705104,0.9243418825186457,0.9243418825186458,0.6294298660638941,summer,day,125.88597321277881
2018-08-10 09:00:00,2526.96,1012.98,24.84,68.13422431053681,0.13899896999999997,13.899896999999998,144.95839687052327,106.30282437171707,0.9663893124701551,0.9663893124701551,0.34067112155268403,summer,day,68.13422431053681
2018-08-10 10:00:00,2683.44,795.23,26.06,118.960936634387,0.14754194033333334,14.754194033333334,145.66415999999998,106.82038399999998,0.9710943999999999,0.9710943999999998,0.594804683171935,summer,day,118.960936634387
2018-08-10 11:00:00,2846.56,665.98,26.99,137.5910113190516,0.1524511266666667,15.24511266666667,140.76857176622707,103.23028596189985,0.9384571451081805,0.9384571451081805,0.687955056595258,summer,day,137.5910113190516
2018-08-10 12:00:00,2987.12,640.76,27.7,173.06502156235555,0.15299392533333334,15.299392533333334,130.27163216920445,95.5325302574166,0.8684775477946963,0.8684775477946963,0.8653251078117777,summer,day,173.06502156235555
2018-08-10 13:00:00,3099.2000000000003,549.29,27.9,161.73503909235174,0.15682798633333334,15.682798633333334,114.17334120893224,83.7271168865503,0.7611556080595483,0.7611556080595482,0.8086751954617587,summer,day,161.73503909235174
2018-08-10 14:00:00,3204.56,424.7,27.86,177.5534451548968,0.16229567933333333,16.229567933333332,92.47369888541027,67.81404584930085,0.6164913259027351,0.616491325902735,0.887767225774484,summer,day,177.5534451548968
2018-08-10 15:00:00,3284.64,204.59,27.43,174.53813749411782,0.17223753433333336,17.223753433333336,65.17270519863874,47.7933171456684,0.43448470132425826,0.43448470132425815,0.8726906874705891,summer,day,174.53813749411782
2018-08-10 16:00:00,3334.8,41.1,26.55,178.88842161496476,0.18006229999999998,18.00623,57.40931077439463,42.10016123455605,0.3827287384959642,0.38272873849596406,0.8944421080748238,summer,day,178.88842161496476
2018-08-11 04:00:00,2000.88,98.32,13.68,177.9975523427912,0.18767369866666664,18.767369866666662,56.659978547093885,41.55065093453552,0.37773319031395924,0.37773319031395924,0.889987761713956,summer,day,177.9975523427912
2018-08-11 05:00:00,2016.72,338.4,15.19,178.88385131388256,0.176012254,17.6012254,85.61628358464259,62.785274628737895,0.5707752238976173,0.5707752238976173,0.8944192565694128,summer,day,178.88385131388256
2018-08-11 06:00:00,2120.8,580.55,17.11,178.93867068123689,0.16393847433333333,16.393847433333335,108.9236787040322,79.87736438295694,0.7261578580268814,0.7261578580268813,0.8946933534061844,summer,day,178.93867068123689
2018-08-11 07:00:00,2260.64,799.13,19.02,178.88494236719126,0.15290098633333335,15.290098633333335,126.58216390526277,92.82692019719269,0.8438810927017518,0.8438810927017517,0.8944247118359563,summer,day,178.88494236719126
2018-08-11 08:00:00,2420.08,962.17,21.04,178.94587163307423,0.14420049966666668,14.420049966666667,138.59173918833426,101.63394207144513,0.9239449279222284,0.9239449279222285,0.8947293581653711,summer,day,178.94587163307423
2018-08-11 09:00:00,2577.84,1067.0,22.89,178.93116665903628,0.13817342733333332,13.817342733333332,144.95240455324668,106.29843000571424,0.9663493636883111,0.9663493636883113,0.8946558332951814,summer,day,178.93116665903628
2018-08-11 10:00:00,2722.08,1092.95,24.48,178.3626672711366,0.13579235633333334,13.579235633333333,145.66415999999998,106.82038399999998,0.9710943999999999,0.9710943999999998,0.8918133363556829,summer,day,178.3626672711366
2018-08-11 11:00:00,2862.96,1031.63,25.75,156.95816525062233,0.13747049433333333,13.747049433333332,140.72700552859425,103.19980405430243,0.938180036857295,0.9381800368572949,0.7847908262531117,summer,day,156.95816525062233
2018-08-11 12:00:00,2997.92,905.0,26.66,177.578721223215,0.14228106933333334,14.228106933333335,130.1409411390294,95.43669016862157,0.867606274260196,0.8676062742601961,0.887893606116075,summer,day,177.578721223215
2018-08-11 13:00:00,3096.56,703.01,27.13,170.25290439609824,0.15072542833333336,15.072542833333335,113.90596683130553,83.53104234295739,0.7593731122087035,0.7593731122087035,0.8512645219804912,summer,day,170.25290439609824
2018-08-11 14:00:00,3182.32,449.74,27.19,178.1489541735938,0.16172931866666665,16.172931866666666,92.02208260542251,67.48286057730984,0.6134805507028167,0.6134805507028167,0.890744770867969,summer,day,178.1489541735938
2018-08-11 15:00:00,3224.56,204.78,26.84,174.21523420600414,0.17269263,17.269263000000002,64.4892884613805,47.292144871679035,0.42992858974253667,0.42992858974253667,0.8710761710300207,summer,day,174.21523420600414
2018-08-11 16:00:00,3241.28,39.35,26.04,174.83537678384846,0.1805392123333333,18.05392123333333,56.659978547093885,41.55065093453552,0.37773319031395924,0.37773319031395924,0.8741768839192423,summer,day,174.83537678384846
2018-08-12 04:00:00,2020.24,97.96,13.66,174.83696487255307,0.18770511466666664,18.770511466666665,56.63743404828418,41.53411830207506,0.37758289365522785,0.3775828936552278,0.8741848243627653,summer,day,174.83696487255307
2018-08-12 05:00:00,2003.52,337.46,16.65,161.0552522669663,0.17490658533333334,17.490658533333335,85.60107363319679,62.77412066434431,0.570673824221312,0.5706738242213119,0.8052762613348315,summer,day,161.0552522669663
2018-08-12 06:00:00,2030.56,580.4,18.76,132.18138717235527,0.16264910933333332,16.264910933333333,108.91437244759206,79.87053979490082,0.7260958163172804,0.7260958163172802,0.6609069358617764,summer,day,132.18138717235527
2018-08-12 07:00:00,2072.0,799.1,20.65,145.87283330087035,0.15162209333333335,15.162209333333335,126.57733049147005,92.8233756937447,0.8438488699431337,0.8438488699431336,0.7293641665043518,summer,day,145.87283330087035
2018-08-12 08:00:00,2165.52,962.19,22.36,129.2705175588471,0.14316289899999998,14.316289899999997,138.5899477648307,101.63262836087584,0.9239329850988713,0.9239329850988713,0.6463525877942355,summer,day,129.2705175588471
2018-08-12 09:00:00,2327.28,1067.1,23.9,107.23474421673995,0.13737581,13.737580999999999,144.952224267674,106.29829779629428,0.9663481617844935,0.9663481617844935,0.5361737210836998,summer,day,107.23474421673995
2018-08-12 10:00:00,2481.68,1087.42,25.22,101.02697214488715,0.13545245266666667,13.545245266666667,145.66415999999998,106.82038399999998,0.9710943999999999,0.9710943999999998,0.5051348607244358,summer,day,101.02697214488715
2018-08-12 11:00:00,2601.6,1026.1,26.2,122.99967654434496,0.13735835666666668,13.735835666666668,140.72575496180866,103.198886971993,0.938171699745391,0.9381716997453909,0.6149983827217248,summer,day,122.99967654434496
2018-08-12 12:00:00,2687.04,894.21,26.89,93.28028756535132,0.142571231,14.2571231,130.13700915309997,95.43380671227331,0.8675800610206664,0.8675800610206664,0.4664014378267566,summer,day,93.28028756535132
2018-08-12 13:00:00,2757.44,691.66,27.25,102.76886905924495,0.15112641866666668,15.112641866666667,113.897922573874,83.52514322084093,0.7593194838258267,0.7593194838258267,0.5138443452962247,summer,day,102.76886905924495
2018-08-12 14:00:00,2824.56,446.46,27.28,105.3012765255984,0.16180175000000002,16.180175000000002,92.00849522413063,67.47289649769579,0.6133899681608709,0.6133899681608708,0.526506382627992,summer,day,105.3012765255984
2018-08-12 15:00:00,2904.7200000000003,202.77,26.88,143.68378031076097,0.172748917,17.2748917,64.46872710387002,47.27706654283801,0.4297915140258002,0.42979151402580007,0.7184189015538048,summer,day,143.68378031076097
2018-08-12 16:00:00,2971.12,37.6,26.03,150.76518907391718,0.18062342466666667,18.062342466666667,56.63743404828418,41.53411830207506,0.37758289365522785,0.3775828936552278,0.7538259453695859,summer,day,150.76518907391718
2018-08-13 04:00:00,2019.2,97.89,14.99,154.73844153972476,0.186663587,18.6663587,56.59456257291443,41.502679220137246,0.3772970838194295,0.3772970838194295,0.7736922076986238,summer,day,154.73844153972476
2018-08-13 05:00:00,1975.44,338.9,16.95,126.19046194560447,0.1746081333333333,17.46081333333333,85.57214981172321,62.75290986193035,0.5704809987448214,0.5704809987448214,0.6309523097280223,summer,day,126.19046194560447
2018-08-13 06:00:00,1967.76,580.36,19.07,148.7920919020409,0.16240738066666666,16.240738066666665,108.89667531681414,79.85756189899703,0.7259778354454276,0.7259778354454276,0.7439604595102045,summer,day,148.7920919020409
2018-08-13 07:00:00,1955.6000000000001,798.03,20.79,149.77471875747491,0.151558825,15.1558825,126.56813908818734,92.81663533133738,0.8437875939212489,0.8437875939212489,0.7488735937873746,summer,day,149.77471875747491
2018-08-13 08:00:00,2035.1200000000001,961.08,22.53,127.26256729516572,0.143077814,14.3077814,138.5865411258427,101.63013015895132,0.9239102741722847,0.9239102741722847,0.6363128364758286,summer,day,127.26256729516572
2018-08-13 09:00:00,2198.48,1071.67,24.17,137.78212749028998,0.13696434766666665,13.696434766666666,144.95188142978026,106.29804638183884,0.9663458761985351,0.966345876198535,0.6889106374514499,summer,day,137.78212749028998
2018-08-13 10:00:00,2361.76,1092.0,25.67,149.0863004881363,0.134899182,13.4899182,145.66415999999998,106.82038399999998,0.9710943999999999,0.9710943999999998,0.7454315024406815,summer,day,149.0863004881363
2018-08-13 11:00:00,2512.48,1029.48,26.8,134.18511869657638,0.136739636,13.6739636,140.72337683650193,103.19714301343474,0.9381558455766795,0.9381558455766794,0.6709255934828819,summer,day,134.18511869657638
2018-08-13 12:00:00,2639.12,911.45,27.53,92.01914510724559,0.14131633633333335,14.131633633333335,130.12953193928604,95.4283234221431,0.8675302129285736,0.8675302129285736,0.46009572553622796,summer,day,92.01914510724559
2018-08-13 13:00:00,2751.92,693.44,27.84,108.42085251424464,0.15058536533333333,15.058536533333333,113.88262530835237,83.51392522612508,0.7592175020556825,0.7592175020556826,0.5421042625712232,summer,day,108.42085251424464
2018-08-13 14:00:00,2855.6,446.69,27.71,76.58575963452219,0.16145399233333335,16.145399233333336,91.98265694370085,67.45394842538062,0.6132177129580056,0.6132177129580056,0.38292879817261094,summer,day,76.58575963452219
2018-08-13 15:00:00,2941.52,200.11,27.16,58.19229198266088,0.17264506966666668,17.26450696666667,64.42962684533158,47.24839301990983,0.4295308456355439,0.4295308456355439,0.2909614599133044,summer,day,58.19229198266088
2018-08-13 16:00:00,3024.16,36.73,26.1,117.63896795432177,0.18060640766666666,18.060640766666666,56.59456257291443,41.502679220137246,0.3772970838194295,0.3772970838194295,0.5881948397716088,summer,day,117.63896795432177
2018-08-14 04:00:00,1946.64,97.49,14.09,75.69896968944155,0.18738790033333333,18.738790033333334,57.36288905453828,42.06611863999474,0.38241926036358853,0.38241926036358853,0.37849484844720777,summer,day,75.69896968944155
2018-08-14 05:00:00,1970.96,341.04,16.66,36.88914881452416,0.174742524,17.4742524,86.09051167812166,63.13304189728922,0.573936744520811,0.5739367445208111,0.18444574407262082,summer,day,36.88914881452416
2018-08-14 06:00:00,2085.52,585.16,19.01,12.548828428176158,0.16224506466666663,16.224506466666664,109.21383664863578,80.09014687566624,0.7280922443242385,0.7280922443242385,0.0627441421408808,summer,day,12.548828428176158
2018-08-14 08:00:00,2400.64,971.18,23.02,0.0,0.14225227133333335,14.225227133333334,138.6475936304564,101.67490199566802,0.9243172908697094,0.9243172908697093,0.0,summer,day,0.0
2018-08-14 09:00:00,2556.64,1069.54,24.68,0.0,0.13665673266666667,13.665673266666667,144.95802564176282,106.30255213729272,0.9663868376117521,0.966386837611752,0.0,summer,day,19.168924698900426
2018-08-14 10:00:00,2697.68,1084.09,26.08,6.681896106226439,0.13492230766666666,13.492230766666665,145.66415999999998,106.82038399999998,0.9710943999999999,0.9710943999999998,0.0334094805311322,summer,day,6.681896106226439
2018-08-14 11:00:00,2826.4,1028.38,27.18,36.266278603408395,0.13648918066666668,13.648918066666669,140.76599670516794,103.22839758378981,0.9384399780344529,0.9384399780344529,0.181331393017042,summer,day,36.266278603408395
2018-08-14 12:00:00,2926.96,895.18,27.9,54.25320766963745,0.14173565266666668,14.17356526666667,130.26353575726662,95.52659288866218,0.8684235717151109,0.8684235717151108,0.27126603834818724,summer,day,54.25320766963745
2018-08-14 13:00:00,3005.76,698.33,28.28,48.27662070178495,0.15002642233333333,15.002642233333333,114.15677715629613,83.71496991461714,0.7610451810419742,0.761045181041974,0.24138310350892475,summer,day,48.27662070178495
2018-08-14 14:00:00,3079.84,444.3,28.23,47.0376205644382,0.161149868,16.1149868,92.44572090225628,67.7935286616546,0.6163048060150419,0.6163048060150419,0.235188102822191,summer,day,47.0376205644382
2018-08-14 15:00:00,3114.96,200.18,27.8,34.4638767216767,0.17213935933333332,17.21393593333333,65.13036699514731,47.762269129774694,0.4342024466343154,0.4342024466343154,0.1723193836083835,summer,day,34.4638767216767
2018-08-14 16:00:00,3123.44,34.97,26.82,83.23467486611375,0.18011771433333332,18.011771433333333,57.36288905453828,42.06611863999474,0.38241926036358853,0.38241926036358853,0.4161733743305687,summer,day,83.23467486611375
2018-08-15 04:00:00,2074.88,96.86,14.19,42.49287437553956,0.18733684933333333,18.733684933333333,57.318106758721036,42.03327828972874,0.3821207117248069,0.3821207117248067,0.2124643718776978,summer,day,42.49287437553956
2018-08-15 05:00:00,2097.68,336.88,18.19,36.41522859496985,0.17372237666666668,17.372237666666667,86.06029869575462,63.11088571022004,0.5737353246383642,0.573735324638364,0.18207614297484923,summer,day,36.41522859496985
2018-08-15 06:00:00,2220.2400000000002,577.15,20.95,20.637903720200562,0.16107089166666666,16.107089166666665,109.19535074072667,80.07659054319954,0.7279690049381777,0.7279690049381776,0.10318951860100281,summer,day,20.637903720200562
2018-08-15 08:00:00,2563.12,952.28,25.33,22.360745085451587,0.14126266733333334,14.126266733333335,138.64403515448637,101.67229244662333,0.9242935676965758,0.9242935676965758,0.11180372542725793,summer,day,22.360745085451587
2018-08-15 09:00:00,2694.8,1056.1,26.9,17.29441631627891,0.13549957666666665,13.549957666666664,144.95766752327395,106.30228951706755,0.9663844501551597,0.9663844501551595,0.08647208158139455,summer,day,17.29441631627891
2018-08-15 10:00:00,2796.56,1075.21,28.2,48.63669860068856,0.1336447236666667,13.364472366666668,145.66415999999998,106.82038399999998,0.9710943999999999,0.9710943999999998,0.2431834930034428,summer,day,48.63669860068856
2018-08-15 11:00:00,2892.64,1013.83,29.21,44.61876144048293,0.13552968366666668,13.552968366666668,140.76351258466457,103.22657589542067,0.9384234172310971,0.938423417231097,0.22309380720241465,summer,day,44.61876144048293
2018-08-15 12:00:00,2959.68,882.01,29.88,66.16465487769219,0.14075521166666666,14.075521166666666,130.2557252772676,95.52086520332956,0.8683715018484507,0.8683715018484506,0.33082327438846093,summer,day,66.16465487769219
2018-08-15 13:00:00,2990.8,687.77,30.19,60.97734496545607,0.14898707633333333,14.898707633333332,114.14079807780918,83.70325192372673,0.7609386538520612,0.7609386538520612,0.30488672482728035,summer,day,60.97734496545607
2018-08-15 14:00:00,3016.16,441.7,30.13,56.76490936875488,0.1597710546666667,15.97710546666667,92.41873098628918,67.77373605661205,0.6161248732419279,0.6161248732419278,0.2838245468437744,summer,day,56.76490936875488
2018-08-15 15:00:00,3026.64,197.67,29.72,41.97734562577696,0.170740911,17.0740911,65.08952400270776,47.73231760198568,0.43393016001805174,0.4339301600180516,0.20988672812888481,summer,day,41.97734562577696
2018-08-15 16:00:00,3034.2400000000002,34.11,28.82,80.56119420694714,0.17858443899999998,17.858443899999997,57.318106758721036,42.03327828972874,0.3821207117248069,0.3821207117248067,0.4028059710347357,summer,day,80.56119420694714
2018-08-16 04:00:00,2067.28,95.8,15.26,50.87080300033552,0.18654272266666666,18.654272266666666,56.62780230508369,41.527055023728025,0.3775186820338913,0.3775186820338911,0.2543540150016776,summer,day,50.87080300033552
2018-08-16 05:00:00,2092.32,332.71,19.8,47.81847832535575,0.17263983366666666,17.263983366666665,85.59457544720232,62.76935532794835,0.5706305029813488,0.5706305029813487,0.23909239162677876,summer,day,47.81847832535575
2018-08-16 06:00:00,2208.56,573.07,23.57,47.89794943607915,0.15919116766666666,15.919116766666667,108.91039651213455,79.86762410889865,0.726069310080897,0.7260693100808968,0.23948974718039576,summer,day,47.89794943607915
2018-08-16 07:00:00,2385.68,789.48,25.92,176.17879072283642,0.14790278799999998,14.790278799999998,126.57526549988047,92.82186136657901,0.8438351033325365,0.8438351033325365,0.8808939536141821,summer,day,176.17879072283642
2018-08-16 08:00:00,2551.28,955.85,27.78,107.64961117596152,0.13918266633333334,13.918266633333335,138.58918241044003,101.63206710098935,0.9239278827362669,0.9239278827362668,0.5382480558798076,summer,day,107.64961117596152
2018-08-16 09:00:00,2701.28,1059.8,29.16,137.7232954713228,0.13356312933333334,13.356312933333333,144.95214724381322,106.29824131212968,0.9663476482920881,0.966347648292088,0.688616477356614,summer,day,137.7232954713228
2018-08-16 10:00:00,2871.2000000000003,1084.71,30.22,26.33869665724562,0.131643699,13.1643699,145.66415999999998,106.82038399999998,0.9710943999999999,0.9710943999999998,0.1316934832862281,summer,day,26.33869665724562
2018-08-16 11:00:00,3057.44,1017.4,30.98,30.090428932945787,0.13398375466666668,13.398375466666668,140.72522067900042,103.1984951646003,0.9381681378600027,0.9381681378600027,0.15045214466472895,summer,day,30.090428932945787
2018-08-16 12:00:00,3233.36,889.8,31.49,33.2643151307354,0.13915081399999998,13.915081399999998,130.13532928081452,95.43257480593061,0.8675688618720968,0.8675688618720965,0.166321575653677,summer,day,33.2643151307354
2018-08-16 13:00:00,3376.0,688.59,31.7,29.087702451002823,0.147765343,14.7765343,113.89448580544223,83.52262292399095,0.7592965720362815,0.7592965720362814,0.1454385122550141,summer,day,29.087702451002823
2018-08-16 14:00:00,3521.76,436.43,31.47,29.209209421147104,0.15894856633333332,15.894856633333331,92.00269025288353,67.46863951878125,0.6133512683525568,0.6133512683525568,0.14604604710573552,summer,day,29.209209421147104
2018-08-16 15:00:00,3618.08,193.52,30.86,35.546031884492194,0.17002663333333334,17.002663333333334,64.45994262313856,47.270624590301594,0.4297329508209237,0.4297329508209236,0.17773015942246098,summer,day,35.546031884492194
2018-08-16 16:00:00,3701.44,32.36,29.68,37.15995733785158,0.17798535333333335,17.798535333333334,56.62780230508369,41.527055023728025,0.3775186820338913,0.3775186820338911,0.1857997866892579,summer,day,37.15995733785158
2018-08-17 04:00:00,2137.04,94.2,16.69,84.03530796825137,0.185489414,18.5489414,56.44306112179862,41.39157815598566,0.37628707414532414,0.3762870741453242,0.42017653984125686,summer,day,84.03530796825137
2018-08-17 05:00:00,2143.28,318.7,21.29,134.84970351252792,0.17208089066666665,17.208089066666666,85.46993730591905,62.677954024340636,0.5697995820394604,0.5697995820394604,0.6742485175626396,summer,day,134.84970351252792
2018-08-17 06:00:00,2248.48,555.67,24.79,130.88762828172716,0.15899219966666664,15.899219966666664,108.83413627493803,79.81169993495456,0.7255609084995869,0.7255609084995869,0.6544381414086358,summer,day,130.88762828172716
2018-08-17 07:00:00,2398.7200000000003,769.71,27.57,15.844062484169209,0.147469509,14.7469509,126.53565802885566,92.79281588782749,0.8435710535257044,0.8435710535257044,0.07922031242084604,summer,day,15.844062484169209
2018-08-17 08:00:00,2567.28,937.9,29.7,20.98928349967099,0.13845791666666668,13.845791666666669,138.57450256767186,101.62130188295936,0.9238300171178124,0.9238300171178123,0.10494641749835494,summer,day,20.98928349967099
2018-08-17 09:00:00,2730.4,1039.41,31.05,38.57897217902103,0.13296840699999998,13.296840699999999,144.95066989138667,106.2971579203502,0.9663377992759111,0.9663377992759109,0.19289486089510516,summer,day,38.57897217902103
2018-08-17 10:00:00,2886.32,857.89,32.0,30.208950660009368,0.14014259966666667,14.014259966666668,145.66415999999998,106.82038399999996,0.9710943999999999,0.9710943999999997,0.15104475330004685,summer,day,30.208950660009368
2018-08-17 11:00:00,3062.96,301.49,32.68,2.705007364313533,0.1638861143333333,16.38861143333333,140.7149728935119,103.19098012190874,0.9380998192900795,0.9380998192900795,0.013525036821567664,summer,day,2.705007364313533
2018-08-17 12:00:00,3230.56,86.22,32.96,9.824638793460261,0.17305915,17.305915,130.10310857192246,95.40894628607646,0.8673540571461498,0.8673540571461497,0.049123193967301304,summer,day,9.824638793460261
2018-08-17 13:00:00,3395.04,165.03,33.07,16.30478702009569,0.169534013,16.9534013,113.8285670352316,83.47428249250316,0.7588571135682106,0.7588571135682106,0.08152393510047845,summer,day,16.30478702009569
2018-08-17 14:00:00,3550.64,349.74,32.86,12.134034963517749,0.161639434,16.1639434,91.89134828343924,67.38698874118877,0.6126089885562617,0.6126089885562616,0.06067017481758875,summer,day,12.134034963517749
2018-08-17 15:00:00,3650.8,124.88,32.38,30.960092371783286,0.17182781733333333,17.182781733333332,64.29145231654557,47.147065032133426,0.4286096821103038,0.42860968211030387,0.15480046185891644,summer,day,30.960092371783286
2018-08-17 16:00:00,3727.52,29.73,31.35,20.26026289373069,0.176788491,17.6788491,56.44306112179862,41.39157815598566,0.37628707414532414,0.3762870741453242,0.10130131446865345,summer,day,20.26026289373069
2018-08-18 04:00:00,2352.08,90.37,19.62,66.32509426673472,0.18335530766666663,18.335530766666665,54.819125304846544,40.20069189022079,0.3654608353656436,0.36546083536564355,0.3316254713336736,summer,day,66.32509426673472
2018-08-18 05:00:00,2367.04,313.19,21.51,43.01304919397503,0.17214852233333333,17.214852233333332,84.37432701378455,61.87450647677532,0.5624955134252303,0.5624955134252302,0.21506524596987514,summer,day,43.01304919397503
2018-08-18 06:00:00,2488.48,547.16,23.61,32.40945667915606,0.16029029133333333,16.029029133333335,108.16378368549087,79.32010803602662,0.7210918912366058,0.7210918912366057,0.16204728339578028,summer,day,32.40945667915606
2018-08-18 07:00:00,2677.28,758.47,26.32,15.844062484169209,0.14894169766666668,14.894169766666668,126.18749531996565,92.53749656797478,0.841249968799771,0.8412499687997708,0.07922031242084604,summer,day,15.844062484169209
2018-08-18 08:00:00,2844.8,925.27,27.97,20.98928349967099,0.14036774766666668,14.036774766666667,138.44546191720875,101.52667207261973,0.9229697461147249,0.9229697461147248,0.10494641749835494,summer,day,20.98928349967099
2018-08-18 09:00:00,2992.56,1025.66,29.14,38.57897217902103,0.13506847933333335,13.506847933333335,144.9376834772202,106.28763454996147,0.9662512231814679,0.9662512231814678,0.19289486089510516,summer,day,38.57897217902103
2018-08-18 10:00:00,3127.12,1049.43,29.8,30.208950660009368,0.133512951,13.3512951,145.66415999999998,106.82038399999996,0.9710943999999999,0.9710943999999997,0.15104475330004685,summer,day,30.208950660009368
2018-08-18 11:00:00,3266.96,965.18,30.3,33.403021344009716,0.13679635933333334,13.679635933333333,140.62489148554815,103.1249204227353,0.937499276570321,0.937499276570321,0.16701510672004857,summer,day,33.403021344009716
2018-08-18 12:00:00,3392.64,541.39,30.74,55.74653233323926,0.15494215366666667,15.494215366666667,129.8198779338647,95.20124381816743,0.8654658528924313,0.8654658528924312,0.2787326616661963,summer,day,55.74653233323926
2018-08-18 13:00:00,3517.6800000000003,323.93,29.25,50.35558035163987,0.16560090433333333,16.560090433333333,113.2491193449496,83.04935418629637,0.7549941289663307,0.7549941289663307,0.25177790175819936,summer,day,50.35558035163987
2018-08-18 14:00:00,3644.88,313.39,27.96,165.55528951583779,0.16707396566666666,16.707396566666667,90.91261571880281,66.66925152712204,0.6060841047920188,0.6060841047920186,0.8277764475791889,summer,day,165.55528951583779
2018-08-18 15:00:00,3756.8,74.17,27.31,161.8565339396815,0.17802244166666667,17.802244166666668,62.810367055424464,46.060935840644596,0.41873578036949644,0.4187357803694963,0.8092826696984075,summer,day,161.8565339396815
2018-08-18 16:00:00,3853.44,20.98,26.47,97.55603456099267,0.18100303466666667,18.100303466666666,54.819125304846544,40.20069189022079,0.3654608353656436,0.36546083536564355,0.48778017280496333,summer,day,97.55603456099267
2018-08-19 04:00:00,2256.4,93.03,17.62,178.73870485538362,0.184810043,18.481004300000002,61.78044733565407,45.305661379479645,0.41186964890436045,0.4118696489043604,0.8936935242769181,summer,day,178.73870485538362
2018-08-19 05:00:00,2232.88,322.81,19.68,178.91438868371156,0.17316605166666665,17.316605166666665,89.07087720018914,65.3186432801387,0.593805848001261,0.5938058480012609,0.8945719434185578,summer,day,178.91438868371156
2018-08-19 06:00:00,2250.2400000000002,562.57,21.81,176.77445733812223,0.16103162166666665,16.103162166666664,111.03738262986656,81.4274139285688,0.7402492175324437,0.7402492175324437,0.8838722866906111,summer,day,176.77445733812223
2018-08-19 07:00:00,2279.04,775.34,23.87,172.3071395656971,0.15012983333333332,15.012983333333333,127.6799636246864,93.63197332477002,0.8511997574979093,0.8511997574979092,0.8615356978284855,summer,day,172.3071395656971
2018-08-19 08:00:00,2383.84,884.99,25.39,167.2968409299808,0.14415163033333334,14.415163033333334,138.9986201846486,101.93232146874229,0.9266574678976572,0.9266574678976571,0.8364842046499039,summer,day,167.2968409299808
2018-08-19 09:00:00,2607.28,903.34,26.59,168.89266399052687,0.14240847866666667,14.240847866666668,144.9933523097531,106.3284583604856,0.9666223487316874,0.9666223487316873,0.8444633199526344,summer,day,168.89266399052687
2018-08-19 10:00:00,2826.32,823.39,27.69,174.495089379683,0.14503302366666668,14.503302366666668,145.66415999999998,106.82038399999998,0.9710943999999999,0.9710943999999998,0.872475446898415,summer,day,174.495089379683
2018-08-19 11:00:00,3008.64,745.08,28.48,156.12222445113423,0.14782948399999998,14.782948399999999,141.01104325538924,103.40809838728543,0.9400736217025949,0.9400736217025949,0.7806111222556712,summer,day,156.12222445113423
2018-08-19 12:00:00,3156.08,534.44,29.2,170.7199600719185,0.15645492133333333,15.645492133333333,131.03400207592085,96.09160152234196,0.8735600138394723,0.8735600138394723,0.8535998003595925,summer,day,170.7199600719185
2018-08-19 13:00:00,3264.48,633.36,29.45,173.28285641684275,0.151942362,15.194236199999999,115.73303646159486,84.87089340516955,0.7715535764106324,0.7715535764106323,0.8664142820842138,summer,day,173.28285641684275
2018-08-19 14:00:00,3340.0,265.04,29.38,164.9932515880887,0.16806836933333333,16.806836933333333,95.10814641241116,69.74597403576817,0.6340543094160744,0.6340543094160743,0.8249662579404435,summer,day,164.9932515880887
2018-08-19 15:00:00,3408.32,178.82,28.84,149.5361781357522,0.17225455133333334,17.225455133333334,69.1593319283699,50.71684341413792,0.4610622128557993,0.4610622128557993,0.7476808906787611,summer,day,149.5361781357522
2018-08-19 16:00:00,3475.84,27.11,27.85,167.03318183652917,0.17965171033333333,17.965171033333334,61.78044733565407,45.305661379479645,0.41186964890436045,0.4118696489043604,0.8351659091826459,summer,day,167.03318183652917
2018-08-20 04:00:00,2006.8,91.23,15.86,176.3040193970448,0.186270887,18.627088699999998,54.270014602959,39.79801070883661,0.36180009735306,0.36180009735306007,0.881520096985224,summer,day,176.3040193970448
2018-08-20 05:00:00,1959.92,278.19,18.59,174.42577112613768,0.175969057,17.5969057,84.00386204206026,61.60283216417753,0.5600257469470684,0.5600257469470684,0.8721288556306884,summer,day,174.42577112613768
2018-08-20 06:00:00,1953.28,591.58,20.54,147.7434320758024,0.16076327666666665,16.076327666666664,107.93711353199039,79.15388325679297,0.719580756879936,0.7195807568799361,0.7387171603790119,summer,day,147.7434320758024
2018-08-20 07:00:00,1946.72,804.63,22.19,178.31629750551755,0.15017128500000002,15.017128500000002,126.06976907274947,92.45116398668296,0.8404651271516631,0.8404651271516632,0.8915814875275878,summer,day,178.31629750551755
2018-08-20 08:00:00,2022.72,948.56,23.82,162.40597626312277,0.14261093733333335,14.261093733333336,138.40182866433744,101.49467435384746,0.9226788577622497,0.9226788577622497,0.8120298813156138,summer,day,162.40597626312277
2018-08-20 09:00:00,2196.08,1039.54,25.27,92.28420438577682,0.13750234666666666,13.750234666666666,144.93329230675428,106.28441435828648,0.9662219487116952,0.9662219487116953,0.46142102192888407,summer,day,92.28420438577682
2018-08-20 10:00:00,2373.2000000000003,1063.45,26.5,106.1450122948366,0.13549303166666668,13.549303166666668,145.66415999999998,106.82038399999998,0.9710943999999999,0.9710943999999998,0.530725061474183,summer,day,106.1450122948366
2018-08-20 11:00:00,2521.36,1006.59,27.44,153.84117142147355,0.137235747,13.723574699999999,140.5944317440746,103.10258327898805,0.937296211627164,0.937296211627164,0.7692058571073678,summer,day,153.84117142147355
2018-08-20 12:00:00,2659.68,858.2,28.02,153.34725158863048,0.14325496533333335,14.325496533333334,129.7241075389781,95.1310121952506,0.8648273835931873,0.8648273835931873,0.7667362579431525,summer,day,153.34725158863048
2018-08-20 13:00:00,2781.92,669.73,28.25,169.8512028134682,0.15129789766666665,15.129789766666665,113.05318738471053,82.90567074878771,0.7536879158980702,0.7536879158980702,0.8492560140673411,summer,day,169.8512028134682
2018-08-20 14:00:00,2899.52,420.46,28.08,145.05744067202897,0.16230789666666667,16.230789666666666,90.58167128127177,66.4265589395993,0.6038778085418118,0.6038778085418118,0.7252872033601448,summer,day,145.05744067202897
2018-08-20 15:00:00,3005.6,184.34,27.66,142.37130379448158,0.17294046733333332,17.29404673333333,62.30955922866199,45.69367676768547,0.41539706152441325,0.41539706152441336,0.7118565189724079,summer,day,142.37130379448158
2018-08-20 16:00:00,3120.8,26.23,26.84,130.96161381887052,0.18048336166666665,18.048336166666665,54.270014602959,39.79801070883661,0.36180009735306,0.36180009735306007,0.6548080690943526,summer,day,130.96161381887052
2018-08-21 04:00:00,2031.52,88.18,15.11,133.96261655849116,0.18699301866666665,18.699301866666666,55.4402669654246,40.656195774644715,0.3696017797694973,0.36960177976949743,0.6698130827924558,summer,day,133.96261655849116
2018-08-21 05:00:00,2052.8,311.19,19.43,128.59276736630406,0.173869421,17.3869421,84.7933886473164,62.18181834136537,0.565289257648776,0.5652892576487761,0.6429638368315203,summer,day,128.59276736630406
2018-08-21 06:00:00,2180.4,549.49,22.61,92.88542931152953,0.16097402566666666,16.097402566666666,108.42018785875649,79.50813776308809,0.7228012523917099,0.7228012523917099,0.46442714655764766,summer,day,92.88542931152953
2018-08-21 07:00:00,2342.88,766.1,24.87,64.90565209635281,0.14974760533333334,14.974760533333335,126.32066459974493,92.63515403981295,0.8421377639982995,0.8421377639982995,0.32452826048176403,summer,day,64.90565209635281
2018-08-21 08:00:00,2515.76,928.6,26.56,56.12366097079499,0.14132986266666667,14.132986266666666,138.49481887028168,101.56286717153988,0.9232987924685445,0.9232987924685443,0.28061830485397493,summer,day,56.12366097079499
2018-08-21 09:00:00,2704.96,1023.06,27.9,54.763408442409315,0.136155822,13.6155822,144.94265067036667,106.2912771582689,0.9662843378024445,0.9662843378024445,0.27381704221204656,summer,day,54.763408442409315
2018-08-21 10:00:00,2902.16,1002.68,29.08,68.97736606186226,0.13611829733333336,13.611829733333336,145.66415999999998,106.82038399999998,0.9710943999999999,0.9710943999999998,0.3448868303093113,summer,day,68.97736606186226
2018-08-21 11:00:00,3100.8,990.47,29.97,70.90214775638533,0.13595205433333335,13.595205433333335,140.6593468591816,103.15018769673317,0.9377289790612107,0.9377289790612107,0.3545107387819267,summer,day,70.90214775638533
2018-08-21 12:00:00,3296.2400000000002,853.86,30.27,44.77308183888603,0.141677184,14.167718400000002,129.92821124791152,95.28068824846844,0.8661880749860768,0.8661880749860768,0.22386540919443015,summer,day,44.77308183888603
2018-08-21 13:00:00,3490.4,657.54,30.21,53.06888142587054,0.15029040400000002,15.029040400000001,113.47075316618978,83.21188565520583,0.7564716877745985,0.7564716877745985,0.2653444071293527,summer,day,53.06888142587054
2018-08-21 14:00:00,3669.04,420.6,29.73,55.325803993187,0.161005878,16.1005878,91.28697261401626,66.94377991694526,0.6085798174267751,0.6085798174267751,0.27662901996593503,summer,day,55.325803993187
2018-08-21 15:00:00,3691.6800000000003,178.99,29.05,68.81285946854109,0.17208219966666666,17.208219966666665,63.37686959139113,46.47637103368683,0.4225124639426075,0.42251246394260755,0.34406429734270544,summer,day,68.81285946854109
2018-08-21 16:00:00,3633.76,23.61,27.98,95.0018242126874,0.179702325,17.970232499999998,55.4402669654246,40.656195774644715,0.3696017797694973,0.36960177976949743,0.47500912106343696,summer,day,95.0018242126874
2018-08-22 04:00:00,2286.7200000000003,87.79,17.61,136.45013324259958,0.18504653566666665,18.504653566666665,54.97371306102382,40.314056244750795,0.3664914204068255,0.3664914204068254,0.6822506662129979,summer,day,136.45013324259958
2018-08-22 05:00:00,2300.96,308.9,19.92,147.76558045796853,0.17358449533333334,17.358449533333335,84.47862173709674,61.950989273870945,0.563190811580645,0.563190811580645,0.7388279022898426,summer,day,147.76558045796853
2018-08-22 06:00:00,2428.96,549.31,22.19,131.3035862942574,0.16131174766666667,16.131174766666668,108.22759673867222,79.36690427502629,0.7215173115911481,0.7215173115911481,0.656517931471287,summer,day,131.3035862942574
2018-08-22 07:00:00,2621.28,766.17,24.56,130.64769353633199,0.149988025,14.9988025,126.22063806575034,92.56180124821691,0.8414709204383356,0.8414709204383355,0.6532384676816599,summer,day,130.64769353633199
2018-08-22 08:00:00,2806.0,934.95,26.33,127.83007261227257,0.141233433,14.123343299999998,138.457745718331,101.53568019344272,0.9230516381222067,0.9230516381222065,0.6391503630613629,summer,day,127.83007261227257
2018-08-22 09:00:00,2991.12,1029.58,27.8,93.7128780794318,0.13594987266666667,13.594987266666667,144.93891969641422,106.28854111070373,0.9662594646427615,0.9662594646427612,0.468564390397159,summer,day,93.7128780794318
2018-08-22 10:00:00,3176.7200000000003,1039.9,28.99,123.86977943520958,0.13456495066666668,13.456495066666669,145.66415999999998,106.82038399999996,0.9710943999999999,0.9710943999999997,0.6193488971760479,summer,day,123.86977943520958
2018-08-22 11:00:00,3383.44,965.77,29.85,80.33735249785477,0.13712404566666667,13.712404566666667,140.63346662908833,103.13120886133143,0.9375564441939223,0.9375564441939221,0.4016867624892738,summer,day,80.33735249785477
2018-08-22 12:00:00,3596.64,786.68,30.33,99.15085142793208,0.14456134733333334,14.456134733333334,129.84683958367924,95.22101569469811,0.8656455972245283,0.8656455972245283,0.4957542571396604,summer,day,99.15085142793208
2018-08-22 13:00:00,3808.16,648.29,30.49,108.49007378527365,0.15047410033333333,15.047410033333334,113.30427886377277,83.08980450010003,0.7553618590918184,0.7553618590918184,0.5424503689263682,summer,day,108.49007378527365
2018-08-22 14:00:00,3997.44,411.06,30.29,138.01442486252432,0.160982316,16.0982316,91.00578446936879,66.7375752775371,0.6067052297957919,0.6067052297957919,0.6900721243126217,summer,day,138.01442486252432
2018-08-22 15:00:00,4118.08,178.39,29.79,143.78424207486236,0.17152718366666667,17.152718366666665,62.95135640046747,46.16432802700947,0.41967570933644976,0.4196757093364497,0.7189212103743118,summer,day,143.78424207486236
2018-08-22 16:00:00,4200.56,22.74,28.81,164.4742011607019,0.179088404,17.9088404,54.97371306102382,40.314056244750795,0.3664914204068255,0.3664914204068254,0.8223710058035095,summer,day,164.4742011607019
2018-08-23 04:00:00,2422.7200000000003,89.56,15.94,178.13803151769213,0.18628092266666665,18.628092266666666,56.242324133616556,41.24437103131881,0.3749488275574437,0.37494882755744374,0.8906901575884606,summer,day,178.13803151769213
2018-08-23 05:00:00,2420.2400000000002,323.68,18.41,178.7731700171234,0.17412554866666666,17.412554866666667,85.33450737822822,62.57863874403404,0.5688967158548548,0.5688967158548549,0.8938658500856169,summer,day,178.7731700171234
2018-08-23 06:00:00,2525.44,563.18,20.98,178.53894511737727,0.16165688733333333,16.165688733333333,108.75127304942076,79.75093356957524,0.7250084869961384,0.7250084869961385,0.8926947255868863,summer,day,178.53894511737727
2018-08-23 07:00:00,2697.6,789.33,23.78,176.17879072283642,0.14959008899999998,14.959008899999999,126.49262114719426,92.76125550794245,0.843284140981295,0.843284140981295,0.8808939536141821,summer,day,176.17879072283642
2018-08-23 08:00:00,2831.52,950.24,25.87,107.64961117596152,0.1409275633333333,14.09275633333333,138.55855167154863,101.60960455913565,0.9237236778103242,0.923723677810324,0.5382480558798076,summer,day,107.64961117596152
2018-08-23 09:00:00,2947.52,1039.95,27.5,137.7232954713228,0.135733015,13.573301500000001,144.94906462248386,106.29598072315483,0.9663270974832258,0.9663270974832256,0.688616477356614,summer,day,137.7232954713228
2018-08-23 10:00:00,3046.08,1056.57,28.69,150.52416327521334,0.134073203,13.4073203,145.66415999999998,106.82038399999998,0.9710943999999999,0.9710943999999998,0.7526208163760667,summer,day,150.52416327521334
2018-08-23 11:00:00,3138.88,987.32,29.58,121.36920647984077,0.13639580533333334,13.639580533333334,140.70383780409702,103.18281438967114,0.9380255853606468,0.9380255853606467,0.6068460323992039,summer,day,121.36920647984077
2018-08-23 12:00:00,3221.6800000000003,844.65,30.08,137.18955219271237,0.142228273,14.222827299999999,130.06809803477492,95.38327189216828,0.8671206535651661,0.8671206535651662,0.6859477609635618,summer,day,137.18955219271237
2018-08-23 13:00:00,3303.6,653.35,30.25,116.2869104485658,0.15044181166666667,15.044181166666668,113.75694069203377,83.42175650749142,0.7583796046135585,0.7583796046135584,0.581434552242829,summer,day,116.2869104485658
2018-08-23 14:00:00,3366.56,409.3,30.04,177.37323951674531,0.16125546066666668,16.12554606666667,91.77036577587342,67.2982682356405,0.6118024385058227,0.6118024385058228,0.8868661975837265,summer,day,177.37323951674531
2018-08-23 15:00:00,3411.84,175.62,29.48,123.10455101293877,0.171891522,17.1891522,64.10837328629405,47.012807076615644,0.42738915524196036,0.4273891552419604,0.6155227550646939,summer,day,123.10455101293877
2018-08-23 16:00:00,3438.64,21.86,28.26,136.73798947387502,0.17955877133333334,17.955877133333335,56.242324133616556,41.24437103131881,0.3749488275574437,0.37494882755744374,0.683689947369375,summer,day,136.73798947387502
2018-08-24 04:00:00,1956.64,85.74,15.88,136.433694706082,0.186494726,18.6494726,54.99083874641301,40.326615080702865,0.3666055916427534,0.3666055916427533,0.68216847353041,summer,day,136.433694706082
2018-08-24 05:00:00,1972.4,308.85,19.2,128.68597968730995,0.174152165,17.4152165,84.49017581268052,61.95946226263237,0.5632678387512035,0.5632678387512033,0.6434298984365497,summer,day,128.68597968730995
2018-08-24 06:00:00,2088.32,548.81,22.15,113.57479437945682,0.16136498033333335,16.136498033333336,108.23466613601347,79.3720884997432,0.7215644409067565,0.7215644409067563,0.5678739718972841,summer,day,113.57479437945682
2018-08-24 07:00:00,2244.8,770.82,25.22,86.39754748689276,0.149266766,14.9266766,126.22430971641194,92.5644937920354,0.8414953981094129,0.8414953981094128,0.43198773743446384,summer,day,86.39754748689276
2018-08-24 08:00:00,2377.76,933.78,27.44,72.22907466759759,0.14041269,14.041269,138.45910655387584,101.53667813950895,0.9230607103591723,0.9230607103591723,0.3611453733379879,summer,day,72.22907466759759
2018-08-24 09:00:00,2497.92,1027.31,29.02,78.56585773179553,0.13509073233333335,13.509073233333336,144.9390566484052,106.2886415421638,0.9662603776560347,0.9662603776560346,0.39282928865897765,summer,day,78.56585773179553
2018-08-24 10:00:00,2605.52,1050.24,30.26,41.353135843654385,0.13311632399999998,13.311632399999999,145.66415999999998,106.82038399999998,0.9710943999999999,0.9710943999999998,0.20676567921827194,summer,day,41.353135843654385
2018-08-24 11:00:00,2714.4,980.97,31.11,25.729482796710247,0.13547121499999998,13.547121499999998,140.63441660866027,103.13190551301751,0.9375627773910685,0.9375627773910683,0.12864741398355123,summer,day,25.729482796710247
2018-08-24 12:00:00,2814.56,844.25,31.62,19.855033572069214,0.14103621033333333,14.103621033333333,129.849826474386,95.22320608121638,0.86566550982924,0.8656655098292397,0.09927516786034607,summer,day,19.855033572069214
2018-08-24 13:00:00,2896.88,655.86,31.8,14.859229276488735,0.149114922,14.911492200000001,113.31038959717719,83.09428570459659,0.7554025973145146,0.7554025973145144,0.07429614638244368,summer,day,14.859229276488735
2018-08-24 14:00:00,2987.84,411.65,31.65,13.431919399469585,0.15988842833333333,15.988842833333333,91.01610597703379,66.74514438315809,0.6067740398468919,0.6067740398468917,0.06715959699734793,summer,day,13.431919399469585
2018-08-24 15:00:00,3064.2400000000002,174.12,31.14,40.028960811342685,0.17065320800000003,17.065320800000002,62.966975613955924,46.175782116901,0.4197798374263728,0.4197798374263727,0.20014480405671342,summer,day,40.028960811342685
2018-08-24 16:00:00,3118.96,20.12,30.2,49.71155582915033,0.17811101733333334,17.811101733333334,54.99083874641301,40.326615080702865,0.3666055916427534,0.3666055916427533,0.24855777914575164,summer,day,49.71155582915033
2018-08-25 04:00:00,1902.96,85.39,16.78,37.9780594157426,0.18580313766666665,18.580313766666663,56.080802982957756,41.12592218750236,0.373872019886385,0.3738720198863851,0.189890297078713,summer,day,37.9780594157426
2018-08-25 05:00:00,1926.16,312.01,20.97,45.59157184684236,0.17262412566666666,17.262412566666665,85.22553494642897,62.49872562738125,0.5681702329761931,0.5681702329761932,0.22795785923421183,summer,day,45.59157184684236
2018-08-25 06:00:00,2026.0800000000002,553.14,26.02,36.02574984010073,0.15813655000000001,15.813655,108.68459792564781,79.70203847880839,0.7245639861709854,0.7245639861709854,0.18012874920050365,summer,day,36.02574984010073
2018-08-25 07:00:00,2179.36,766.06,28.33,27.941917665365324,0.14703186666666668,14.703186666666667,126.4579919206144,92.73586074178388,0.8430532794707627,0.8430532794707626,0.13970958832682662,summer,day,27.941917665365324
2018-08-25 08:00:00,2312.88,934.07,30.37,16.735286348667827,0.13809881433333332,13.809881433333333,138.54571693132863,101.60019241630764,0.9236381128755242,0.923638112875524,0.08367643174333914,summer,day,16.735286348667827
2018-08-25 09:00:00,2436.16,1022.29,31.79,17.605718070876843,0.13313421366666664,13.313421366666663,144.94777295779048,106.29503350237968,0.9663184863852698,0.9663184863852698,0.08802859035438422,summer,day,17.605718070876843
2018-08-25 10:00:00,2541.52,1024.57,32.73,12.0090487456002,0.13229645366666667,13.229645366666668,145.66415999999998,106.82038399999998,0.9710943999999999,0.9710943999999998,0.060045243728001,summer,day,12.0090487456002
2018-08-25 11:00:00,2644.56,981.16,33.36,9.961731157048817,0.13369577466666668,13.369577466666668,140.6948780579572,103.17624390916859,0.9379658537197146,0.9379658537197144,0.049808655785244085,summer,day,9.961731157048817
2018-08-25 12:00:00,2728.56,821.67,33.67,16.940227074538647,0.140411381,14.0411381,130.03992713166204,95.36261322988548,0.8669328475444136,0.8669328475444135,0.08470113537269323,summer,day,16.940227074538647
2018-08-25 13:00:00,2812.0,642.85,33.76,23.831836507185475,0.14814320766666667,14.814320766666667,113.69930722111458,83.3794919621507,0.7579953814740972,0.7579953814740972,0.11915918253592737,summer,day,23.831836507185475
2018-08-25 14:00:00,2884.96,404.81,33.5,26.984227439442115,0.15873389033333332,15.873389033333332,91.67301832631472,67.22688010596413,0.6111534555087648,0.6111534555087648,0.13492113719721058,summer,day,26.984227439442115
2018-08-25 15:00:00,2928.0,172.08,32.91,44.563096506814354,0.169352062,16.9352062,63.9610604472626,46.90477766132591,0.4264070696484173,0.42640706964841735,0.22281548253407177,summer,day,44.563096506814354
2018-08-25 16:00:00,2949.68,17.49,31.65,29.74237686606683,0.177086943,17.7086943,56.080802982957756,41.12592218750236,0.373872019886385,0.3738720198863851,0.14871188433033417,summer,day,29.74237686606683
2018-08-26 04:00:00,1820.08,83.62,17.89,0.0,0.18500857466666668,18.500857466666666,55.16562666841592,40.45479289017166,0.36777084445610614,0.367770844456106,0.0,summer,day,11.607488090689207
2018-08-26 05:00:00,1805.6000000000001,305.83,21.4,0.0,0.17255605766666668,17.25560576666667,84.60809885144114,62.04593915772349,0.564053992342941,0.5640539923429408,0.0,summer,day,25.885236717932813
2018-08-26 06:00:00,1826.08,544.93,25.32,3.51110615103821,0.15904455966666667,15.904455966666667,108.30681771669518,79.42499965890978,0.7220454514446345,0.7220454514446344,0.017555530755191052,summer,day,3.51110615103821
2018-08-26 07:00:00,1867.76,759.98,27.74,0.0,0.14776054333333333,14.776054333333333,126.26178326417815,92.59197439373062,0.8417452217611877,0.8417452217611875,0.0,summer,day,21.601956908405928
2018-08-26 08:00:00,1938.24,926.75,30.03,0.0,0.13868524633333332,13.868524633333331,138.47299549388993,101.54686336218593,0.9231533032925995,0.9231533032925994,0.0,summer,day,0.0
2018-08-26 09:00:00,2077.44,1013.64,31.73,0.0,0.133558766,13.3558766,144.94045440583054,106.28966656427572,0.9662696960388703,0.9662696960388701,0.0,summer,day,0.0
2018-08-26 10:00:00,2210.56,1035.53,32.92,0.5235002579992258,0.13166900633333334,13.166900633333334,145.66415999999998,106.82038399999998,0.9710943999999999,0.9710943999999998,0.002617501289996129,summer,day,0.5235002579992258
2018-08-26 11:00:00,2316.8,911.25,33.43,1.4294635707899197,0.13669120299999998,13.669120299999998,140.64411227639832,103.13901566935874,0.9376274151759888,0.9376274151759886,0.007147317853949599,summer,day,1.4294635707899197
2018-08-26 12:00:00,2387.36,646.4,33.47,11.118718938673997,0.14821607533333334,14.821607533333333,129.88031123502546,95.24556157235199,0.8658687415668364,0.8658687415668362,0.05559359469336998,summer,day,11.118718938673997
2018-08-26 13:00:00,2445.36,639.28,33.61,11.816297509750365,0.1484167886666667,14.841678866666669,113.3727568758815,83.14002170897976,0.7558183791725434,0.7558183791725432,0.059081487548751824,summer,day,11.816297509750365
2018-08-26 14:00:00,2503.36,310.54,33.06,10.334084163351053,0.16319278066666668,16.31927806666667,91.12144919896632,66.82239607924195,0.6074763279931088,0.6074763279931087,0.05167042081675526,summer,day,10.334084163351053
2018-08-26 15:00:00,2561.12,16.69,32.26,9.69140451559941,0.17664275566666665,17.664275566666664,63.12638820428007,46.2926846831387,0.4208425880285338,0.42084258802853364,0.048457022577997055,summer,day,9.69140451559941
2018-08-26 16:00:00,2610.64,2.62,30.58,16.64386517351064,0.17857614866666666,17.857614866666665,55.16562666841592,40.45479289017166,0.36777084445610614,0.367770844456106,0.0832193258675532,summer,day,16.64386517351064
2018-08-27 04:00:00,1723.1200000000001,74.86,18.14,32.977977281980976,0.18519445266666665,18.519445266666665,53.115172389278726,38.9511264188044,0.35410114926185815,0.35410114926185815,0.16488988640990487,summer,day,32.977977281980976
2018-08-27 05:00:00,1701.1200000000001,293.39,21.73,42.6096382944947,0.17283967433333333,17.283967433333334,83.22473210238431,61.03147020841516,0.5548315473492287,0.5548315473492287,0.2130481914724735,summer,day,42.6096382944947
2018-08-27 06:00:00,1709.76,534.19,24.43,19.836825104628655,0.16021218766666667,16.021218766666667,107.46040043762905,78.8042936542613,0.7164026695841936,0.7164026695841936,0.09918412552314328,summer,day,19.836825104628655
2018-08-27 07:00:00,1722.4,750.27,27.04,6.032770530680594,0.14873400299999998,14.873400299999998,125.82217739501303,92.26959675634288,0.8388145159667535,0.8388145159667534,0.03016385265340297,summer,day,6.032770530680594
2018-08-27 08:00:00,1771.8400000000001,921.03,29.06,0.0,0.139696667,13.9696667,138.31006297453618,101.42737951465986,0.9220670864969078,0.9220670864969078,0.0,summer,day,0.0
2018-08-27 09:00:00,1896.08,1013.33,30.35,0.0,0.13465614433333334,13.465614433333334,144.92405717619852,106.27764192921222,0.9661603811746567,0.9661603811746565,0.0,summer,day,10.411183748479901
2018-08-27 10:00:00,2015.3600000000001,1035.23,31.76,12.042109176205278,0.13259316033333335,13.259316033333334,145.66415999999998,106.82038399999996,0.9710943999999999,0.9710943999999997,0.06021054588102639,summer,day,12.042109176205278
2018-08-27 11:00:00,2114.4,970.93,32.26,32.85361235830864,0.1350060836666667,13.50060836666667,140.53037144594066,103.05560572702313,0.9368691429729378,0.9368691429729376,0.16426806179154319,summer,day,32.85361235830864
2018-08-27 12:00:00,2198.32,817.27,32.61,26.06760324777651,0.14143589166666667,14.143589166666667,129.52269151402055,94.98330711028171,0.8634846100934703,0.8634846100934701,0.13033801623888255,summer,day,26.06760324777651
2018-08-27 13:00:00,2267.44,616.18,32.77,31.71405263793796,0.15008445466666667,15.008445466666668,112.64112020423961,82.6034881497757,0.7509408013615975,0.7509408013615972,0.1585702631896898,summer,day,31.71405263793796
2018-08-27 14:00:00,2325.92,306.53,32.64,49.16468960379929,0.16369761833333332,16.36976183333333,89.8856575165978,65.91614884550505,0.5992377167773187,0.5992377167773186,0.24582344801899644,summer,day,49.16468960379929
2018-08-27 15:00:00,2382.16,168.1,31.97,61.11181122434466,0.17026399866666667,17.026399866666665,61.256303451095256,44.921289197469854,0.40837535634063504,0.40837535634063504,0.3055590561217233,summer,day,61.11181122434466
2018-08-27 16:00:00,2443.2000000000003,13.99,31.18,25.885236717932813,0.17760879766666665,17.760879766666665,53.115172389278726,38.9511264188044,0.35410114926185815,0.35410114926185815,0.12942618358966407,summer,day,25.885236717932813
2018-08-28 04:00:00,1758.4,76.33,17.96,131.79959125120152,0.18527168366666666,18.527168366666665,53.873536459147736,39.507260070041674,0.3591569097276516,0.3591569097276516,0.6589979562560075,summer,day,131.79959125120152
2018-08-28 05:00:00,1791.44,299.63,21.61,123.49349939467173,0.1726616503333333,17.26616503333333,83.73637269276979,61.40667330803117,0.5582424846184653,0.5582424846184653,0.6174674969733587,summer,day,123.49349939467173
2018-08-28 06:00:00,1917.52,541.19,24.61,96.46123530261117,0.15976538233333334,15.976538233333335,107.77344933566647,79.03386284615542,0.7184896622377764,0.7184896622377765,0.48230617651305585,summer,day,96.46123530261117
2018-08-28 07:00:00,2092.88,755.41,26.8,70.36577382701924,0.14869822366666666,14.869822366666666,125.98476638783788,92.38882868441445,0.8398984425855859,0.8398984425855859,0.3518288691350962,summer,day,70.36577382701924
2018-08-28 08:00:00,2220.2400000000002,921.33,28.86,28.524934123677628,0.139840657,13.9840657,138.37032384928395,101.47157082280822,0.922468825661893,0.9224688256618929,0.14262467061838813,summer,day,28.524934123677628
2018-08-28 09:00:00,2335.04,1013.6,30.35,60.268911929310036,0.13464436333333332,13.464436333333332,144.93012172000465,106.28208926133672,0.9662008114666977,0.9662008114666975,0.30134455964655016,summer,day,60.268911929310036
2018-08-28 10:00:00,2430.0,1035.54,31.75,100.97621998181145,0.132587488,13.258748800000001,145.66415999999998,106.82038399999996,0.9710943999999999,0.9710943999999997,0.5048810999090573,summer,day,100.97621998181145
2018-08-28 11:00:00,2506.7200000000003,970.03,32.6,84.20150569420112,0.13477831766666667,13.477831766666668,140.57243868927,103.086455038798,0.9371495912618,0.9371495912618,0.4210075284710056,summer,day,84.20150569420112
2018-08-28 12:00:00,2555.36,801.49,33.12,128.6822458604313,0.14172387166666667,14.172387166666667,129.65495778781465,95.08030237773075,0.8643663852520976,0.8643663852520976,0.6434112293021564,summer,day,128.6822458604313
2018-08-28 13:00:00,2594.16,643.04,33.35,173.46311054625238,0.14845693133333332,14.845693133333333,112.91171729563402,82.80192601679828,0.7527447819708935,0.7527447819708935,0.8673155527312619,summer,day,173.46311054625238
2018-08-28 14:00:00,2647.84,425.16,33.03,177.09125072770723,0.15821509,15.821509,90.34271721272796,66.2513259560005,0.6022847814181864,0.6022847814181863,0.8854562536385362,summer,day,177.09125072770723
2018-08-28 15:00:00,2678.8,147.72,32.34,170.421435763847,0.17086264799999998,17.0862648,61.94795753909666,45.42850219533755,0.41298638359397777,0.4129863835939777,0.852107178819235,summer,day,170.421435763847
2018-08-28 16:00:00,2703.2000000000003,10.5,31.2,174.46649166018057,0.17774536999999999,17.774537,53.873536459147736,39.507260070041674,0.3591569097276516,0.3591569097276516,0.8723324583009028,summer,day,174.46649166018057
2018-08-29 04:00:00,1798.08,72.77,18.93,71.69602845082336,0.18466518033333335,18.466518033333333,50.833690531330944,37.27803972297602,0.33889127020887294,0.3388912702088729,0.35848014225411684,summer,day,71.69602845082336
2018-08-29 05:00:00,1835.6000000000001,285.47,21.19,122.05855820589929,0.17360936633333335,17.360936633333335,81.6854994684387,59.90269961018838,0.544569996456258,0.544569996456258,0.6102927910294964,summer,day,122.05855820589929
2018-08-29 06:00:00,1964.56,494.8,23.27,102.19714500267784,0.16284196866666667,16.28419686666667,106.51861612861461,78.1136518276507,0.7101241075240974,0.7101241075240973,0.5109857250133892,summer,day,102.19714500267784
2018-08-29 07:00:00,2184.56,684.68,26.18,84.33323825841059,0.15227135733333333,15.227135733333332,125.33304051185874,91.91089637536307,0.8355536034123916,0.8355536034123915,0.42166619129205296,summer,day,84.33323825841059
2018-08-29 08:00:00,2321.52,877.27,28.02,35.579793922988834,0.14242287766666667,14.242287766666667,138.128772618171,101.2944332533254,0.9208584841211401,0.9208584841211399,0.17789896961494417,summer,day,35.579793922988834
2018-08-29 09:00:00,2414.4,988.74,29.55,40.18016564640876,0.136357408,13.6357408,144.90581244755143,106.26426246153771,0.9660387496503429,0.9660387496503429,0.2009008282320438,summer,day,40.18016564640876
2018-08-29 10:00:00,2486.48,1023.17,30.6,65.26093542210519,0.13403044233333333,13.403044233333333,145.66415999999998,106.82038399999998,0.9710943999999999,0.9710943999999998,0.32630467711052596,summer,day,65.26093542210519
2018-08-29 11:00:00,2537.12,945.5,31.61,69.97771647215518,0.13662618933333334,13.662618933333334,140.4038152755167,102.96279786871226,0.9360254351701114,0.9360254351701114,0.3498885823607759,summer,day,69.97771647215518
2018-08-29 12:00:00,2560.48,764.0,32.47,41.175933632805204,0.14387019533333334,14.387019533333333,129.12477827410163,94.69150406767451,0.8608318551606775,0.8608318551606774,0.20587966816402603,summer,day,41.175933632805204
2018-08-29 13:00:00,2565.84,485.63,31.96,26.951520085810536,0.15641696033333333,15.641696033333332,111.8270489957547,82.00650259688678,0.7455136599716979,0.7455136599716979,0.1347576004290527,summer,day,26.951520085810536
2018-08-29 14:00:00,2574.32,32.45,28.62,67.4205845255453,0.17881395033333333,17.881395033333334,88.51062744047587,64.90779345634897,0.5900708496031725,0.5900708496031725,0.33710292262772645,summer,day,67.4205845255453
2018-08-29 15:00:00,2553.92,134.56,23.33,76.19318653124125,0.17851331666666664,17.851331666666663,59.17551360826529,43.39537664606121,0.3945034240551019,0.3945034240551019,0.38096593265620626,summer,day,76.19318653124125
2018-08-29 16:00:00,2535.44,1.75,22.49,62.45532820725613,0.18496799566666666,18.496799566666667,50.833690531330944,37.27803972297602,0.33889127020887294,0.3388912702088729,0.31227664103628067,summer,day,62.45532820725613
2018-08-30 04:00:00,1746.88,65.52,17.5,52.036254021861865,0.18610464399999999,18.610464399999998,50.638996882370755,37.135264380405204,0.3375933125491384,0.3375933125491382,0.2601812701093093,summer,day,52.036254021861865
2018-08-30 05:00:00,1780.16,273.83,19.14,27.035682725761344,0.17572732833333332,17.572732833333333,81.55414676139986,59.80637429169322,0.5436943117426658,0.5436943117426656,0.13517841362880673,summer,day,27.035682725761344
2018-08-30 06:00:00,1902.0,525.06,21.33,18.49582966714136,0.1630453,16.30453,106.43824756332592,78.05471487977232,0.7095883170888394,0.7095883170888393,0.0924791483357068,summer,day,18.49582966714136
2018-08-30 07:00:00,2096.0,604.7,24.12,4.998162940684579,0.15737907533333334,15.737907533333335,125.29129928814899,91.88028614464258,0.83527532858766,0.8352753285876598,0.024990814703422893,summer,day,4.998162940684579
2018-08-30 08:00:00,2216.32,865.49,25.89,0.4103034298680445,0.14460978033333333,14.460978033333333,138.11330193586906,101.28308808630395,0.920755346239127,0.9207553462391268,0.0020515171493402226,summer,day,0.4103034298680445
2018-08-30 09:00:00,2301.12,925.95,27.4,8.31153500025871,0.140785755,14.078575500000001,144.90425550648604,106.26312070475642,0.9660283700432403,0.9660283700432402,0.04155767500129355,summer,day,8.31153500025871
2018-08-30 10:00:00,2367.68,1036.14,28.6,15.456668853401142,0.135035318,13.5035318,145.66415999999998,106.82038399999998,0.9710943999999999,0.9710943999999998,0.07728334426700571,summer,day,15.456668853401142
2018-08-30 11:00:00,2426.88,951.79,29.6,27.14949777007935,0.13793038966666665,13.793038966666666,140.39301541641095,102.95487797203467,0.9359534361094063,0.9359534361094061,0.13574748885039675,summer,day,27.14949777007935
2018-08-30 12:00:00,2493.84,567.61,29.89,19.192585402180807,0.1544656776666667,15.44656776666667,129.09082175571885,94.66660262086046,0.860605478371459,0.8606054783714587,0.09596292701090403,summer,day,19.192585402180807
2018-08-30 13:00:00,2549.36,47.28,29.52,23.406296925112418,0.177460008,17.7460008,111.75757901792375,81.9555579464774,0.7450505267861584,0.7450505267861581,0.1170314846255621,summer,day,23.406296925112418
2018-08-30 14:00:00,2618.7200000000003,31.52,27.41,27.88606785877501,0.17980486333333331,17.98048633333333,88.39328720302555,64.8217439488854,0.5892885813535037,0.5892885813535036,0.13943033929387505,summer,day,27.88606785877501
2018-08-30 15:00:00,2673.52,127.74,26.15,33.607921155381426,0.176596068,17.6596068,58.99794631102442,43.26516062808456,0.3933196420734961,0.393319642073496,0.16803960577690713,summer,day,33.607921155381426
2018-08-30 16:00:00,2733.04,6.12,24.88,41.09961748456608,0.182900212,18.2900212,50.638996882370755,37.135264380405204,0.3375933125491384,0.3375933125491382,0.2054980874228304,summer,day,41.09961748456608
2018-08-31 04:00:00,1836.32,75.45,17.31,131.33213552250118,0.185820591,18.582059100000002,53.6197698119816,39.321164528786504,0.35746513207987735,0.3574651320798773,0.6566606776125059,summer,day,131.33213552250118
2018-08-31 05:00:00,1862.72,306.04,19.82,154.52864411127848,0.17378782666666667,17.378782666666666,83.56516558745605,61.28112143080109,0.5571011039163737,0.5571011039163736,0.7726432205563925,summer,day,154.52864411127848
2018-08-31 06:00:00,1989.76,549.26,22.23,125.2946344422839,0.16128251333333335,16.128251333333335,107.66869573194191,78.9570435367574,0.7177913048796127,0.7177913048796127,0.6264731722114195,summer,day,125.2946344422839
2018-08-31 07:00:00,2183.6,772.62,24.6,100.91514524215398,0.149675174,14.9675174,125.93036024543929,92.34893084665546,0.8395357349695952,0.8395357349695951,0.50457572621077,summer,day,100.91514524215398
2018-08-31 08:00:00,2319.68,936.6,26.26,102.83138641383306,0.141216416,14.1216416,138.35015912794807,101.45678336049527,0.9223343941863205,0.9223343941863206,0.5141569320691652,summer,day,102.83138641383306
2018-08-31 09:00:00,2441.84,1029.32,27.57,79.401646996102,0.13614185933333336,13.614185933333337,144.92809237946832,106.28060107827676,0.9661872825297888,0.9661872825297887,0.39700823498051,summer,day,79.401646996102
2018-08-31 10:00:00,2562.2400000000002,1048.86,28.57,93.12337591533996,0.134503864,13.4503864,145.66415999999998,106.82038399999998,0.9710943999999999,0.9710943999999998,0.46561687957669984,summer,day,93.12337591533996
2018-08-31 11:00:00,2686.96,863.82,29.36,81.86454224387742,0.14195731,14.195731,140.55836198954313,103.07613212566494,0.9370557465969542,0.937055746596954,0.4093227112193871,summer,day,81.86454224387742
2018-08-31 12:00:00,2797.68,562.89,30.05,75.21443897646034,0.15454596299999998,15.454596299999999,129.61069834809769,95.04784545527164,0.8640713223206512,0.8640713223206513,0.3760721948823017,summer,day,75.21443897646034
2018-08-31 13:00:00,2905.6,578.57,30.32,99.15939195077608,0.15364973433333332,15.364973433333331,112.82116907566373,82.73552398882006,0.7521411271710915,0.7521411271710915,0.49579695975388044,summer,day,99.15939195077608
2018-08-31 14:00:00,3008.8,368.37,30.01,123.52264264082824,0.163064935,16.3064935,90.18977417224116,66.13916772631018,0.6012651611482744,0.6012651611482743,0.6176132132041412,summer,day,123.52264264082824
2018-08-31 15:00:00,3074.4,149.33,29.6,90.02693631824556,0.17294439433333333,17.294439433333334,61.716513637830104,45.258776667742076,0.4114434242522007,0.4114434242522007,0.4501346815912278,summer,day,90.02693631824556
2018-08-31 16:00:00,3095.52,4.37,28.51,131.50975900115566,0.18012556833333332,18.01255683333333,53.6197698119816,39.321164528786504,0.35746513207987735,0.3574651320798773,0.6575487950057783,summer,day,131.50975900115566
