DateTime,load_PJME_MW,solar_G_i__POA,solar_T2m,wind_Energy_scaled_MW,eta_eff,P_150MW_adj_MW,P_110MW_adj_MW
2018-01-01 00:00:00,22536.800000000003,0.0,-0.29,18.871291417697428,0.202935766,0.0,0.0
2018-01-01 01:00:00,21503.2,0.0,-1.11,22.22588331973862,0.2035797939999999,0.0,0.0
2018-01-01 02:00:00,20678.4,0.0,-1.55,35.284245765886894,0.20392537,0.0,0.0
2018-01-01 03:00:00,20031.2,0.0,-2.18,36.578283481249706,0.204420172,0.0,0.0
2018-01-01 04:00:00,19709.6,0.0,-2.17,74.17510765601075,0.2044123179999999,0.0,0.0
2018-01-01 05:00:00,19692.0,0.0,-1.85,57.84281548507339,0.2041609899999999,0.0,0.0
2018-01-01 06:00:00,19978.4,168.55,-1.66,55.31706344390321,0.1966573656666666,111.62369538276164,81.85737661402521
2018-01-01 07:00:00,20540.800000000003,333.25,-1.12,45.18052357420121,0.1890468396666667,127.9844783524852,93.8552841251558
2018-01-01 08:00:00,20957.6,419.72,-0.38,29.06108378097444,0.1846926693333333,139.11148344526612,102.0150878598618
2018-01-01 09:00:00,21248.0,759.19,0.46,36.04301575871071,0.1692207256666666,145.00471066110435,106.3367878181432
2018-01-01 10:00:00,21350.4,545.11,1.07,43.74917983064359,0.1780826556666666,145.66415999999998,106.82038399999998
2018-01-01 11:00:00,21253.6,801.74,1.67,11.618814587850014,0.1664137933333333,141.089831461953,103.46587640543218
2018-01-01 12:00:00,21158.4,683.96,2.22,9.642076783232143,0.1711209573333333,131.28172504696334,96.2732650344398
2018-01-01 13:00:00,20929.6,409.27,2.17,17.223569072749587,0.1831458676666666,116.23984075503112,85.24254988702282
2018-01-01 14:00:00,20704.0,65.76,1.92,29.25045426691916,0.198330704,95.9641785861562,70.37373096318122
2018-01-01 15:00:00,20676.800000000003,0.0,0.67,80.28456370193618,0.202181782,0.0,0.0
2018-01-01 16:00:00,21000.0,0.0,0.39,139.643852364978,0.202401694,0.0,0.0
2018-01-01 17:00:00,22283.2,0.0,-0.11,105.18875256102896,0.202794394,0.0,0.0
2018-01-01 18:00:00,24694.4,0.0,-0.53,97.23119162255246,0.2031242619999999,0.0,0.0
2018-01-01 19:00:00,25153.6,0.0,-0.65,128.3416675087169,0.20321851,0.0,0.0
2018-01-01 20:00:00,25158.4,0.0,-1.07,159.34394727510283,0.203548378,0.0,0.0
2018-01-01 21:00:00,24996.800000000003,0.0,-1.02,178.96721990948114,0.203509108,0.0,0.0
2018-01-01 22:00:00,24420.800000000003,0.0,-1.2,172.77017046708974,0.20365048,0.0,0.0
2018-01-01 23:00:00,23367.2,0.0,-1.36,177.27245043665158,0.203776144,0.0,0.0
2018-01-02 00:00:00,22093.6,0.0,-1.01,167.71736924359325,0.203501254,0.0,0.0
2018-01-02 01:00:00,20972.800000000003,0.0,-0.94,172.19417917980422,0.2034462759999999,0.0,0.0
2018-01-02 02:00:00,20304.800000000003,0.0,-1.1,178.9655348382597,0.2035719399999999,0.0,0.0
2018-01-02 03:00:00,19969.6,0.0,-1.17,168.59045434683492,0.203626918,0.0,0.0
2018-01-02 04:00:00,19898.4,0.0,-1.85,174.48014194935374,0.2041609899999999,0.0,0.0
2018-01-02 05:00:00,20250.4,0.0,-2.97,176.53883831470367,0.2050406379999999,0.0,0.0
2018-01-02 06:00:00,21083.2,341.01,-2.58,160.66109107498076,0.1898549289999999,127.9353674011753,93.81926942752854
2018-01-02 07:00:00,22159.2,599.67,1.21,169.70834756691724,0.175592065,136.45631243779872,100.06796245438572
2018-01-02 08:00:00,22996.800000000003,785.05,4.22,167.59457725510737,0.1651392636666666,142.25142621647728,104.31771255875
2018-01-02 09:00:00,23745.6,876.16,5.72,147.88812999016358,0.1599857306666666,145.32070873721105,106.56851974062144
2018-01-02 10:00:00,24743.2,894.69,6.79,178.63726114330467,0.158336827,145.66415999999998,106.82038399999998
2018-01-02 11:00:00,25502.4,794.6,7.53,178.85103485492036,0.1621228913333333,143.2817800048441,105.07330533688568
2018-01-02 12:00:00,25934.4,627.14,7.95,175.6634741223283,0.1690998613333333,138.1735687517434,101.32728375127849
2018-01-02 13:00:00,25982.4,318.08,7.78,63.50359404202269,0.1827186973333333,130.3395262406979,95.58231924317845
2018-01-02 14:00:00,25900.0,38.58,6.42,154.4798376599365,0.195982358,119.77965247170754,87.83841181258552
2018-01-02 15:00:00,25803.2,0.0,4.49,163.80018479503747,0.1991815539999999,0.0,0.0
2018-01-02 16:00:00,25942.4,0.0,3.08,173.49369640733954,0.2002889679999999,0.0,0.0
2018-01-02 17:00:00,26993.6,0.0,2.01,178.8891611066515,0.201129346,0.0,0.0
2018-01-02 18:00:00,28430.4,0.0,1.16,174.56778989848505,0.201796936,0.0,0.0
2018-01-02 19:00:00,28142.4,0.0,0.65,152.0306048241485,0.2021974899999999,0.0,0.0
2018-01-02 20:00:00,27680.0,0.0,0.38,115.03326595125354,0.202409548,0.0,0.0
2018-01-02 21:00:00,26939.2,0.0,-0.11,178.31589745263747,0.202794394,0.0,0.0
2018-01-02 22:00:00,25628.0,0.0,0.11,80.72699188001678,0.2026216059999999,0.0,0.0
2018-01-02 23:00:00,23896.0,0.0,0.41,64.7063348410771,0.202385986,0.0,0.0
2018-01-03 00:00:00,22216.800000000003,0.0,0.0,138.16855432659838,0.202708,0.0,0.0
2018-01-03 01:00:00,20994.4,0.0,0.21,63.50319398914259,0.202543066,0.0,0.0
2018-01-03 02:00:00,20272.0,0.0,0.34,36.61805540505505,0.202440964,0.0,0.0
2018-01-03 03:00:00,20017.6,0.0,0.17,22.07681361538357,0.202574482,0.0,0.0
2018-01-03 04:00:00,20098.4,0.0,0.34,60.287484081186825,0.202440964,0.0,0.0
2018-01-03 05:00:00,20740.0,0.0,0.01,57.25917470181225,0.202700146,0.0,0.0
2018-01-03 06:00:00,22380.0,315.31,0.82,77.90310952224706,0.1883059456666666,120.48819123780548,88.35800690772402
2018-01-03 07:00:00,25064.0,230.95,3.59,104.71112579092896,0.1898112956666666,132.58845384004434,97.23153281603253
2018-01-03 08:00:00,26652.800000000003,706.2,6.13,96.40348827554509,0.167079638,140.81786950115637,103.26643763418132
2018-01-03 09:00:00,26860.800000000003,780.96,7.91,9.391646711148118,0.162419598,145.17643822114158,106.4627213621705
2018-01-03 10:00:00,27072.0,709.52,8.74,15.3688042089599,0.1648848813333333,145.66415999999998,106.82038399999998
2018-01-03 11:00:00,27265.6,303.29,9.02,13.65581414587521,0.1823901383333333,142.2810348377316,104.33942554766983
2018-01-03 12:00:00,27273.6,330.59,8.98,47.28489264333433,0.1812303643333333,135.02706273433637,99.01984600518
2018-01-03 13:00:00,27265.6,345.3,8.49,33.39891777128757,0.180973364,123.90224368981438,90.86164537253056
2018-01-03 14:00:00,26999.2,84.29,7.79,9.087509539943907,0.1929118803333333,108.90657770416554,79.86482364972139
2018-01-03 15:00:00,26622.4,0.0,6.34,24.497595720795434,0.197728564,0.0,0.0
2018-01-03 16:00:00,26620.800000000003,0.0,5.4,0.0,0.19846684,0.0,0.0
2018-01-03 17:00:00,27587.2,0.0,5.13,0.0,0.198678898,0.0,0.0
2018-01-03 18:00:00,29084.800000000003,0.0,4.88,13.049441569997914,0.1988752479999999,0.0,0.0
2018-01-03 19:00:00,28884.800000000003,0.0,4.49,57.3602183610116,0.1991815539999999,0.0,0.0
2018-01-03 20:00:00,28244.800000000003,0.0,4.32,79.66790037186539,0.1993150719999999,0.0,0.0
2018-01-03 21:00:00,27457.6,0.0,4.36,87.4138878895655,0.199283656,0.0,0.0
2018-01-03 22:00:00,26064.0,0.0,4.03,84.05055240753678,0.199542838,0.0,0.0
2018-01-03 23:00:00,24117.6,0.0,3.8,49.38605219731766,0.1997234799999999,0.0,0.0
2018-01-04 00:00:00,22311.2,0.0,3.46,55.67160121656168,0.199990516,0.0,0.0
2018-01-04 01:00:00,20977.6,0.0,3.13,55.439218984625306,0.200249698,0.0,0.0
2018-01-04 02:00:00,20230.4,0.0,2.77,66.64894313438256,0.2005324419999999,0.0,0.0
2018-01-04 03:00:00,19914.4,0.0,2.4,55.72959676132575,0.20082304,0.0,0.0
2018-01-04 04:00:00,19927.2,0.0,1.98,66.2885439808939,0.201152908,0.0,0.0
2018-01-04 05:00:00,20402.4,0.0,1.25,14.065254630237895,0.20172625,0.0,0.0
2018-01-04 06:00:00,22004.0,73.25,0.99,75.12670010621986,0.1987343123333333,114.57384649695992,84.02082076443727
2018-01-04 07:00:00,24672.0,94.46,3.48,84.07945319740249,0.1958532033333333,129.51670575001236,94.97891755000909
2018-01-04 08:00:00,26124.800000000003,127.52,5.2,117.29828049727624,0.1930597973333333,139.67937775153652,102.43154368446012
2018-01-04 09:00:00,25940.0,164.4,6.4,16.50941406814021,0.1905081199999999,145.0618625015324,106.37869916779042
2018-01-04 10:00:00,25756.800000000003,140.92,7.24,0.0,0.1908728946666666,145.66415999999998,106.82038399999998
2018-01-04 11:00:00,25700.0,43.57,6.82,0.0,0.1954504676666666,141.48627024693934,103.75659818108883
2018-01-04 12:00:00,25450.4,210.27,5.36,0.0,0.1893234749999999,132.5281932423504,97.18734171105694
2018-01-04 13:00:00,24913.6,185.89,5.02,0.0,0.1906542916666666,118.78992898623324,87.11261458990435
2018-01-04 14:00:00,24425.6,9.27,4.85,0.0,0.1984943289999999,100.27147747858773,73.53241681763099
2018-01-04 15:00:00,24356.800000000003,0.0,3.59,0.0,0.199888414,0.0,0.0
2018-01-04 16:00:00,24770.4,0.0,2.34,16.815686370055445,0.2008701639999999,0.0,0.0
2018-01-04 17:00:00,26051.2,0.0,1.37,50.28447701365342,0.201632002,0.0,0.0
2018-01-04 18:00:00,28659.2,0.0,0.86,43.27493229509666,0.2020325559999999,0.0,0.0
2018-01-04 19:00:00,29128.800000000003,0.0,0.13,59.13002805584988,0.2026058979999999,0.0,0.0
2018-01-04 20:00:00,29062.4,0.0,-0.14,22.97886163791548,0.202817956,0.0,0.0
2018-01-04 21:00:00,28681.6,0.0,-0.54,34.94335525169803,0.2031321159999999,0.0,0.0
2018-01-04 22:00:00,27620.800000000003,0.0,-0.7,23.3478088910076,0.20325778,0.0,0.0
2018-01-04 23:00:00,25993.6,0.0,0.08,34.20417572717245,0.202645168,0.0,0.0
2018-01-05 00:00:00,24445.6,0.0,0.87,41.96869599760194,0.202024702,0.0,0.0
2018-01-05 01:00:00,23445.6,0.0,1.14,46.34917501876663,0.201812644,0.0,0.0
2018-01-05 02:00:00,22998.4,0.0,1.05,35.907512999178884,0.20188333,0.0,0.0
2018-01-05 03:00:00,22823.2,0.0,1.25,6.493246927746938,0.20172625,0.0,0.0
2018-01-05 04:00:00,23077.6,0.0,1.29,9.120142641336423,0.201694834,0.0,0.0
2018-01-05 05:00:00,23948.800000000003,0.0,1.37,21.601256815866225,0.201632002,0.0,0.0
2018-01-05 06:00:00,25820.800000000003,74.15,1.7,3.878828621023747,0.1981374083333333,116.84184839209166,85.68402215420056
2018-01-05 07:00:00,28699.2,234.14,2.84,4.469694601751317,0.1902611553333333,130.6946435934807,95.84273863521916
2018-01-05 08:00:00,30163.2,610.97,4.48,2.753141567705442,0.1725307503333333,140.11596059526175,102.75170443652527
2018-01-05 09:00:00,30060.800000000003,365.42,6.1,0.0,0.1819725673333333,145.10579939743485,106.41091955811888
2018-01-05 10:00:00,29980.800000000003,256.85,6.7,0.0,0.1862385983333333,145.66415999999998,106.82038399999998
2018-01-05 11:00:00,29830.4,216.36,6.98,0.0,0.1877854,141.7910424029572,103.9800977621686
2018-01-05 12:00:00,29336.0,363.51,6.89,0.0,0.1814354409999999,133.48644660630646,97.89006084462471
2018-01-05 13:00:00,28618.4,176.46,6.37,0.0,0.190005464,120.7503726100478,88.55027324736838
2018-01-05 14:00:00,28504.800000000003,23.63,5.33,0.0,0.1974907623333333,103.58282041418111,75.9607349703995
2018-01-05 15:00:00,28588.800000000003,0.0,4.33,0.0,0.199307218,0.0,0.0
2018-01-05 16:00:00,28851.2,0.0,3.65,0.0,0.1998412899999999,0.0,0.0
2018-01-05 17:00:00,29900.800000000003,0.0,2.57,0.0,0.2006895219999999,0.0,0.0
2018-01-05 18:00:00,31796.0,0.0,1.65,0.0,0.20141209,0.0,0.0
2018-01-05 19:00:00,31803.2,0.0,2.23,0.0,0.200956558,0.0,0.0
2018-01-05 20:00:00,31348.0,0.0,1.67,0.0,0.2013963819999999,0.0,0.0
2018-01-05 21:00:00,30637.6,0.0,0.38,0.0,0.202409548,0.0,0.0
2018-01-05 22:00:00,29292.0,0.0,0.49,0.0,0.202323154,0.0,0.0
2018-01-05 23:00:00,27426.4,0.0,1.19,0.0,0.201773374,0.0,0.0
2018-01-06 00:00:00,25713.6,0.0,0.53,0.0,0.202291738,0.0,0.0
2018-01-06 01:00:00,24522.4,0.0,-0.02,0.0,0.202723708,0.0,0.0
2018-01-06 02:00:00,23873.6,0.0,-0.18,0.0,0.202849372,0.0,0.0
2018-01-06 03:00:00,23593.6,0.0,-0.07,0.0,0.202762978,0.0,0.0
2018-01-06 04:00:00,23633.6,0.0,-0.2,0.0,0.20286508,0.0,0.0
2018-01-06 05:00:00,24288.800000000003,0.0,0.03,0.0,0.202684438,0.0,0.0
2018-01-06 06:00:00,25923.2,339.94,0.28,0.0,0.1876553726666666,127.370345340782,93.40491991657343
2018-01-06 07:00:00,28575.2,594.71,0.7,0.0,0.1762090403333333,136.1628555104653,99.85276070767452
2018-01-06 08:00:00,30031.2,786.12,2.27,0.0,0.166624106,142.14266134356274,104.237951651946
2018-01-06 09:00:00,30087.2,887.55,4.21,0.0,0.160674701,145.30976284007428,106.5604927493878
2018-01-06 10:00:00,29815.2,901.22,5.26,0.0,0.1592535633333333,145.66415999999998,106.82038399999998
2018-01-06 11:00:00,29323.2,480.0,6.22,130.96955426239512,0.176878812,143.20585282333982,105.01762540378252
2018-01-06 12:00:00,28796.0,407.59,6.83,0.0,0.1795592076666666,137.9348413100938,101.15221696073544
2018-01-06 13:00:00,28434.4,86.1,6.6,0.0,0.19376753,129.8511254602619,95.22415867085871
2018-01-06 14:00:00,28388.800000000003,3.71,6.09,0.0,0.1977630343333333,118.95470527384413,87.23345053415234
2018-01-06 15:00:00,28508.800000000003,0.0,4.79,6.998894068306823,0.198945934,0.0,0.0
2018-01-06 16:00:00,28975.2,0.0,3.71,0.0,0.199794166,0.0,0.0
2018-01-06 17:00:00,30071.2,0.0,3.49,0.0,0.199966954,0.0,0.0
2018-01-06 18:00:00,31843.2,0.0,2.0,17.159612133934978,0.2011372,0.0,0.0
2018-01-06 19:00:00,31686.4,0.0,1.69,28.77342151473143,0.201380674,0.0,0.0
2018-01-06 20:00:00,31155.2,0.0,0.86,75.45501623102643,0.2020325559999999,0.0,0.0
2018-01-06 21:00:00,30600.800000000003,0.0,0.21,153.97876536651373,0.202543066,0.0,0.0
2018-01-06 22:00:00,29676.800000000003,0.0,-0.32,178.8403546553095,0.202959328,0.0,0.0
2018-01-06 23:00:00,28283.2,0.0,-0.82,167.89255603652478,0.203352028,0.0,0.0
2018-01-07 00:00:00,26875.2,0.0,-1.06,156.2781359689461,0.203540524,0.0,0.0
2018-01-07 01:00:00,25767.2,0.0,-1.16,137.59160533696385,0.203619064,0.0,0.0
2018-01-07 02:00:00,25047.2,0.0,-1.37,154.79008472966936,0.203783998,0.0,0.0
2018-01-07 03:00:00,24744.0,0.0,-1.62,177.68855392295632,0.2039803479999999,0.0,0.0
2018-01-07 04:00:00,24673.6,0.0,-1.91,178.61873748268602,0.204208114,0.0,0.0
2018-01-07 05:00:00,24950.4,0.0,-2.18,171.07644355631066,0.204420172,0.0,0.0
2018-01-07 06:00:00,25703.2,118.95,-1.83,170.9919717845891,0.1989550969999999,124.71351993330028,91.4565812844202
2018-01-07 07:00:00,26796.800000000003,244.87,1.8,178.96151006383212,0.1906097856666666,134.78297342232486,98.84084717637155
2018-01-07 08:00:00,27973.6,306.43,4.5,178.76314444949824,0.1858031376666666,141.63123126311635,103.8629029262853
2018-01-07 09:00:00,29165.6,356.68,5.85,144.7833438352573,0.1825502726666666,145.25829345567473,106.52274853416144
2018-01-07 10:00:00,30400.0,259.36,6.67,147.99066475555122,0.1861526406666666,145.66415999999998,106.82038399999998
2018-01-07 11:00:00,31121.6,195.32,7.21,130.96955426239512,0.1885228033333333,142.84883089609218,104.75580932380092
2018-01-07 12:00:00,31356.800000000003,179.66,7.42,167.18020733128225,0.1890411673333333,136.81230614395128,100.32902450556423
2018-01-07 13:00:00,31334.4,230.3,7.19,159.4698184584816,0.1870122173333333,127.55458574357728,93.54002954529
2018-01-07 14:00:00,31142.4,82.05,6.33,177.16807300345369,0.194156303,115.07566969497016,84.3888244429781
2018-01-07 15:00:00,30954.4,0.0,4.56,177.40313437740338,0.199126576,0.0,0.0
2018-01-07 16:00:00,30806.4,0.0,3.09,178.01453640596338,0.2002811139999999,0.0,0.0
2018-01-07 17:00:00,31428.0,0.0,1.04,176.66844332496157,0.2018911839999999,0.0,0.0
2018-01-07 18:00:00,33059.200000000004,0.0,-0.15,168.55858346740644,0.20282581,0.0,0.0
2018-01-07 19:00:00,33153.6,0.0,-1.47,155.08011094474784,0.2038625379999999,0.0,0.0
2018-01-07 20:00:00,32730.4,0.0,-1.58,173.97117770366506,0.203948932,0.0,0.0
2018-01-07 21:00:00,32251.2,0.0,-1.58,178.97328131675164,0.203948932,0.0,0.0
2018-01-07 22:00:00,31413.6,0.0,-1.46,178.9710507188761,0.203854684,0.0,0.0
2018-01-07 23:00:00,30123.2,0.0,-0.95,152.3527564977606,0.20345413,0.0,0.0
2018-01-08 00:00:00,28843.2,0.0,-0.33,121.92464959647955,0.2029671819999999,0.0,0.0
2018-01-08 01:00:00,27884.800000000003,0.0,-0.17,84.38825765220473,0.202841518,0.0,0.0
2018-01-08 02:00:00,27332.0,0.0,0.64,57.82464338607671,0.202205344,0.0,0.0
2018-01-08 03:00:00,27096.0,0.0,0.63,41.4848653771604,0.2022131979999999,0.0,0.0
2018-01-08 04:00:00,27108.800000000003,0.0,0.58,63.60637732510829,0.202252468,0.0,0.0
2018-01-08 05:00:00,27449.6,0.0,0.41,55.3641363327656,0.202385986,0.0,0.0
2018-01-08 06:00:00,28112.0,238.43,0.06,27.047769171858707,0.1922573803333333,130.33845322723508,95.58153236663904
2018-01-08 07:00:00,29084.800000000003,376.82,0.85,53.53072429143816,0.1855984973333333,137.70440916192146,100.98323338540906
2018-01-08 08:00:00,29859.2,531.15,3.93,17.941323037925823,0.176445533,142.71401226894443,104.65694233055925
2018-01-08 09:00:00,30448.800000000003,458.5,5.78,9.109531390233537,0.1781625046666666,145.36726254830393,106.60265920208954
2018-01-08 10:00:00,30716.0,332.67,6.89,0.4213129343705188,0.1827810929999999,145.66415999999998,106.82038399999998
2018-01-08 11:00:00,30685.6,263.91,7.56,0.6365782257222133,0.185255103,143.6047046240326,105.31011672429057
2018-01-08 12:00:00,30532.800000000003,194.46,7.73,6.491190595330406,0.18815192,139.1888964204018,102.0718573749613
2018-01-08 13:00:00,30194.4,175.97,7.47,0.1204860847279632,0.1891629043333333,132.41673538910754,97.10560595201218
2018-01-08 14:00:00,29884.0,24.02,6.32,0.0,0.1966961993333333,123.28822153014984,90.4113624554432
2018-01-08 15:00:00,29728.800000000003,0.0,4.95,0.0,0.19882027,0.0,0.0
2018-01-08 16:00:00,30297.6,0.0,3.97,0.0,0.199589962,0.0,0.0
2018-01-08 17:00:00,31685.6,0.0,2.96,24.74439197922079,0.200383216,0.0,0.0
2018-01-08 18:00:00,34085.6,0.0,0.7,33.24826452428314,0.20215822,0.0,0.0
2018-01-08 19:00:00,34480.0,0.0,-2.36,31.273315592485943,0.204561544,0.0,0.0
2018-01-08 20:00:00,34176.0,0.0,-2.47,31.123119981730444,0.204647938,0.0,0.0
2018-01-08 21:00:00,33714.4,0.0,-2.56,51.1784679105709,0.204718624,0.0,0.0
2018-01-08 22:00:00,32595.2,0.0,-2.6,49.66711359104308,0.20475004,0.0,0.0
2018-01-08 23:00:00,31107.2,0.0,-2.63,21.3008686250588,0.204773602,0.0,0.0
2018-01-09 00:00:00,29572.0,0.0,-2.19,12.361440780084823,0.204428026,0.0,0.0
2018-01-09 01:00:00,28665.6,0.0,-2.11,13.365301502863254,0.204365194,0.0,0.0
2018-01-09 02:00:00,28369.6,0.0,-2.24,24.19252509287157,0.2044672959999999,0.0,0.0
2018-01-09 03:00:00,28364.0,0.0,-2.37,18.16681041909176,0.204569398,0.0,0.0
2018-01-09 04:00:00,28732.0,0.0,-2.01,6.297411950948207,0.2042866539999999,0.0,0.0
2018-01-09 05:00:00,29568.800000000003,0.0,-1.46,1.020529403353328,0.203854684,0.0,0.0
2018-01-09 06:00:00,31348.0,23.18,-0.84,0.0,0.2023563153333333,114.09657483610098,83.67082154647404
2018-01-09 07:00:00,33969.6,0.0,0.6,0.0,0.20223676,0.0,0.0
2018-01-09 08:00:00,35210.4,179.14,2.96,0.0,0.1925667406666666,139.58750453953678,102.36416999566028
2018-01-09 09:00:00,34940.8,165.78,4.83,0.0,0.191680984,145.05261655013996,106.37191880343596
2018-01-09 10:00:00,34577.6,251.46,6.0,0.0,0.187023562,145.66415999999998,106.82038399999998
2018-01-09 11:00:00,34038.4,216.2,6.69,1.517929525774286,0.1880201473333333,141.4221348891169,103.70956558535238
2018-01-09 12:00:00,33232.8,268.34,6.9,0.0,0.1855801713333333,132.32654121749067,97.03946355949316
2018-01-09 13:00:00,32487.2,162.79,6.62,8.340593386713449,0.1904055816666666,118.37737898512135,86.81007792242232
2018-01-09 14:00:00,32236.800000000003,26.68,5.67,12.95976911083825,0.1970906446666667,99.57464819200882,73.02140867413979
2018-01-09 15:00:00,31904.0,0.0,4.13,18.000406605294963,0.1994642979999999,0.0,0.0
2018-01-09 16:00:00,31984.800000000003,0.0,3.4,27.47143123302973,0.20003764,0.0,0.0
2018-01-09 17:00:00,32976.8,0.0,2.68,61.20208376282398,0.200603128,0.0,0.0
2018-01-09 18:00:00,35279.200000000004,0.0,2.22,64.07417855402294,0.2009644119999999,0.0,0.0
2018-01-09 19:00:00,35532.8,0.0,-1.74,39.97945426746098,0.2040745959999999,0.0,0.0
2018-01-09 20:00:00,35297.6,0.0,-1.29,32.40139803818998,0.2037211659999999,0.0,0.0
2018-01-09 21:00:00,34707.200000000004,0.0,-1.95,43.68645638820853,0.2042395299999999,0.0,0.0
2018-01-09 22:00:00,33496.0,0.0,-2.66,32.48729120991647,0.204797164,0.0,0.0
2018-01-09 23:00:00,31607.2,0.0,-2.56,12.674038918162738,0.204718624,0.0,0.0
2018-01-10 00:00:00,29865.6,0.0,-2.45,23.462804394391565,0.20463223,0.0,0.0
2018-01-10 01:00:00,28776.0,0.0,-3.34,13.996457657717812,0.205331236,0.0,0.0
2018-01-10 02:00:00,28261.6,0.0,-3.71,0.0,0.205621834,0.0,0.0
2018-01-10 03:00:00,28086.4,0.0,-3.92,0.0,0.205786768,0.0,0.0
2018-01-10 04:00:00,28189.6,0.0,-3.29,0.0,0.205291966,0.0,0.0
2018-01-10 05:00:00,28894.4,0.0,-2.64,0.0,0.204781456,0.0,0.0
2018-01-10 06:00:00,30504.0,36.16,-1.82,0.0,0.2025596466666666,114.35637630078696,83.86134262057709
2018-01-10 07:00:00,33185.6,0.0,-0.67,0.0,0.203234218,0.0,0.0
2018-01-10 08:00:00,34284.8,140.01,1.01,0.0,0.1958056429999999,139.6375154599421,102.4008446706242
2018-01-10 09:00:00,33830.4,148.68,3.06,0.0,0.1938172719999999,145.05764955735822,106.37560967539602
2018-01-10 10:00:00,33204.0,234.18,4.78,0.0,0.188735734,145.66415999999998,106.82038399999998
2018-01-10 11:00:00,32607.2,152.84,5.79,0.0,0.1914916153333333,141.45704678786743,103.73516764443612
2018-01-10 12:00:00,31999.2,153.59,6.13,0.0,0.1911918543333333,132.43630992096064,97.11996060870447
2018-01-10 13:00:00,31359.2,46.35,6.03,0.0,0.195949633,118.60194939927956,86.97476289280499
2018-01-10 14:00:00,30983.2,26.51,5.26,0.0,0.1974200763333333,99.95396522282408,73.29957449673765
2018-01-10 15:00:00,30760.0,0.0,3.79,0.0,0.1997313339999999,0.0,0.0
2018-01-10 16:00:00,30787.2,0.0,2.48,2.475191380680552,0.200760208,0.0,0.0
2018-01-10 17:00:00,31548.0,0.0,1.5,52.91455193535617,0.2015299,0.0,0.0
2018-01-10 18:00:00,33038.4,0.0,0.73,46.706895030242,0.202134658,0.0,0.0
2018-01-10 19:00:00,32788.8,0.0,-0.1,44.34940765490042,0.20278654,0.0,0.0
2018-01-10 20:00:00,32136.0,0.0,-0.46,1.257030456239243,0.203069284,0.0,0.0
2018-01-10 21:00:00,31156.0,0.0,-1.11,0.4646956574287827,0.2035797939999999,0.0,0.0
2018-01-10 22:00:00,29500.800000000003,0.0,-1.3,0.0,0.20372902,0.0,0.0
2018-01-10 23:00:00,27418.4,0.0,-1.09,39.75647933960866,0.203564086,0.0,0.0
2018-01-11 00:00:00,25354.4,0.0,-1.5,48.090868875980746,0.2038861,0.0,0.0
2018-01-11 01:00:00,23924.800000000003,0.0,-1.42,45.5703508599884,0.2038232679999999,0.0,0.0
2018-01-11 02:00:00,23191.2,0.0,-1.04,37.31834190982954,0.203524816,0.0,0.0
2018-01-11 03:00:00,22809.6,0.0,-0.9,12.645199500045642,0.2034148599999999,0.0,0.0
2018-01-11 04:00:00,22728.800000000003,0.0,-0.79,33.01969491752012,0.2033284659999999,0.0,0.0
2018-01-11 05:00:00,23176.0,0.0,-0.86,53.079258555117626,0.203383444,0.0,0.0
2018-01-11 06:00:00,24640.0,32.45,-0.63,4.980321946059829,0.2017869003333333,98.35716639866128,72.12858869235158
2018-01-11 07:00:00,27291.2,185.29,1.82,11.429087236552274,0.1931937516666666,121.09420785695131,88.80241909509762
2018-01-11 08:00:00,28630.4,229.21,5.14,13.736085362358365,0.1886698476666666,136.5577206099378,100.1423284472877
2018-01-11 09:00:00,28118.4,276.27,7.52,118.98218792827711,0.184747211,144.7477046576207,106.14831674892184
2018-01-11 10:00:00,27293.6,841.79,8.97,0.0,0.1589328583333333,145.66415999999998,106.82038399999998
2018-01-11 11:00:00,26686.4,99.21,9.53,76.29369072519316,0.190894275,139.30708663707577,102.15853020052222
2018-01-11 12:00:00,26158.4,102.91,9.95,108.1529140672598,0.1904029636666666,125.67648456884795,92.16275535048852
2018-01-11 13:00:00,25628.0,63.04,9.6,96.31018503343051,0.1924175146666666,104.77235379531666,76.83305944989888
2018-01-11 14:00:00,25492.0,27.31,7.98,90.69707944466404,0.1952488816666666,76.59469431648171,56.16944249875324
2018-01-11 15:00:00,25365.6,0.0,7.1,54.85780273783256,0.19713166,0.0,0.0
2018-01-11 16:00:00,25657.6,0.0,5.5,46.30258704248563,0.1983883,0.0,0.0
2018-01-11 17:00:00,26811.2,0.0,3.22,100.87522481387076,0.200179012,0.0,0.0
2018-01-11 18:00:00,28535.2,0.0,1.77,95.0530673497519,0.2013178419999999,0.0,0.0
2018-01-11 19:00:00,28517.6,0.0,1.71,88.95106077336229,0.201364966,0.0,0.0
2018-01-11 20:00:00,28051.2,0.0,1.82,121.02752495200286,0.201278572,0.0,0.0
2018-01-11 21:00:00,27308.0,0.0,1.57,49.77720086988951,0.201474922,0.0,0.0
2018-01-11 22:00:00,25988.0,0.0,1.03,103.86718393384382,0.201899038,0.0,0.0
2018-01-11 23:00:00,24144.0,0.0,0.57,56.63446182288625,0.202260322,0.0,0.0
2018-01-12 00:00:00,22323.2,0.0,0.27,36.17727896045579,0.202495942,0.0,0.0
2018-01-12 01:00:00,21033.6,0.0,0.13,0.0,0.2026058979999999,0.0,0.0
2018-01-12 02:00:00,20278.4,0.0,0.22,0.0,0.202535212,0.0,0.0
2018-01-12 03:00:00,19841.6,0.0,0.38,1.9947693547337344,0.202409548,0.0,0.0
2018-01-12 04:00:00,19761.6,0.0,0.59,0.0,0.202244614,0.0,0.0
2018-01-12 05:00:00,20196.0,0.0,0.73,0.7869262713996454,0.202134658,0.0,0.0
2018-01-12 06:00:00,21674.4,33.37,1.44,2.556095445966516,0.2001209796666666,120.06179432217044,88.04531583625833
2018-01-12 07:00:00,24293.6,238.01,3.83,0.0,0.1893147483333333,132.36699500249097,97.0691296684934
2018-01-12 08:00:00,25691.2,395.94,5.87,0.0,0.18082152,140.73578950890274,103.206245639862
2018-01-12 09:00:00,25422.4,168.86,6.93,0.0,0.1898972533333333,145.16817784140574,106.4566637503642
2018-01-12 10:00:00,25173.6,58.41,7.9,0.0,0.1939547169999999,145.66415999999998,106.82038399999998
2018-01-12 11:00:00,24896.0,76.95,8.53,0.0,0.1926509529999999,142.22373598468548,104.29740638876932
2018-01-12 12:00:00,24675.2,115.48,6.89,0.0,0.1922578166666666,134.8469057954622,98.88773091667228
2018-01-12 13:00:00,24228.800000000003,17.61,6.65,0.0,0.1967167069999999,123.5336694323302,90.5913575837088
2018-01-12 14:00:00,24112.800000000003,42.89,5.98,0.0,0.1961398743333333,108.2840268952894,79.40828638987888
2018-01-12 15:00:00,23981.6,0.0,4.97,0.0,0.198804562,0.0,0.0
2018-01-12 16:00:00,24024.800000000003,0.0,3.94,0.0,0.199613524,0.0,0.0
2018-01-12 17:00:00,24756.0,0.0,2.88,0.0,0.200446048,0.0,0.0
2018-01-12 18:00:00,26316.0,0.0,2.36,1.947867700626483,0.200854456,0.0,0.0
2018-01-12 19:00:00,26346.4,0.0,2.36,20.438430383687724,0.200854456,0.0,0.0
2018-01-12 20:00:00,25889.6,0.0,2.26,10.79730675674888,0.200932996,0.0,0.0
2018-01-12 21:00:00,25146.4,0.0,1.72,12.846182884644714,0.201357112,0.0,0.0
2018-01-12 22:00:00,23854.4,0.0,1.82,14.973703498847438,0.201278572,0.0,0.0
2018-01-12 23:00:00,22173.6,0.0,1.66,33.280908233138376,0.201404236,0.0,0.0
2018-01-13 00:00:00,20432.800000000003,0.0,2.18,38.59647146181096,0.200995828,0.0,0.0
2018-01-13 01:00:00,19160.8,0.0,3.29,42.47479016694808,0.2001240339999999,0.0,0.0
2018-01-13 02:00:00,18493.6,0.0,3.11,47.23721967515189,0.2002654059999999,0.0,0.0
2018-01-13 03:00:00,18155.2,0.0,2.93,52.65545708157911,0.2004067779999999,0.0,0.0
2018-01-13 04:00:00,18168.8,0.0,2.33,95.77361713903176,0.200878018,0.0,0.0
2018-01-13 05:00:00,18651.2,0.0,-0.34,129.68891225709984,0.202975036,0.0,0.0
2018-01-13 06:00:00,20259.2,348.37,0.68,125.52016728400436,0.1869733836666666,117.65236952340672,86.27840431716493
2018-01-13 07:00:00,22959.2,225.85,3.58,121.2333460972797,0.1900416796666666,131.11560599018594,96.15144439280304
2018-01-13 08:00:00,24598.4,115.89,5.59,165.98888622352493,0.193260947,140.27198322521124,102.86612103182156
2018-01-13 09:00:00,24685.6,237.75,6.69,164.03630085385248,0.187079849,145.1215012284826,106.42243423422056
2018-01-13 10:00:00,24538.4,216.87,7.69,165.52078798565415,0.187205513,145.66415999999998,106.82038399999998
2018-01-13 11:00:00,24455.2,462.33,8.21,178.55374707393156,0.176086867,141.89995953976347,104.05997032915988
2018-01-13 12:00:00,24119.2,127.13,8.15,174.01919617206212,0.1907598843333333,133.82889984777302,98.1411932217002
2018-01-13 13:00:00,23766.4,337.06,7.56,178.93251229145008,0.1820633246666666,121.45098092402864,89.06405267762099
2018-01-13 14:00:00,23702.4,16.69,6.86,178.5973892062791,0.1965919156666666,104.76620276853026,76.8285486969222
2018-01-13 15:00:00,23655.2,0.0,5.41,166.90238879044625,0.1984589859999999,0.0,0.0
2018-01-13 16:00:00,24021.6,0.0,4.06,175.54305820549294,0.199519276,0.0,0.0
2018-01-13 17:00:00,25190.4,0.0,3.11,178.1648471834568,0.2002654059999999,0.0,0.0
2018-01-13 18:00:00,27118.4,0.0,2.89,176.2381319000148,0.200438194,0.0,0.0
2018-01-13 19:00:00,27265.6,0.0,3.22,174.32670348570875,0.200179012,0.0,0.0
2018-01-13 20:00:00,26902.4,0.0,3.06,173.24011137277125,0.200304676,0.0,0.0
2018-01-13 21:00:00,26451.2,0.0,2.51,101.9988642480455,0.200736646,0.0,0.0
2018-01-13 22:00:00,25660.800000000003,0.0,1.98,48.71071444486852,0.201152908,0.0,0.0
2018-01-13 23:00:00,24412.0,0.0,1.72,17.9190079670595,0.201357112,0.0,0.0
2018-01-14 00:00:00,23081.6,0.0,1.7,19.39584257218219,0.2013728199999999,0.0,0.0
2018-01-14 01:00:00,21988.0,0.0,1.68,60.47409056541594,0.2013885279999999,0.0,0.0
2018-01-14 02:00:00,21360.0,0.0,1.54,21.581260233280844,0.201498484,0.0,0.0
2018-01-14 03:00:00,21096.800000000003,0.0,1.28,61.66630876144928,0.201702688,0.0,0.0
2018-01-14 04:00:00,21064.0,0.0,0.95,39.154754347756,0.20196187,0.0,0.0
2018-01-14 05:00:00,21355.2,0.0,0.79,27.420509350550347,0.2020875339999999,0.0,0.0
2018-01-14 06:00:00,22104.800000000003,72.76,0.78,24.90626640643474,0.1989206266666666,120.38213404043424,88.28023162965178
2018-01-14 07:00:00,23177.6,25.03,1.2,21.73685049650713,0.2006733776666666,132.5333706469377,97.19113847442097
2018-01-14 08:00:00,24279.2,64.9,1.37,18.527962702434028,0.1988001986666666,140.79745384236645,103.25146615106874
2018-01-14 09:00:00,25271.2,94.56,1.93,0.0,0.19706621,145.17438362672056,106.46121465959509
2018-01-14 10:00:00,26083.2,45.43,1.99,0.0,0.1991627916666666,145.66415999999998,106.82038399999998
2018-01-14 11:00:00,26484.0,52.84,2.21,0.0,0.1986666806666666,142.26678296220476,104.32897417228348
2018-01-14 12:00:00,26752.800000000003,66.75,2.1,0.0,0.1981461349999999,134.98225251333486,98.98698517644556
2018-01-14 13:00:00,26783.2,44.5,1.65,0.0,0.1994704066666666,123.8105686533903,90.79441701248622
2018-01-14 14:00:00,26717.6,7.41,1.06,0.0,0.201552153,108.75173138237103,79.75126968040543
2018-01-14 15:00:00,26750.4,0.0,0.6,0.0,0.20223676,0.0,0.0
2018-01-14 16:00:00,26917.6,0.0,0.04,0.0,0.2026765839999999,0.0,0.0
2018-01-14 17:00:00,27678.4,0.0,-0.36,0.0,0.202990744,0.0,0.0
2018-01-14 18:00:00,28921.6,0.0,-0.79,0.0,0.2033284659999999,0.0,0.0
2018-01-14 19:00:00,28759.2,0.0,-0.46,0.0,0.203069284,0.0,0.0
2018-01-14 20:00:00,28150.4,0.0,-0.6,0.0,0.2031792399999999,0.0,0.0
2018-01-14 21:00:00,27511.2,0.0,-0.86,0.0,0.203383444,0.0,0.0
2018-01-14 22:00:00,26540.800000000003,0.0,-1.18,0.0,0.203634772,0.0,0.0
2018-01-14 23:00:00,25262.4,0.0,-1.39,0.0,0.203799706,0.0,0.0
2018-01-15 00:00:00,23938.4,0.0,-1.78,0.0,0.204106012,0.0,0.0
2018-01-15 01:00:00,22790.4,0.0,-2.27,0.0,0.204490858,0.0,0.0
2018-01-15 02:00:00,22083.2,0.0,-2.72,0.0,0.2048442879999999,0.0,0.0
2018-01-15 03:00:00,21698.4,0.0,-3.11,0.0,0.205150594,0.0,0.0
2018-01-15 04:00:00,21618.4,0.0,-3.69,0.0,0.205606126,0.0,0.0
2018-01-15 05:00:00,21830.4,0.0,-4.28,0.0,0.206069512,0.0,0.0
2018-01-15 06:00:00,22405.6,94.95,-3.85,0.0,0.2015888049999999,116.39016685341522,85.35278902583782
2018-01-15 07:00:00,23328.0,98.03,-1.44,0.0,0.1995616003333333,130.46005261772137,95.67070525299565
2018-01-15 08:00:00,24179.2,126.09,-0.33,0.0,0.1974654549999999,140.02901339692085,102.68794315774196
2018-01-15 09:00:00,24763.2,128.86,0.47,0.0,0.1967162706666666,145.09704919101372,106.40450274007672
2018-01-15 10:00:00,24748.800000000003,81.58,1.35,0.0,0.1980881026666666,145.66415999999998,106.82038399999998
2018-01-15 11:00:00,24339.2,215.34,1.85,0.0,0.191859008,141.73034582387965,103.93558693751174
2018-01-15 12:00:00,23853.6,68.61,1.88,0.0,0.198237765,133.2956066626527,97.75011155261195
2018-01-15 13:00:00,23393.6,48.21,1.9,0.0,0.199112177,120.35994251631917,88.26395784530072
2018-01-15 14:00:00,23004.800000000003,7.41,1.52,0.0,0.201190869,102.92335338487896,75.47712581557789
2018-01-15 15:00:00,22988.0,0.0,0.56,0.0,0.202268176,0.0,0.0
2018-01-15 16:00:00,23483.2,0.0,-0.92,0.0,0.203430568,0.0,0.0
2018-01-15 17:00:00,24736.800000000003,0.0,-0.67,0.677301790469017,0.203234218,0.0,0.0
2018-01-15 18:00:00,26902.4,0.0,-1.58,38.41534145905044,0.203948932,0.0,0.0
2018-01-15 19:00:00,27480.0,0.0,-2.45,59.663965299492986,0.20463223,0.0,0.0
2018-01-15 20:00:00,27186.4,0.0,-3.47,105.95011380546094,0.2054333379999999,0.0,0.0
2018-01-15 21:00:00,27016.0,0.0,-4.21,129.2421138043773,0.206014534,0.0,0.0
2018-01-15 22:00:00,26286.4,0.0,-4.6,97.97323516201324,0.20632084,0.0,0.0
2018-01-15 23:00:00,25183.2,0.0,-4.6,122.54602870140656,0.20632084,0.0,0.0
2018-01-16 00:00:00,24048.0,0.0,-4.5,36.539132851689615,0.2062423,0.0,0.0
2018-01-16 01:00:00,23118.4,0.0,-4.4,178.92303225047905,0.2061637599999999,0.0,0.0
2018-01-16 02:00:00,22723.2,0.0,-4.28,0.0,0.206069512,0.0,0.0
2018-01-16 03:00:00,22636.0,0.0,-4.07,0.0,0.205904578,0.0,0.0
2018-01-16 04:00:00,22876.800000000003,0.0,-3.61,0.0,0.205543294,0.0,0.0
2018-01-16 05:00:00,23583.2,0.0,-2.83,0.0,0.2049306819999999,0.0,0.0
2018-01-16 06:00:00,25016.0,39.87,-2.12,0.0,0.202633387,105.5191493295478,77.38070950833504
2018-01-16 07:00:00,26997.6,51.92,0.24,0.0,0.2002540613333333,124.81394492889734,91.53022628119136
2018-01-16 08:00:00,28287.2,63.04,2.15,0.0,0.1982687446666666,137.93637857375592,101.153344287421
2018-01-16 09:00:00,28544.800000000003,69.54,3.27,0.0,0.19710548,144.88645026412345,106.25006352702384
2018-01-16 10:00:00,28303.2,160.66,2.97,0.0,0.1933652306666667,145.66415999999998,106.82038399999998
2018-01-16 11:00:00,27848.800000000003,44.5,2.21,178.8138905511668,0.1990305826666666,140.26950778138556,102.8643057063494
2018-01-16 12:00:00,27336.800000000003,76.02,1.43,178.91612224619067,0.198267872,128.70249360828015,94.38182864607212
2018-01-16 13:00:00,26857.6,28.74,1.77,177.31266181248375,0.20006382,110.96311748068376,81.37295281916809
2018-01-16 14:00:00,26528.0,20.4,1.35,176.83250137414447,0.2007575899999999,87.05137939859632,63.837678225637305
2018-01-16 15:00:00,26474.4,0.0,1.53,141.6571124214283,0.201506338,0.0,0.0
2018-01-16 16:00:00,26710.4,0.0,1.4,148.7809267898489,0.20160844,0.0,0.0
2018-01-16 17:00:00,27649.6,0.0,1.14,159.96726603035637,0.201812644,0.0,0.0
2018-01-16 18:00:00,29422.4,0.0,1.25,177.54236490240632,0.20172625,0.0,0.0
2018-01-16 19:00:00,29446.4,0.0,0.78,171.96690065278983,0.202095388,0.0,0.0
2018-01-16 20:00:00,28930.4,0.0,1.02,174.36235668327353,0.2019068919999999,0.0,0.0
2018-01-16 21:00:00,28101.6,0.0,1.14,165.9716960725058,0.201812644,0.0,0.0
2018-01-16 22:00:00,26674.4,0.0,0.86,174.0982975369418,0.2020325559999999,0.0,0.0
2018-01-16 23:00:00,24780.0,0.0,0.57,169.68857525640067,0.202260322,0.0,0.0
2018-01-17 00:00:00,23088.0,0.0,0.07,178.72187838880072,0.202653022,0.0,0.0
2018-01-17 01:00:00,21964.0,0.0,0.2,170.19218121806222,0.20255092,0.0,0.0
2018-01-17 02:00:00,21265.6,0.0,-0.24,174.19651658035286,0.2028964959999999,0.0,0.0
2018-01-17 03:00:00,20984.0,0.0,-0.55,178.68473408504715,0.20313997,0.0,0.0
2018-01-17 04:00:00,21077.6,0.0,-0.3,178.58487846167282,0.2029436199999999,0.0,0.0
2018-01-17 05:00:00,21691.2,0.0,-0.18,178.94824770472425,0.202849372,0.0,0.0
2018-01-17 06:00:00,23368.0,118.69,0.34,0.0,0.1972621236666666,108.33485119036804,79.44555753960321
2018-01-17 07:00:00,26128.800000000003,396.04,1.58,175.88280008300376,0.1841865226666666,126.27634307984408,92.60265159188566
2018-01-17 08:00:00,27618.4,203.6,3.39,165.24624260474422,0.1911617473333333,138.4783918446081,101.55082068604592
2018-01-17 09:00:00,27660.800000000003,575.97,3.45,177.81586772126573,0.1748668789999999,144.94099748466004,106.29006482208403
2018-01-17 10:00:00,27637.6,705.94,4.39,173.40590298443374,0.1684575786666666,145.66415999999998,106.82038399999998
2018-01-17 11:00:00,27829.6,437.31,5.67,175.00628422324723,0.179173489,140.6478793906279,103.1417782197938
2018-01-17 12:00:00,27644.800000000003,105.69,5.69,176.35421997205927,0.193627467,129.89215565654382,95.25424748146548
2018-01-17 13:00:00,27384.800000000003,28.74,5.48,169.01789266473526,0.197149986,113.39698879774777,83.15779178501501
2018-01-17 14:00:00,27236.800000000003,51.73,5.19,169.69319404874102,0.1963746216666666,91.1623788142396,66.85241113044235
2018-01-17 15:00:00,27019.2,0.0,3.73,174.2753633661274,0.199778458,0.0,0.0
2018-01-17 16:00:00,27109.6,0.0,2.59,176.4979238156281,0.2006738139999999,0.0,0.0
2018-01-17 17:00:00,27908.0,0.0,2.04,172.8678439838467,0.2011057839999999,0.0,0.0
2018-01-17 18:00:00,29110.4,0.0,1.7,175.95126973953126,0.2013728199999999,0.0,0.0
2018-01-17 19:00:00,28924.800000000003,0.0,1.8,171.80969199382236,0.20129428,0.0,0.0
2018-01-17 20:00:00,28320.0,0.0,2.15,171.84401168178763,0.20101939,0.0,0.0
2018-01-17 21:00:00,27448.800000000003,0.0,3.34,171.82027521091638,0.200084764,0.0,0.0
2018-01-17 22:00:00,26001.6,0.0,3.72,171.84018087239266,0.199786312,0.0,0.0
2018-01-17 23:00:00,24149.6,0.0,2.84,171.83373153505687,0.200477464,0.0,0.0
2018-01-18 00:00:00,22452.0,0.0,3.14,171.83496806214006,0.200241844,0.0,0.0
2018-01-18 01:00:00,21169.6,0.0,3.41,171.8393443981896,0.200029786,0.0,0.0
2018-01-18 02:00:00,20512.800000000003,0.0,3.22,171.81952359641485,0.200179012,0.0,0.0
2018-01-18 03:00:00,20201.6,0.0,3.25,178.01727616204963,0.2001554499999999,0.0,0.0
2018-01-18 04:00:00,20216.800000000003,0.0,3.27,157.04541314687404,0.2001397419999999,0.0,0.0
2018-01-18 05:00:00,20737.6,0.0,3.51,68.01018367215346,0.199951246,0.0,0.0
2018-01-18 06:00:00,22440.800000000003,75.78,3.8,9.894647289758538,0.1964169459999999,91.84147035285736,67.35041159209538
2018-01-18 07:00:00,25174.4,24.1,4.35,167.24634940741785,0.1982399466666666,117.71013442854552,86.32076524760004
2018-01-18 08:00:00,26718.4,51.92,4.89,114.54744415852336,0.1966019513333333,135.3034707282987,99.22254520075236
2018-01-18 09:00:00,26621.6,89.93,5.69,130.6467479567978,0.1943151283333333,144.62147925211684,106.05575145155234
2018-01-18 10:00:00,26472.0,50.07,6.43,138.35068749226213,0.195473157,145.66415999999998,106.82038399999998
2018-01-18 11:00:00,26284.0,543.9,5.66,0.0,0.174530466,138.4315129719482,101.51644284609532
2018-01-18 12:00:00,26124.800000000003,58.41,1.79,54.32996933131096,0.198753511,122.92353816796142,90.14392798983836
2018-01-18 13:00:00,25810.4,63.04,0.63,0.0,0.1994625526666666,99.1402355880397,72.7028394312291
2018-01-18 14:00:00,25673.6,52.14,0.28,0.0,0.2002130459999999,67.08160523218288,49.19317717026745
2018-01-18 15:00:00,25504.0,0.0,-0.84,33.21300531819065,0.203367736,0.0,0.0
2018-01-18 16:00:00,25596.0,0.0,-1.71,95.08792650296462,0.204051034,0.0,0.0
2018-01-18 17:00:00,26456.800000000003,0.0,-2.28,143.64923028931918,0.204498712,0.0,0.0
2018-01-18 18:00:00,27982.4,0.0,-2.71,137.80666406692092,0.204836434,0.0,0.0
2018-01-18 19:00:00,28064.800000000003,0.0,-2.72,172.1933790740445,0.2048442879999999,0.0,0.0
2018-01-18 20:00:00,27600.800000000003,0.0,-2.87,164.89840268712,0.204962098,0.0,0.0
2018-01-18 21:00:00,26927.2,0.0,-2.93,170.19869116947098,0.205009222,0.0,0.0
2018-01-18 22:00:00,25651.2,0.0,-3.08,130.54302515558513,0.2051270319999999,0.0,0.0
2018-01-18 23:00:00,23846.4,0.0,-3.2,97.66696437544982,0.20522128,0.0,0.0
2018-01-19 00:00:00,22138.4,0.0,-3.34,107.74941830807768,0.205331236,0.0,0.0
2018-01-19 01:00:00,21007.2,0.0,-3.41,95.29349913054348,0.205386214,0.0,0.0
2018-01-19 02:00:00,20361.6,0.0,-3.56,119.5432923993068,0.2055040239999999,0.0,0.0
2018-01-19 03:00:00,20040.800000000003,0.0,-3.49,85.86147662789044,0.205449046,0.0,0.0
2018-01-19 04:00:00,20081.6,0.0,-3.64,64.98962077127081,0.205566856,0.0,0.0
2018-01-19 05:00:00,20669.6,0.0,-3.87,77.9846960641079,0.205747498,0.0,0.0
2018-01-19 06:00:00,22421.6,112.34,-3.86,32.88073412514049,0.2008378753333333,105.04173566614526,77.03060615517316
2018-01-19 07:00:00,25180.800000000003,170.46,-3.35,68.04181815669827,0.1979013519999999,124.56598939485755,91.34839222289553
2018-01-19 08:00:00,26595.2,461.21,-2.55,84.47873021712434,0.1845866403333333,137.84447802673742,101.08595055294074
2018-01-19 09:00:00,26349.6,318.42,-1.57,115.16057974956296,0.190047352,144.87720156178491,106.24328114530891
2018-01-19 10:00:00,25853.6,530.3,-0.91,90.39964618990072,0.1802839573333333,145.66415999999998,106.82038399999996
2018-01-19 11:00:00,25546.4,884.98,-0.14,69.78833386339593,0.1642033286666666,140.2053533413827,102.81725911701398
2018-01-19 12:00:00,25148.800000000003,758.25,0.56,60.67677796313405,0.169183201,128.50078158593303,94.23390649635088
2018-01-19 13:00:00,24884.800000000003,495.27,0.6,122.89863288514562,0.1806264789999999,110.55044473365103,81.07032613801074
2018-01-19 14:00:00,24913.6,212.75,0.22,126.15386316850548,0.1932522203333333,86.35434278453656,63.32651804199345
2018-01-19 15:00:00,24877.6,0.0,-1.16,150.07454020670252,0.203619064,0.0,0.0
2018-01-19 16:00:00,24876.800000000003,0.0,-2.32,141.90453906620982,0.204530128,0.0,0.0
2018-01-19 17:00:00,25657.6,0.0,-2.77,147.6388121863137,0.204883558,0.0,0.0
2018-01-19 18:00:00,27451.2,0.0,-3.02,166.1515016577777,0.205079908,0.0,0.0
2018-01-19 19:00:00,27947.2,0.0,-3.62,178.93573696011796,0.205551148,0.0,0.0
2018-01-19 20:00:00,27693.6,0.0,-4.15,175.84207954896084,0.20596741,0.0,0.0
2018-01-19 21:00:00,27242.4,0.0,-4.77,178.881911663556,0.2064543579999999,0.0,0.0
2018-01-19 22:00:00,26184.800000000003,0.0,-5.21,178.02938685377583,0.206799934,0.0,0.0
2018-01-19 23:00:00,24628.0,0.0,-5.37,178.96707443570668,0.206925598,0.0,0.0
2018-01-20 00:00:00,23141.6,0.0,-5.38,178.96612885617247,0.206933452,0.0,0.0
2018-01-20 01:00:00,22144.0,0.0,-5.29,178.95982499261115,0.206862766,0.0,0.0
2018-01-20 02:00:00,21638.4,0.0,-5.23,178.96989905149445,0.206815642,0.0,0.0
2018-01-20 03:00:00,21434.4,0.0,-5.1,178.97908814491657,0.20671354,0.0,0.0
2018-01-20 04:00:00,21510.4,0.0,-4.92,178.9636921704495,0.206572168,0.0,0.0
2018-01-20 05:00:00,22164.800000000003,0.0,-4.77,178.9309726940036,0.2064543579999999,0.0,0.0
2018-01-20 06:00:00,23761.6,318.59,-3.7,178.90375697535887,0.1917128363333333,125.63177007599964,92.12996472239976
2018-01-20 07:00:00,26368.0,564.17,-0.72,174.09770351902955,0.1786568703333333,135.2598873063818,99.19058402467998
2018-01-20 08:00:00,27731.2,781.8,1.51,171.89336365978423,0.1674095059999999,141.80799137050923,103.9925270050401
2018-01-20 09:00:00,27683.2,876.87,3.57,171.87260940129008,0.161643361,145.27608226838197,106.53579366348008
2018-01-20 10:00:00,27597.6,817.05,5.29,171.8583044801317,0.162902619,145.66415999999998,106.82038399999998
2018-01-20 11:00:00,27586.4,932.3,6.45,170.93720090849294,0.1569628133333333,142.97222456536332,104.84629801459975
2018-01-20 12:00:00,27232.800000000003,794.05,6.96,171.85081258074536,0.1625945676666667,137.20027596447193,100.6135357072794
2018-01-20 13:00:00,26948.800000000003,539.83,6.9,176.41559778208003,0.1737341576666666,128.34831419732586,94.12209707803896
2018-01-20 14:00:00,27002.4,168.22,5.59,159.57647498081317,0.1909776146666666,116.41633926392508,85.37198212687838
2018-01-20 15:00:00,26772.0,0.0,3.48,171.86550543196907,0.1999748079999999,0.0,0.0
2018-01-20 16:00:00,26638.4,0.0,1.52,171.87926482647282,0.2015141919999999,0.0,0.0
2018-01-20 17:00:00,26984.800000000003,0.0,0.35,171.8607411658542,0.20243311,0.0,0.0
2018-01-20 18:00:00,28032.0,0.0,0.16,171.85735890059752,0.202582336,0.0,0.0
2018-01-20 19:00:00,27766.4,0.0,0.79,171.8685361356043,0.2020875339999999,0.0,0.0
2018-01-20 20:00:00,27020.0,0.0,0.62,171.88030738852336,0.2022210519999999,0.0,0.0
2018-01-20 21:00:00,26248.0,0.0,0.52,171.85820749761538,0.2022995919999999,0.0,0.0
2018-01-20 22:00:00,25169.6,0.0,0.5,171.85458277606736,0.2023153,0.0,0.0
2018-01-20 23:00:00,23686.4,0.0,0.8,171.86614794113947,0.2020796799999999,0.0,0.0
2018-01-21 00:00:00,22157.6,0.0,0.97,171.82717309239047,0.2019461619999999,0.0,0.0
2018-01-21 01:00:00,20856.0,0.0,1.24,99.26401790167192,0.201734104,0.0,0.0
2018-01-21 02:00:00,20042.4,0.0,1.46,178.17155109989818,0.201561316,0.0,0.0
2018-01-21 03:00:00,19592.0,0.0,1.57,152.32415877825866,0.201474922,0.0,0.0
2018-01-21 04:00:00,19379.2,0.0,1.28,175.02520793674546,0.201702688,0.0,0.0
2018-01-21 05:00:00,19518.4,0.0,1.23,177.05927074294812,0.201741958,0.0,0.0
2018-01-21 06:00:00,20118.4,339.04,1.44,163.11797340674383,0.1867835786666666,120.17067151283815,88.12515910941464
2018-01-21 07:00:00,21072.0,269.1,3.45,111.29086824274968,0.18825664,132.4235428226023,97.11059806990832
2018-01-21 08:00:00,22055.2,208.88,5.55,151.63400694644045,0.1892348993333333,140.75674800705065,103.22161520517044
2018-01-21 09:00:00,23080.800000000003,362.09,6.82,163.8620111491965,0.1815523783333333,145.17028706618322,106.458210515201
2018-01-21 10:00:00,23811.2,177.54,7.91,172.034982379252,0.1887488239999999,145.66415999999998,106.82038399999998
2018-01-21 11:00:00,24145.6,256.21,8.78,171.66574569396272,0.1846328916666667,142.238366808501,104.3081356595674
2018-01-21 12:00:00,24087.2,513.0,9.11,167.13820177889747,0.173169106,134.89290749168626,98.92146549390324
2018-01-21 13:00:00,23735.2,445.67,9.12,178.1205019278659,0.1760990843333333,123.62778204955576,90.66037350300752
2018-01-21 14:00:00,23297.6,97.15,8.52,173.49623007557835,0.1917774136666666,108.44299048210942,79.52485968688023
2018-01-21 15:00:00,23023.2,0.0,6.51,172.15147050417607,0.197595046,0.0,0.0
2018-01-21 16:00:00,23041.6,0.0,5.21,172.90607934090897,0.1986160659999999,0.0,0.0
2018-01-21 17:00:00,23676.0,0.0,4.65,178.45924973458483,0.19905589,0.0,0.0
2018-01-21 18:00:00,24950.4,0.0,4.17,172.15485276943326,0.199432882,0.0,0.0
2018-01-21 19:00:00,24964.800000000003,0.0,4.21,165.4553854012053,0.1994014659999999,0.0,0.0
2018-01-21 20:00:00,24536.0,0.0,3.95,127.58154279136812,0.1996056699999999,0.0,0.0
2018-01-21 21:00:00,23922.4,0.0,3.65,80.69069617328108,0.1998412899999999,0.0,0.0
2018-01-21 22:00:00,23134.4,0.0,3.53,155.10221083565582,0.199935538,0.0,0.0
2018-01-21 23:00:00,21996.800000000003,0.0,3.35,169.26233709713964,0.20007691,0.0,0.0
2018-01-22 00:00:00,20755.2,0.0,3.36,93.29165876539076,0.2000690559999999,0.0,0.0
2018-01-22 01:00:00,19641.6,0.0,3.43,29.8166412279449,0.2000140779999999,0.0,0.0
2018-01-22 02:00:00,18937.6,0.0,3.36,2.241459159693902,0.2000690559999999,0.0,0.0
2018-01-22 03:00:00,18529.6,0.0,3.16,0.0,0.200226136,0.0,0.0
2018-01-22 04:00:00,18377.6,0.0,2.78,3.930255494496377,0.200524588,0.0,0.0
2018-01-22 05:00:00,18440.8,0.0,2.58,11.581493745609665,0.200681668,0.0,0.0
2018-01-22 06:00:00,18873.6,40.8,2.65,15.96886534451683,0.19884645,98.7796971363216,72.43844456663582
2018-01-22 07:00:00,19582.4,54.7,2.72,7.50521175204604,0.1981849686666666,121.31365870793474,88.96334971915212
2018-01-22 08:00:00,20422.4,172.78,3.26,16.516033124879584,0.1926086286666666,136.63905637575218,100.20197467555158
2018-01-22 09:00:00,21349.6,117.75,3.76,13.413497267422771,0.1946170709999999,144.75589013977392,106.1543194358342
2018-01-22 10:00:00,22194.4,143.7,4.5,21.796078022298897,0.19290359,145.66415999999998,106.82038399999996
2018-01-22 11:00:00,22667.2,137.22,5.38,32.68305344982791,0.192495182,139.36386595643037,102.20016836804894
2018-01-22 12:00:00,22865.6,121.8,6.43,63.744219787846426,0.192343338,125.85500800906507,92.29367253998106
2018-01-22 13:00:00,22932.0,443.77,6.66,68.55986845188505,0.1781140716666666,105.13758615790414,77.10089651579636
2018-01-22 14:00:00,22930.4,171.13,6.6,70.44705729851678,0.1900573876666666,77.21160040294744,56.62184029549479
2018-01-22 15:00:00,22959.2,0.0,5.66,37.437006079963936,0.198262636,0.0,0.0
2018-01-22 16:00:00,23197.6,0.0,4.78,127.90550076434658,0.198953788,0.0,0.0
2018-01-22 17:00:00,23867.2,0.0,4.05,154.7956369787291,0.19952713,0.0,0.0
2018-01-22 18:00:00,25216.800000000003,0.0,2.59,148.12790713896945,0.2006738139999999,0.0,0.0
2018-01-22 19:00:00,25410.4,0.0,2.46,176.04050577736768,0.200775916,0.0,0.0
2018-01-22 20:00:00,24943.2,0.0,2.62,107.65427845956005,0.200650252,0.0,0.0
2018-01-22 21:00:00,24379.2,0.0,2.55,105.5299855447286,0.20070523,0.0,0.0
2018-01-22 22:00:00,23312.0,0.0,2.52,0.0,0.2007287919999999,0.0,0.0
2018-01-22 23:00:00,21899.2,0.0,2.06,0.0,0.2010900759999999,0.0,0.0
2018-01-23 00:00:00,20454.4,0.0,1.88,0.0,0.2012314479999999,0.0,0.0
2018-01-23 01:00:00,19521.6,0.0,1.77,37.55520655244221,0.2013178419999999,0.0,0.0
2018-01-23 02:00:00,19041.6,0.0,1.37,61.88285253618749,0.201632002,0.0,0.0
2018-01-23 03:00:00,18874.4,0.0,1.34,79.55860713737101,0.2016555639999999,0.0,0.0
2018-01-23 04:00:00,19050.4,0.0,1.39,6.20099200898263,0.201616294,0.0,0.0
2018-01-23 05:00:00,19788.0,0.0,1.34,0.0,0.2016555639999999,0.0,0.0
2018-01-23 06:00:00,21680.0,119.38,1.21,0.0,0.1965487186666666,111.33074913860337,81.6425493683091
2018-01-23 07:00:00,24617.6,123.8,1.01,0.0,0.1965129393333333,127.83233012552088,93.74370875871531
2018-01-23 08:00:00,26426.4,238.91,0.77,9.31618597901002,0.1916788023333333,139.05509226472617,101.97373432746586
2018-01-23 09:00:00,26849.6,393.94,1.19,7.528802749142796,0.1845844586666666,144.9990355562192,106.33262607456076
2018-01-23 10:00:00,27241.6,151.12,1.85,0.5693482690457834,0.1946611406666666,145.66415999999998,106.82038399999998
2018-01-23 11:00:00,27660.800000000003,77.88,2.58,0.5514853491743916,0.1972835039999999,141.05046559606853,103.43700810378355
2018-01-23 12:00:00,27940.800000000003,91.78,2.35,13.265708035353637,0.1968576426666666,131.1579523444248,96.18249838591152
2018-01-23 13:00:00,28114.4,71.38,2.16,11.919868018105385,0.1978969886666666,115.98662024506888,85.05685484638383
2018-01-23 14:00:00,28264.0,44.78,1.69,15.390294928437442,0.1994267733333333,95.53646929800064,70.06007748520045
2018-01-23 15:00:00,28257.6,0.0,0.93,16.78689771622428,0.2019775779999999,0.0,0.0
2018-01-23 16:00:00,28397.6,0.0,0.13,5.10601356024847,0.2026058979999999,0.0,0.0
2018-01-23 17:00:00,29089.6,0.0,-0.5,16.712971277801497,0.2031007,0.0,0.0
2018-01-23 18:00:00,30332.800000000003,0.0,-1.23,10.4610426116592,0.203674042,0.0,0.0
2018-01-23 19:00:00,30300.800000000003,0.0,-1.94,25.673629959416317,0.2042316759999999,0.0,0.0
2018-01-23 20:00:00,29725.6,0.0,-2.51,35.93209503636437,0.2046793539999999,0.0,0.0
2018-01-23 21:00:00,28812.0,0.0,-2.85,26.77899121996687,0.2049463899999999,0.0,0.0
2018-01-23 22:00:00,27336.800000000003,0.0,-3.05,31.405551253499,0.20510347,0.0,0.0
2018-01-23 23:00:00,25406.4,0.0,-3.26,25.00595988716436,0.2052684039999999,0.0,0.0
2018-01-24 00:00:00,23681.6,0.0,-3.4,39.846948873824346,0.2053783599999999,0.0,0.0
2018-01-24 01:00:00,22455.2,0.0,-3.57,0.0,0.2055118779999999,0.0,0.0
2018-01-24 02:00:00,21788.800000000003,0.0,-3.65,0.0,0.2055747099999999,0.0,0.0
2018-01-24 03:00:00,21476.800000000003,0.0,-3.72,0.0,0.2056296879999999,0.0,0.0
2018-01-24 04:00:00,21540.0,0.0,-3.76,4.550879575380471,0.2056611039999999,0.0,0.0
2018-01-24 05:00:00,22183.2,0.0,-3.82,0.0,0.205708228,0.0,0.0
2018-01-24 06:00:00,23827.2,63.82,-3.66,9.134121004178086,0.2027978846666666,116.106755456323,85.14495400130352
2018-01-24 07:00:00,26600.800000000003,138.93,-2.8,0.0,0.1988451409999999,130.31285652823755,95.56276145404088
2018-01-24 08:00:00,28055.2,79.74,-2.11,0.0,0.200885872,139.97445764282196,102.64793560473608
2018-01-24 09:00:00,27970.4,118.66,-1.44,0.0,0.1986614446666667,145.0915588000761,106.4004764533891
2018-01-24 10:00:00,27728.800000000003,109.39,-0.61,0.0,0.1984140436666666,145.66415999999998,106.82038399999998
2018-01-24 11:00:00,27504.800000000003,156.9,-0.03,0.0,0.1958854919999999,141.6922612425937,103.9076582445687
2018-01-24 12:00:00,27244.800000000003,190.96,0.13,0.0,0.1942736766666666,133.1758625278572,97.66229918709529
2018-01-24 13:00:00,27077.6,168.8,-0.05,0.0,0.1953819633333333,120.11496385579048,88.0843068275797
2018-01-24 14:00:00,26920.800000000003,33.37,-0.55,0.0,0.2016839256666666,102.50956522639352,75.17368116602192
2018-01-24 15:00:00,26921.6,0.0,-1.21,0.0,0.2036583339999999,0.0,0.0
2018-01-24 16:00:00,27104.800000000003,0.0,-1.89,0.0,0.204192406,0.0,0.0
2018-01-24 17:00:00,27770.4,0.0,-2.34,0.0,0.2045458359999999,0.0,0.0
2018-01-24 18:00:00,29249.6,0.0,-2.87,0.0,0.204962098,0.0,0.0
2018-01-24 19:00:00,29474.4,0.0,-3.78,0.0,0.205676812,0.0,0.0
2018-01-24 20:00:00,29031.2,0.0,-4.15,0.0,0.20596741,0.0,0.0
2018-01-24 21:00:00,28265.6,0.0,-4.42,0.0,0.206179468,0.0,0.0
2018-01-24 22:00:00,26908.800000000003,0.0,-4.67,0.0,0.206375818,0.0,0.0
2018-01-24 23:00:00,25010.4,0.0,-4.91,0.0,0.206564314,0.0,0.0
2018-01-25 00:00:00,23305.6,0.0,-5.08,0.0,0.2066978319999999,0.0,0.0
2018-01-25 01:00:00,22090.4,0.0,-5.21,0.0,0.206799934,0.0,0.0
2018-01-25 02:00:00,21353.6,0.0,-5.34,0.0,0.2069020359999999,0.0,0.0
2018-01-25 03:00:00,21068.0,0.0,-5.44,0.0,0.206980576,0.0,0.0
2018-01-25 04:00:00,21073.6,0.0,-5.45,0.0,0.2069884299999999,0.0,0.0
2018-01-25 05:00:00,21626.4,0.0,-5.51,0.0,0.207035554,0.0,0.0
2018-01-25 06:00:00,23312.800000000003,43.57,-5.41,0.0,0.2050559096666666,106.0902796026271,77.79953837525989
2018-01-25 07:00:00,26135.2,103.42,-4.34,0.0,0.2016040766666666,125.11057429400265,91.7477544822686
2018-01-25 08:00:00,27340.800000000003,248.43,-3.41,0.0,0.1945463849999999,138.04631925735663,101.23396745539485
2018-01-25 09:00:00,26803.2,299.49,-2.5,0.0,0.191603753,144.89751449268908,106.25817729463864
2018-01-25 10:00:00,25909.6,408.87,-1.81,0.0,0.186289213,145.66415999999998,106.82038399999998
2018-01-25 11:00:00,25236.0,348.23,-1.32,0.0,0.1885502923333333,140.34625577928938,102.92058757147888
2018-01-25 12:00:00,24627.2,116.82,-0.9,0.0,0.198317614,128.94380183055728,94.55878800907531
2018-01-25 13:00:00,24130.4,175.36,-1.08,0.0,0.1959046906666667,111.45679815380366,81.73498531278935
2018-01-25 14:00:00,23804.0,24.1,-1.56,0.0,0.2028816606666666,87.88524474902846,64.44917948262086
2018-01-25 15:00:00,23568.800000000003,0.0,-2.41,0.0,0.204600814,0.0,0.0
2018-01-25 16:00:00,23720.0,0.0,-3.15,0.0,0.2051820099999999,0.0,0.0
2018-01-25 17:00:00,24418.4,0.0,-3.87,0.0,0.205747498,0.0,0.0
2018-01-25 18:00:00,26288.800000000003,0.0,-4.51,0.0,0.206250154,0.0,0.0
2018-01-25 19:00:00,27060.0,0.0,-4.38,0.0,0.2061480519999999,0.0,0.0
2018-01-25 20:00:00,26871.2,0.0,-4.88,0.0,0.2065407519999999,0.0,0.0
2018-01-25 21:00:00,26328.0,0.0,-5.13,0.0,0.2067371019999999,0.0,0.0
2018-01-25 22:00:00,25136.0,0.0,-5.17,0.0,0.206768518,0.0,0.0
2018-01-25 23:00:00,23419.2,0.0,-5.25,0.0,0.20683135,0.0,0.0
2018-01-26 00:00:00,21745.6,0.0,-5.29,0.0,0.206862766,0.0,0.0
2018-01-26 01:00:00,20475.2,0.0,-5.36,0.0,0.206917744,0.0,0.0
2018-01-26 02:00:00,19834.4,0.0,-5.44,0.0,0.206980576,0.0,0.0
2018-01-26 03:00:00,19571.2,0.0,-5.51,0.5719839394040758,0.207035554,0.0,0.0
2018-01-26 04:00:00,19599.2,0.0,-5.37,140.32239054046596,0.206925598,0.0,0.0
2018-01-26 05:00:00,20145.6,0.0,-5.42,124.98170823053772,0.206964868,0.0,0.0
2018-01-26 06:00:00,21757.6,337.61,-5.17,0.0,0.1920374683333333,122.63197015686367,89.93011144836667
2018-01-26 07:00:00,24399.2,264.2,-3.82,178.82227953882915,0.1941803013333333,133.70187368427315,98.0480407018003
2018-01-26 08:00:00,25896.0,588.03,-2.62,178.83708149538344,0.179108039,141.23053983393237,103.56906254488374
2018-01-26 09:00:00,25942.4,688.06,-1.54,178.87084353388033,0.1738951646666666,145.21796860584132,106.49317697761695
2018-01-26 10:00:00,25763.2,258.79,-0.16,130.28868850651529,0.1915417936666666,145.66415999999998,106.82038399999998
2018-01-26 11:00:00,25373.6,141.85,0.84,178.84904671333564,0.1958588756666666,142.5691140164084,104.55068361203284
2018-01-26 12:00:00,25013.6,137.53,1.49,178.84641606258,0.1955368616666666,135.93283065506657,99.68407581371548
2018-01-26 13:00:00,24487.2,80.65,1.46,178.87421367632274,0.1980422876666666,125.7553099159745,92.22056060504796
2018-01-26 14:00:00,24328.0,42.49,1.08,178.89313738982096,0.2000057876666666,112.0365517991321,82.1601379860302
2018-01-26 15:00:00,24345.6,0.0,0.08,178.87515925585691,0.202645168,0.0,0.0
2018-01-26 16:00:00,24770.4,0.0,-1.05,178.86399414366443,0.20353267,0.0,0.0
2018-01-26 17:00:00,25731.2,0.0,-2.26,178.90604818730736,0.204483004,0.0,0.0
2018-01-26 18:00:00,27584.0,0.0,-2.99,178.18714103939791,0.2050563459999999,0.0,0.0
2018-01-26 19:00:00,28174.4,0.0,-3.05,178.91007296173495,0.20510347,0.0,0.0
2018-01-26 20:00:00,27803.2,0.0,-3.65,178.912158085836,0.2055747099999999,0.0,0.0
2018-01-26 21:00:00,27220.800000000003,0.0,-4.05,178.8914523186,0.20588887,0.0,0.0
2018-01-26 22:00:00,25977.6,0.0,-4.7,178.91434019245338,0.2063993799999999,0.0,0.0
2018-01-26 23:00:00,24206.4,0.0,-4.85,178.8879245795683,0.20651719,0.0,0.0
2018-01-27 00:00:00,22632.800000000003,0.0,-4.84,178.8753653437039,0.206509336,0.0,0.0
2018-01-27 01:00:00,21463.2,0.0,-5.14,178.8971136729904,0.206744956,0.0,0.0
2018-01-27 02:00:00,20880.800000000003,0.0,-5.05,178.89358593395923,0.20667427,0.0,0.0
2018-01-27 03:00:00,20603.2,0.0,-5.31,178.8742621675809,0.2068784739999999,0.0,0.0
2018-01-27 04:00:00,20648.800000000003,0.0,-5.35,178.90102934208738,0.20690989,0.0,0.0
2018-01-27 05:00:00,21290.4,0.0,-5.11,178.89179175740716,0.206721394,0.0,0.0
2018-01-27 06:00:00,22995.2,68.22,-4.37,178.88747603543055,0.2031635319999999,123.10683456914704,90.2783453507078
2018-01-27 07:00:00,25727.2,103.36,-2.32,178.89233728406126,0.2000201866666666,133.94850520735326,98.22890381872573
2018-01-27 08:00:00,27207.2,147.68,-1.19,178.86399414366443,0.1971988553333333,141.32194965856417,103.63609641628037
2018-01-27 09:00:00,27191.2,174.48,0.6,178.8766988533034,0.1946236159999999,145.22716792277976,106.4999231433718
2018-01-27 10:00:00,26762.4,120.52,1.82,178.89154930111636,0.1960198826666666,145.66415999999998,106.82038399999998
2018-01-27 11:00:00,26285.6,138.13,2.65,178.90832727644107,0.1945996176666666,142.63292589022493,104.59747898616492
2018-01-27 12:00:00,26176.800000000003,97.35,3.15,178.89417995187148,0.195986285,136.13346559345453,99.83120810186664
2018-01-27 13:00:00,26273.6,61.19,3.24,178.85058631078212,0.1974933803333333,126.16577910968886,92.52157134710517
2018-01-27 14:00:00,26472.0,36.16,3.05,178.87103749891298,0.1987347486666666,112.7298664389278,82.66856872188038
2018-01-27 15:00:00,26521.6,0.0,1.83,178.88633649086373,0.201270718,0.0,0.0
2018-01-27 16:00:00,26604.800000000003,0.0,0.25,178.8746622204605,0.20251165,0.0,0.0
2018-01-27 17:00:00,27340.0,0.0,-1.24,178.8695463927242,0.203681896,0.0,0.0
2018-01-27 18:00:00,28684.0,0.0,-2.49,178.87942648657537,0.2046636459999999,0.0,0.0
2018-01-27 19:00:00,28870.4,0.0,-2.31,178.86667328567822,0.2045222739999999,0.0,0.0
2018-01-27 20:00:00,28312.800000000003,0.0,-2.19,178.84800415128512,0.204428026,0.0,0.0
2018-01-27 21:00:00,27715.2,0.0,-2.47,178.86021182552764,0.204647938,0.0,0.0
2018-01-27 22:00:00,26737.6,0.0,-2.72,178.89010668618573,0.2048442879999999,0.0,0.0
2018-01-27 23:00:00,25336.800000000003,0.0,-2.84,178.838124057434,0.204938536,0.0,0.0
2018-01-28 00:00:00,23932.0,0.0,-3.02,178.83971214613908,0.205079908,0.0,0.0
2018-01-28 01:00:00,22808.800000000003,0.0,-3.21,178.82664375206392,0.205229134,0.0,0.0
2018-01-28 02:00:00,22118.4,0.0,-3.42,178.84125174358556,0.205394068,0.0,0.0
2018-01-28 03:00:00,21763.2,0.0,-3.62,178.8343417392972,0.205551148,0.0,0.0
2018-01-28 04:00:00,21668.0,0.0,-3.88,178.84343385020293,0.205755352,0.0,0.0
2018-01-28 05:00:00,21841.6,0.0,-3.87,178.8450704301662,0.205747498,0.0,0.0
2018-01-28 06:00:00,22436.800000000003,92.86,-3.1,178.85554454192962,0.2010909486666666,131.84994948469262,96.68996295544125
2018-01-28 07:00:00,23484.0,155.88,-1.18,178.8511318374367,0.1968332079999999,138.48943877135068,101.55892176565716
2018-01-28 08:00:00,24425.6,194.31,0.57,178.84005158494622,0.193781929,143.00497028612125,104.87031154315558
2018-01-28 09:00:00,25413.6,170.75,2.02,178.87302564049773,0.1936711003333333,145.39654402900436,106.62413228793652
2018-01-28 10:00:00,26016.0,119.59,3.15,178.88439684053716,0.1950158796666666,145.66415999999998,106.82038399999998
2018-01-28 11:00:00,26192.0,108.48,4.07,178.8949679348169,0.1947780779999999,143.80781819910814,105.45906667934597
2018-01-28 12:00:00,26094.4,99.21,4.67,170.11988075213978,0.194711319,139.8275186263288,102.54018032597446
2018-01-28 13:00:00,25688.0,53.77,4.56,178.20133685522515,0.1967804116666666,133.72326128166202,98.06372493988547
2018-01-28 14:00:00,25218.4,46.99,4.38,178.847895045954,0.1972176176666666,125.49504616510777,92.029700521079
2018-01-28 15:00:00,24790.4,0.0,3.13,178.8523198732617,0.200249698,0.0,0.0
2018-01-28 16:00:00,24523.2,0.0,2.06,106.3589314802268,0.2010900759999999,0.0,0.0
2018-01-28 17:00:00,24939.2,0.0,1.66,0.268607356425452,0.201404236,0.0,0.0
2018-01-28 18:00:00,26356.800000000003,0.0,0.35,67.54839535925115,0.20243311,0.0,0.0
2018-01-28 19:00:00,26972.0,0.0,-0.69,124.84276865308324,0.2032499259999999,0.0,0.0
2018-01-28 20:00:00,26712.800000000003,0.0,-1.32,51.3001688457481,0.203744728,0.0,0.0
2018-01-28 21:00:00,26300.800000000003,0.0,-1.82,33.01677938062304,0.204137428,0.0,0.0
2018-01-28 22:00:00,25599.2,0.0,-2.27,19.087842769194843,0.204490858,0.0,0.0
2018-01-28 23:00:00,24584.800000000003,0.0,-2.69,0.0,0.204820726,0.0,0.0
2018-01-29 00:00:00,23412.800000000003,0.0,-2.92,4.515438527069904,0.205001368,0.0,0.0
2018-01-29 01:00:00,22421.6,0.0,-3.16,9.386760459212194,0.205189864,0.0,0.0
2018-01-29 02:00:00,21831.2,0.0,-3.79,20.60367646869588,0.205684666,0.0,0.0
2018-01-29 03:00:00,21477.6,0.0,-4.34,22.866477085713303,0.206116636,0.0,0.0
2018-01-29 04:00:00,21290.4,0.0,-4.5,18.96853154383433,0.2062423,0.0,0.0
2018-01-29 05:00:00,21397.6,0.0,-4.95,21.645206564632726,0.2065957299999999,0.0,0.0
2018-01-29 06:00:00,21904.0,231.3,-3.83,19.62148603458534,0.195623692,113.59655363212876,83.30413933022774
2018-01-29 07:00:00,22695.2,282.78,-1.11,55.75576991791949,0.19124116,129.00912669899515,94.60669291259644
2018-01-29 08:00:00,23344.0,653.75,0.73,47.70720604138768,0.1736093663333333,139.49125211592917,102.2935848850147
2018-01-29 09:00:00,23925.6,713.41,2.11,57.81004751736936,0.1699223496666666,145.04292988293076,106.36481524748255
2018-01-29 10:00:00,24170.4,960.56,3.24,69.77472600407381,0.1582508693333333,145.66415999999998,106.82038399999998
2018-01-29 11:00:00,24080.800000000003,925.12,4.13,59.13325272451779,0.1590982286666666,141.35494246713682,103.660291142567
2018-01-29 12:00:00,23631.2,534.27,4.65,87.88193763617811,0.175743909,132.1152772843413,96.8845366751836
2018-01-29 13:00:00,23241.6,597.28,4.59,80.64963013902336,0.1730416966666666,117.9451644516134,86.49312059784984
2018-01-29 14:00:00,23192.800000000003,295.53,3.97,87.99306747707556,0.186695003,98.84460396895308,72.48604291056559
2018-01-29 15:00:00,23388.0,0.0,2.48,0.0,0.200760208,0.0,0.0
2018-01-29 16:00:00,23658.4,0.0,0.41,0.0,0.202385986,0.0,0.0
2018-01-29 17:00:00,24560.0,0.0,0.72,0.0,0.2021425119999999,0.0,0.0
2018-01-29 18:00:00,26491.2,0.0,0.88,0.0,0.202016848,0.0,0.0
2018-01-29 19:00:00,27328.800000000003,0.0,-1.26,0.0,0.2036976039999999,0.0,0.0
2018-01-29 20:00:00,27184.800000000003,0.0,-2.12,0.0,0.204373048,0.0,0.0
2018-01-29 21:00:00,26715.2,0.0,-2.53,0.0,0.204695062,0.0,0.0
2018-01-29 22:00:00,25763.2,0.0,-2.46,62.12879413618783,0.204640084,0.0,0.0
2018-01-29 23:00:00,24339.2,0.0,-2.47,68.40509041723341,0.204647938,0.0,0.0
2018-01-30 00:00:00,23005.6,0.0,-2.47,66.55285770633073,0.204647938,0.0,0.0
2018-01-30 01:00:00,22028.800000000003,0.0,-2.43,14.456277528609151,0.204616522,0.0,0.0
2018-01-30 02:00:00,21585.6,0.0,-2.3,4.350476570527551,0.20451442,0.0,0.0
2018-01-30 03:00:00,21543.2,0.0,-2.31,0.0,0.2045222739999999,0.0,0.0
2018-01-30 04:00:00,21824.0,0.0,-2.54,0.0,0.204702916,0.0,0.0
2018-01-30 05:00:00,22698.4,0.0,-2.81,0.0,0.2049149739999999,0.0,0.0
2018-01-30 06:00:00,24651.2,361.37,-1.81,0.0,0.1883617963333333,126.35047399598147,92.65701426371974
2018-01-30 07:00:00,27536.800000000003,624.13,0.94,0.0,0.1747368516666666,135.63316236731222,99.46431906936228
2018-01-30 08:00:00,29044.0,826.54,3.13,0.0,0.1641850026666666,141.9463394917589,104.09398229395651
2018-01-30 09:00:00,29000.800000000003,938.78,4.69,0.0,0.1580623733333333,145.29000536932148,106.5460039375024
2018-01-30 10:00:00,28525.6,992.62,5.9,0.0,0.1547628206666666,145.66415999999998,106.82038399999998
2018-01-30 11:00:00,27864.0,916.1,6.52,0.0,0.1576146953333333,143.06880338379443,104.91712248144924
2018-01-30 12:00:00,27306.4,769.66,6.83,0.0,0.1637608866666666,137.5039355207048,100.83621938185016
2018-01-30 13:00:00,27064.800000000003,529.89,6.65,0.0,0.1743642229999999,128.96955641073112,94.5776747012028
2018-01-30 14:00:00,27142.4,284.22,5.71,0.0,0.1858218999999999,117.46566605387328,86.14148843950709
2018-01-30 15:00:00,27177.6,0.0,3.99,0.0,0.199574254,0.0,0.0
2018-01-30 16:00:00,27369.6,0.0,1.63,0.0,0.201427798,0.0,0.0
2018-01-30 17:00:00,28263.2,0.0,1.05,0.0,0.20188333,0.0,0.0
2018-01-30 18:00:00,30256.800000000003,0.0,0.54,0.0,0.2022838839999999,0.0,0.0
2018-01-30 19:00:00,31120.800000000003,0.0,-1.82,0.0,0.204137428,0.0,0.0
2018-01-30 20:00:00,30919.2,0.0,-2.02,0.0,0.2042945079999999,0.0,0.0
2018-01-30 21:00:00,30268.800000000003,0.0,-1.75,0.0,0.20408245,0.0,0.0
2018-01-30 22:00:00,28970.4,0.0,-1.23,62.12879413618783,0.203674042,0.0,0.0
2018-01-30 23:00:00,27149.6,0.0,-0.7,68.40509041723341,0.20325778,0.0,0.0
2018-01-31 00:00:00,25576.0,0.0,-0.15,66.55285770633073,0.20282581,0.0,0.0
2018-01-31 01:00:00,24588.0,0.0,-0.24,14.456277528609151,0.2028964959999999,0.0,0.0
2018-01-31 02:00:00,24203.2,0.0,-0.69,4.350476570527551,0.2032499259999999,0.0,0.0
2018-01-31 03:00:00,24074.4,0.0,-0.52,0.0,0.203116408,0.0,0.0
2018-01-31 04:00:00,24108.800000000003,0.0,-0.05,0.0,0.2027472699999999,0.0,0.0
2018-01-31 05:00:00,24677.6,0.0,-0.04,0.0,0.202739416,0.0,0.0
2018-01-31 06:00:00,26372.0,386.1,-0.23,0.0,0.186041812,126.9940357745497,93.12895956800313
2018-01-31 07:00:00,29076.800000000003,651.27,2.39,0.0,0.172413813,135.96741066543424,99.7094344879851
2018-01-31 08:00:00,30376.800000000003,851.49,4.57,0.0,0.161965375,142.0702229999708,104.18483019997858
2018-01-31 09:00:00,30268.800000000003,959.41,5.62,0.0,0.1564317956666666,145.30247277815937,106.55514670398354
2018-01-31 10:00:00,30071.2,1013.29,6.18,0.0,0.1536410076666666,145.66415999999998,106.82038399999998
2018-01-31 11:00:00,29692.0,922.74,6.51,0.0,0.157332824,143.15528466549262,104.98054208802792
2018-01-31 12:00:00,28855.2,747.72,6.58,0.0,0.164914552,137.77584677463727,101.03562096806732
2018-01-31 13:00:00,28313.6,541.03,6.15,0.0,0.1742708476666666,129.52584632743398,94.98562064011826
2018-01-31 14:00:00,27950.4,310.78,5.11,0.0,0.1851342386666666,118.40528332388268,86.83054110418064
2018-01-31 15:00:00,27404.0,0.0,3.39,0.0,0.2000454939999999,0.0,0.0
2018-01-31 16:00:00,27135.2,0.0,2.13,0.0,0.2010350979999999,0.0,0.0
2018-01-31 17:00:00,27676.0,0.0,2.09,1.0222927046121146,0.2010665139999999,0.0,0.0
2018-01-31 18:00:00,29282.4,0.0,1.76,12.099297038450583,0.201325696,0.0,0.0
2018-01-31 19:00:00,29900.800000000003,0.0,2.37,15.199013583850688,0.200846602,0.0,0.0
2018-01-31 20:00:00,29545.6,0.0,1.79,7.354915370394635,0.201302134,0.0,0.0
2018-01-31 21:00:00,28860.800000000003,0.0,1.14,6.179863837427485,0.201812644,0.0,0.0
2018-01-31 22:00:00,27585.6,0.0,0.48,53.084422874112086,0.202331008,0.0,0.0
2018-01-31 23:00:00,25772.800000000003,0.0,-0.08,50.95059536564428,0.2027708319999999,0.0,0.0
2018-02-01 00:00:00,24148.0,0.0,-0.29,52.0861575879202,0.202935766,0.0,0.0
2018-02-01 01:00:00,23045.6,0.0,-0.29,81.83082263523156,0.202935766,0.0,0.0
2018-02-01 02:00:00,22519.2,0.0,-0.61,162.77078812110437,0.2031870939999999,0.0,0.0
2018-02-01 03:00:00,22209.6,0.0,-1.28,178.91677687817588,0.2037133119999999,0.0,0.0
2018-02-01 04:00:00,22279.2,0.0,-2.06,178.93523992472203,0.204325924,0.0,0.0
2018-02-01 05:00:00,22845.6,0.0,-2.68,178.94021027868385,0.204812872,0.0,0.0
2018-02-01 06:00:00,24559.2,347.41,-1.4,178.91403712208964,0.1886489036666666,126.3814355460954,92.67971940046996
2018-02-01 07:00:00,27335.2,647.24,2.89,178.92154114429073,0.1721969553333333,135.64924294539725,99.4761114932913
2018-02-01 08:00:00,28473.6,855.46,6.12,155.3074379630204,0.1605747806666666,141.95229948748195,104.09835295748675
2018-02-01 09:00:00,28136.0,978.22,7.9,178.267030387223,0.1538203406666666,145.29060517234953,106.54644379305633
2018-02-01 10:00:00,27536.0,1020.15,8.9,175.1964669377662,0.151205395,145.66415999999998,106.82038399999998
2018-02-01 11:00:00,27075.2,982.67,9.51,178.40175122521669,0.1523616783333333,143.0729639704333,104.92017357831776
2018-02-01 12:00:00,26950.4,817.56,9.73,178.88434834927898,0.15939319,137.5170170836495,100.84581252800965
2018-02-01 13:00:00,26739.2,557.82,9.48,173.92554742973277,0.1709228619999999,128.99631933964864,94.59730084907564
2018-02-01 14:00:00,26644.800000000003,212.98,8.2,171.9124813383151,0.1869746926666666,117.51087073843058,86.17463854151575
2018-02-01 15:00:00,26452.0,0.0,5.6,178.82197646846538,0.19830976,0.0,0.0
2018-02-01 16:00:00,26331.2,0.0,2.93,178.89358593395923,0.2004067779999999,0.0,0.0
2018-02-01 17:00:00,26746.4,0.0,1.33,178.89368291647554,0.201663418,0.0,0.0
2018-02-01 18:00:00,28368.800000000003,0.0,0.52,178.86245454621798,0.2022995919999999,0.0,0.0
2018-02-01 19:00:00,28893.6,0.0,0.62,178.9057451169436,0.2022210519999999,0.0,0.0
2018-02-01 20:00:00,28488.800000000003,0.0,0.38,173.60229257999768,0.202409548,0.0,0.0
2018-02-01 21:00:00,27864.0,0.0,0.09,178.92248672382493,0.202637314,0.0,0.0
2018-02-01 22:00:00,26583.2,0.0,-0.32,178.88762150920508,0.202959328,0.0,0.0
2018-02-01 23:00:00,24811.2,0.0,-0.64,178.86845533941553,0.203210656,0.0,0.0
2018-02-02 00:00:00,23202.4,0.0,-0.95,178.89894421798633,0.20345413,0.0,0.0
2018-02-02 01:00:00,22124.800000000003,0.0,-1.15,178.81915185267758,0.20361121,0.0,0.0
2018-02-02 02:00:00,21608.800000000003,0.0,-1.34,178.8212854680368,0.203760436,0.0,0.0
2018-02-02 03:00:00,21383.2,0.0,-1.44,178.83389319515942,0.2038389759999999,0.0,0.0
2018-02-02 04:00:00,21446.4,0.0,-1.54,178.81190240958207,0.203917516,0.0,0.0
2018-02-02 05:00:00,22168.0,1.86,-1.55,178.80301638652327,0.203844212,75.02486662887502,55.01823552784167
2018-02-02 06:00:00,23888.0,220.96,-0.39,178.8450704301662,0.1933730846666666,102.44328706004636,75.12507717736733
2018-02-02 07:00:00,26771.2,484.96,3.66,178.82227953882915,0.1786730146666666,123.2164266127446,90.35871284934603
2018-02-02 08:00:00,28126.4,798.06,6.17,178.83708149538344,0.1630400639999999,137.34428528696964,100.71914254377772
2018-02-02 09:00:00,27776.800000000003,1007.04,7.68,178.87084353388033,0.152735616,144.82686308272142,106.20636626066236
2018-02-02 10:00:00,26912.800000000003,1004.12,8.68,130.28868850651529,0.1520776253333333,145.66415999999998,106.82038399999998
2018-02-02 11:00:00,26457.6,925.84,9.12,178.84904671333564,0.1551476666666666,139.85617603880536,102.5611957617906
2018-02-02 12:00:00,26245.6,246.91,9.03,178.84641606258,0.1848423316666666,127.40291119913756,93.4288015460342
2018-02-02 13:00:00,26151.2,98.69,8.74,178.87421367632274,0.1915374303333333,108.30436548099657,79.4232013527308
2018-02-02 14:00:00,26001.6,41.72,7.56,178.89313738982096,0.1949499933333333,82.56053888438228,60.54439518188033
2018-02-02 15:00:00,25712.800000000003,0.0,6.0,178.87515925585691,0.1979956,0.0,0.0
2018-02-02 16:00:00,25737.6,0.0,4.75,178.86399414366443,0.19897735,0.0,0.0
2018-02-02 17:00:00,26604.800000000003,0.0,4.23,178.90604818730736,0.1993857579999999,0.0,0.0
2018-02-02 18:00:00,28391.2,0.0,4.17,178.18714103939791,0.199432882,0.0,0.0
2018-02-02 19:00:00,29421.6,0.0,3.96,178.91007296173495,0.199597816,0.0,0.0
2018-02-02 20:00:00,29298.4,0.0,3.98,178.912158085836,0.1995821079999999,0.0,0.0
2018-02-02 21:00:00,28863.2,0.0,3.69,178.8914523186,0.199809874,0.0,0.0
2018-02-02 22:00:00,27824.0,0.0,3.0,178.91434019245338,0.2003517999999999,0.0,0.0
2018-02-02 23:00:00,26147.2,0.0,3.02,178.8879245795683,0.200336092,0.0,0.0
2018-02-03 00:00:00,24630.4,0.0,3.0,178.8753653437039,0.2003517999999999,0.0,0.0
2018-02-03 01:00:00,23629.6,0.0,2.85,178.8971136729904,0.20046961,0.0,0.0
2018-02-03 02:00:00,23225.6,0.0,3.03,178.89358593395923,0.200328238,0.0,0.0
2018-02-03 03:00:00,23122.4,0.0,2.9,178.8742621675809,0.2004303399999999,0.0,0.0
2018-02-03 04:00:00,23277.6,0.0,1.94,178.90102934208738,0.201184324,0.0,0.0
2018-02-03 05:00:00,23966.4,2.78,1.59,178.89179175740716,0.2013379133333333,68.53940574279989,50.262230878053245
2018-02-03 06:00:00,25768.0,88.01,2.45,178.88747603543055,0.1969436003333333,98.47513749997913,72.215100833318
2018-02-03 07:00:00,28633.6,168.54,5.65,178.89233728406126,0.190916528,121.1554788042888,88.84735112314512
2018-02-03 08:00:00,29962.4,153.13,7.88,178.86399414366443,0.1898374756666666,136.58042965572884,100.15898174753448
2018-02-03 09:00:00,29852.0,242.65,9.03,178.8766988533034,0.1850282096666666,144.74999005429925,106.1499927064861
2018-02-03 10:00:00,29605.6,440.58,9.5,178.89154930111636,0.176022726,145.66415999999998,106.82038399999998
2018-02-03 11:00:00,29248.800000000003,184.7,10.13,178.90832727644107,0.1866928213333333,139.32293949283113,102.17015562807616
2018-02-03 12:00:00,28762.4,237.17,9.66,178.89417995187148,0.1847725183333333,125.72632853279266,92.1993075907146
2018-02-03 13:00:00,28172.0,86.22,8.98,178.85058631078212,0.1918930419999999,104.8743271198846,76.90783988791536
2018-02-03 14:00:00,27772.0,39.87,8.42,178.87103749891298,0.194355271,76.76693525410681,56.29575251967833
2018-02-03 15:00:00,27703.2,0.0,7.8,178.88633649086373,0.19658188,0.0,0.0
2018-02-03 16:00:00,28064.800000000003,0.0,6.67,178.8746622204605,0.197469382,0.0,0.0
2018-02-03 17:00:00,28801.6,0.0,6.1,178.8695463927242,0.19791706,0.0,0.0
2018-02-03 18:00:00,30230.4,0.0,5.57,178.87942648657537,0.1983333219999999,0.0,0.0
2018-02-03 19:00:00,30591.2,0.0,4.65,178.86667328567822,0.19905589,0.0,0.0
2018-02-03 20:00:00,30093.6,0.0,4.39,178.84800415128512,0.199260094,0.0,0.0
2018-02-03 21:00:00,29613.6,0.0,4.42,178.86021182552764,0.199236532,0.0,0.0
2018-02-03 22:00:00,28750.4,0.0,4.86,178.89010668618573,0.198890956,0.0,0.0
2018-02-03 23:00:00,27470.4,0.0,5.17,178.838124057434,0.198647482,0.0,0.0
2018-02-04 00:00:00,26206.4,0.0,5.28,178.83971214613908,0.198561088,0.0,0.0
2018-02-04 01:00:00,25250.4,0.0,5.47,178.82664375206392,0.198411862,0.0,0.0
2018-02-04 02:00:00,24772.0,0.0,5.81,178.84125174358556,0.198144826,0.0,0.0
2018-02-04 03:00:00,24611.2,0.0,5.51,178.8343417392972,0.198380446,0.0,0.0
2018-02-04 04:00:00,24637.6,0.0,5.14,178.84343385020293,0.198671044,0.0,0.0
2018-02-04 05:00:00,24928.0,0.93,4.8,178.8450704301662,0.198897501,0.0,0.0
2018-02-04 06:00:00,25708.800000000003,30.6,5.24,178.85554454192962,0.1972573239999999,112.15236084821647,82.24506462202542
2018-02-04 07:00:00,26938.4,66.75,6.59,178.8511318374367,0.194619689,128.25905266374605,94.0566386200804
2018-02-04 08:00:00,27883.2,224.33,8.96,178.84005158494622,0.1858825503333333,139.2132497942198,102.08971651576118
2018-02-04 09:00:00,28121.6,166.88,10.06,178.87302564049773,0.1875253453333333,145.01495223963778,106.3442983090677
2018-02-04 10:00:00,27820.800000000003,249.61,10.98,178.88439684053716,0.1831929916666666,145.66415999999998,106.82038399999998
2018-02-04 11:00:00,27248.0,190.25,10.95,178.8949679348169,0.1858066283333333,141.16087307530643,103.51797358855804
2018-02-04 12:00:00,26467.2,70.46,11.0,170.11988075213978,0.1909941953333333,131.50509146555714,96.43706707474188
2018-02-04 13:00:00,25667.2,92.71,11.47,178.20133685522515,0.1896542156666666,116.6968151707521,85.57766445855154
2018-02-04 14:00:00,24939.2,46.35,10.53,178.847895045954,0.192415333,96.73604419089123,70.93976573998691
2018-02-04 15:00:00,24527.2,0.0,9.59,178.8523198732617,0.195176014,0.0,0.0
2018-02-04 16:00:00,24574.4,0.0,9.05,106.3589314802268,0.1956001299999999,0.0,0.0
2018-02-04 17:00:00,25541.6,0.0,8.89,0.268607356425452,0.1957257939999999,0.0,0.0
2018-02-04 18:00:00,27498.4,0.0,8.72,67.54839535925115,0.195859312,0.0,0.0
2018-02-04 19:00:00,28558.4,0.0,7.6,124.84276865308324,0.19673896,0.0,0.0
2018-02-04 20:00:00,28324.800000000003,0.0,6.72,51.3001688457481,0.197430112,0.0,0.0
2018-02-04 21:00:00,27931.2,0.0,5.94,33.01677938062304,0.1980427239999999,0.0,0.0
2018-02-04 22:00:00,27193.6,0.0,5.27,19.087842769194843,0.198568942,0.0,0.0
2018-02-04 23:00:00,26049.6,0.0,4.72,0.0,0.199000912,0.0,0.0
2018-02-05 00:00:00,24791.2,0.0,4.13,4.515438527069904,0.1994642979999999,0.0,0.0
2018-02-05 01:00:00,23721.6,0.0,3.28,9.386760459212194,0.200131888,0.0,0.0
2018-02-05 02:00:00,23145.6,0.0,2.48,20.60367646869588,0.200760208,0.0,0.0
2018-02-05 03:00:00,22857.6,0.0,1.48,22.866477085713303,0.201545608,0.0,0.0
2018-02-05 04:00:00,22769.6,0.0,1.35,18.96853154383433,0.20164771,0.0,0.0
2018-02-05 05:00:00,22928.800000000003,3.71,0.55,21.645206564632726,0.2021141503333333,62.02797903176043,45.48718462329097
2018-02-05 06:00:00,23362.4,106.93,1.62,19.62148603458534,0.1967699396666666,94.4911006685646,69.29347382361404
2018-02-05 07:00:00,24060.800000000003,107.55,6.58,55.75576991791949,0.1928473029999999,119.08627958379073,87.32993836144652
2018-02-05 08:00:00,24682.4,111.25,8.55,47.70720604138768,0.1911386216666666,135.81351577743865,99.59657823678832
2018-02-05 09:00:00,25480.0,125.16,9.41,57.81004751736936,0.1898562379999999,144.67280924950842,106.09339344963948
2018-02-05 10:00:00,25984.0,557.29,9.68,69.77472600407381,0.1707889076666666,145.66415999999998,106.82038399999996
2018-02-05 11:00:00,25816.800000000003,273.59,9.57,59.13325272451779,0.1832540783333333,138.78756802891346,101.77754988786984
2018-02-05 12:00:00,25464.800000000003,52.84,8.79,87.88193763617811,0.1934987486666666,124.04303333624873,90.96489111324904
2018-02-05 13:00:00,25188.800000000003,133.63,7.93,80.64963013902336,0.1906490556666666,101.43055592200592,74.38240767613763
2018-02-05 14:00:00,24948.0,61.38,7.06,87.99306747707556,0.1944848619999999,70.9501357861848,52.03009957653551
2018-02-05 15:00:00,24677.6,0.0,6.38,47.58800240600618,0.197697148,0.0,0.0
2018-02-05 16:00:00,24592.0,0.0,5.29,83.74557270072184,0.198553234,0.0,0.0
2018-02-05 17:00:00,25004.0,0.0,4.46,75.16940272044084,0.199205116,0.0,0.0
2018-02-05 18:00:00,26440.800000000003,0.0,3.37,68.66682198317326,0.200061202,0.0,0.0
2018-02-05 19:00:00,26999.2,0.0,2.93,79.82838825216609,0.2004067779999999,0.0,0.0
2018-02-05 20:00:00,26332.800000000003,0.0,2.72,120.03949132128358,0.2005717119999999,0.0,0.0
2018-02-05 21:00:00,25889.6,0.0,2.7,145.5665988827503,0.20058742,0.0,0.0
2018-02-05 22:00:00,25288.0,0.0,2.2,137.89202080410425,0.2009801199999999,0.0,0.0
2018-02-05 23:00:00,24209.6,0.0,1.41,125.7214181281995,0.201600586,0.0,0.0
2018-02-06 00:00:00,23080.0,0.0,0.5,93.76725496405552,0.2023153,0.0,0.0
2018-02-06 01:00:00,21884.0,0.0,0.47,98.95486188524777,0.2023388619999999,0.0,0.0
2018-02-06 02:00:00,21299.2,0.0,0.58,100.71066972929144,0.202252468,0.0,0.0
2018-02-06 03:00:00,21125.6,0.0,-0.25,84.71608280302202,0.20290435,0.0,0.0
2018-02-06 04:00:00,21335.2,0.0,-0.44,57.78283786013224,0.2030535759999999,0.0,0.0
2018-02-06 05:00:00,22144.0,6.49,-0.72,88.69965784541137,0.2029903076666666,76.00824926323205,55.739382793036825
2018-02-06 06:00:00,24067.2,227.29,0.29,123.57611637576878,0.1925628136666666,103.0449728055082,75.56631339070601
2018-02-06 07:00:00,26948.0,365.72,3.74,78.93523989085932,0.1838130213333333,123.52892565032316,90.58787881023696
2018-02-06 08:00:00,28172.0,570.0,5.9,80.85837894401196,0.17320314,137.46010779767676,100.8040790516296
2018-02-06 09:00:00,27424.800000000003,378.68,7.9,24.752241501636103,0.1799802693333333,144.83851924756902,106.21491411488395
2018-02-06 10:00:00,26372.800000000003,513.86,9.36,1.0288640277692336,0.1729352313333333,145.66415999999998,106.82038399999998
2018-02-06 11:00:00,25589.6,714.89,9.78,0.0,0.1638337543333333,139.93703005496968,102.62048870697774
2018-02-06 12:00:00,24921.6,805.29,10.1,0.0,0.159637973,127.65712941247804,93.6152282358172
2018-02-06 13:00:00,24408.800000000003,499.29,10.02,0.5957503384737223,0.173052605,108.82445807252512,79.80460258651843
2018-02-06 14:00:00,24076.0,168.18,9.29,4.080289720283324,0.18807338,83.43901603511082,61.18861175908127
2018-02-06 15:00:00,23719.2,0.0,8.1,15.94287554549277,0.19634626,0.0,0.0
2018-02-06 16:00:00,23780.0,0.0,6.21,20.29488262135612,0.1978306659999999,0.0,0.0
2018-02-06 17:00:00,24395.2,0.0,5.39,18.37592745457192,0.1984746939999999,0.0,0.0
2018-02-06 18:00:00,26191.2,0.0,3.62,26.743395605770925,0.199864852,0.0,0.0
2018-02-06 19:00:00,27461.6,0.0,2.64,16.265548500130144,0.200634544,0.0,0.0
2018-02-06 20:00:00,27339.2,0.0,1.84,1.4613396592400398,0.2012628639999999,0.0,0.0
2018-02-06 21:00:00,26797.6,0.0,1.32,0.0,0.201671272,0.0,0.0
2018-02-06 22:00:00,25542.4,0.0,0.71,3.724940097888677,0.202150366,0.0,0.0
2018-02-06 23:00:00,23848.0,0.0,0.65,4.258178006667951,0.2021974899999999,0.0,0.0
2018-02-07 00:00:00,22176.800000000003,0.0,0.28,0.0,0.202488088,0.0,0.0
2018-02-07 01:00:00,21126.4,0.0,-0.04,0.0,0.202739416,0.0,0.0
2018-02-07 02:00:00,20506.4,0.0,-0.47,6.915523199680757,0.203077138,0.0,0.0
2018-02-07 03:00:00,20240.800000000003,0.0,-0.78,14.381681304682992,0.2033206119999999,0.0,0.0
2018-02-07 04:00:00,20224.800000000003,0.0,-1.35,21.38591774582291,0.20376829,0.0,0.0
2018-02-07 05:00:00,20730.4,2.78,-1.57,61.04338399766771,0.2038197773333333,60.14536357601008,44.10659995574073
2018-02-07 06:00:00,22384.0,91.78,0.07,26.579422416289567,0.1986483546666667,93.33921650431787,68.4487587698331
2018-02-07 07:00:00,25126.4,203.08,5.83,29.30171861890936,0.1892680606666666,118.48802261087084,86.89121658130526
2018-02-07 08:00:00,26483.2,279.9,8.71,0.0,0.183654196,135.59178189566884,99.43397339015712
2018-02-07 09:00:00,26269.6,405.78,10.45,7.413240504179027,0.176795036,144.65049435871188,106.07702919638872
2018-02-07 10:00:00,26243.2,964.55,11.6,8.435692320731986,0.1515108283333333,145.66415999999998,106.82038399999998
2018-02-07 11:00:00,26308.800000000003,977.71,12.36,30.47461304856412,0.1503397096666666,138.6327788195332,101.664037800991
2018-02-07 12:00:00,26001.6,838.87,12.76,28.65668184140537,0.1560836016666666,123.55635081731148,90.60799059936174
2018-02-07 13:00:00,25673.6,588.74,12.81,68.56349317343306,0.1669583373333333,100.43487599333488,73.65224239511224
2018-02-07 14:00:00,25486.4,242.42,12.29,112.08063324165144,0.1824778413333333,69.26835434760325,50.796793188242376
2018-02-07 15:00:00,25188.0,0.0,10.57,100.26734446293482,0.194406322,0.0,0.0
2018-02-07 16:00:00,25011.2,0.0,8.11,169.51582514919164,0.196338406,0.0,0.0
2018-02-07 17:00:00,25460.800000000003,0.0,6.38,125.43362251099654,0.197697148,0.0,0.0
2018-02-07 18:00:00,26831.2,0.0,5.24,94.42215365118857,0.198592504,0.0,0.0
2018-02-07 19:00:00,27531.2,0.0,4.4,92.19909616629197,0.19925224,0.0,0.0
2018-02-07 20:00:00,27153.6,0.0,3.9,127.58120335256098,0.19964494,0.0,0.0
2018-02-07 21:00:00,26370.4,0.0,3.77,120.79026934862152,0.1997470419999999,0.0,0.0
2018-02-07 22:00:00,24961.6,0.0,3.37,163.6124387662415,0.200061202,0.0,0.0
2018-02-07 23:00:00,23100.0,0.0,2.78,178.86603077650733,0.200524588,0.0,0.0
2018-02-08 00:00:00,21286.4,0.0,2.5,172.0197803698176,0.2007445,0.0,0.0
2018-02-08 01:00:00,19999.2,0.0,2.59,176.7706265287273,0.2006738139999999,0.0,0.0
2018-02-08 02:00:00,19324.0,0.0,2.68,172.05722774393448,0.200603128,0.0,0.0
2018-02-08 03:00:00,18973.6,0.0,2.42,174.38212899379013,0.200807332,0.0,0.0
2018-02-08 04:00:00,18900.0,0.0,2.01,129.6127324905243,0.201129346,0.0,0.0
2018-02-08 05:00:00,19356.0,35.83,1.76,113.37578625595202,0.1997623136666667,72.53984644099371,53.195887390062055
2018-02-08 06:00:00,20892.0,102.38,3.22,169.403313307437,0.1957118313333333,100.92281967329954,74.01006776041966
2018-02-08 07:00:00,23602.4,289.73,6.22,164.468539806311,0.1851809263333333,122.42673764535314,89.7796076065923
2018-02-08 08:00:00,24884.800000000003,87.15,9.17,172.55397219256585,0.1917032369999999,137.05160035715443,100.5045069285799
2018-02-08 09:00:00,24716.0,325.66,11.1,178.77212745507288,0.1797804286666666,144.79740780870338,106.18476572638248
2018-02-08 10:00:00,24364.800000000003,468.17,12.83,171.89023597363266,0.1722035003333333,145.66415999999998,106.82038399999996
2018-02-08 11:00:00,23989.6,644.36,14.22,171.87131226013395,0.1634240373333333,139.65185693104434,102.4113617494325
2018-02-08 12:00:00,23524.800000000003,101.05,14.54,120.3529145684262,0.1868791356666666,126.76049860183636,92.95769897467996
2018-02-08 13:00:00,23253.6,199.31,14.91,146.83077810589893,0.1823011263333333,106.9900850123761,78.45939567574246
2018-02-08 14:00:00,23108.0,102.98,14.49,165.51721175536431,0.1868341933333333,80.34061616266345,58.91645185261986
2018-02-08 15:00:00,22985.6,0.0,12.73,124.59996080064214,0.192709858,0.0,0.0
2018-02-08 16:00:00,23075.2,0.0,10.73,89.97966340294286,0.194280658,0.0,0.0
2018-02-08 17:00:00,23542.4,0.0,9.94,92.73442753360705,0.1949011239999999,0.0,0.0
2018-02-08 18:00:00,24903.2,0.0,9.38,63.15198392907598,0.195340948,0.0,0.0
2018-02-08 19:00:00,25872.0,0.0,8.38,121.17246532265489,0.196126348,0.0,0.0
2018-02-08 20:00:00,25625.6,0.0,7.98,136.10825774972903,0.1964405079999999,0.0,0.0
2018-02-08 21:00:00,25026.4,0.0,7.21,139.2322585656825,0.197045266,0.0,0.0
2018-02-08 22:00:00,23908.0,0.0,6.64,148.1427575867824,0.1974929439999999,0.0,0.0
2018-02-08 23:00:00,22544.0,0.0,5.91,159.29538328005162,0.198066286,0.0,0.0
2018-02-09 00:00:00,21004.0,0.0,5.02,178.9773545824374,0.1987652919999999,0.0,0.0
2018-02-09 01:00:00,19920.800000000003,0.0,3.95,128.09765949763596,0.1996056699999999,0.0,0.0
2018-02-09 02:00:00,19458.4,0.0,3.09,114.37315445386788,0.2002811139999999,0.0,0.0
2018-02-09 03:00:00,19271.2,0.0,3.12,89.31309650681425,0.200257552,0.0,0.0
2018-02-09 04:00:00,19577.6,0.0,3.22,93.43481102089784,0.200179012,0.0,0.0
2018-02-09 05:00:00,20392.0,18.3,3.76,75.61317046952811,0.198956406,60.61595471346239,44.45170012320576
2018-02-09 06:00:00,22142.4,97.01,4.4,50.31680249862684,0.1950193703333333,93.62714916598304,68.65990938838755
2018-02-09 07:00:00,24578.4,199.74,5.84,0.0,0.189405942,118.6375669208972,87.00088240865793
2018-02-09 08:00:00,26334.4,675.21,7.55,0.4987253922949554,0.167316567,135.64720797820473,99.4746191840168
2018-02-09 09:00:00,27412.0,785.22,8.61,14.982859254529505,0.1616839399999999,144.65607233790567,106.08111971446414
2018-02-09 10:00:00,28132.0,981.07,9.47,4.694972864366426,0.1524629076666666,145.66415999999998,106.82038399999998
2018-02-09 11:00:00,28476.0,794.14,9.86,0.1259484899991096,0.1603129806666666,138.67147096448775,101.69241204062436
2018-02-09 12:00:00,28572.0,595.86,10.13,6.676562825504312,0.16875254,123.67800523136894,90.6972038363372
2018-02-09 13:00:00,28576.0,426.21,9.91,7.541564284474873,0.176327723,100.68376280064358,73.83475938713862
2018-02-09 14:00:00,28355.2,208.57,9.41,7.776169537527482,0.1862167816666666,69.68874367231153,51.105078693028446
2018-02-09 15:00:00,28270.4,0.0,8.07,11.67094723643168,0.196369822,0.0,0.0
2018-02-09 16:00:00,28328.0,0.0,6.16,22.44890825420092,0.197869936,0.0,0.0
2018-02-09 17:00:00,29196.0,0.0,4.17,12.032818554211447,0.199432882,0.0,0.0
2018-02-09 18:00:00,31306.4,0.0,3.24,0.0,0.200163304,0.0,0.0
2018-02-09 19:00:00,32668.0,0.0,3.03,0.0,0.200328238,0.0,0.0
2018-02-09 20:00:00,32467.2,0.0,2.54,0.0,0.2007130839999999,0.0,0.0
2018-02-09 21:00:00,31860.0,0.0,1.76,0.0,0.201325696,0.0,0.0
2018-02-09 22:00:00,30584.800000000003,0.0,1.33,0.0,0.201663418,0.0,0.0
2018-02-09 23:00:00,28804.800000000003,0.0,1.04,0.0,0.2018911839999999,0.0,0.0
2018-02-10 00:00:00,27227.2,0.0,0.69,4.21192454430069,0.202166074,0.0,0.0
2018-02-10 01:00:00,26190.4,0.0,0.73,8.321714376093558,0.202134658,0.0,0.0
2018-02-10 02:00:00,25740.800000000003,0.0,0.68,24.689016477749387,0.202173928,0.0,0.0
2018-02-10 03:00:00,25660.0,0.0,1.12,24.401458770781808,0.201828352,0.0,0.0
2018-02-10 04:00:00,25748.800000000003,0.0,1.59,51.324796343488224,0.201459214,0.0,0.0
2018-02-10 05:00:00,26444.0,1.86,2.04,77.86482567392665,0.2010246259999999,66.60614394852874,48.8445055622544
2018-02-10 06:00:00,28114.4,44.5,3.19,120.36532833051616,0.1982608906666666,97.29226521484928,71.34766115755613
2018-02-10 07:00:00,30692.800000000003,171.93,5.72,21.516828989347324,0.190713633,120.54112745315672,88.39682679898159
2018-02-10 08:00:00,31735.2,184.73,8.05,17.896220106426117,0.1883251443333333,136.352730663451,99.99200248653072
2018-02-10 09:00:00,31344.800000000003,402.67,9.41,0.0,0.1777475516666666,144.7270748457321,106.13318822020352
2018-02-10 10:00:00,30508.800000000003,310.31,9.81,3.72434948951776,0.1814633663333333,145.66415999999998,106.82038399999998
2018-02-10 11:00:00,29846.4,313.42,9.89,3.4634460633462423,0.1812648346666666,139.16398612625477,102.05358982592014
2018-02-10 12:00:00,29128.0,281.51,9.75,1.3106251351964682,0.1827671303333333,125.22655322449636,91.83280569796398
2018-02-10 13:00:00,28357.6,184.04,9.04,75.58853691038082,0.1875777053333333,103.85186129472484,76.15803161613154
2018-02-10 14:00:00,27861.6,26.88,8.74,41.582438880697104,0.19467074,75.03991033694005,55.0292675804227
2018-02-10 15:00:00,27827.2,0.0,7.93,35.47349199298257,0.196479778,0.0,0.0
2018-02-10 16:00:00,28122.4,0.0,6.81,77.67027874617293,0.197359426,0.0,0.0
2018-02-10 17:00:00,28849.6,0.0,6.55,52.27335809006208,0.19756363,0.0,0.0
2018-02-10 18:00:00,30167.2,0.0,6.45,29.90235558815696,0.19764217,0.0,0.0
2018-02-10 19:00:00,30622.4,0.0,5.88,9.234185746102993,0.198089848,0.0,0.0
2018-02-10 20:00:00,29987.2,0.0,5.21,27.91309264309048,0.1986160659999999,0.0,0.0
2018-02-10 21:00:00,29196.800000000003,0.0,4.8,42.47878766504293,0.1989380799999999,0.0,0.0
2018-02-10 22:00:00,28066.4,0.0,4.62,112.57946281438385,0.1990794519999999,0.0,0.0
2018-02-10 23:00:00,26498.4,0.0,4.59,116.93768737875492,0.1991030139999999,0.0,0.0
2018-02-11 00:00:00,24856.800000000003,0.0,4.46,37.55344874433376,0.199205116,0.0,0.0
2018-02-11 01:00:00,23584.800000000003,0.0,4.25,24.077176512514104,0.19937005,0.0,0.0
2018-02-11 02:00:00,22835.2,0.0,4.01,174.679065213157,0.199558546,0.0,0.0
2018-02-11 03:00:00,22429.6,0.0,3.64,162.64897808059655,0.199849144,0.0,0.0
2018-02-11 04:00:00,22316.0,0.0,3.15,166.67015203228485,0.20023399,0.0,0.0
2018-02-11 05:00:00,22428.800000000003,29.88,2.57,161.75051992652084,0.1993857579999999,87.85534317895547,64.42725166456734
2018-02-11 06:00:00,23039.2,385.63,4.18,171.88592025165607,0.1825987056666666,110.29365433108651,80.8820131761301
2018-02-11 07:00:00,24020.0,652.82,8.83,171.82970676062928,0.1672882053333333,127.29369158925653,93.34870716545478
2018-02-11 08:00:00,24844.800000000003,858.27,11.2,171.28956263594117,0.156462339,138.85545495346545,101.82733363254133
2018-02-11 09:00:00,25582.4,1009.14,12.48,173.9293176250553,0.148874066,144.97894442371327,106.31789257738971
2018-02-11 10:00:00,25686.4,838.13,13.43,177.11429619814987,0.1555896723333333,145.66415999999998,106.82038399999998
2018-02-11 11:00:00,25334.4,923.84,12.82,170.1614013919429,0.1523289533333333,140.91110168232564,103.33480790037213
2018-02-11 12:00:00,25001.6,809.67,12.49,59.34185605573189,0.157569753,130.7197694706902,95.86116427850614
2018-02-11 13:00:00,24294.4,642.01,10.93,158.99407072463524,0.1661105416666666,115.0901633650937,84.39945313440205
2018-02-11 14:00:00,23741.6,354.79,10.36,164.2761749851747,0.1790905856666666,94.02228336553604,68.94967446805977
2018-02-11 15:00:00,23280.800000000003,0.0,9.98,70.84116999924417,0.194869708,0.0,0.0
2018-02-11 16:00:00,22852.800000000003,0.0,8.68,96.51253299234098,0.195890728,0.0,0.0
2018-02-11 17:00:00,23328.800000000003,0.0,7.76,76.68964003232364,0.1966132959999999,0.0,0.0
2018-02-11 18:00:00,24701.6,0.0,6.8,75.4349044817027,0.1973672799999999,0.0,0.0
2018-02-11 19:00:00,25501.6,0.0,6.66,0.1085360558102464,0.197477236,0.0,0.0
2018-02-11 20:00:00,25225.6,0.0,6.07,0.0,0.1979406219999999,0.0,0.0
2018-02-11 21:00:00,24711.2,0.0,5.51,0.523145713028648,0.198380446,0.0,0.0
2018-02-11 22:00:00,23949.6,0.0,4.89,1.5849539155057075,0.1988673939999999,0.0,0.0
2018-02-11 23:00:00,22861.6,0.0,4.51,0.0,0.199165846,0.0,0.0
2018-02-12 00:00:00,21679.2,0.0,4.11,0.0,0.199480006,0.0,0.0
2018-02-12 01:00:00,20603.2,0.0,3.59,0.1423512381686785,0.199888414,0.0,0.0
2018-02-12 02:00:00,19989.6,0.0,3.22,0.0,0.200179012,0.0,0.0
2018-02-12 03:00:00,19589.6,0.0,3.15,0.0,0.20023399,0.0,0.0
2018-02-12 04:00:00,19442.4,0.0,2.65,0.0,0.20062669,0.0,0.0
2018-02-12 05:00:00,19602.4,49.85,2.24,0.0,0.1987735823333333,80.83985911448576,59.2825633506229
2018-02-12 06:00:00,20115.2,168.02,3.49,0.0,0.1926356813333333,106.00120842892154,77.73421951454247
2018-02-12 07:00:00,20941.6,618.08,5.32,0.0,0.1715607813333333,125.06431317469092,91.71382966144
2018-02-12 08:00:00,21774.4,554.01,6.21,0.0,0.173657363,138.02917335179376,101.22139379131542
2018-02-12 09:00:00,22980.800000000003,925.69,6.89,0.0,0.1569056536666666,144.8957889602301,106.25691190416876
2018-02-12 10:00:00,24084.0,704.28,7.32,0.0,0.166228788,145.66415999999998,106.82038399999998
2018-02-12 11:00:00,24823.2,101.05,7.66,0.0,0.1922826876666666,140.33428647110338,102.91181007880914
2018-02-12 12:00:00,25236.0,781.37,7.69,0.0,0.1625744963333333,128.90616837354028,94.5311901405962
2018-02-12 13:00:00,25296.800000000003,534.5,7.43,0.0,0.1735504613333333,111.37980570731074,81.67852418536121
2018-02-12 14:00:00,25134.4,106.55,6.71,0.0,0.1927888343333333,87.75519847241463,64.35381221310408
2018-02-12 15:00:00,24888.800000000003,0.0,5.67,0.0,0.198254782,0.0,0.0
2018-02-12 16:00:00,24876.0,0.0,4.17,0.0,0.199432882,0.0,0.0
2018-02-12 17:00:00,25412.0,0.0,3.39,3.8464114572652495,0.2000454939999999,0.0,0.0
2018-02-12 18:00:00,26482.4,0.0,2.52,0.0,0.2007287919999999,0.0,0.0
2018-02-12 19:00:00,27166.4,0.0,2.54,0.0,0.2007130839999999,0.0,0.0
2018-02-12 20:00:00,26924.0,0.0,2.4,0.0,0.20082304,0.0,0.0
2018-02-12 21:00:00,26292.0,0.0,1.99,0.0,0.201145054,0.0,0.0
2018-02-12 22:00:00,25052.0,0.0,1.59,0.0,0.201459214,0.0,0.0
2018-02-12 23:00:00,23660.800000000003,0.0,1.27,0.0,0.201710542,0.0,0.0
2018-02-13 00:00:00,22265.6,0.0,0.87,0.0,0.202024702,0.0,0.0
2018-02-13 01:00:00,21644.0,0.0,0.58,0.0,0.202252468,0.0,0.0
2018-02-13 02:00:00,21319.2,0.0,0.08,0.0,0.202645168,0.0,0.0
2018-02-13 03:00:00,21348.0,0.0,-0.49,1.4069256484969217,0.203092846,0.0,0.0
2018-02-13 04:00:00,21703.2,0.0,-1.16,0.7495504029464357,0.203619064,0.0,0.0
2018-02-13 05:00:00,22643.2,9.27,-1.21,0.0,0.2032538529999999,78.03648461615336,57.226755385179125
2018-02-13 06:00:00,24686.4,299.68,0.18,0.0,0.1894905906666666,104.28595496002065,76.4763669706818
2018-02-13 07:00:00,27583.2,363.49,2.61,0.0,0.1847978256666667,124.173457670339,91.06053562491525
2018-02-13 08:00:00,28803.2,818.91,3.46,0.0,0.1642587429999999,137.69899274710835,100.97926134787944
2018-02-13 09:00:00,28616.0,503.15,3.99,1.4595227524107088,0.1776201423333333,144.86256019032868,106.23254413957434
2018-02-13 10:00:00,28205.6,508.16,5.09,1.460094324174422,0.1765375993333333,145.66415999999998,106.82038399999996
2018-02-13 11:00:00,27863.2,680.29,5.49,0.0,0.1687128336666666,140.10379217612234,102.74278092915635
2018-02-13 12:00:00,27492.0,716.24,5.52,0.0,0.1671206533333333,128.1814567186957,93.99973492704348
2018-02-13 13:00:00,27060.0,575.39,5.48,9.381124865802448,0.1732978243333333,109.89715362772009,80.59124599366139
2018-02-13 14:00:00,26890.4,255.22,5.02,6.181025733433629,0.1876291926666666,85.25088290319542,62.51731412900996
2018-02-13 15:00:00,26646.4,0.0,4.09,20.37704651225948,0.199495714,0.0,0.0
2018-02-13 16:00:00,26783.2,0.0,2.68,52.4094124376553,0.200603128,0.0,0.0
2018-02-13 17:00:00,27487.2,0.0,2.01,122.67860380122676,0.201129346,0.0,0.0
2018-02-13 18:00:00,29060.800000000003,0.0,1.83,127.19434009492907,0.201270718,0.0,0.0
2018-02-13 19:00:00,30310.4,0.0,1.44,139.2126438517552,0.201577024,0.0,0.0
2018-02-13 20:00:00,30084.800000000003,0.0,-0.17,178.88250568146876,0.202841518,0.0,0.0
2018-02-13 21:00:00,29510.4,0.0,-1.54,171.80656430767078,0.203917516,0.0,0.0
2018-02-13 22:00:00,28262.4,0.0,-1.97,171.8324828851594,0.204255238,0.0,0.0
2018-02-13 23:00:00,26522.4,0.0,-2.04,171.8389443453095,0.204310216,0.0,0.0
2018-02-14 00:00:00,24920.800000000003,0.0,-2.1,178.94393198274767,0.2043573399999999,0.0,0.0
2018-02-14 01:00:00,23868.800000000003,0.0,-2.14,172.43028311580443,0.204388756,0.0,0.0
2018-02-14 02:00:00,23392.800000000003,0.0,-1.77,178.1917113404796,0.204098158,0.0,0.0
2018-02-14 03:00:00,23276.800000000003,0.0,-1.01,171.86377186948943,0.203501254,0.0,0.0
2018-02-14 04:00:00,23440.800000000003,0.0,-0.85,175.45090056935237,0.20337559,0.0,0.0
2018-02-14 05:00:00,24186.4,107.36,-1.45,178.89810774378276,0.1991623553333333,92.1142328193467,67.55043740085424
2018-02-14 06:00:00,25984.0,414.0,0.29,178.4524488356271,0.1844160339999999,112.89946929933018,82.79294415284213
2018-02-14 07:00:00,28833.6,676.24,3.73,173.29621575846693,0.1702718526666666,128.6470802573873,94.34119218875068
2018-02-14 08:00:00,29809.6,869.38,5.84,171.90359531525684,0.1601873166666666,139.357065693518,102.19518150857984
2018-02-14 09:00:00,29316.800000000003,976.32,7.61,171.9001160674833,0.15413101,145.0294256077222,106.3549121123296
2018-02-14 10:00:00,28713.6,1036.26,8.95,171.91605756860497,0.150463192,145.66415999999998,106.82038399999998
2018-02-14 11:00:00,28286.4,750.08,9.99,174.0548978608851,0.1621333633333333,141.26126887035136,103.591597171591
2018-02-14 12:00:00,27669.6,154.83,10.36,143.3091368501864,0.187815507,131.82075221877628,96.6685516271026
2018-02-14 13:00:00,26820.800000000003,30.6,10.44,96.54033666749083,0.193173244,117.3426100452748,86.05124736653485
2018-02-14 14:00:00,26185.6,35.23,9.5,172.1566833144287,0.1937094976666666,97.82684234984684,71.73968438988767
2018-02-14 15:00:00,25537.6,0.88,7.53,171.87702210578297,0.1967555406666666,0.0,0.0
2018-02-14 16:00:00,25369.6,0.0,5.28,171.88914492032396,0.198561088,0.0,0.0
2018-02-14 17:00:00,25967.2,0.0,4.32,172.2423431219753,0.1993150719999999,0.0,0.0
2018-02-14 18:00:00,27495.2,0.0,3.66,174.74167955026093,0.1998334359999999,0.0,0.0
2018-02-14 19:00:00,28840.800000000003,0.0,2.12,178.76781173309627,0.201042952,0.0,0.0
2018-02-14 20:00:00,28660.800000000003,0.0,1.81,163.4665528160553,0.201286426,0.0,0.0
2018-02-14 21:00:00,28083.2,0.0,1.43,175.92868493604163,0.2015848779999999,0.0,0.0
2018-02-14 22:00:00,26964.0,0.0,1.07,172.55392370130767,0.201867622,0.0,0.0
2018-02-14 23:00:00,25233.6,0.0,0.62,149.3374609597964,0.2022210519999999,0.0,0.0
2018-02-15 00:00:00,23689.6,0.0,0.47,43.086101274399,0.2023388619999999,0.0,0.0
2018-02-15 01:00:00,22655.2,0.0,-0.09,56.98790854223604,0.202778686,0.0,0.0
2018-02-15 02:00:00,22137.6,0.0,-0.29,106.84887502990044,0.202935766,0.0,0.0
2018-02-15 03:00:00,21906.4,0.0,0.1,152.00845644198236,0.20262946,0.0,0.0
2018-02-15 04:00:00,22019.2,0.0,0.17,106.84560186997436,0.202574482,0.0,0.0
2018-02-15 05:00:00,22667.2,3.71,0.17,40.63232238315839,0.2024126023333333,56.204332307416514,41.21651035877211
2018-02-15 06:00:00,24385.6,99.99,1.7,31.226863997868502,0.1970099229999999,90.92788417660954,66.68044839618032
2018-02-15 07:00:00,27215.2,72.31,4.49,66.87065122811524,0.1960264276666666,117.23564288046448,85.97280477900726
2018-02-15 08:00:00,28279.2,398.04,6.26,14.378964278874,0.180423584,135.1276084189812,99.09357950725284
2018-02-15 09:00:00,28065.6,511.42,7.62,2.37338512067923,0.1744082926666666,144.60378079215968,106.0427725809171
2018-02-15 10:00:00,27729.6,588.3,8.26,0.81169820110977,0.1705511059999999,145.66415999999998,106.82038399999998
2018-02-15 11:00:00,27319.2,799.59,8.77,22.364350107425743,0.160931265,138.30874604250215,101.42641376450156
2018-02-15 12:00:00,26568.800000000003,244.94,8.89,13.233953838015315,0.1850382453333333,122.53753891966608,89.86086187442179
2018-02-15 13:00:00,25713.6,262.11,9.09,39.0466976403449,0.184131981,98.35053863149189,72.12372832976071
2018-02-15 14:00:00,25283.2,106.36,9.07,53.20066854274533,0.1909435806666666,65.74774517797941,48.21501313051823
2018-02-15 15:00:00,25400.0,1.75,8.22,82.71498192955654,0.1961756536666666,24.72915855912887,18.134716276694505
2018-02-15 16:00:00,25776.800000000003,0.0,6.45,101.66518377780469,0.19764217,0.0,0.0
2018-02-15 17:00:00,26600.0,0.0,4.98,101.52441365535476,0.1987967079999999,0.0,0.0
2018-02-15 18:00:00,28204.0,0.0,4.6,131.97666920320194,0.19909516,0.0,0.0
2018-02-15 19:00:00,29494.4,0.0,4.69,122.08279171216648,0.199024474,0.0,0.0
2018-02-15 20:00:00,29368.0,0.0,4.3,131.68374563544788,0.1993307799999999,0.0,0.0
2018-02-15 21:00:00,28862.4,0.0,3.9,142.19398338619035,0.19964494,0.0,0.0
2018-02-15 22:00:00,27624.0,0.0,3.43,130.24296125006668,0.2000140779999999,0.0,0.0
2018-02-15 23:00:00,25899.2,0.0,2.82,150.28100386115028,0.200493172,0.0,0.0
2018-02-16 00:00:00,24295.2,0.0,2.41,130.5494260016628,0.200815186,0.0,0.0
2018-02-16 01:00:00,23215.2,0.0,1.76,135.61826570879725,0.201325696,0.0,0.0
2018-02-16 02:00:00,22723.2,0.0,1.13,142.4602852532124,0.201820498,0.0,0.0
2018-02-16 03:00:00,22642.4,0.0,0.95,133.1389925385767,0.20196187,0.0,0.0
2018-02-16 04:00:00,22828.0,0.0,0.75,114.01673158354814,0.20211895,0.0,0.0
2018-02-16 05:00:00,23528.800000000003,38.7,0.46,142.2350433590409,0.2006581059999999,67.97413603014654,49.84769975544079
2018-02-16 06:00:00,25422.4,104.92,2.07,136.14450496520658,0.1965042126666666,98.1292754554788,71.96146866735111
2018-02-16 07:00:00,28267.2,322.05,5.14,105.76882923681508,0.184618929,120.97584756513034,88.71562154776224
2018-02-16 08:00:00,29262.4,499.46,7.13,105.51231048112784,0.1753149933333333,136.5138523591011,100.1101583966741
2018-02-16 09:00:00,28797.6,513.61,8.96,64.47201295881466,0.1732602996666666,144.74328983739093,106.14507921408668
2018-02-16 10:00:00,28276.0,755.8,10.34,52.2327890912003,0.1616088906666666,145.66415999999998,106.82038399999998
2018-02-16 11:00:00,28020.800000000003,903.58,10.92,80.7906972704294,0.1547052246666666,139.27646284692827,102.13607275441404
2018-02-16 12:00:00,27733.6,825.74,11.14,100.56637186780986,0.1579288553333333,125.58019837817572,92.09214547732884
2018-02-16 13:00:00,27518.4,449.3,11.07,93.23202057925626,0.1744091653333333,104.5753665937424,76.68860216874441
2018-02-16 14:00:00,27387.2,333.56,10.62,82.88296777065072,0.1798127173333333,76.26196749362816,55.92544282866065
2018-02-16 15:00:00,27215.2,2.62,9.38,101.92483021964348,0.1952266286666666,40.64000107783325,29.80266745707772
2018-02-16 16:00:00,27236.0,0.0,7.57,110.41847413993708,0.196762522,0.0,0.0
2018-02-16 17:00:00,27981.6,0.0,6.2,109.0072815448502,0.19783852,0.0,0.0
2018-02-16 18:00:00,29575.2,0.0,5.03,83.3922775165537,0.1987574379999999,0.0,0.0
2018-02-16 19:00:00,30913.6,0.0,3.9,91.94610514963593,0.19964494,0.0,0.0
2018-02-16 20:00:00,30740.800000000003,0.0,2.56,102.63445129161452,0.2006973759999999,0.0,0.0
2018-02-16 21:00:00,30186.4,0.0,1.5,87.89971574370283,0.2015299,0.0,0.0
2018-02-16 22:00:00,29000.0,0.0,0.81,58.87763105710659,0.2020718259999999,0.0,0.0
2018-02-16 23:00:00,27248.0,0.0,0.33,63.55757087376629,0.2024488179999999,0.0,0.0
2018-02-17 00:00:00,25656.800000000003,0.0,-0.06,71.61931528040802,0.2027551239999999,0.0,0.0
2018-02-17 01:00:00,24591.2,0.0,-0.41,67.59000692016295,0.203030014,0.0,0.0
2018-02-17 02:00:00,24147.2,0.0,-0.67,44.48544078756842,0.203234218,0.0,0.0
2018-02-17 03:00:00,24027.2,0.0,-1.09,81.7996912474903,0.203564086,0.0,0.0
2018-02-17 04:00:00,24165.6,0.0,-1.42,65.25443153210408,0.2038232679999999,0.0,0.0
2018-02-17 05:00:00,24895.2,69.95,-1.7,87.54354139108106,0.2009910283333333,91.5494101467863,67.13623410764329
2018-02-17 06:00:00,26656.0,445.21,0.62,132.0807920572942,0.1827950556666666,112.5538807777112,82.53951257032153
2018-02-17 07:00:00,29216.800000000003,696.37,4.87,143.43912979050964,0.1684981576666666,128.46759107849505,94.20956679089636
2018-02-17 08:00:00,30162.4,887.44,6.51,106.75011045983528,0.1588730806666666,139.2905410491378,102.14639676936773
2018-02-17 09:00:00,29586.4,1017.41,8.3,113.40587508164272,0.1517961903333333,145.02273068963945,106.35000250573556
2018-02-17 10:00:00,28738.4,1060.47,9.67,114.6678600753592,0.148841341,145.66415999999998,106.82038399999998
2018-02-17 11:00:00,27878.4,997.98,10.23,100.51840189067144,0.151128164,141.2148289802195,103.55754125216092
2018-02-17 12:00:00,26765.6,706.22,10.43,92.39021839893748,0.1637015453333333,131.67473763029784,96.5614742622184
2018-02-17 13:00:00,25899.2,494.06,10.39,87.95105586328366,0.1729902093333333,117.04388595023514,85.83218303017243
2018-02-17 14:00:00,25241.6,142.3,9.9,60.3829209386606,0.1887235166666666,97.3222739400313,71.36966755602295
2018-02-17 15:00:00,24758.4,9.62,8.62,91.77295498954727,0.1955180993333333,72.50990159968644,53.17392783977006
2018-02-17 16:00:00,24550.4,0.0,6.44,99.75222788886644,0.1976500239999999,0.0,0.0
2018-02-17 17:00:00,25035.2,0.0,4.71,81.24171446261218,0.1990087659999999,0.0,0.0
2018-02-17 18:00:00,26284.0,0.0,3.38,64.14513338753157,0.200053348,0.0,0.0
2018-02-17 19:00:00,27632.800000000003,0.0,2.65,56.35530371104412,0.20062669,0.0,0.0
2018-02-17 20:00:00,27515.2,0.0,1.85,62.3919137643925,0.2012550099999999,0.0,0.0
2018-02-17 21:00:00,27066.4,0.0,1.06,33.79122720335197,0.201875476,0.0,0.0
2018-02-17 22:00:00,26256.0,0.0,0.34,6.50457266723184,0.202440964,0.0,0.0
2018-02-17 23:00:00,25042.4,0.0,-0.03,0.0,0.2027315619999999,0.0,0.0
2018-02-18 00:00:00,23716.0,0.0,-0.95,0.7781934409389131,0.20345413,0.0,0.0
2018-02-18 01:00:00,22676.800000000003,0.0,-1.55,0.0,0.20392537,0.0,0.0
2018-02-18 02:00:00,22124.800000000003,0.0,-2.13,0.0,0.2043809019999999,0.0,0.0
2018-02-18 03:00:00,21874.4,0.0,-2.7,1.96307008889883,0.2048285799999999,0.0,0.0
2018-02-18 04:00:00,21879.2,0.0,-2.62,0.0,0.204765748,0.0,0.0
2018-02-18 05:00:00,22194.4,86.86,-1.57,0.0,0.2001510866666666,92.84196158887556,68.0841051651754
2018-02-18 06:00:00,22919.2,454.24,-0.63,0.0,0.1833827966666666,113.34473242671324,83.11947044625637
2018-02-18 07:00:00,23947.2,703.87,1.47,0.0,0.1708412676666666,128.87833768674457,94.51078097027934
2018-02-18 08:00:00,24550.4,894.71,3.31,0.0,0.1610691463333333,139.44277736896947,102.25803673724424
2018-02-18 09:00:00,24475.2,969.07,4.89,0.0,0.1565836396666666,145.03805147338795,106.36123774715114
2018-02-18 10:00:00,23834.4,1046.15,6.18,0.0,0.1522072163333333,145.66415999999998,106.82038399999998
2018-02-18 11:00:00,23052.800000000003,1020.39,7.11,0.0,0.152600789,141.32110294880565,103.6354754957908
2018-02-18 12:00:00,22243.2,828.96,7.54,0.0,0.160615796,132.0088803198049,96.80651223452357
2018-02-18 13:00:00,21501.6,651.45,7.51,0.0,0.168384711,117.72749211299774,86.33349421619833
2018-02-18 14:00:00,20908.800000000003,321.25,7.11,0.0,0.1831065976666666,98.47693832838412,72.21642144081501
2018-02-18 15:00:00,20492.800000000003,11.37,6.32,0.0,0.197248161,74.25721896596417,54.45529390837371
2018-02-18 16:00:00,20439.2,0.0,4.4,0.0,0.19925224,0.0,0.0
2018-02-18 17:00:00,20838.4,0.0,4.17,0.0,0.199432882,0.0,0.0
2018-02-18 18:00:00,21884.0,0.0,3.63,0.0,0.199856998,0.0,0.0
2018-02-18 19:00:00,23195.2,0.0,3.05,0.0,0.20031253,0.0,0.0
2018-02-18 20:00:00,23036.0,0.0,2.44,1.3971158290865644,0.200791624,0.0,0.0
2018-02-18 21:00:00,22589.6,0.0,1.15,0.0,0.2018047899999999,0.0,0.0
2018-02-18 22:00:00,21819.2,0.0,-0.42,4.353684949163416,0.2030378679999999,0.0,0.0
2018-02-18 23:00:00,20827.2,0.0,-1.44,5.223154801806189,0.2038389759999999,0.0,0.0
2018-02-19 00:00:00,19661.6,0.0,-1.95,36.73594068435521,0.2042395299999999,0.0,0.0
2018-02-19 01:00:00,18624.0,0.0,-2.3,76.17337785228129,0.20451442,0.0,0.0
2018-02-19 02:00:00,17988.8,0.0,-2.63,78.49693346972265,0.204773602,0.0,0.0
2018-02-19 03:00:00,17572.0,0.0,-2.96,91.17441526721502,0.205032784,0.0,0.0
2018-02-19 04:00:00,17404.0,0.0,-3.24,145.8047515744082,0.2052526959999999,0.0,0.0
2018-02-19 05:00:00,17482.4,63.81,-3.07,165.09400429973857,0.202334935,75.76622086905456,55.561895303973344
2018-02-19 06:00:00,17862.4,249.17,-0.1,104.86584927291533,0.1919144223333333,102.89688697433138,75.45771711450968
2018-02-19 07:00:00,18556.8,399.7,3.33,121.75040838308178,0.1826523746666666,123.4520139400644,90.53147688938056
2018-02-19 08:00:00,19122.4,745.18,5.03,140.92936774171875,0.1662427506666667,137.4316017662535,100.7831746285859
2018-02-19 09:00:00,19924.800000000003,1004.51,6.6,161.86746871839745,0.1536942403333333,144.8356504528987,106.21281033212573
2018-02-19 10:00:00,20334.4,933.49,7.97,177.67654021374597,0.1557170816666666,145.66415999999998,106.82038399999998
2018-02-19 11:00:00,20164.800000000003,794.26,8.85,177.00733660545453,0.1611009986666666,139.9171304075574,102.60589563220876
2018-02-19 12:00:00,19992.0,495.83,9.26,174.22750249431962,0.1738004803333333,127.59456167557092,93.569345228752
2018-02-19 13:00:00,19804.800000000003,458.44,9.16,170.0923255946884,0.1755104706666666,108.6964538040406,79.71073278962976
2018-02-19 14:00:00,19288.8,162.29,8.44,113.3949039344829,0.1889979703333333,83.22280679296628,61.03005831484194
2018-02-19 15:00:00,19080.0,13.12,7.06,163.26475644520607,0.1965906066666666,51.17362064234819,37.52732180438867
2018-02-19 16:00:00,19245.6,0.0,5.44,172.36096486225907,0.198435424,0.0,0.0
2018-02-19 17:00:00,19852.0,0.0,4.14,133.79507926153477,0.1994564439999999,0.0,0.0
2018-02-19 18:00:00,20965.6,0.0,2.96,82.60380359740094,0.200383216,0.0,0.0
2018-02-19 19:00:00,22548.0,0.0,2.47,159.90548816745547,0.200768062,0.0,0.0
2018-02-19 20:00:00,22514.4,0.0,1.65,121.00761929052658,0.20141209,0.0,0.0
2018-02-19 21:00:00,22056.0,0.0,0.88,146.93345834506107,0.202016848,0.0,0.0
2018-02-19 22:00:00,21216.800000000003,0.0,0.5,162.07765407690903,0.2023153,0.0,0.0
2018-02-19 23:00:00,20203.2,0.0,0.35,116.98009298401928,0.20243311,0.0,0.0
2018-02-20 00:00:00,19140.8,0.0,0.06,99.11351315914584,0.202660876,0.0,0.0
2018-02-20 01:00:00,18229.6,0.0,-0.1,97.34181836664634,0.20278654,0.0,0.0
2018-02-20 02:00:00,17773.600000000002,0.0,-0.56,100.12225255710116,0.203147824,0.0,0.0
2018-02-20 03:00:00,17606.4,0.0,-0.71,73.80140371356323,0.2032656339999999,0.0,0.0
2018-02-20 04:00:00,17730.4,0.0,-0.47,92.40580833843718,0.203077138,0.0,0.0
2018-02-20 05:00:00,18358.4,15.76,-0.28,58.94808885521879,0.2022402506666666,81.35899066454341,59.66325982066516
2018-02-20 06:00:00,19728.0,269.64,2.35,62.75127035583064,0.189097018,106.31884069410124,77.96714984234089
2018-02-20 07:00:00,21603.2,580.16,5.81,39.424520309032886,0.1728305113333333,125.22928264242584,91.83480727111228
2018-02-20 08:00:00,22638.4,712.13,7.77,32.31067998627612,0.1655328363333333,138.09031650951718,101.26623210697926
2018-02-20 09:00:00,22858.4,972.77,9.11,36.54112099327434,0.1531078083333333,144.90194229537522,106.26142434994182
2018-02-20 10:00:00,22833.6,588.33,9.95,16.775570461387513,0.1692224709999999,145.66415999999998,106.82038399999996
2018-02-20 11:00:00,22787.2,399.43,10.03,0.0,0.1774019756666666,140.3769696233915,102.94311105715374
2018-02-20 12:00:00,22498.4,295.17,10.08,21.97986746749932,0.181911917,129.04037116554974,94.62960552140314
2018-02-20 13:00:00,22161.6,184.59,10.04,8.755585362459948,0.186768307,111.65436462647476,81.87986739274814
2018-02-20 14:00:00,21961.6,75.41,9.01,6.58552048830152,0.1923411563333333,88.21895000616641,64.6938966711887
2018-02-20 15:00:00,21837.6,12.24,7.88,6.046763289364512,0.195984976,58.73412730462491,43.071693356724936
2018-02-20 16:00:00,21895.2,0.0,6.59,10.1622432672326,0.1975322139999999,0.0,0.0
2018-02-20 17:00:00,22503.2,0.0,5.1,3.8293345787944992,0.19870246,0.0,0.0
2018-02-20 18:00:00,23784.800000000003,0.0,4.48,0.0,0.1991894079999999,0.0,0.0
2018-02-20 19:00:00,25373.6,0.0,2.99,0.0,0.200359654,0.0,0.0
2018-02-20 20:00:00,25404.0,0.0,2.22,0.0,0.2009644119999999,0.0,0.0
2018-02-20 21:00:00,24904.0,0.0,1.92,0.0,0.201200032,0.0,0.0
2018-02-20 22:00:00,23805.6,0.0,1.39,0.0,0.201616294,0.0,0.0
2018-02-20 23:00:00,22337.6,0.0,1.8,0.0,0.20129428,0.0,0.0
2018-02-21 00:00:00,20974.4,0.0,2.26,0.0,0.200932996,0.0,0.0
2018-02-21 01:00:00,20032.800000000003,0.0,2.13,0.0,0.2010350979999999,0.0,0.0
2018-02-21 02:00:00,19667.2,0.0,2.29,0.1528912203814116,0.200909434,0.0,0.0
2018-02-21 03:00:00,19693.6,0.0,1.84,0.0,0.2012628639999999,0.0,0.0
2018-02-21 04:00:00,19858.4,0.0,1.18,0.0,0.201781228,0.0,0.0
2018-02-21 05:00:00,20679.2,5.56,1.12,0.0,0.2015857506666666,62.28670352979793,45.676915921851815
2018-02-21 06:00:00,22564.800000000003,44.5,2.7,0.0,0.1986457366666666,94.64940206319186,69.40956151300736
2018-02-21 07:00:00,25344.800000000003,114.03,4.78,0.0,0.193978279,119.1684969769091,87.39023111639997
2018-02-21 08:00:00,26443.2,178.83,6.04,0.0,0.1901612349999999,135.84398827094952,99.61892473202964
2018-02-21 09:00:00,26019.2,338.63,6.93,0.0,0.1824896223333333,144.67587594531315,106.09564235989627
2018-02-21 10:00:00,25295.2,287.27,7.64,0.0,0.1841729963333333,145.66415999999998,106.82038399999996
2018-02-21 11:00:00,24758.4,218.58,7.96,0.0,0.186918842,138.80884043501007,101.7931496523407
2018-02-21 12:00:00,24368.0,394.21,8.35,0.0,0.1789492136666666,124.10991725034336,91.01393931691844
2018-02-21 13:00:00,24029.6,136.32,8.46,0.0,0.1901154199999999,101.56739044599992,74.48275299373327
2018-02-21 14:00:00,23776.800000000003,65.82,8.26,0.0,0.1933486499999999,71.18126002197963,52.19959068278505
2018-02-21 15:00:00,23589.6,4.37,7.82,0.0,0.1963754943333333,32.95152597828266,24.16445238407395
2018-02-21 16:00:00,23739.2,0.0,6.47,0.0,0.197626462,0.0,0.0
2018-02-21 17:00:00,24417.6,0.0,4.5,10.230136332393451,0.1991736999999999,0.0,0.0
2018-02-21 18:00:00,25740.800000000003,0.0,2.76,23.015616496251926,0.200540296,0.0,0.0
2018-02-21 19:00:00,26991.2,0.0,1.93,8.589786931714247,0.201192178,0.0,0.0
2018-02-21 20:00:00,26772.800000000003,0.0,1.45,24.19148707687648,0.20156917,0.0,0.0
2018-02-21 21:00:00,26108.0,0.0,0.91,69.39695485734765,0.201993286,0.0,0.0
2018-02-21 22:00:00,24805.6,0.0,0.46,66.27374808574625,0.202346716,0.0,0.0
2018-02-21 23:00:00,23112.800000000003,0.0,0.32,43.70706517292821,0.202456672,0.0,0.0
2018-02-22 00:00:00,21522.4,0.0,-0.22,39.16841372904005,0.202880788,0.0,0.0
2018-02-22 01:00:00,20270.4,0.0,-0.3,20.90113548443982,0.2029436199999999,0.0,0.0
2018-02-22 02:00:00,19691.2,0.0,-0.55,10.377041356677005,0.20313997,0.0,0.0
2018-02-22 03:00:00,19442.4,0.0,-1.1,38.85382972240514,0.2035719399999999,0.0,0.0
2018-02-22 04:00:00,19433.6,0.0,-1.66,9.92590975543202,0.204011764,0.0,0.0
2018-02-22 05:00:00,20009.6,21.33,-1.59,60.0384147950349,0.203026087,62.55042815768393,45.87031398230155
2018-02-22 06:00:00,21646.4,143.06,1.83,0.0,0.1950285333333333,94.81076280293074,69.5278927221492
2018-02-22 07:00:00,24296.0,176.17,4.89,0.0,0.1911805096666666,119.25230330978584,87.45168909384293
2018-02-22 08:00:00,25455.2,265.3,7.39,0.0,0.1853279706666666,135.87504967824907,99.64170309738265
2018-02-22 09:00:00,25461.6,545.7,9.37,0.0,0.1715380919999999,144.67900190832046,106.09793473276832
2018-02-22 10:00:00,25099.2,925.18,10.7,0.0,0.1539355326666666,145.66415999999998,106.82038399999998
2018-02-22 11:00:00,24777.6,843.97,11.19,0.0,0.1570941496666666,138.83052395328775,101.80905089907766
2018-02-22 12:00:00,24127.2,175.12,11.39,0.0,0.1861212246666666,124.17809376818364,91.06393543000134
2018-02-22 13:00:00,23552.800000000003,224.21,11.42,0.0,0.1839557023333333,101.70686944468778,74.58503759277103
2018-02-22 14:00:00,23204.800000000003,73.47,11.12,0.0,0.190768611,71.41685098279999,52.37235738738666
2018-02-22 15:00:00,22858.4,13.99,10.16,0.0,0.1941179056666666,33.3080383825205,24.42589481384837
2018-02-22 16:00:00,22790.4,0.0,8.15,0.0,0.19630699,0.0,0.0
2018-02-22 17:00:00,23249.6,0.0,5.8,0.0,0.19815268,0.0,0.0
2018-02-22 18:00:00,24271.2,0.0,4.43,0.0,0.199228678,0.0,0.0
2018-02-22 19:00:00,25538.4,0.0,5.96,0.0,0.1980270159999999,0.0,0.0
2018-02-22 20:00:00,25402.4,0.0,5.04,0.0,0.198749584,0.0,0.0
2018-02-22 21:00:00,24771.2,0.0,5.1,0.0,0.19870246,0.0,0.0
2018-02-22 22:00:00,23592.800000000003,0.0,5.17,0.0,0.198647482,0.0,0.0
2018-02-22 23:00:00,21943.2,0.0,4.92,0.0,0.198843832,0.0,0.0
2018-02-23 00:00:00,20377.6,0.0,4.74,0.0,0.198985204,0.0,0.0
2018-02-23 01:00:00,19277.6,0.0,4.55,0.0,0.1991344299999999,0.0,0.0
2018-02-23 02:00:00,18743.2,0.0,4.32,7.758164127230449,0.1993150719999999,0.0,0.0
2018-02-23 03:00:00,18456.8,0.0,4.25,10.59677494699145,0.19937005,0.0,0.0
2018-02-23 04:00:00,18472.0,0.0,4.09,52.1786667856822,0.199495714,0.0,0.0
2018-02-23 05:00:00,19053.6,25.96,3.96,63.30904711426896,0.1984650946666666,74.49019895047462,54.62614589701471
2018-02-23 06:00:00,20654.4,161.71,4.75,22.327874073823736,0.1919214036666666,102.11614896607034,74.88517590845157
2018-02-23 07:00:00,23232.0,482.33,7.52,0.0,0.1757561263333333,123.0465200788208,90.23411472446858
2018-02-23 08:00:00,24349.6,770.55,9.09,0.0,0.161947049,137.2813122887259,100.67296234506566
2018-02-23 09:00:00,24197.6,955.38,10.16,0.0,0.153041922,144.82052559578565,106.20171877024278
2018-02-23 10:00:00,23822.4,859.68,10.88,0.0,0.156652144,145.66415999999998,106.82038399999998
2018-02-23 11:00:00,23520.0,100.12,11.27,0.0,0.1894879726666667,139.81221550136902,102.52895803433728
2018-02-23 12:00:00,23084.0,47.28,11.36,0.0,0.191722872,127.2646920998927,93.32744087325464
2018-02-23 13:00:00,22631.2,66.75,11.47,0.0,0.190786937,108.02158979557107,79.21583251675212
2018-02-23 14:00:00,22560.800000000003,22.25,10.7,0.0,0.1933333783333333,82.08290858840402,60.194132964829606
2018-02-23 15:00:00,22510.4,13.12,9.44,137.0883994281824,0.1947213546666666,49.44864847839171,36.26234221748726
2018-02-23 16:00:00,22618.4,0.0,7.2,129.89184817251592,0.19705312,0.0,0.0
2018-02-23 17:00:00,22950.4,0.0,5.45,102.60227734182274,0.19842757,0.0,0.0
2018-02-23 18:00:00,23696.0,0.0,4.35,115.89393729240528,0.19929151,0.0,0.0
2018-02-23 19:00:00,24876.800000000003,0.0,3.72,90.5007444017654,0.199786312,0.0,0.0
2018-02-23 20:00:00,24598.4,0.0,3.36,81.9688651244095,0.2000690559999999,0.0,0.0
2018-02-23 21:00:00,23894.4,0.0,2.62,56.95910473488666,0.200650252,0.0,0.0
2018-02-23 22:00:00,22659.2,0.0,2.18,78.96483168115361,0.200995828,0.0,0.0
2018-02-23 23:00:00,20900.800000000003,0.0,1.16,103.3367744292319,0.201796936,0.0,0.0
2018-02-24 00:00:00,19292.8,0.0,0.54,47.76717457421831,0.2022838839999999,0.0,0.0
2018-02-24 01:00:00,18035.2,0.0,0.19,79.75688183059621,0.202558774,0.0,0.0
2018-02-24 02:00:00,17400.0,0.0,0.0,66.63399570405379,0.202708,0.0,0.0
2018-02-24 03:00:00,17055.2,0.0,0.05,31.005395329722944,0.20266873,0.0,0.0
2018-02-24 04:00:00,17060.8,0.0,-0.09,39.6840212770972,0.202778686,0.0,0.0
2018-02-24 05:00:00,17488.0,52.06,-0.42,8.401341568054226,0.2007663166666666,89.62869047964452,65.72770635173931
2018-02-24 06:00:00,18998.4,424.08,2.88,0.0,0.181942024,111.37868243235602,81.67770045039441
2018-02-24 07:00:00,21472.800000000003,581.93,5.8,0.0,0.1727611343333333,127.85722536074736,93.76196526454804
2018-02-24 08:00:00,22524.0,935.82,7.58,0.0,0.155921722,139.0643192648185,101.9805007942002
2018-02-24 09:00:00,22526.4,550.64,9.17,0.0,0.1714796233333333,144.99996414456933,106.33330703935084
2018-02-24 10:00:00,22444.0,302.45,10.24,0.0,0.1814686023333333,145.66415999999998,106.82038399999998
2018-02-24 11:00:00,22502.4,954.03,11.06,0.0,0.152393967,141.05690683111044,103.44173167614764
2018-02-24 12:00:00,22586.4,228.33,11.14,0.0,0.183995845,131.17820463790065,96.19735006779382
2018-02-24 13:00:00,22547.2,129.74,10.42,0.3536992148462755,0.1888631433333333,116.0280534203707,85.08723917493852
2018-02-24 14:00:00,22642.4,360.73,9.88,32.97651951353243,0.1792083956666666,95.60645317852048,70.11139899758167
2018-02-24 15:00:00,22601.6,18.36,9.2,16.294731145433918,0.1946812119999999,69.9134039123501,51.26982953572341
2018-02-24 16:00:00,22545.6,0.0,7.81,23.7011298361564,0.196574026,0.0,0.0
2018-02-24 17:00:00,22671.2,0.0,5.8,26.4534875881342,0.19815268,0.0,0.0
2018-02-24 18:00:00,23061.6,0.0,4.37,69.88590433622892,0.199275802,0.0,0.0
2018-02-24 19:00:00,23932.0,0.0,4.48,47.70506939532484,0.1991894079999999,0.0,0.0
2018-02-24 20:00:00,23509.6,0.0,4.31,44.689537462476814,0.1993229259999999,0.0,0.0
2018-02-24 21:00:00,22773.6,0.0,4.1,56.85850355841842,0.19948786,0.0,0.0
2018-02-24 22:00:00,21709.6,0.0,4.26,17.007852680103692,0.199362196,0.0,0.0
2018-02-24 23:00:00,20364.800000000003,0.0,3.96,82.83688289117305,0.199597816,0.0,0.0
2018-02-25 00:00:00,18935.2,0.0,2.4,81.42370215450144,0.20082304,0.0,0.0
2018-02-25 01:00:00,17677.600000000002,0.0,1.34,84.07150669247075,0.2016555639999999,0.0,0.0
2018-02-25 02:00:00,16954.4,0.0,1.69,47.44533506308058,0.201380674,0.0,0.0
2018-02-25 03:00:00,16522.4,0.0,2.33,33.95185752672369,0.200878018,0.0,0.0
2018-02-25 04:00:00,16304.0,0.0,2.5,18.07775925417736,0.2007445,0.0,0.0
2018-02-25 05:00:00,16378.4,98.48,2.32,13.44374217435072,0.1965888613333333,74.7169531616243,54.79243231852448
2018-02-25 06:00:00,16854.4,131.76,2.55,10.4191582874201,0.194956102,102.25488924051236,74.98691877637572
2018-02-25 07:00:00,17590.4,223.13,3.4,3.659633359442533,0.1903017343333333,123.11857796379402,90.28695717344894
2018-02-25 08:00:00,18365.6,273.01,3.59,4.602976992032398,0.1879760776666666,137.30801933146918,100.69254750974405
2018-02-25 09:00:00,19468.8,286.82,3.36,4.615036161797039,0.1875541433333333,144.82321334353782,106.20368978526106
2018-02-25 10:00:00,20140.0,388.9,4.39,0.0,0.1822910906666666,145.66415999999998,106.82038399999998
2018-02-25 11:00:00,20508.800000000003,177.07,4.78,6.377932442805329,0.1912276336666666,139.8308593008557,102.54263015396084
2018-02-25 12:00:00,20609.6,608.23,4.71,9.653909407900052,0.1724696636666666,127.3233112461049,93.37042824714358
2018-02-25 13:00:00,20556.0,441.2,4.4,6.350826208329666,0.1800012133333333,108.14151583574768,79.30377827954828
2018-02-25 14:00:00,20448.800000000003,159.41,4.14,9.978762953802995,0.1925008543333333,82.28547306978386,60.34268025117482
2018-02-25 15:00:00,20351.2,18.36,3.42,9.838110271118916,0.199220824,49.75518294821369,36.48713416202336
2018-02-25 16:00:00,20445.6,0.0,2.01,9.49272901181856,0.201129346,0.0,0.0
2018-02-25 17:00:00,20882.4,0.0,1.03,2.308271968427788,0.201899038,0.0,0.0
2018-02-25 18:00:00,21625.6,0.0,0.21,0.8368678159625331,0.202543066,0.0,0.0
2018-02-25 19:00:00,22225.6,0.0,-0.36,0.0,0.202990744,0.0,0.0
2018-02-25 20:00:00,21990.4,0.0,-1.22,0.0,0.203666188,0.0,0.0
2018-02-25 21:00:00,21578.4,0.0,-1.78,0.0,0.204106012,0.0,0.0
2018-02-25 22:00:00,20936.0,0.0,-2.31,0.0,0.2045222739999999,0.0,0.0
2018-02-25 23:00:00,20064.0,0.0,-2.84,0.0,0.204938536,0.0,0.0
2018-02-26 00:00:00,19130.4,0.0,-2.83,0.0,0.2049306819999999,0.0,0.0
2018-02-26 01:00:00,18296.0,0.0,-2.64,0.0,0.204781456,0.0,0.0
2018-02-26 02:00:00,17935.2,0.0,-2.27,0.0,0.204490858,0.0,0.0
2018-02-26 03:00:00,17772.0,0.0,-2.14,0.0,0.204388756,0.0,0.0
2018-02-26 04:00:00,17881.600000000002,0.0,-1.59,0.0,0.203956786,0.0,0.0
2018-02-26 05:00:00,18204.8,7.41,-1.06,0.0,0.203217201,70.62116660204569,51.78885550816683
2018-02-26 06:00:00,18868.8,92.75,0.57,0.0,0.1982133303333333,99.74886940321484,73.1491708956909
2018-02-26 07:00:00,19840.0,223.75,2.71,0.0,0.1908166076666666,121.81702014359496,89.33248143863628
2018-02-26 08:00:00,20785.6,349.97,4.01,0.0,0.1842881883333333,136.82561882318583,100.33878713700292
2018-02-26 09:00:00,21823.2,439.53,5.63,0.0,0.179108039,144.7746654419875,106.16808799079082
2018-02-26 10:00:00,22316.800000000003,505.06,7.56,0.0,0.1747329246666666,145.66415999999998,106.82038399999998
2018-02-26 11:00:00,22296.0,313.76,8.25,13.624461516768603,0.1825380553333333,139.49410249722334,102.29567516463042
2018-02-26 12:00:00,22056.0,455.88,8.37,43.37202997816266,0.176242638,126.26449293365746,92.59396148468213
2018-02-26 13:00:00,21616.0,273.09,8.15,18.394310187471536,0.184391163,105.97533130930248,77.71524296015514
2018-02-26 14:00:00,21284.0,84.49,7.38,61.96240244520543,0.1932251676666666,78.62661762415821,57.65951959104935
2018-02-26 15:00:00,21087.2,4.37,6.33,55.61767893748338,0.1975457403333333,44.218351878224894,32.426791377364914
2018-02-26 16:00:00,21260.800000000003,0.0,5.07,124.43202345080564,0.1987260219999999,0.0,0.0
2018-02-26 17:00:00,22036.800000000003,0.0,4.05,69.3492333979067,0.19952713,0.0,0.0
2018-02-26 18:00:00,23527.2,0.0,3.5,153.14247300540418,0.1999590999999999,0.0,0.0
2018-02-26 19:00:00,25468.800000000003,0.0,3.24,176.04283335775955,0.200163304,0.0,0.0
2018-02-26 20:00:00,25835.2,0.0,3.7,178.8668672507109,0.19980202,0.0,0.0
2018-02-26 21:00:00,25516.0,0.0,3.53,175.88076345016088,0.199935538,0.0,0.0
2018-02-26 22:00:00,24692.0,0.0,2.96,173.96001259147306,0.200383216,0.0,0.0
2018-02-26 23:00:00,23474.4,0.0,2.83,177.27969987974708,0.200485318,0.0,0.0
2018-02-27 00:00:00,22284.0,0.0,3.35,161.58596484194152,0.20007691,0.0,0.0
2018-02-27 01:00:00,21456.800000000003,0.0,3.6,171.8392352928585,0.19988056,0.0,0.0
2018-02-27 02:00:00,21088.0,0.0,3.28,127.12079097910868,0.200131888,0.0,0.0
2018-02-27 03:00:00,21054.4,0.0,2.77,21.155290291291557,0.2005324419999999,0.0,0.0
2018-02-27 04:00:00,21282.4,0.0,1.89,12.264201411623825,0.201223594,0.0,0.0
2018-02-27 05:00:00,22083.2,11.13,1.19,0.0,0.201287735,71.28365606875796,52.27468111708917
2018-02-27 06:00:00,23968.0,192.25,2.28,0.0,0.1925287796666666,100.15421565879524,73.44642481644983
2018-02-27 07:00:00,26688.0,441.84,3.62,0.0,0.1805859,122.02754584693812,89.48686695442129
2018-02-27 08:00:00,27556.0,785.41,5.05,0.0,0.1644716736666666,136.90364663318655,100.39600753100346
2018-02-27 09:00:00,26984.0,1087.95,6.65,0.0,0.150014205,144.78251801754053,106.17384654619636
2018-02-27 10:00:00,26025.6,847.11,7.89,0.0,0.159548961,145.66415999999998,106.82038399999998
2018-02-27 11:00:00,25301.6,792.26,8.35,0.0,0.1615809653333333,139.54857258056504,102.33561989241436
2018-02-27 12:00:00,24561.6,501.16,8.98,98.5676046361434,0.1737878266666666,126.43575575923563,92.71955422343945
2018-02-27 13:00:00,24094.4,121.45,9.64,108.22824523681749,0.1898374756666666,106.3257095360118,77.97218699307533
2018-02-27 14:00:00,24228.800000000003,154.55,9.52,48.17041575429506,0.1884874603333333,79.21843391089344,58.09351820132185
2018-02-27 15:00:00,24341.6,98.69,8.4,74.45724798023048,0.1918044663333333,45.11392888388073,33.0835478481792
2018-02-27 16:00:00,24433.6,0.0,7.06,5.175262486448172,0.197163076,0.0,0.0
2018-02-27 17:00:00,24871.2,0.0,6.1,0.0,0.19791706,0.0,0.0
2018-02-27 18:00:00,25841.6,0.0,5.35,0.0,0.19850611,0.0,0.0
2018-02-27 19:00:00,26998.4,0.0,4.54,15.715753099715622,0.199142284,0.0,0.0
2018-02-27 20:00:00,26748.800000000003,0.0,4.04,54.00498091909626,0.199534984,0.0,0.0
2018-02-27 21:00:00,26012.800000000003,0.0,3.75,150.11952797146438,0.1997627499999999,0.0,0.0
2018-02-27 22:00:00,24765.6,0.0,2.7,178.95167846123962,0.20058742,0.0,0.0
2018-02-27 23:00:00,22972.0,0.0,1.78,174.4861063741079,0.201309988,0.0,0.0
2018-02-28 00:00:00,21358.4,0.0,1.09,171.825488021169,0.201851914,0.0,0.0
2018-02-28 01:00:00,20333.6,0.0,0.65,171.83978081951307,0.2021974899999999,0.0,0.0
2018-02-28 02:00:00,19560.0,0.0,0.49,171.8615291487996,0.202323154,0.0,0.0
2018-02-28 03:00:00,19272.8,0.0,0.47,171.8612382012506,0.2023388619999999,0.0,0.0
2018-02-28 04:00:00,19292.8,0.0,0.56,171.85835297138988,0.202268176,0.0,0.0
2018-02-28 05:00:00,19936.800000000003,21.33,1.09,173.53337437933197,0.200921215,82.09643744472616,60.20405412613252
2018-02-28 06:00:00,21624.800000000003,77.88,3.36,168.73887396525996,0.196670892,106.77004981674636,78.29803653228065
2018-02-28 07:00:00,24239.2,372.97,6.18,151.7548107933411,0.1815803036666666,125.46362825828388,92.0066607227415
2018-02-28 08:00:00,25150.4,363.16,7.89,105.8673392277751,0.1806653126666666,138.17717276933865,101.329926697515
2018-02-28 09:00:00,24383.2,425.5,7.86,105.33389901952842,0.1779687726666666,144.9106833499107,106.26783445660116
2018-02-28 10:00:00,23522.4,470.58,8.94,98.9630084166193,0.17515355,145.66415999999998,106.82038399999998
2018-02-28 11:00:00,23069.6,132.58,9.92,116.44108840389804,0.1891319246666666,140.43760271960656,102.98757532771148
2018-02-28 12:00:00,22817.6,178.75,9.01,63.3087985965705,0.1878320876666666,129.23101150873043,94.76940843973564
2018-02-28 13:00:00,22665.6,73.24,7.68,15.68602038170202,0.1934804226666666,112.0443863673716,82.16588333607248
2018-02-28 14:00:00,22752.0,64.9,7.44,0.0,0.1940328206666666,88.87772729552995,65.17700001672195
2018-02-28 15:00:00,22890.4,8.34,7.21,0.0,0.1966813639999999,59.73103429320567,43.80275848168415
2018-02-28 16:00:00,22980.800000000003,0.0,6.64,0.0,0.1974929439999999,0.0,0.0
2018-02-28 17:00:00,23516.800000000003,0.0,5.96,0.0,0.1980270159999999,0.0,0.0
2018-02-28 18:00:00,24596.800000000003,0.0,5.2,0.0,0.1986239199999999,0.0,0.0
2018-02-28 19:00:00,25423.2,0.0,2.86,0.0,0.200461756,0.0,0.0
2018-02-28 20:00:00,25128.800000000003,0.0,1.01,0.0,0.2019147459999999,0.0,0.0
2018-02-28 21:00:00,24403.2,0.0,0.25,0.0,0.20251165,0.0,0.0
2018-02-28 22:00:00,23033.6,0.0,-0.3,0.0,0.2029436199999999,0.0,0.0
2018-02-28 23:00:00,21366.4,0.0,-0.79,0.0,0.2033284659999999,0.0,0.0
2018-12-01 00:00:00,21091.2,0.0,3.2,2.8505483825422497,0.20019472,0.0,0.0
2018-12-01 01:00:00,19843.2,0.0,3.09,0.0,0.2002811139999999,0.0,0.0
2018-12-01 02:00:00,19202.4,0.0,2.91,0.0,0.2004224859999999,0.0,0.0
2018-12-01 03:00:00,19024.0,0.0,2.75,0.0,0.2005481499999999,0.0,0.0
2018-12-01 04:00:00,19112.8,0.0,2.61,0.0,0.2006581059999999,0.0,0.0
2018-12-01 05:00:00,19755.2,2.78,2.43,0.0,0.2006781773333333,88.6292935799743,64.99481529198115
2018-12-01 06:00:00,21425.6,138.36,2.53,0.0,0.19468383,110.76719830849464,81.22927875956272
2018-12-01 07:00:00,24116.0,169.72,2.84,0.0,0.1930720146666666,127.5396373147574,93.52906736415542
2018-12-01 08:00:00,25393.6,202.32,3.69,0.0,0.190981978,138.94661059876253,101.8941811057592
2018-12-01 09:00:00,24946.4,205.53,4.47,0.0,0.190229303,144.98811816051008,106.32461998437404
2018-12-01 10:00:00,24217.6,235.51,4.91,0.0,0.1885755996666666,145.66415999999998,106.82038399999998
2018-12-01 11:00:00,23889.6,204.75,5.22,0.0,0.1896742869999999,140.9747361172323,103.381473152637
2018-12-01 12:00:00,23431.2,159.02,5.39,0.0,0.1915361213333333,130.919846512207,96.00788744228512
2018-12-01 13:00:00,22987.2,255.46,5.32,0.0,0.1873831006666666,115.49949118492412,84.69962686894436
2018-12-01 14:00:00,22903.2,4.37,5.04,0.0,0.1985589063333333,94.71367013538358,69.45669143261462
2018-12-01 15:00:00,22924.0,0.0,4.72,0.0,0.199000912,0.0,0.0
2018-12-01 16:00:00,23274.4,0.0,4.41,0.0,0.1992443859999999,0.0,0.0
2018-12-01 17:00:00,24485.6,0.0,4.14,0.0,0.1994564439999999,0.0,0.0
2018-12-01 18:00:00,26465.6,0.0,3.52,0.0,0.199943392,0.0,0.0
2018-12-01 19:00:00,26381.6,0.0,3.29,0.0,0.2001240339999999,0.0,0.0
2018-12-01 20:00:00,26068.0,0.0,3.31,0.0,0.200108326,0.0,0.0
2018-12-01 21:00:00,25703.2,0.0,2.99,0.0,0.200359654,0.0,0.0
2018-12-01 22:00:00,25007.2,0.0,2.62,0.0,0.200650252,0.0,0.0
2018-12-01 23:00:00,23827.2,0.0,1.81,0.8580163500577459,0.201286426,0.0,0.0
2018-12-02 00:00:00,22477.6,0.0,1.16,2.0859609540905613,0.201796936,0.0,0.0
2018-12-02 01:00:00,21410.4,0.0,1.02,18.35781445429588,0.2019068919999999,0.0,0.0
2018-12-02 02:00:00,20959.2,0.0,0.85,1.6829948103687031,0.20204041,0.0,0.0
2018-12-02 03:00:00,20741.6,0.0,0.7,47.36634886493883,0.20215822,0.0,0.0
2018-12-02 04:00:00,20800.0,0.0,0.26,48.717551712269625,0.2025037959999999,0.0,0.0
2018-12-02 05:00:00,21124.0,2.78,0.23,42.184539679800544,0.2024060573333333,65.63437023950794,48.13187150897248
2018-12-02 06:00:00,21998.4,72.24,1.06,35.56304625470044,0.198723404,96.69768242672154,70.91163377959579
2018-12-02 07:00:00,23165.6,211.11,4.54,18.90156663166175,0.189930851,120.23231749637762,88.17036616401025
2018-12-02 08:00:00,24084.800000000003,570.27,5.87,0.0,0.173214921,136.23827544847606,99.90806866221575
2018-12-02 09:00:00,24415.2,491.84,7.06,8.663013277597276,0.1757024573333333,144.71555628301687,106.12474127421234
2018-12-02 10:00:00,23861.6,124.23,8.33,0.0,0.190745049,145.66415999999998,106.82038399999998
2018-12-02 11:00:00,23278.4,183.68,8.99,0.0,0.1876326833333333,139.08408659942555,101.99499683957872
2018-12-02 12:00:00,22724.800000000003,241.45,9.2,0.0,0.1849470516666666,124.97533608129343,91.64857979294852
2018-12-02 13:00:00,22407.2,333.35,9.1,0.0,0.1810156883333333,103.3379084456038,75.78113286010944
2018-12-02 14:00:00,22191.2,7.87,8.07,0.0,0.1960264276666666,74.1718036923564,54.39265604106136
2018-12-02 15:00:00,22160.0,0.0,6.11,6.444455629923099,0.1979092059999999,0.0,0.0
2018-12-02 16:00:00,22427.2,0.0,4.59,5.535246812377003,0.1991030139999999,0.0,0.0
2018-12-02 17:00:00,23709.6,0.0,3.22,0.0,0.200179012,0.0,0.0
2018-12-02 18:00:00,25343.2,0.0,2.01,3.174652397552394,0.201129346,0.0,0.0
2018-12-02 19:00:00,25400.0,0.0,1.03,0.0,0.201899038,0.0,0.0
2018-12-02 20:00:00,25197.6,0.0,0.75,0.0,0.20211895,0.0,0.0
2018-12-02 21:00:00,24922.4,0.0,0.46,0.0,0.202346716,0.0,0.0
2018-12-02 22:00:00,24344.0,0.0,0.3,0.0,0.20247238,0.0,0.0
2018-12-02 23:00:00,23288.800000000003,0.0,0.47,0.0,0.2023388619999999,0.0,0.0
2018-12-03 00:00:00,22021.6,0.0,0.28,0.5842993930448732,0.202488088,0.0,0.0
2018-12-03 01:00:00,21011.2,0.0,-0.07,8.232826869175438,0.202762978,0.0,0.0
2018-12-03 02:00:00,20360.800000000003,0.0,-0.45,0.0,0.20306143,0.0,0.0
2018-12-03 03:00:00,19998.4,0.0,-0.53,0.0,0.2031242619999999,0.0,0.0
2018-12-03 04:00:00,19815.2,0.0,-0.7,0.0,0.20325778,0.0,0.0
2018-12-03 05:00:00,19884.800000000003,0.93,-0.37,0.0,0.202958019,0.0,0.0
2018-12-03 06:00:00,20300.800000000003,125.76,1.14,0.0,0.196325316,126.3955797637752,92.69009182676848
2018-12-03 07:00:00,21052.800000000003,336.13,4.32,0.0,0.1846485996666666,135.6565890632762,99.48149864640251
2018-12-03 08:00:00,21827.2,472.68,6.84,0.0,0.17671126,141.95502220248062,104.10034961515244
2018-12-03 09:00:00,22596.800000000003,384.31,8.32,0.0,0.1794047456666666,145.29087918138856,106.54664473301828
2018-12-03 10:00:00,22851.2,339.58,9.61,0.0,0.1803432986666666,145.66415999999998,106.82038399999998
2018-12-03 11:00:00,22684.800000000003,286.99,10.16,0.0,0.1822060056666666,143.07486465831488,104.9215674160976
2018-12-03 12:00:00,22419.2,190.64,10.17,0.0,0.1864022233333333,137.52299315633329,100.85019498131106
2018-12-03 13:00:00,22118.4,146.25,9.91,0.0,0.188543311,129.0085454940552,94.60626669564046
2018-12-03 14:00:00,21870.4,4.37,8.78,0.0655480404650723,0.1956215103333333,117.53152167148052,86.18978255908571
2018-12-03 15:00:00,21788.800000000003,0.0,7.2,3.834698166552974,0.19705312,0.0,0.0
2018-12-03 16:00:00,22002.4,0.0,6.08,32.81386771083605,0.197932768,0.0,0.0
2018-12-03 17:00:00,23453.6,0.0,4.97,56.0042391247515,0.198804562,0.0,0.0
2018-12-03 18:00:00,25705.6,0.0,4.06,31.90640230555613,0.199519276,0.0,0.0
2018-12-03 19:00:00,26100.800000000003,0.0,3.18,20.50680002699525,0.2002104279999999,0.0,0.0
2018-12-03 20:00:00,26108.800000000003,0.0,3.02,59.16637225384376,0.200336092,0.0,0.0
2018-12-03 21:00:00,25812.0,0.0,2.71,38.17045757461894,0.200579566,0.0,0.0
2018-12-03 22:00:00,24924.0,0.0,2.46,16.287010427923125,0.200775916,0.0,0.0
2018-12-03 23:00:00,23577.6,0.0,2.24,3.0469578670988007,0.2009487039999999,0.0,0.0
2018-12-04 00:00:00,22187.2,0.0,2.05,37.8535914481467,0.20109793,0.0,0.0
2018-12-04 01:00:00,21177.6,0.0,1.68,49.34688338353574,0.2013885279999999,0.0,0.0
2018-12-04 02:00:00,20826.4,0.0,1.25,76.89362457119738,0.20172625,0.0,0.0
2018-12-04 03:00:00,20826.4,0.0,0.98,61.92113638450791,0.201938308,0.0,0.0
2018-12-04 04:00:00,21112.0,0.0,0.65,76.49394749859592,0.2021974899999999,0.0,0.0
2018-12-04 05:00:00,22030.4,2.78,0.64,36.599307472367386,0.2020840433333333,103.53439969266532,75.92522644128792
2018-12-04 06:00:00,23985.6,229.28,1.63,52.80576179766538,0.1914235473333333,119.88693417658412,87.91708506282835
2018-12-04 07:00:00,26839.2,337.97,4.75,32.576457541569035,0.1842305923333333,132.276177449277,97.0025301294698
2018-12-04 08:00:00,28060.800000000003,208.0,7.18,56.38430148342614,0.1879930946666666,140.70212951074396,103.18156164121224
2018-12-04 09:00:00,27739.2,56.55,9.08,68.53787160490056,0.193109103,145.16479036098494,106.45417959805562
2018-12-04 10:00:00,26689.6,114.03,10.34,51.4798713870965,0.1896114549999999,145.66415999999998,106.82038399999998
2018-12-04 11:00:00,25787.2,128.36,11.16,53.94753090098629,0.1883421613333333,142.2002384277891,104.28017484704532
2018-12-04 12:00:00,25190.4,56.55,11.21,72.41751775822979,0.191436201,134.7730256443523,98.83355213919164
2018-12-04 13:00:00,24685.6,74.75,10.73,118.27704017487194,0.1910190663333333,123.38252164968952,90.480515876439
2018-12-04 14:00:00,24463.2,0.88,9.28,178.78534132292253,0.1953810906666666,0.0,0.0
2018-12-04 15:00:00,24444.0,0.0,7.67,0.0,0.1966839819999999,0.0,0.0
2018-12-04 16:00:00,24809.6,0.0,6.68,73.44622343173434,0.197461528,0.0,0.0
2018-12-04 17:00:00,26353.6,0.0,5.69,29.12865028781864,0.198239074,0.0,0.0
2018-12-04 18:00:00,28327.2,0.0,5.11,44.59750408518528,0.198694606,0.0,0.0
2018-12-04 19:00:00,28344.0,0.0,4.5,28.435619287546903,0.1991736999999999,0.0,0.0
2018-12-04 20:00:00,27998.4,0.0,4.16,18.49482650423808,0.1994407359999999,0.0,0.0
2018-12-04 21:00:00,27277.6,0.0,4.14,0.0,0.1994564439999999,0.0,0.0
2018-12-04 22:00:00,25916.0,0.0,4.21,0.0,0.1994014659999999,0.0,0.0
2018-12-04 23:00:00,23908.0,0.0,4.15,0.0,0.19944859,0.0,0.0
2018-12-05 00:00:00,21995.2,0.0,3.88,0.0,0.199660648,0.0,0.0
2018-12-05 01:00:00,20582.4,0.0,3.91,0.0,0.199637086,0.0,0.0
2018-12-05 02:00:00,19880.800000000003,0.0,4.1,0.0,0.19948786,0.0,0.0
2018-12-05 03:00:00,19544.0,0.0,4.3,0.0,0.1993307799999999,0.0,0.0
2018-12-05 04:00:00,19484.8,0.0,4.49,0.0,0.1991815539999999,0.0,0.0
2018-12-05 05:00:00,19976.0,1.86,4.5,0.0,0.1990925419999999,66.70308775832032,48.9155976894349
2018-12-05 06:00:00,21547.2,130.84,4.86,0.0,0.1931819706666666,97.35158058856491,71.39115909828092
2018-12-05 07:00:00,24131.2,109.86,5.71,0.0,0.1934298079999999,120.57193422785524,88.4194184337605
2018-12-05 08:00:00,25399.2,320.84,7.48,0.0,0.1828338893333333,136.36414867619118,100.00037569587352
2018-12-05 09:00:00,25290.4,451.73,8.8,0.0,0.1760859943333333,144.72822393357276,106.13403088462005
2018-12-05 10:00:00,25140.800000000003,408.42,9.74,0.0,0.177237478,145.66415999999998,106.82038399999998
2018-12-05 11:00:00,25005.6,218.16,10.12,0.0,0.185240704,139.1719568754729,102.05943504201343
2018-12-05 12:00:00,24892.0,175.65,9.52,0.0,0.187566797,125.2516145599914,91.85118401066036
2018-12-05 13:00:00,24559.2,74.81,9.49,0.0,0.1919903443333333,103.90313305355564,76.19563090594079
2018-12-05 14:00:00,24643.2,4.37,8.53,178.78534132292253,0.1958178603333333,75.12651235616542,55.09277572785463
2018-12-05 15:00:00,24626.4,0.0,7.35,163.3751346716015,0.1969353099999999,0.0,0.0
2018-12-05 16:00:00,24822.4,0.0,6.42,175.3418073612978,0.197665732,0.0,0.0
2018-12-05 17:00:00,26089.6,0.0,5.15,172.17654048464684,0.19866319,0.0,0.0
2018-12-05 18:00:00,27312.0,0.0,4.58,175.09770236770055,0.199110868,0.0,0.0
2018-12-05 19:00:00,27076.800000000003,0.0,3.92,166.2183347343424,0.199629232,0.0,0.0
2018-12-05 20:00:00,26561.6,0.0,3.66,174.71401528747842,0.1998334359999999,0.0,0.0
2018-12-05 21:00:00,25786.4,0.0,3.47,176.15237510995186,0.1999826619999999,0.0,0.0
2018-12-05 22:00:00,24445.6,0.0,3.43,178.4868533832944,0.2000140779999999,0.0,0.0
2018-12-05 23:00:00,22420.0,0.0,3.47,178.84556746556214,0.1999826619999999,0.0,0.0
2018-12-06 00:00:00,20492.800000000003,0.0,3.49,178.8105082859096,0.199966954,0.0,0.0
2018-12-06 01:00:00,19197.6,0.0,3.51,178.40904915957037,0.199951246,0.0,0.0
2018-12-06 02:00:00,18612.8,0.0,3.57,178.81334502451222,0.1999041219999999,0.0,0.0
2018-12-06 03:00:00,18398.4,0.0,3.88,178.830814000266,0.199660648,0.0,0.0
2018-12-06 04:00:00,18508.0,0.0,3.89,178.79084508072415,0.1996527939999999,0.0,0.0
2018-12-06 05:00:00,19180.8,0.93,4.16,178.7934757314798,0.199400157,0.0,0.0
2018-12-06 06:00:00,21064.800000000003,21.33,4.58,178.79496683766808,0.198180169,111.15432877774568,81.5131744370135
2018-12-06 07:00:00,24094.4,83.44,4.98,178.79780357627064,0.1951559426666666,127.74070223938084,93.67651497554594
2018-12-06 08:00:00,25852.0,77.88,5.01,119.6543616261313,0.1953749819999999,139.0211319303016,101.94883008222116
2018-12-06 09:00:00,25996.800000000003,85.29,4.92,113.5681025858302,0.1951223449999999,144.99561785050798,106.33011975703916
2018-12-06 10:00:00,25987.2,144.97,4.56,133.4486819588407,0.1928010516666666,145.66415999999998,106.82038399999998
2018-12-06 11:00:00,25712.0,117.75,4.02,168.8509493856916,0.194412867,141.02675837877763,103.4196228111036
2018-12-06 12:00:00,25155.2,143.24,3.06,151.2347299267186,0.1940546373333333,131.08341298684093,96.12783619035
2018-12-06 13:00:00,24628.0,25.03,2.08,162.99776357775545,0.1999822256666666,115.83412382418986,84.94502413773921
2018-12-06 14:00:00,24657.6,0.88,1.54,148.20766313583482,0.2014600866666666,0.0,0.0
2018-12-06 15:00:00,25140.0,0.0,1.29,171.3389146139378,0.201694834,0.0,0.0
2018-12-06 16:00:00,25677.6,0.0,1.19,153.98388119425005,0.201773374,0.0,0.0
2018-12-06 17:00:00,27333.6,0.0,1.03,151.62104765769587,0.201899038,0.0,0.0
2018-12-06 18:00:00,29065.6,0.0,0.93,173.51042589140613,0.2019775779999999,0.0,0.0
2018-12-06 19:00:00,29064.0,0.0,1.15,176.25948017642122,0.2018047899999999,0.0,0.0
2018-12-06 20:00:00,28739.2,0.0,1.13,144.34528593181912,0.201820498,0.0,0.0
2018-12-06 21:00:00,28164.0,0.0,1.01,94.66759821579248,0.2019147459999999,0.0,0.0
2018-12-06 22:00:00,26981.6,0.0,0.85,138.0269356071306,0.20204041,0.0,0.0
2018-12-06 23:00:00,25019.2,0.0,0.67,114.27260783006496,0.202181782,0.0,0.0
2018-12-07 00:00:00,23130.4,0.0,0.53,133.48151054061768,0.202291738,0.0,0.0
2018-12-07 01:00:00,21880.0,0.0,0.4,141.80682918100948,0.20239384,0.0,0.0
2018-12-07 02:00:00,21303.2,0.0,0.29,131.46263762103513,0.2024802339999999,0.0,0.0
2018-12-07 03:00:00,21027.2,0.0,0.25,111.2284478706784,0.20251165,0.0,0.0
2018-12-07 04:00:00,21053.6,0.0,0.32,102.55470741756392,0.202456672,0.0,0.0
2018-12-07 05:00:00,21733.6,0.93,0.28,109.645838677982,0.202447509,0.0,0.0
2018-12-07 06:00:00,23534.4,160.52,0.55,132.2581124655854,0.1952720073333333,129.5882189394385,95.03136055558822
2018-12-07 07:00:00,26436.0,189.1,0.92,63.76795625871767,0.1937343686666666,137.3147580946274,100.6974892693934
2018-12-07 08:00:00,27659.2,189.87,1.69,41.94305321414414,0.193096013,142.5695946564506,104.55103608139709
2018-12-07 09:00:00,27161.6,251.34,2.95,68.61106309769188,0.189424268,145.35272862490814,106.59200099159928
2018-12-07 10:00:00,26324.0,189.78,3.67,37.3066373323902,0.1915448479999999,145.66415999999998,106.82038399999998
2018-12-07 11:00:00,25781.6,233.92,3.86,46.22354326097479,0.1894696466666666,143.50388878172618,105.23618510659918
2018-12-07 12:00:00,25318.4,200.57,3.96,38.15543437669904,0.1908462783333333,138.8719149700867,101.8394043113969
2018-12-07 13:00:00,24935.2,75.87,3.74,41.64257713293131,0.196460143,131.76823856508156,96.63004161439314
2018-12-07 14:00:00,24870.4,0.88,3.33,12.93110774655974,0.2000542206666666,0.0,0.0
2018-12-07 15:00:00,24971.2,0.0,2.52,25.10356218238564,0.2007287919999999,0.0,0.0
2018-12-07 16:00:00,25464.0,0.0,1.97,17.31319152529927,0.201160762,0.0,0.0
2018-12-07 17:00:00,27028.0,0.0,1.27,2.6932198213622,0.201710542,0.0,0.0
2018-12-07 18:00:00,29085.6,0.0,0.27,0.0,0.202495942,0.0,0.0
2018-12-07 19:00:00,29175.2,0.0,-1.06,0.0,0.203540524,0.0,0.0
2018-12-07 20:00:00,28879.2,0.0,-2.05,0.0,0.20431807,0.0,0.0
2018-12-07 21:00:00,28353.6,0.0,-2.28,0.0,0.204498712,0.0,0.0
2018-12-07 22:00:00,27184.800000000003,0.0,-2.49,0.0,0.2046636459999999,0.0,0.0
2018-12-07 23:00:00,25299.2,0.0,-2.28,0.0,0.204498712,0.0,0.0
2018-12-08 00:00:00,23448.800000000003,0.0,-2.35,0.0,0.2045536899999999,0.0,0.0
2018-12-08 01:00:00,22194.4,0.0,-2.66,0.0,0.204797164,0.0,0.0
2018-12-08 02:00:00,21599.2,0.0,-2.88,0.0,0.2049699519999999,0.0,0.0
2018-12-08 03:00:00,21366.4,0.0,-3.04,0.0,0.2050956159999999,0.0,0.0
2018-12-08 04:00:00,21497.6,0.0,-3.4,0.0,0.2053783599999999,0.0,0.0
2018-12-08 05:00:00,22170.4,0.0,-3.33,1.3450926646737051,0.2053233819999999,0.0,0.0
2018-12-08 06:00:00,23937.6,410.97,-2.6,0.0,0.186818049,129.47472589085777,94.94813231996235
2018-12-08 07:00:00,26756.800000000003,642.48,-0.88,0.0,0.1753656079999999,137.25581292479274,100.65426281151468
2018-12-08 08:00:00,28134.4,820.79,0.62,14.648527183007326,0.1664072483333333,142.54774762096145,104.5350149220384
2018-12-08 09:00:00,28109.6,887.23,1.85,10.339452297164993,0.1625422076666666,145.35052997936384,106.59038865153347
2018-12-08 10:00:00,27853.6,929.74,2.78,25.487669015061236,0.1599569326666666,145.66415999999998,106.82038399999998
2018-12-08 11:00:00,27560.800000000003,775.45,3.51,39.76519867396725,0.1661157776666667,143.48863768286986,105.22500096743788
2018-12-08 12:00:00,27094.4,606.13,3.85,50.18377582396504,0.1732367376666666,138.82396302797343,101.80423955384718
2018-12-08 13:00:00,26897.6,386.13,3.73,98.19439772909182,0.1829303189999999,131.67013603531078,96.5580997592279
2018-12-08 14:00:00,27009.6,5.25,3.01,158.62980439330772,0.200114871,122.0271567048818,89.48658158357999
2018-12-08 15:00:00,27104.0,0.0,1.85,178.89636205848888,0.2012550099999999,0.0,0.0
2018-12-08 16:00:00,27484.0,0.0,-0.07,178.8097203029647,0.202762978,0.0,0.0
2018-12-08 17:00:00,28889.6,0.0,-1.39,178.88354824351927,0.203799706,0.0,0.0
2018-12-08 18:00:00,30026.4,0.0,-2.21,178.8805781539565,0.204443734,0.0,0.0
2018-12-08 19:00:00,29631.2,0.0,-2.78,178.88534242007137,0.204891412,0.0,0.0
2018-12-08 20:00:00,29040.800000000003,0.0,-3.17,178.86542463578027,0.2051977179999999,0.0,0.0
2018-12-08 21:00:00,28375.2,0.0,-3.22,124.76615246518423,0.2052369879999999,0.0,0.0
2018-12-08 22:00:00,27350.4,0.0,-3.12,178.86999493686247,0.205158448,0.0,0.0
2018-12-08 23:00:00,25829.6,0.0,-2.92,178.8699464456043,0.205001368,0.0,0.0
2018-12-09 00:00:00,24165.6,0.0,-2.84,174.57662743028567,0.204938536,0.0,0.0
2018-12-09 01:00:00,22796.800000000003,0.0,-2.6,178.85976328138986,0.20475004,0.0,0.0
2018-12-09 02:00:00,22069.6,0.0,-2.69,178.86354559952665,0.204820726,0.0,0.0
2018-12-09 03:00:00,21579.2,0.0,-2.84,178.86364258204298,0.204938536,0.0,0.0
2018-12-09 04:00:00,21479.2,0.0,-3.04,178.8706374460329,0.2050956159999999,0.0,0.0
2018-12-09 05:00:00,21686.4,0.0,-2.83,178.84988318753872,0.2049306819999999,0.0,0.0
2018-12-09 06:00:00,22351.2,117.82,-1.63,178.85376248819182,0.1988473226666666,119.92791673809512,87.94713894126974
2018-12-09 07:00:00,23392.800000000003,364.25,2.08,178.8287894902374,0.1851809263333333,132.2974626652328,97.0181392878374
2018-12-09 08:00:00,24540.800000000003,766.14,4.58,178.8328506331089,0.165681626,140.71001851792954,103.18734691314832
2018-12-09 09:00:00,25775.2,555.24,6.37,178.84949525747342,0.17347803,145.16558429618527,106.45476181720252
2018-12-09 10:00:00,26894.4,253.94,7.74,174.60875288881928,0.1855487553333333,145.66415999999998,106.82038399999998
2018-12-09 11:00:00,27687.2,235.71,8.53,178.55111642317644,0.185723725,142.20574562937375,104.28421346154072
2018-12-09 12:00:00,28030.4,216.48,8.87,177.0349402541646,0.186295758,134.7903411843065,98.84625020182476
2018-12-09 13:00:00,27988.0,440.21,8.58,178.83668144250385,0.1767614383333333,123.41794666479834,90.5064942208521
2018-12-09 14:00:00,27848.800000000003,6.99,7.09,178.84194274401463,0.196834517,108.08856207084912,79.26494551862268
2018-12-09 15:00:00,27744.800000000003,0.0,5.1,178.8741166938064,0.19870246,0.0,0.0
2018-12-09 16:00:00,27836.800000000003,0.0,3.77,178.87174062215638,0.1997470419999999,0.0,0.0
2018-12-09 17:00:00,28920.800000000003,0.0,3.18,177.23137834098674,0.2002104279999999,0.0,0.0
2018-12-09 18:00:00,30191.2,0.0,3.45,175.85211723940077,0.1999983699999999,0.0,0.0
2018-12-09 19:00:00,29951.2,0.0,3.15,166.6395661711977,0.20023399,0.0,0.0
2018-12-09 20:00:00,29382.4,0.0,3.51,178.24245744214818,0.199951246,0.0,0.0
2018-12-09 21:00:00,28726.4,0.0,3.77,172.79191879637625,0.1997470419999999,0.0,0.0
2018-12-09 22:00:00,27788.0,0.0,3.59,177.26911666265255,0.199888414,0.0,0.0
2018-12-09 23:00:00,26375.2,0.0,3.68,172.67334554735115,0.1998177279999999,0.0,0.0
2018-12-10 00:00:00,24920.800000000003,0.0,3.86,161.0267515299802,0.1996763559999999,0.0,0.0
2018-12-10 01:00:00,23703.2,0.0,4.06,128.00083457789688,0.199519276,0.0,0.0
2018-12-10 02:00:00,23050.4,0.0,4.18,129.70345963454903,0.199425028,0.0,0.0
2018-12-10 03:00:00,22649.6,0.0,4.31,158.5493089047556,0.1993229259999999,0.0,0.0
2018-12-10 04:00:00,22576.0,0.0,4.4,158.65448644371318,0.19925224,0.0,0.0
2018-12-10 05:00:00,22730.4,0.0,4.36,176.11181217249774,0.199283656,0.0,0.0
2018-12-10 06:00:00,23230.4,28.74,4.07,132.05421884782035,0.1982574,100.33100226103603,73.57606832475976
2018-12-10 07:00:00,24100.800000000003,195.36,5.31,178.19860922195366,0.190013318,122.11936394878568,89.55420022910948
2018-12-10 08:00:00,24835.2,321.2,6.95,143.28862504798306,0.1832344433333333,136.9376774678629,100.42096347643276
2018-12-10 09:00:00,25582.4,869.84,8.17,173.96264324222818,0.1583372633333333,144.78594281826764,106.1763580667296
2018-12-10 10:00:00,25846.4,359.92,8.77,109.87157760754944,0.1801155326666666,145.66415999999998,106.82038399999998
2018-12-10 11:00:00,25668.800000000003,546.18,9.13,68.67293188170191,0.171705644,139.57232901305994,102.35304127624394
2018-12-10 12:00:00,25409.6,98.97,9.11,127.7930737822935,0.191234615,126.51044985744748,92.77432989546146
2018-12-10 13:00:00,25222.4,67.88,8.72,34.754933375991186,0.1928974813333333,106.47852253316262,78.0842498576526
2018-12-10 14:00:00,25072.800000000003,0.88,7.56,16.61867548024629,0.1967319786666666,0.0,0.0
2018-12-10 15:00:00,25118.4,0.0,6.59,28.310742174960225,0.1975322139999999,0.0,0.0
2018-12-10 16:00:00,25488.800000000003,0.0,5.99,22.65348681098727,0.198003454,0.0,0.0
2018-12-10 17:00:00,27072.0,0.0,6.17,9.859873753923656,0.197862082,0.0,0.0
2018-12-10 18:00:00,29088.0,0.0,6.38,16.16814016994153,0.197697148,0.0,0.0
2018-12-10 19:00:00,29264.800000000003,0.0,6.82,37.70138648088102,0.197351572,0.0,0.0
2018-12-10 20:00:00,29056.800000000003,0.0,6.53,15.232739253903704,0.1975793379999999,0.0,0.0
2018-12-10 21:00:00,28662.4,0.0,6.17,106.00547869946986,0.197862082,0.0,0.0
2018-12-10 22:00:00,27431.2,0.0,5.95,146.54337041876127,0.19803487,0.0,0.0
2018-12-10 23:00:00,25666.4,0.0,5.88,176.73110615332368,0.198089848,0.0,0.0
2018-12-11 00:00:00,23915.2,0.0,5.82,137.85731318607316,0.198136972,0.0,0.0
2018-12-11 01:00:00,22756.0,0.0,4.92,84.60932323676697,0.198843832,0.0,0.0
2018-12-11 02:00:00,22115.2,0.0,4.11,122.5358940284503,0.199480006,0.0,0.0
2018-12-11 03:00:00,21905.6,0.0,3.8,94.03782406179548,0.1997234799999999,0.0,0.0
2018-12-11 04:00:00,22003.2,0.0,3.18,78.96175854766786,0.2002104279999999,0.0,0.0
2018-12-11 05:00:00,22808.0,0.0,2.57,116.83361301592032,0.2006895219999999,0.0,0.0
2018-12-11 06:00:00,24553.6,166.54,2.1,121.99034312847692,0.1937919646666666,126.47310261846432,92.74694192020716
2018-12-11 07:00:00,27440.800000000003,189.26,2.23,59.99000233516536,0.1926985133333333,135.69685230312092,99.51102502228864
2018-12-11 08:00:00,28816.800000000003,356.1,2.54,43.68238615322639,0.185175254,141.96994509492907,104.11129306961465
2018-12-11 09:00:00,28611.2,165.35,2.88,34.60589549402433,0.1932312763333333,145.29238099388874,106.54774606218508
2018-12-11 10:00:00,27895.2,330.84,3.53,50.6911519809491,0.185499886,145.66415999999998,106.82038399999998
2018-12-11 11:00:00,27129.6,79.74,3.6,41.365604158409816,0.1964012379999999,143.0852821132628,104.92920688305936
2018-12-11 12:00:00,26527.2,355.46,3.7,1.4500073848004127,0.1842921153333333,137.55574733367712,100.8742147113632
2018-12-11 13:00:00,26108.0,154.7,3.33,1.0910351244667655,0.1933425413333333,129.07555566124304,94.65540748491156
2018-12-11 14:00:00,25913.6,0.88,2.76,0.0,0.2005018986666666,0.0,0.0
2018-12-11 15:00:00,25905.6,0.0,1.57,0.0,0.201474922,0.0,0.0
2018-12-11 16:00:00,26399.2,0.0,0.39,0.0,0.202401694,0.0,0.0
2018-12-11 17:00:00,27954.4,0.0,0.82,0.0,0.202063972,0.0,0.0
2018-12-11 18:00:00,30272.800000000003,0.0,0.25,0.0,0.20251165,0.0,0.0
2018-12-11 19:00:00,30334.4,0.0,-0.9,0.0,0.2034148599999999,0.0,0.0
2018-12-11 20:00:00,30008.800000000003,0.0,-1.21,0.6805661424126404,0.2036583339999999,0.0,0.0
2018-12-11 21:00:00,29358.4,0.0,-1.44,0.0,0.2038389759999999,0.0,0.0
2018-12-11 22:00:00,28074.4,0.0,-1.58,3.106612911522141,0.203948932,0.0,0.0
2018-12-11 23:00:00,26006.4,0.0,-1.31,31.72158696717521,0.203736874,0.0,0.0
2018-12-12 00:00:00,24050.4,0.0,-0.84,38.27783540441573,0.203367736,0.0,0.0
2018-12-12 01:00:00,22719.2,0.0,-1.26,33.10491527303962,0.2036976039999999,0.0,0.0
2018-12-12 02:00:00,21938.4,0.0,-1.25,40.33766525292523,0.20368975,0.0,0.0
2018-12-12 03:00:00,21611.2,0.0,-1.4,31.95204470230294,0.20380756,0.0,0.0
2018-12-12 04:00:00,21524.800000000003,0.0,-1.41,12.985872561248614,0.203815414,0.0,0.0
2018-12-12 05:00:00,22057.6,0.0,-1.42,4.680683854402149,0.2038232679999999,0.0,0.0
2018-12-12 06:00:00,23738.4,79.2,-1.19,19.46345302422907,0.200186866,127.80168317616608,93.72123432918843
2018-12-12 07:00:00,26429.6,157.0,-0.03,6.810060774581441,0.1958811286666666,136.3868805259246,100.01704571901136
2018-12-12 08:00:00,27700.0,162.2,0.94,18.813115546067056,0.1948923973333333,142.2256924464831,104.29884112742091
2018-12-12 09:00:00,27582.4,114.03,2.02,17.005979705257086,0.196145983,145.31811893784155,106.56662055441711
2018-12-12 10:00:00,27372.0,89.01,2.75,8.327573483896431,0.196664347,145.66415999999998,106.82038399999998
2018-12-12 11:00:00,27162.4,193.46,3.23,3.642221967058041,0.1917298533333333,143.2638156329584,105.06013146416949
2018-12-12 12:00:00,26948.0,109.95,3.44,4.2668162697043135,0.195208739,138.11708583671677,101.28586294692562
2018-12-12 13:00:00,26656.800000000003,84.74,2.99,3.234993138673212,0.1966621653333333,130.22397061127515,95.49757844826844
2018-12-12 14:00:00,26633.6,6.12,2.41,0.0,0.2005481499999999,119.58446995663346,87.69527796819784
2018-12-12 15:00:00,26617.6,0.0,1.12,5.892241728007623,0.201828352,0.0,0.0
2018-12-12 16:00:00,27075.2,0.0,0.08,14.322303759061253,0.202645168,0.0,0.0
2018-12-12 17:00:00,28678.4,0.0,-0.78,13.617534843610269,0.2033206119999999,0.0,0.0
2018-12-12 18:00:00,30539.2,0.0,-0.96,4.594937671801951,0.203461984,0.0,0.0
2018-12-12 19:00:00,30826.4,0.0,-1.32,1.0186013075843847,0.203744728,0.0,0.0
2018-12-12 20:00:00,30964.0,0.0,-1.95,12.825824132974915,0.2042395299999999,0.0,0.0
2018-12-12 21:00:00,30829.6,0.0,-2.75,18.891477419259974,0.20486785,0.0,0.0
2018-12-12 22:00:00,30124.0,0.0,-3.5,18.60646095729057,0.2054569,0.0,0.0
2018-12-12 23:00:00,28616.800000000003,0.0,-4.09,18.94753179834568,0.205920286,0.0,0.0
2018-12-13 00:00:00,27166.4,0.0,-4.42,18.56764067442667,0.206179468,0.0,0.0
2018-12-13 01:00:00,26157.6,0.0,-4.69,18.89094553077204,0.206391526,0.0,0.0
2018-12-13 02:00:00,25761.6,0.0,-4.87,33.60379030632658,0.206532898,0.0,0.0
2018-12-13 03:00:00,25751.2,0.0,-4.88,42.33780236263497,0.2065407519999999,0.0,0.0
2018-12-13 04:00:00,26028.800000000003,0.0,-5.07,61.79416808641279,0.206689978,0.0,0.0
2018-12-13 05:00:00,26849.6,0.0,-5.19,104.00294733388807,0.206784226,0.0,0.0
2018-12-13 06:00:00,28855.2,48.21,-5.04,96.1897751780018,0.204562853,98.7417188420072,72.41059381747192
2018-12-13 07:00:00,31807.2,89.01,-4.18,109.7776257948568,0.202107169,121.29393382578216,88.94888480557357
2018-12-13 08:00:00,32928.0,122.38,-3.07,109.16796945159072,0.1997793306666666,136.63174568003927,100.19661349869546
2018-12-13 09:00:00,32359.2,215.37,-1.93,128.87168908326302,0.1948265109999999,144.75515440477858,106.1537798968376
2018-12-13 10:00:00,31449.6,342.63,-0.98,96.79323070163058,0.188527603,145.66415999999998,106.82038399999998
2018-12-13 11:00:00,30875.2,431.34,-0.16,124.29120483709757,0.184012862,139.35876246570362,102.19642580818264
2018-12-13 12:00:00,30204.800000000003,401.35,0.29,159.26399731320478,0.1849679956666666,125.8389618018894,92.28190532138557
2018-12-13 13:00:00,29557.6,259.42,0.33,178.32184975457733,0.1911294586666666,105.10475800855744,77.07682253960877
2018-12-13 14:00:00,29341.6,6.99,-0.27,178.74551787715563,0.2026150609999999,77.1561510857075,56.58117746285217
2018-12-13 15:00:00,29155.2,0.0,-1.59,178.88693050877598,0.203956786,0.0,0.0
2018-12-13 16:00:00,29645.6,0.0,-2.44,178.86895237481193,0.204624376,0.0,0.0
2018-12-13 17:00:00,31512.800000000003,0.0,-2.28,175.27005242202998,0.204498712,0.0,0.0
2018-12-13 18:00:00,33614.4,0.0,-1.69,39.6037106614668,0.204035326,0.0,0.0
2018-12-13 19:00:00,33528.8,0.0,-1.42,0.0,0.2038232679999999,0.0,0.0
2018-12-13 20:00:00,32980.0,0.0,-1.39,89.93269355800395,0.203799706,0.0,0.0
2018-12-13 21:00:00,32313.6,0.0,-1.48,49.51115661267699,0.203870392,0.0,0.0
2018-12-13 22:00:00,30904.0,0.0,-1.55,93.35432159375286,0.20392537,0.0,0.0
2018-12-13 23:00:00,28830.4,0.0,-1.64,102.17896078086636,0.203996056,0.0,0.0
2018-12-14 00:00:00,26938.4,0.0,-1.59,48.2886465338096,0.203956786,0.0,0.0
2018-12-14 01:00:00,25535.2,0.0,-1.65,41.5588418221931,0.2040039099999999,0.0,0.0
2018-12-14 02:00:00,24736.800000000003,0.0,-1.53,66.18680325985832,0.2039096619999999,0.0,0.0
2018-12-14 03:00:00,24398.4,0.0,-1.37,62.10580321841048,0.203783998,0.0,0.0
2018-12-14 04:00:00,24332.800000000003,0.0,-1.26,25.088402602802116,0.2036976039999999,0.0,0.0
2018-12-14 05:00:00,24904.0,0.0,-1.09,30.84651978375605,0.203564086,0.0,0.0
2018-12-14 06:00:00,26436.0,37.08,-0.8,23.073142281952524,0.201718396,121.53900671106032,89.12860492144424
2018-12-14 07:00:00,28797.6,71.38,-0.12,50.62515840929131,0.1996877006666666,133.1342185129513,97.63176024283096
2018-12-14 08:00:00,30052.0,139.2,0.73,46.3107699423008,0.196060898,141.02014799507157,103.4147751963858
2018-12-14 09:00:00,29930.4,115.89,1.75,31.982921510938827,0.1962768829999999,145.19679515742112,106.4776497821088
2018-12-14 10:00:00,29536.0,38.01,2.12,45.453065660008,0.199384449,145.66415999999998,106.82038399999998
2018-12-14 11:00:00,29154.4,57.48,2.7,62.67366009713926,0.198079376,142.42224252280815,104.44297785005932
2018-12-14 12:00:00,28677.6,31.52,2.71,47.71595568278264,0.1992042433333333,135.47104272584562,99.34543133228678
2018-12-14 13:00:00,28129.6,36.16,4.24,83.16172582961326,0.1978001226666666,124.81056060911244,91.52774444668243
2018-12-14 14:00:00,27823.2,1.75,3.98,81.20636433541067,0.1995057496666666,110.44079617260849,80.9899171932462
2018-12-14 15:00:00,27868.0,0.0,3.42,71.010495411345,0.200021932,0.0,0.0
2018-12-14 16:00:00,28346.4,0.0,2.91,108.67135835391952,0.2004224859999999,0.0,0.0
2018-12-14 17:00:00,30170.4,0.0,2.88,111.3551191598169,0.200446048,0.0,0.0
2018-12-14 18:00:00,32452.800000000003,0.0,3.02,89.15305717065132,0.200336092,0.0,0.0
2018-12-14 19:00:00,32572.0,0.0,2.77,103.9590506224354,0.2005324419999999,0.0,0.0
2018-12-14 20:00:00,32300.800000000003,0.0,2.81,110.16831986188365,0.200501026,0.0,0.0
2018-12-14 21:00:00,31860.0,0.0,2.19,159.0361853823506,0.200987974,0.0,0.0
2018-12-14 22:00:00,30768.0,0.0,1.98,166.09196651556718,0.201152908,0.0,0.0
2018-12-14 23:00:00,28902.4,0.0,2.12,137.93179575861296,0.201042952,0.0,0.0
2018-12-15 00:00:00,27127.2,0.0,1.76,178.85926624599347,0.201325696,0.0,0.0
2018-12-15 01:00:00,25925.6,0.0,1.44,178.873328710861,0.201577024,0.0,0.0
2018-12-15 02:00:00,25348.0,0.0,0.94,178.85137429372753,0.201969724,0.0,0.0
2018-12-15 03:00:00,25200.0,0.0,1.2,178.8534109265704,0.2017655199999999,0.0,0.0
2018-12-15 04:00:00,25396.800000000003,0.0,1.19,178.85281690865764,0.201773374,0.0,0.0
2018-12-15 05:00:00,26146.4,0.0,1.55,178.86607926776549,0.20149063,0.0,0.0
2018-12-15 06:00:00,27909.6,46.35,2.57,178.850040784128,0.198667117,95.0235791672902,69.68395805601281
2018-12-15 07:00:00,30569.6,51.92,3.81,178.85952082509905,0.1974501833333333,119.36283427972305,87.53274513846355
2018-12-15 08:00:00,31902.4,123.81,5.11,178.86696423322724,0.193292363,135.91601612265228,99.67174515661166
2018-12-15 09:00:00,31899.2,268.22,5.78,178.8749167995661,0.1864650553333333,144.68312469607793,106.10095811045714
2018-12-15 10:00:00,31631.2,377.5,7.03,126.05272252678982,0.1807150546666666,145.66415999999998,106.82038399999998
2018-12-15 11:00:00,31458.4,529.43,8.26,125.35262998704798,0.1731198003333333,138.8591220344185,101.83002282524023
2018-12-15 12:00:00,31282.4,380.58,8.48,78.55210439869892,0.179441834,124.26801079933344,91.12987458617783
2018-12-15 13:00:00,30986.4,85.75,9.19,82.29475062490023,0.1917486156666666,101.89082629474484,74.71993928281289
2018-12-15 14:00:00,31008.0,0.88,8.07,104.65526386152412,0.1963314246666666,0.0,0.0
2018-12-15 15:00:00,31079.2,0.0,6.56,71.25742502073057,0.197555776,0.0,0.0
2018-12-15 16:00:00,31289.6,0.0,5.04,89.64101864014786,0.198749584,0.0,0.0
2018-12-15 17:00:00,32395.2,0.0,4.08,76.29056303904159,0.199503568,0.0,0.0
2018-12-15 18:00:00,33741.6,0.0,3.76,54.24992844830374,0.199754896,0.0,0.0
2018-12-15 19:00:00,33491.200000000004,0.0,3.23,57.4485573105715,0.200171158,0.0,0.0
2018-12-15 20:00:00,32948.0,0.0,3.12,54.86987099970823,0.200257552,0.0,0.0
2018-12-15 21:00:00,32308.0,0.0,3.0,105.10742059827376,0.2003517999999999,0.0,0.0
2018-12-15 22:00:00,31327.2,0.0,2.8,69.6470667055496,0.20050888,0.0,0.0
2018-12-15 23:00:00,29784.0,0.0,2.76,65.37146518368273,0.200540296,0.0,0.0
2018-12-16 00:00:00,28199.2,0.0,2.64,29.107198967488348,0.200634544,0.0,0.0
2018-12-16 01:00:00,26913.6,0.0,2.52,7.255645430498045,0.2007287919999999,0.0,0.0
2018-12-16 02:00:00,26124.0,0.0,2.38,0.5911950014909662,0.2008387479999999,0.0,0.0
2018-12-16 03:00:00,25652.0,0.0,2.45,0.0,0.2007837699999999,0.0,0.0
2018-12-16 04:00:00,25340.800000000003,0.0,2.43,22.7180392830662,0.2007994779999999,0.0,0.0
2018-12-16 05:00:00,25494.4,0.0,2.39,32.00014196899427,0.200830894,0.0,0.0
2018-12-16 06:00:00,26203.2,118.03,2.55,26.84855799121033,0.1955551876666666,100.71693956264173,73.85908901260393
2018-12-16 07:00:00,27327.2,93.51,3.91,18.935296847770203,0.195556933,122.31980917493084,89.70119339494929
2018-12-16 08:00:00,28242.4,111.25,5.67,131.9674316185217,0.1934005736666667,137.01196911858693,100.47544402029708
2018-12-16 09:00:00,28992.0,260.65,7.22,123.25544368553064,0.1856643836666666,144.79341939361,106.18184088864732
2018-12-16 10:00:00,29094.4,234.26,8.33,131.5352775257647,0.1859440733333333,145.66415999999998,106.82038399999998
2018-12-16 11:00:00,28380.0,163.09,8.75,82.12811041621985,0.1887195896666666,139.624190937757,102.39107335435511
2018-12-16 12:00:00,27511.2,473.7,8.64,51.62625437267863,0.1752530339999999,126.67351220688096,92.89390895171267
2018-12-16 13:00:00,26611.2,172.44,8.31,26.57026362990388,0.1886571939999999,106.81212380737192,78.32889079207274
2018-12-16 14:00:00,26109.6,6.12,7.5,50.4189402418382,0.1965504639999999,80.0400257392298,58.69601887543519
2018-12-16 15:00:00,25917.6,0.0,6.46,15.007761030948496,0.1976343159999999,0.0,0.0
2018-12-16 16:00:00,26073.6,0.0,5.92,14.665499123364702,0.198058432,0.0,0.0
2018-12-16 17:00:00,27283.2,0.0,5.16,8.424118063548969,0.1986553359999999,0.0,0.0
2018-12-16 18:00:00,28936.800000000003,0.0,4.52,0.0,0.1991579919999999,0.0,0.0
2018-12-16 19:00:00,28800.0,0.0,3.19,0.0,0.200202574,0.0,0.0
2018-12-16 20:00:00,28418.4,0.0,2.88,0.0,0.200446048,0.0,0.0
2018-12-16 21:00:00,27999.2,0.0,2.71,2.967450198512777,0.200579566,0.0,0.0
2018-12-16 22:00:00,27297.6,0.0,2.71,0.0,0.200579566,0.0,0.0
2018-12-16 23:00:00,26108.0,0.0,2.76,0.0,0.200540296,0.0,0.0
2018-12-17 00:00:00,24742.4,0.0,2.87,0.0,0.200453902,0.0,0.0
2018-12-17 01:00:00,23560.0,0.0,2.86,0.0,0.200461756,0.0,0.0
2018-12-17 02:00:00,22872.0,0.0,2.69,0.0,0.200595274,0.0,0.0
2018-12-17 03:00:00,22527.2,0.0,2.26,0.0,0.200932996,0.0,0.0
2018-12-17 04:00:00,22492.800000000003,0.0,1.83,0.0,0.201270718,0.0,0.0
2018-12-17 05:00:00,22740.0,0.0,1.94,0.0,0.201184324,0.0,0.0
2018-12-17 06:00:00,23350.4,103.91,2.12,0.6009522097804116,0.1965090123333333,119.5165729398324,87.64548682254375
2018-12-17 07:00:00,24305.6,216.05,4.46,4.774513302435502,0.1897781343333333,132.08382200307565,96.86146946892214
2018-12-17 08:00:00,25084.0,264.75,6.95,0.9842385268015414,0.185697545,140.63083620085135,103.12927988062432
2018-12-17 09:00:00,25712.800000000003,361.32,8.18,0.0,0.180517832,145.15761553315946,106.44891805765025
2018-12-17 10:00:00,25768.0,104.76,9.25,51.67889163341559,0.1908720219999999,145.66415999999998,106.82038399999998
2018-12-17 11:00:00,25287.2,101.05,9.67,0.0,0.1907040336666666,142.15046960137298,104.2436777076735
2018-12-17 12:00:00,24795.2,174.84,9.74,0.0,0.187429352,134.61654433727838,98.7187991806708
2018-12-17 13:00:00,24600.0,25.96,9.19,0.0,0.1943574526666666,123.06238420771626,90.24574841899192
2018-12-17 14:00:00,24526.4,0.88,7.41,0.0,0.1968497886666666,0.0,0.0
2018-12-17 15:00:00,24581.6,0.0,5.88,0.0,0.198089848,0.0,0.0
2018-12-17 16:00:00,24927.2,0.0,5.22,0.0,0.198608212,0.0,0.0
2018-12-17 17:00:00,26520.0,0.0,4.52,0.0,0.1991579919999999,0.0,0.0
2018-12-17 18:00:00,28276.800000000003,0.0,3.71,0.0,0.199794166,0.0,0.0
2018-12-17 19:00:00,28320.0,0.0,3.71,0.0,0.199794166,0.0,0.0
2018-12-17 20:00:00,28141.6,0.0,3.98,0.0,0.1995821079999999,0.0,0.0
2018-12-17 21:00:00,27775.2,0.0,4.31,0.0,0.1993229259999999,0.0,0.0
2018-12-17 22:00:00,26696.800000000003,0.0,3.96,0.0,0.199597816,0.0,0.0
2018-12-17 23:00:00,25022.4,0.0,3.77,0.0,0.1997470419999999,0.0,0.0
2018-12-18 00:00:00,23323.2,0.0,3.31,0.0,0.200108326,0.0,0.0
2018-12-18 01:00:00,22180.0,0.0,2.89,0.0,0.200438194,0.0,0.0
2018-12-18 02:00:00,21444.800000000003,0.0,2.82,0.0,0.200493172,0.0,0.0
2018-12-18 03:00:00,21151.2,0.0,1.64,3.178501580588136,0.201419944,0.0,0.0
2018-12-18 04:00:00,21255.2,0.0,1.14,0.0,0.201812644,0.0,0.0
2018-12-18 05:00:00,21959.2,0.0,0.5,10.32022551330299,0.2023153,0.0,0.0
2018-12-18 06:00:00,23748.0,113.0,0.97,26.335375006061398,0.1970155953333333,127.07879281803976,93.19111473322914
2018-12-18 07:00:00,26412.800000000003,191.77,3.96,95.61715403315868,0.1912302516666666,136.0114311440951,99.7417161723364
2018-12-18 08:00:00,27982.4,297.12,6.16,49.92144720940911,0.1849056,142.08653844977357,104.19679486316728
2018-12-18 09:00:00,27939.2,196.27,7.77,52.75893742650095,0.1880415276666666,145.30411473507522,106.55635080572182
2018-12-18 10:00:00,27259.2,112.18,8.65,51.67889163341559,0.1910195026666666,145.66415999999998,106.82038399999998
2018-12-18 11:00:00,26550.4,176.9,9.14,80.4942095952008,0.1878107073333333,143.16667424454792,104.9888944460018
2018-12-18 12:00:00,25872.800000000003,181.22,9.01,82.94816426725214,0.1877243133333333,137.811657468719,101.06188214372726
2018-12-18 13:00:00,25349.6,154.69,8.54,84.78619510091993,0.1892510436666666,129.59910967251326,95.03934709317636
2018-12-18 14:00:00,25155.2,4.37,7.61,44.14018909084849,0.1965404283333333,118.52903085593064,86.92128929434911
2018-12-18 15:00:00,25068.800000000003,0.0,6.62,69.25866385047125,0.1975086519999999,0.0,0.0
2018-12-18 16:00:00,25500.0,0.0,6.26,123.18955618850016,0.197791396,0.0,0.0
2018-12-18 17:00:00,27030.4,0.0,6.12,160.095319320353,0.1979013519999999,0.0,0.0
2018-12-18 18:00:00,28861.6,0.0,5.83,163.04578204615203,0.198129118,0.0,0.0
2018-12-18 19:00:00,28951.2,0.0,5.73,176.3235371284558,0.1982076579999999,0.0,0.0
2018-12-18 20:00:00,28527.2,0.0,5.72,177.17248570794663,0.1982155119999999,0.0,0.0
2018-12-18 21:00:00,27874.4,0.0,5.91,170.64234981322713,0.198066286,0.0,0.0
2018-12-18 22:00:00,26639.2,0.0,6.11,178.8164242194056,0.1979092059999999,0.0,0.0
2018-12-18 23:00:00,24688.800000000003,0.0,6.12,178.81984285310617,0.1979013519999999,0.0,0.0
2018-12-19 00:00:00,22668.800000000003,0.0,5.94,178.51183850406363,0.1980427239999999,0.0,0.0
2018-12-19 01:00:00,21226.4,0.0,5.69,178.78965704489912,0.198239074,0.0,0.0
2018-12-19 02:00:00,20572.800000000003,0.0,5.42,178.82640129577308,0.198451132,0.0,0.0
2018-12-19 03:00:00,20291.2,0.0,5.1,178.78111046064797,0.19870246,0.0,0.0
2018-12-19 04:00:00,20313.6,0.0,4.65,170.42804269777162,0.19905589,0.0,0.0
2018-12-19 05:00:00,20928.800000000003,0.0,4.02,119.83168203442204,0.1995506919999999,0.0,0.0
2018-12-19 06:00:00,22608.800000000003,314.45,3.92,107.39145584031152,0.1859087303333333,114.93304354125412,84.28423193025301
2018-12-19 07:00:00,25349.6,271.55,5.4,108.49047383815324,0.1866182083333333,129.70326282152288,95.11572606911676
2018-12-19 08:00:00,26816.800000000003,292.29,6.68,103.9137597873103,0.184707941,139.74852199140344,102.48224946036252
2018-12-19 09:00:00,26603.2,57.48,7.57,90.3072400360622,0.1942544779999999,145.06882105089582,106.38380210399026
2018-12-19 10:00:00,25956.800000000003,664.45,8.07,52.82497645871308,0.1673776536666666,145.66415999999998,106.82038399999998
2018-12-19 11:00:00,25244.800000000003,544.68,8.11,35.26924075218877,0.172572202,141.53453883871595,103.7919951483917
2018-12-19 12:00:00,24565.6,190.57,7.91,35.63696511636412,0.1881802816666666,132.67995756704377,97.29863554916544
2018-12-19 13:00:00,24098.4,124.58,7.46,23.500503316910404,0.1914130753333333,119.1004161849834,87.34030520232116
2018-12-19 14:00:00,23948.800000000003,2.62,6.23,22.973538206980173,0.1977006386666666,100.79591469253477,73.91700410785884
2018-12-19 15:00:00,23876.800000000003,0.0,5.08,18.994545588487423,0.198718168,0.0,0.0
2018-12-19 16:00:00,24189.6,0.0,4.02,15.429348575481246,0.1995506919999999,0.0,0.0
2018-12-19 17:00:00,25572.800000000003,0.0,3.26,13.162262543523608,0.2001475959999999,0.0,0.0
2018-12-19 18:00:00,27704.800000000003,0.0,2.54,3.1955678515961607,0.2007130839999999,0.0,0.0
2018-12-19 19:00:00,27788.800000000003,0.0,3.27,0.0,0.2001397419999999,0.0,0.0
2018-12-19 20:00:00,27468.0,0.0,2.97,0.0,0.200375362,0.0,0.0
2018-12-19 21:00:00,26988.0,0.0,2.52,0.0,0.2007287919999999,0.0,0.0
2018-12-19 22:00:00,25867.2,0.0,1.95,0.0,0.2011764699999999,0.0,0.0
2018-12-19 23:00:00,24015.2,0.0,1.02,0.0,0.2019068919999999,0.0,0.0
2018-12-20 00:00:00,22160.0,0.0,0.51,0.0,0.2023074459999999,0.0,0.0
2018-12-20 01:00:00,20844.0,0.0,0.18,0.0,0.202566628,0.0,0.0
2018-12-20 02:00:00,20084.0,0.0,0.15,0.0,0.2025901899999999,0.0,0.0
2018-12-20 03:00:00,19680.800000000003,0.0,0.0,0.0,0.202708,0.0,0.0
2018-12-20 04:00:00,19672.800000000003,0.0,-0.29,0.0,0.202935766,0.0,0.0
2018-12-20 05:00:00,20316.0,0.0,-0.65,0.0,0.20321851,0.0,0.0
2018-12-20 06:00:00,21996.0,250.82,-0.59,0.0,0.1922272733333333,132.2434370461667,96.97852050052224
2018-12-20 07:00:00,24869.6,191.17,1.24,0.0,0.1933927196666666,138.69380539493653,101.70879062295346
2018-12-20 08:00:00,26428.0,139.26,1.91,0.0,0.195131508,143.080715336832,104.9258579136768
2018-12-20 09:00:00,26476.0,148.77,2.45,0.0,0.1942924389999999,145.40416687185316,106.62972237269231
2018-12-20 10:00:00,26417.6,199.0,3.06,0.0,0.1916216426666666,145.66415999999998,106.82038399999998
2018-12-20 11:00:00,26326.4,247.39,3.67,0.0,0.1890311316666666,143.86069472127247,105.4978427955998
2018-12-20 12:00:00,26016.800000000003,185.84,4.49,0.0,0.1910727353333333,139.99377103567062,102.66209875949178
2018-12-20 13:00:00,25549.6,227.16,4.95,0.0,0.188908522,134.06338894319444,98.31315189167591
2018-12-20 14:00:00,25281.6,1.75,4.66,0.0,0.1989716776666666,126.06954844384389,92.4510021921522
2018-12-20 15:00:00,25187.2,0.0,3.66,0.0,0.1998334359999999,0.0,0.0
2018-12-20 16:00:00,25451.2,0.0,2.72,0.0,0.2005717119999999,0.0,0.0
2018-12-20 17:00:00,26853.6,0.0,1.6,0.0,0.20145136,0.0,0.0
2018-12-20 18:00:00,29151.2,0.0,0.47,0.0,0.2023388619999999,0.0,0.0
2018-12-20 19:00:00,29370.4,0.0,1.19,0.0,0.201773374,0.0,0.0
2018-12-20 20:00:00,29284.0,0.0,1.06,0.0,0.201875476,0.0,0.0
2018-12-20 21:00:00,29004.800000000003,0.0,1.05,0.0,0.20188333,0.0,0.0
2018-12-20 22:00:00,28014.4,0.0,1.2,0.0,0.2017655199999999,0.0,0.0
2018-12-20 23:00:00,26367.2,0.0,1.4,0.0,0.20160844,0.0,0.0
2018-12-21 00:00:00,24653.6,0.0,1.39,0.0,0.201616294,0.0,0.0
2018-12-21 01:00:00,23438.4,0.0,1.35,0.0,0.20164771,0.0,0.0
2018-12-21 02:00:00,22837.6,0.0,1.46,0.0,0.201561316,0.0,0.0
2018-12-21 03:00:00,22624.800000000003,0.0,0.85,0.0,0.20204041,0.0,0.0
2018-12-21 04:00:00,22781.6,0.0,-0.51,0.0,0.2031085539999999,0.0,0.0
2018-12-21 05:00:00,23520.800000000003,0.0,-1.03,21.106151977901508,0.203516962,0.0,0.0
2018-12-21 06:00:00,25292.800000000003,81.67,0.16,0.0,0.1990188016666667,130.29487058548082,95.54957176268591
2018-12-21 07:00:00,28050.4,144.81,2.74,0.0,0.1942374609999999,137.6817735357561,100.96663392622108
2018-12-21 08:00:00,29400.800000000003,180.43,4.81,0.0,0.1910574636666666,142.70562275493432,104.65079002028516
2018-12-21 09:00:00,28992.0,185.99,6.04,13.180789234845852,0.1898488203333333,145.36641824301563,106.60204004487812
2018-12-21 10:00:00,27815.2,84.37,6.72,24.42668937854522,0.1937487676666666,145.66415999999998,106.82038399999998
2018-12-21 11:00:00,26897.6,102.91,7.45,18.737422207425013,0.1923664636666666,143.59884802588738,105.30582188565074
2018-12-21 12:00:00,26105.6,57.48,7.75,33.25935386888451,0.1941131059999999,139.17048232067782,102.0583537018304
2018-12-21 13:00:00,25462.4,27.81,7.86,80.78752109301966,0.195321313,132.37906288437134,97.07797944853895
2018-12-21 14:00:00,25260.0,9.62,7.05,76.57458846092254,0.1967511773333333,123.22458971696784,90.3646991257764
2018-12-21 15:00:00,25251.2,0.0,5.72,15.499977608348832,0.1982155119999999,0.0,0.0
2018-12-21 16:00:00,25719.2,0.0,3.82,53.21114265450875,0.1997077719999999,0.0,0.0
2018-12-21 17:00:00,27340.0,0.0,2.11,93.22769879587251,0.201050806,0.0,0.0
2018-12-21 18:00:00,29693.6,0.0,1.14,40.50306287311517,0.201812644,0.0,0.0
2018-12-21 19:00:00,29915.2,0.0,0.75,70.35092337920678,0.20211895,0.0,0.0
2018-12-21 20:00:00,29740.800000000003,0.0,-0.18,44.391043461441456,0.202849372,0.0,0.0
2018-12-21 21:00:00,29349.6,0.0,-0.43,102.94340122019176,0.203045722,0.0,0.0
2018-12-21 22:00:00,28407.2,0.0,0.0,57.36419464418105,0.202708,0.0,0.0
2018-12-21 23:00:00,26743.2,0.0,0.22,76.44955981315398,0.202535212,0.0,0.0
2018-12-22 00:00:00,25034.4,0.0,0.56,141.47701588860747,0.202268176,0.0,0.0
2018-12-22 01:00:00,23600.800000000003,0.0,0.75,139.71971693837548,0.20211895,0.0,0.0
2018-12-22 02:00:00,22807.2,0.0,0.59,171.47681162934123,0.202244614,0.0,0.0
2018-12-22 03:00:00,22383.2,0.0,0.89,138.6258268910843,0.202008994,0.0,0.0
2018-12-22 04:00:00,22302.4,0.0,0.77,170.2711856004261,0.202103242,0.0,0.0
2018-12-22 05:00:00,22710.4,0.0,0.41,173.56391174916092,0.202385986,0.0,0.0
2018-12-22 06:00:00,24056.0,379.73,-0.55,176.1757600192012,0.1865710843333333,130.73093849148682,95.869354893757
2018-12-22 07:00:00,26318.4,602.86,1.72,162.23818438706076,0.1750523206666666,137.90825521988032,101.13272049457888
2018-12-22 08:00:00,27720.800000000003,782.49,4.28,178.85842977179038,0.165203841,142.7895643807637,104.71234721256002
2018-12-22 09:00:00,27921.6,731.99,5.56,160.41783467840136,0.1664020123333333,145.3748659741369,106.6082350477004
2018-12-22 10:00:00,27791.2,842.69,6.48,118.4833462327304,0.1608492343333333,145.66415999999998,106.82038399999998
2018-12-22 11:00:00,27480.0,839.42,7.09,175.83880638903477,0.1605128213333333,143.65744645835295,105.34879406945882
2018-12-22 12:00:00,26845.6,685.54,7.34,91.6559698292268,0.1670307686666666,139.35472534919575,102.1934652560769
2018-12-22 13:00:00,26044.800000000003,315.53,7.1,171.17009229864,0.1833640343333333,132.7559966725285,97.35439755985422
2018-12-22 14:00:00,25582.4,8.74,5.99,161.10277369996697,0.1976220986666666,123.86126042835106,90.83159098079076
2018-12-22 15:00:00,25306.4,0.0,4.23,178.87719588869982,0.1993857579999999,0.0,0.0
2018-12-22 16:00:00,25529.6,0.0,2.43,178.73801385495452,0.2007994779999999,0.0,0.0
2018-12-22 17:00:00,26726.4,0.0,1.7,178.81195090084023,0.2013728199999999,0.0,0.0
2018-12-22 18:00:00,28041.6,0.0,0.21,176.9322115237443,0.202543066,0.0,0.0
2018-12-22 19:00:00,27642.4,0.0,-1.03,166.85243067172308,0.203516962,0.0,0.0
2018-12-22 20:00:00,27029.6,0.0,-1.44,144.56496345411605,0.2038389759999999,0.0,0.0
2018-12-22 21:00:00,26352.0,0.0,-1.46,116.02503340885146,0.203854684,0.0,0.0
2018-12-22 22:00:00,25404.800000000003,0.0,-1.23,142.12724729214247,0.203674042,0.0,0.0
2018-12-22 23:00:00,23947.2,0.0,-0.96,173.79475438365037,0.203461984,0.0,0.0
2018-12-23 00:00:00,22288.800000000003,0.0,-1.04,178.136588902762,0.203524816,0.0,0.0
2018-12-23 01:00:00,20832.0,0.0,-1.51,177.49500106599496,0.203893954,0.0,0.0
2018-12-23 02:00:00,19901.6,0.0,-1.73,178.8566355952383,0.204066742,0.0,0.0
2018-12-23 03:00:00,19386.4,0.0,-2.01,178.32071021001047,0.2042866539999999,0.0,0.0
2018-12-23 04:00:00,19193.6,0.0,-2.27,178.85267143488315,0.204490858,0.0,0.0
2018-12-23 05:00:00,19294.4,0.0,-2.31,178.84571293933664,0.2045222739999999,0.0,0.0
2018-12-23 06:00:00,19770.4,157.31,-1.73,178.8456159568203,0.1972027823333333,121.62069782231691,89.18851173636573
2018-12-23 07:00:00,20682.4,378.9,1.95,178.82133395929495,0.1846438,133.17664663068376,97.66287419583476
2018-12-23 08:00:00,21741.6,462.72,4.38,171.68306919594153,0.179077932,141.03587326308656,103.4263070595968
2018-12-23 09:00:00,22948.0,542.45,5.15,136.57730156713453,0.1749942883333333,145.1983777195253,106.47881032765189
2018-12-23 10:00:00,23970.4,365.93,5.64,120.04922594136023,0.1823115983333333,145.66415999999998,106.82038399999998
2018-12-23 11:00:00,24497.6,592.58,5.77,106.84032844564928,0.1723200013333333,142.4332201045106,104.45102807664112
2018-12-23 12:00:00,24562.4,404.72,5.64,98.99424284828402,0.1806190613333333,135.5055580330572,99.37074255757528
2018-12-23 13:00:00,24273.6,44.5,5.24,54.92548441141462,0.1966508206666666,124.88117378563976,91.57952744280249
2018-12-23 14:00:00,23831.2,7.87,4.46,102.2807075633086,0.1988617216666666,110.56006736225824,81.07738273232269
2018-12-23 15:00:00,23512.800000000003,0.0,3.51,133.17702180779202,0.199951246,0.0,0.0
2018-12-23 16:00:00,23452.800000000003,0.0,3.04,57.27798930997986,0.200320384,0.0,0.0
2018-12-23 17:00:00,24309.6,0.0,2.85,88.99326635218685,0.20046961,0.0,0.0
2018-12-23 18:00:00,25330.4,0.0,2.47,70.10056301330637,0.200768062,0.0,0.0
2018-12-23 19:00:00,25134.4,0.0,1.94,82.25582426740938,0.201184324,0.0,0.0
2018-12-23 20:00:00,24856.800000000003,0.0,1.75,80.64724800596619,0.2013335499999999,0.0,0.0
2018-12-23 21:00:00,24447.2,0.0,1.49,48.93890824438076,0.2015377539999999,0.0,0.0
2018-12-23 22:00:00,23817.6,0.0,0.8,32.79956885108493,0.2020796799999999,0.0,0.0
2018-12-23 23:00:00,22864.800000000003,0.0,0.28,24.12143993910686,0.202488088,0.0,0.0
2018-12-24 00:00:00,21635.2,0.0,-0.12,23.21873576923793,0.2028022479999999,0.0,0.0
2018-12-24 01:00:00,20385.6,0.0,-0.21,43.24391607409353,0.2028729339999999,0.0,0.0
2018-12-24 02:00:00,19624.8,0.0,-0.49,48.780732790953614,0.203092846,0.0,0.0
2018-12-24 03:00:00,19200.0,0.0,-0.54,88.95672212775268,0.2031321159999999,0.0,0.0
2018-12-24 04:00:00,19107.2,0.0,-0.43,83.9518908813946,0.203045722,0.0,0.0
2018-12-24 05:00:00,19268.0,0.0,-0.26,158.4056656752597,0.2029122039999999,0.0,0.0
2018-12-24 06:00:00,19816.800000000003,116.85,0.17,157.9664076131817,0.1974759269999999,104.64214656787118,76.7375741497722
2018-12-24 07:00:00,20795.2,155.35,0.55,178.84983469628057,0.1954975916666666,124.35845380077151,91.1961994538991
2018-12-24 08:00:00,21792.0,285.25,1.66,178.8672673035905,0.1889578276666666,137.7675584504264,101.02954286364604
2018-12-24 09:00:00,22717.6,226.14,2.93,178.83618440710742,0.190539536,144.86946051683591,106.237604379013
2018-12-24 10:00:00,23271.2,396.99,3.61,178.79283322230884,0.182550709,145.66415999999998,106.82038399999998
2018-12-24 11:00:00,23489.6,300.66,4.13,178.8007251745753,0.1863455,140.1516568999187,102.77788172660703
2018-12-24 12:00:00,23536.800000000003,662.75,4.95,178.81001125051367,0.1699022783333333,128.331951216592,94.11009755883413
2018-12-24 13:00:00,23530.4,400.02,5.38,178.7716789109351,0.181028342,110.20504295001992,80.81703149668127
2018-12-24 14:00:00,23497.6,9.62,4.65,178.7383169253183,0.1986361373333333,85.77093210020239,62.89868354014841
2018-12-24 15:00:00,23616.800000000003,0.0,3.21,178.78275916342557,0.200186866,0.0,0.0
2018-12-24 16:00:00,23792.800000000003,0.0,2.58,178.75921665758696,0.200681668,0.0,0.0
2018-12-24 17:00:00,24892.800000000003,0.0,2.32,178.785486796697,0.200885872,0.0,0.0
2018-12-24 18:00:00,25991.2,0.0,2.23,178.7653265561156,0.200956558,0.0,0.0
2018-12-24 19:00:00,25551.2,0.0,2.19,178.74029294408822,0.200987974,0.0,0.0
2018-12-24 20:00:00,25090.4,0.0,2.14,178.7103617149868,0.201027244,0.0,0.0
2018-12-24 21:00:00,24790.4,0.0,2.03,178.77297605209074,0.2011136379999999,0.0,0.0
2018-12-24 22:00:00,24459.2,0.0,1.99,178.80088277116408,0.201145054,0.0,0.0
2018-12-24 23:00:00,23676.0,0.0,2.26,178.76309595824006,0.200932996,0.0,0.0
2018-12-25 00:00:00,22523.2,0.0,3.05,178.78593534083527,0.20031253,0.0,0.0
2018-12-25 01:00:00,21368.0,0.0,3.33,151.2091507880371,0.200092618,0.0,0.0
2018-12-25 02:00:00,20532.800000000003,0.0,3.35,108.1565387888073,0.20007691,0.0,0.0
2018-12-25 03:00:00,20068.0,0.0,3.12,162.4239422742725,0.200257552,0.0,0.0
2018-12-25 04:00:00,19938.4,0.0,3.3,100.89419095722,0.20011618,0.0,0.0
2018-12-25 05:00:00,20207.2,0.0,3.35,54.61210965553019,0.20007691,0.0,0.0
2018-12-25 06:00:00,20985.6,27.81,4.07,101.18790250791898,0.1982979789999999,109.84232344119064,80.55103719020647
2018-12-25 07:00:00,22084.0,38.94,5.44,78.66516782851528,0.1967363419999999,127.05928273083548,93.17680733594602
2018-12-25 08:00:00,23158.4,109.39,6.1,44.61925544517548,0.1931440096666666,138.76857525385202,101.7636218528248
2018-12-25 09:00:00,24040.800000000003,147.84,6.28,24.390361849421325,0.191324936,144.97020101024015,106.31148074084278
2018-12-25 10:00:00,24484.800000000003,74.17,6.43,41.95303029051137,0.1944215936666666,145.66415999999998,106.82038399999998
2018-12-25 11:00:00,24635.2,88.08,6.27,38.70279460674264,0.193940318,140.8504522231315,103.29033163029642
2018-12-25 12:00:00,24620.0,54.7,5.51,35.13472600204201,0.1959937026666666,130.52907767963467,95.72132363173208
2018-12-25 13:00:00,24389.6,23.18,4.47,25.83770619282129,0.1981858413333333,114.70003636950956,84.113360004307
2018-12-25 14:00:00,24173.6,6.99,3.15,23.23972490726381,0.199928993,93.36332829275604,68.46644074802109
2018-12-25 15:00:00,24185.6,0.0,1.94,26.313902470805687,0.201184324,0.0,0.0
2018-12-25 16:00:00,24530.4,0.0,0.94,24.42724551266229,0.201969724,0.0,0.0
2018-12-25 17:00:00,25757.6,0.0,0.41,29.599939856617567,0.202385986,0.0,0.0
2018-12-25 18:00:00,27372.0,0.0,-0.18,31.199524020374973,0.202849372,0.0,0.0
2018-12-25 19:00:00,27537.6,0.0,-1.18,9.984736470668029,0.203634772,0.0,0.0
2018-12-25 20:00:00,27524.0,0.0,-1.81,11.842589621462045,0.2041295739999999,0.0,0.0
2018-12-25 21:00:00,27444.0,0.0,-2.29,8.38019786414289,0.204506566,0.0,0.0
2018-12-25 22:00:00,26921.6,0.0,-2.76,11.066118804056572,0.2048757039999999,0.0,0.0
2018-12-25 23:00:00,26043.2,0.0,-3.11,9.10476485109116,0.205150594,0.0,0.0
2018-12-26 00:00:00,25017.6,0.0,-3.59,19.588116472209496,0.205527586,0.0,0.0
2018-12-26 01:00:00,23867.2,0.0,-3.97,17.01342311338525,0.205826038,0.0,0.0
2018-12-26 02:00:00,23300.800000000003,0.0,-4.29,12.544225547030113,0.2060773659999999,0.0,0.0
2018-12-26 03:00:00,23104.800000000003,0.0,-4.59,9.752196642142868,0.2063129859999999,0.0,0.0
2018-12-26 04:00:00,23240.0,0.0,-4.99,9.244766690169554,0.2066271459999999,0.0,0.0
2018-12-26 05:00:00,23810.4,0.0,-6.02,0.0,0.2074361079999999,0.0,0.0
2018-12-26 06:00:00,25076.0,33.37,-6.68,0.0,0.2064984276666666,116.32884662768664,85.30782086030354
2018-12-26 07:00:00,26836.800000000003,122.39,-5.79,0.0,0.2019151823333333,130.42820457799493,95.64735002386294
2018-12-26 08:00:00,28076.0,84.37,-4.47,0.0,0.2025373936666666,140.0172094568166,102.67928693499884
2018-12-26 09:00:00,28622.4,159.43,-3.86,0.0,0.1987831816666666,145.0958612641516,106.40363159371115
2018-12-26 10:00:00,28933.6,63.04,-3.59,0.0,0.2027769406666666,145.66415999999998,106.82038399999998
2018-12-26 11:00:00,28939.2,71.38,-3.34,0.0,0.2022166886666666,141.72210566436175,103.92954415386528
2018-12-26 12:00:00,28306.4,58.41,-3.14,0.0,0.202625533,133.26969825723685,97.73111205530702
2018-12-26 13:00:00,27492.0,32.45,-3.42,0.0,0.2039781663333333,120.30693777862538,88.22508770432528
2018-12-26 14:00:00,27204.0,1.75,-4.14,0.0,0.2058831976666666,102.8338242285272,75.41147110091995
2018-12-26 15:00:00,27221.6,0.0,-5.45,0.0,0.2069884299999999,0.0,0.0
2018-12-26 16:00:00,27638.4,0.0,-6.56,0.0,0.207860224,0.0,0.0
2018-12-26 17:00:00,29306.4,0.0,-7.82,0.0,0.208849828,0.0,0.0
2018-12-26 18:00:00,31640.0,0.0,-9.29,0.0,0.210004366,0.0,0.0
2018-12-26 19:00:00,31731.2,0.0,-10.81,0.0,0.211198174,0.0,0.0
2018-12-26 20:00:00,31388.0,0.0,-11.68,0.0,0.211881472,0.0,0.0
2018-12-26 21:00:00,30861.6,0.0,-12.29,0.0,0.212360566,0.0,0.0
2018-12-26 22:00:00,29850.4,0.0,-13.18,0.0,0.2130595719999999,0.0,0.0
2018-12-26 23:00:00,28284.0,0.0,-13.86,0.0,0.213593644,0.0,0.0
2018-12-27 00:00:00,26756.0,0.0,-13.92,0.0,0.2136407679999999,0.0,0.0
2018-12-27 01:00:00,25654.4,0.0,-13.78,0.0,0.213530812,0.0,0.0
2018-12-27 02:00:00,24904.0,0.0,-13.11,0.0,0.213004594,0.0,0.0
2018-12-27 03:00:00,24624.0,0.0,-12.55,0.0,0.2125647699999999,0.0,0.0
2018-12-27 04:00:00,24742.4,0.0,-13.02,0.0,0.212933908,0.0,0.0
2018-12-27 05:00:00,25267.2,0.0,-13.12,0.0,0.2130124479999999,0.0,0.0
2018-12-27 06:00:00,26619.2,130.59,-12.99,0.0,0.207212269,124.2214656897116,91.0957415057885
2018-12-27 07:00:00,28667.2,53.77,-12.91,0.0,0.2105013496666667,134.5274139733639,98.6534369138002
2018-12-27 08:00:00,30108.0,66.75,-9.83,0.0,0.2075159569999999,141.53651245296274,103.793442465506
2018-12-27 09:00:00,30816.800000000003,78.81,-6.93,0.0,0.204712079,145.24876112850808,106.51575816090592
2018-12-27 10:00:00,31106.4,86.22,-5.54,0.0,0.20329705,145.66415999999998,106.82038399999998
2018-12-27 11:00:00,31009.6,74.17,-4.67,0.0,0.2031395336666666,142.78270906743842,104.70731998278816
2018-12-27 12:00:00,30407.2,43.57,-4.18,0.0,0.2040898676666666,136.6044083308234,100.17656610927048
2018-12-27 13:00:00,29680.0,29.67,-4.16,0.0,0.2046806629999999,127.12925779015494,93.22812237944694
2018-12-27 14:00:00,29514.4,1.75,-4.79,0.0,0.2063937076666666,114.35725744543296,83.86198879331751
2018-12-27 15:00:00,29572.0,0.0,-6.41,0.0,0.207742414,0.0,0.0
2018-12-27 16:00:00,29914.4,0.0,-5.7,0.0,0.2071847799999999,0.0,0.0
2018-12-27 17:00:00,31577.6,0.0,-5.44,0.0,0.206980576,0.0,0.0
2018-12-27 18:00:00,34097.6,0.0,-6.01,0.0,0.207428254,0.0,0.0
2018-12-27 19:00:00,34281.6,0.0,-6.77,0.0,0.208025158,0.0,0.0
2018-12-27 20:00:00,34108.8,0.0,-7.15,0.0,0.20832361,0.0,0.0
2018-12-27 21:00:00,33676.0,0.0,-7.49,0.0,0.208590646,0.0,0.0
2018-12-27 22:00:00,32660.0,0.0,-7.61,0.0,0.2086848939999999,0.0,0.0
2018-12-27 23:00:00,31170.4,0.0,-7.65,0.0,0.20871631,0.0,0.0
2018-12-28 00:00:00,29796.0,0.0,-7.77,0.0,0.2088105579999999,0.0,0.0
2018-12-28 01:00:00,28620.800000000003,0.0,-7.79,0.0,0.208826266,0.0,0.0
2018-12-28 02:00:00,28184.800000000003,0.0,-8.31,0.0,0.209234674,0.0,0.0
2018-12-28 03:00:00,28087.2,0.0,-9.18,0.0,0.2099179719999999,0.0,0.0
2018-12-28 04:00:00,28307.2,0.0,-10.49,0.0,0.210946846,0.0,0.0
2018-12-28 05:00:00,28970.4,0.0,-11.0,0.0,0.2113473999999999,0.0,0.0
2018-12-28 06:00:00,30235.2,79.35,-11.05,0.0,0.207924365,128.91550461252203,94.53803671584949
2018-12-28 07:00:00,32167.2,139.29,-8.47,0.0,0.203282651,136.9653687642132,100.44127042708963
2018-12-28 08:00:00,33375.200000000004,80.65,-6.41,0.0,0.2042233856666666,142.44009937935655,104.4560728781948
2018-12-28 09:00:00,33857.6,131.65,-4.68,0.0,0.2006393436666666,145.33969645795216,106.58244406916492
2018-12-28 10:00:00,33300.0,89.01,-3.57,0.0,0.201628075,145.66415999999998,106.82038399999998
2018-12-28 11:00:00,32604.800000000003,56.55,-2.76,0.0,0.202408239,143.41349000550005,105.16989267070002
2018-12-28 12:00:00,31916.0,78.81,-2.58,0.0,0.201295589,138.58768647445234,101.63097008126503
2018-12-28 13:00:00,31495.2,30.6,-2.84,0.0,0.203603356,131.1867494068569,96.20361623169504
2018-12-28 14:00:00,31305.6,6.99,-3.74,0.0,0.2053403989999999,121.21067880271364,88.88783112198999
2018-12-28 15:00:00,31218.4,0.0,-5.11,0.0,0.206721394,0.0,0.0
2018-12-28 16:00:00,31696.0,0.0,-6.55,10.207499249265906,0.20785237,0.0,0.0
2018-12-28 17:00:00,33244.8,0.0,-8.21,27.25015349921314,0.209156134,0.0,0.0
2018-12-28 18:00:00,35702.4,0.0,-9.89,27.847741580603717,0.2104756059999999,0.0,0.0
2018-12-28 19:00:00,35772.0,0.0,-9.85,43.57215946201252,0.21044419,0.0,0.0
2018-12-28 20:00:00,35528.8,0.0,-10.42,38.420572453524905,0.210891868,0.0,0.0
2018-12-28 21:00:00,34948.8,0.0,-11.07,8.024628136896766,0.211402378,0.0,0.0
2018-12-28 22:00:00,34381.6,0.0,-12.21,10.30411808115755,0.212297734,0.0,0.0
2018-12-28 23:00:00,32577.6,0.0,-12.53,14.29105568923008,0.2125490619999999,0.0,0.0
2018-12-29 00:00:00,31068.0,0.0,-12.9,22.052145203144484,0.2128396599999999,0.0,0.0
2018-12-29 01:00:00,29810.4,0.0,-13.47,25.225876835048684,0.213287338,0.0,0.0
2018-12-29 02:00:00,29114.4,0.0,-13.29,40.94207847890237,0.213145966,0.0,0.0
2018-12-29 03:00:00,28902.4,0.0,-12.73,24.94776431596034,0.212706142,0.0,0.0
2018-12-29 04:00:00,28931.2,0.0,-12.62,9.516047245588169,0.2126197479999999,0.0,0.0
2018-12-29 05:00:00,29126.4,0.0,-12.6,29.49529269079617,0.2126040399999999,0.0,0.0
2018-12-29 06:00:00,30081.6,25.03,-11.98,20.730684165938147,0.2110249496666666,106.25658806589234,77.92149791498771
2018-12-29 07:00:00,31685.6,50.99,-8.96,56.79797434541504,0.2075203203333333,125.19695033848024,91.8110969148855
2018-12-29 08:00:00,32918.4,70.46,-7.17,0.0,0.2052649133333333,138.07833308502748,101.25744426235347
2018-12-29 09:00:00,33128.8,116.82,-4.93,0.0,0.2014827759999999,144.90073630553405,106.26053995739164
2018-12-29 10:00:00,32546.4,146.88,-4.34,0.0,0.1997077719999999,145.66415999999998,106.82038399999998
2018-12-29 11:00:00,32124.800000000003,97.35,-4.04,0.0,0.2016333109999999,140.3686041684253,102.93697639017854
2018-12-29 12:00:00,31899.2,67.68,-4.11,0.0,0.20298289,129.01406881080996,94.61031712792727
2018-12-29 13:00:00,31429.6,28.74,-4.25,0.0,0.2047919279999999,111.600553927154,81.84040621324627
2018-12-29 14:00:00,30381.6,1.75,-4.64,0.0,0.2062758976666666,88.12805951745734,64.62724364613538
2018-12-29 15:00:00,30220.800000000003,0.0,-5.1,0.0316930949197849,0.20671354,0.0,0.0
2018-12-29 16:00:00,30745.6,0.0,-5.46,0.0,0.206996284,0.0,0.0
2018-12-29 17:00:00,32107.2,0.0,-5.74,0.0,0.207216196,0.0,0.0
2018-12-29 18:00:00,34385.6,0.0,-6.56,0.0,0.207860224,0.0,0.0
2018-12-29 19:00:00,34305.6,0.0,-8.16,0.0,0.2091168639999999,0.0,0.0
2018-12-29 20:00:00,34044.0,0.0,-7.98,3.2969903487496675,0.2089754919999999,0.0,0.0
2018-12-29 21:00:00,33492.0,0.0,-7.3,6.651050362302836,0.20844142,0.0,0.0
2018-12-29 22:00:00,32615.2,0.0,-7.53,1.3910777203502698,0.208622062,0.0,0.0
2018-12-29 23:00:00,31270.4,0.0,-7.64,0.0,0.208708456,0.0,0.0
2018-12-30 00:00:00,29828.800000000003,0.0,-7.43,0.086197887667397,0.2085435219999999,0.0,0.0
2018-12-30 01:00:00,28525.6,0.0,-7.19,0.0,0.208355026,0.0,0.0
2018-12-30 02:00:00,27632.0,0.0,-6.78,0.0,0.208033012,0.0,0.0
2018-12-30 03:00:00,27049.6,0.0,-6.55,0.0,0.20785237,0.0,0.0
2018-12-30 04:00:00,26908.0,0.0,-6.3,0.0,0.20765602,0.0,0.0
2018-12-30 05:00:00,27180.0,0.0,-6.07,0.0,0.207475378,0.0,0.0
2018-12-30 06:00:00,27700.0,18.54,-6.27,0.0,0.206823496,104.8452117195103,76.88648859430754
2018-12-30 07:00:00,28528.0,27.81,-5.25,0.0,0.205617907,124.46392025885464,91.27354152316003
2018-12-30 08:00:00,29394.4,81.58,-4.2,0.0,0.2024470726666666,137.8066478187177,101.05820840039296
2018-12-30 09:00:00,30202.4,136.29,-2.25,0.0,0.198528363,144.87339439909948,106.24048922600628
2018-12-30 10:00:00,31158.4,114.96,-1.37,0.0,0.19876791,145.66415999999998,106.82038399999998
2018-12-30 11:00:00,31475.2,78.81,-0.84,0.0,0.199928993,140.17894462141928,102.79789272237412
2018-12-30 12:00:00,31196.800000000003,61.19,-0.56,0.0,0.2004779003333333,128.41774826335728,94.17301539312868
2018-12-30 13:00:00,30555.2,56.55,-0.55,0.0,0.200672505,110.38057092581413,80.94575201226368
2018-12-30 14:00:00,29847.2,36.81,-1.26,0.0,0.202091461,86.0674126087896,63.116102579779024
2018-12-30 15:00:00,29603.2,0.0,-2.14,0.0,0.204388756,0.0,0.0
2018-12-30 16:00:00,29585.6,0.0,-2.71,0.0,0.204836434,0.0,0.0
2018-12-30 17:00:00,30531.2,0.0,-3.68,0.0,0.205598272,0.0,0.0
2018-12-30 18:00:00,32357.6,0.0,-3.45,0.0,0.20541763,0.0,0.0
2018-12-30 19:00:00,32625.6,0.0,-4.48,0.0,0.206226592,0.0,0.0
2018-12-30 20:00:00,32404.800000000003,0.0,-4.35,0.0,0.20612449,0.0,0.0
2018-12-30 21:00:00,32306.4,0.0,-4.59,0.0,0.2063129859999999,0.0,0.0
2018-12-30 22:00:00,31550.4,0.0,-4.78,0.0,0.206462212,0.0,0.0
2018-12-30 23:00:00,30299.2,0.0,-4.93,0.0,0.206580022,0.0,0.0
2018-12-31 00:00:00,28924.800000000003,0.0,-4.94,0.0,0.206587876,0.0,0.0
2018-12-31 01:00:00,28193.6,0.0,-4.8,0.0,0.2064779199999999,0.0,0.0
2018-12-31 02:00:00,27528.0,0.0,-5.1,0.0,0.20671354,0.0,0.0
2018-12-31 03:00:00,27320.0,0.0,-5.65,0.0,0.20714551,0.0,0.0
2018-12-31 04:00:00,27376.0,0.0,-6.02,0.0,0.2074361079999999,0.0,0.0
2018-12-31 05:00:00,27701.6,0.0,-6.15,0.0,0.20753821,0.0,0.0
2018-12-31 06:00:00,28350.4,54.04,-6.42,0.0,0.2053923226666666,123.38759624100469,90.4842372434034
2018-12-31 07:00:00,29292.0,70.46,-5.1,0.0,0.2036391353333333,134.09432510238352,98.33583840841456
2018-12-31 08:00:00,30089.6,89.93,-3.53,0.0,0.2015565163333333,141.37599534934236,103.67572992285103
2018-12-31 09:00:00,30748.0,115.89,-1.83,0.0,0.199088615,145.2326069818812,106.50391178671283
2018-12-31 10:00:00,31042.4,64.9,-1.5,0.0,0.2010542966666667,145.66415999999998,106.82038399999998
2018-12-31 11:00:00,31500.0,54.7,-1.27,0.0,0.2013187146666666,142.6706544036988,104.62514656271244
2018-12-31 12:00:00,31652.0,50.99,-1.42,0.0,0.2015984043333333,136.2520901929776,99.9181994748502
2018-12-31 13:00:00,31731.2,31.52,-1.67,0.0,0.2026442953333333,126.4084673678364,92.69954273641336
2018-12-31 14:00:00,31910.4,3.71,-2.54,3.462812646286473,0.2045410363333333,113.13978592827516,82.96917634740177
2018-12-31 15:00:00,32168.0,0.0,-4.11,24.907627192366952,0.2059359939999999,0.0,0.0
2018-12-31 16:00:00,32483.2,0.0,-5.36,56.60784618356189,0.206917744,0.0,0.0
2018-12-31 17:00:00,33610.4,0.0,-6.09,23.659334917674567,0.207491086,0.0,0.0
2018-12-31 18:00:00,35684.0,0.0,-5.9,16.07459598688781,0.2073418599999999,0.0,0.0
2018-12-31 19:00:00,35720.0,0.0,-6.03,26.314141896392837,0.2074439619999999,0.0,0.0
2018-12-31 20:00:00,35158.4,0.0,-6.38,85.98034688587218,0.2077188519999999,0.0,0.0
2018-12-31 21:00:00,34473.6,0.0,-6.85,114.69695483025755,0.20808799,0.0,0.0
2018-12-31 22:00:00,33672.0,0.0,-8.32,133.1385924856971,0.2092425279999999,0.0,0.0
2018-12-31 23:00:00,32777.6,0.0,-9.78,174.50119927821166,0.210389212,0.0,0.0
