DateTime,load_PJME_MW,solar_G_i__POA,solar_T2m,wind_Energy_scaled_MW,eta_eff,P_150MW_adj_MW,P_110MW_adj_MW
2018-09-01 00:00:00,22603.2,0.0,20.23,169.02633014365577,0.186819358,0.0,0.0
2018-09-01 01:00:00,20680.800000000003,0.0,19.54,154.04128272110185,0.187361284,0.0,0.0
2018-09-01 02:00:00,19347.2,0.0,18.85,160.02452208343368,0.1879032099999999,0.0,0.0
2018-09-01 03:00:00,18504.0,0.0,18.19,130.31699527846826,0.1884215739999999,0.0,0.0
2018-09-01 04:00:00,18088.8,84.59,17.98,177.62286039095846,0.1848955643333333,54.79492441084886,40.18294456795584
2018-09-01 05:00:00,18134.4,318.37,20.07,164.467351770486,0.1730534776666666,84.35799955289235,61.8625330054544
2018-09-01 06:00:00,19023.2,574.75,22.63,169.08755035708774,0.1598561396666666,108.15379367739516,79.31278203008978
2018-09-01 07:00:00,20520.0,800.59,25.34,166.4529596869686,0.1478735536666666,126.18230678435737,92.53369164186208
2018-09-01 08:00:00,21604.800000000003,979.27,27.1,89.26999383971365,0.1386948456666666,138.44353887377892,101.5252618407712
2018-09-01 09:00:00,22339.2,1082.37,28.46,65.89607392153643,0.133128105,144.9374899456598,106.28749262681715
2018-09-01 10:00:00,22715.2,1064.79,29.53,62.64793548468329,0.133054801,145.66415999999998,106.82038399999998
2018-09-01 11:00:00,23014.4,1019.16,30.32,56.975294753706265,0.1344253239999999,140.62354903679957,103.12393596031968
2018-09-01 12:00:00,23216.800000000003,778.78,30.81,56.336731559167326,0.1445290586666666,129.81565705605843,95.19814850777618
2018-09-01 13:00:00,23392.800000000003,504.98,30.92,88.03095127251588,0.1563894713333333,113.24048405777673,83.0430216423696
2018-09-01 14:00:00,23619.2,225.85,30.7,89.04361846238245,0.1687416316666666,90.89803004195426,66.65855536409978
2018-09-01 15:00:00,23697.6,110.02,30.1,91.93443694064034,0.1742669206666666,62.78829500859123,46.04474967296691
2018-09-01 16:00:00,23672.0,1.75,28.96,104.76192038385572,0.1798864576666666,54.79492441084886,40.18294456795584
2018-09-01 17:00:00,23618.4,0.0,27.12,106.7876063252103,0.1814079519999999,0.0,0.0
2018-09-01 18:00:00,23519.2,0.0,24.82,178.97814256538234,0.183214372,0.0,0.0
2018-09-01 19:00:00,23075.2,0.0,23.9,178.96319513505355,0.18393694,0.0,0.0
2018-09-01 20:00:00,23181.6,0.0,21.93,178.9408042965961,0.185484178,0.0,0.0
2018-09-01 21:00:00,23167.2,0.0,20.47,176.5783223216639,0.1866308619999999,0.0,0.0
2018-09-01 22:00:00,22223.2,0.0,19.63,157.42323278485836,0.187290598,0.0,0.0
2018-09-01 23:00:00,20827.2,0.0,19.17,169.8532394463111,0.187651882,0.0,0.0
2018-09-02 00:00:00,19283.2,0.0,18.75,177.3998612174773,0.1879817499999999,0.0,0.0
2018-09-02 01:00:00,18040.0,0.0,18.06,172.7140175901359,0.188523676,0.0,0.0
2018-09-02 02:00:00,17144.8,0.0,17.17,162.8379242680323,0.189222682,0.0,0.0
2018-09-02 03:00:00,16619.2,0.0,16.38,155.61664247070271,0.189843148,0.0,0.0
2018-09-02 04:00:00,16325.6,78.4,16.31,172.2208372489796,0.1864772726666666,53.18735889114964,39.00406318684306
2018-09-02 05:00:00,16269.6,308.1,19.75,176.67092850194223,0.1737529199999999,83.27343370350509,61.067184715903736
2018-09-02 06:00:00,16560.8,570.07,23.24,174.14447333752867,0.1595812496666666,107.4901986648417,78.82614568755056
2018-09-02 07:00:00,17076.0,798.57,25.64,149.8869881429392,0.1477260729999999,125.83765377515954,92.28094610178366
2018-09-02 08:00:00,17648.8,977.36,27.45,104.81460613585082,0.1385032953333333,138.31579903445854,101.43158595860292
2018-09-02 09:00:00,18885.6,1079.37,28.89,88.23597837344066,0.132921283,144.92463444273866,106.27806525800835
2018-09-02 10:00:00,19983.2,1111.27,29.92,123.68213038892944,0.1307204176666666,145.66415999999998,106.82038399999998
2018-09-02 11:00:00,20636.0,1042.51,30.52,85.14733374609585,0.1332494056666666,140.53437570624249,103.05854218457782
2018-09-02 12:00:00,20836.0,878.74,30.83,76.18142133972935,0.1401517626666666,129.53528156146615,94.99253981174184
2018-09-02 13:00:00,20847.2,676.32,30.76,75.27198597708666,0.149039,112.66687756567102,82.62237688149207
2018-09-02 14:00:00,20759.2,407.62,30.37,99.97473002695166,0.1610695826666666,89.92916371885698,65.94805339382845
2018-09-02 15:00:00,20666.4,142.35,29.59,71.68589983927424,0.173256809,61.32214002102421,44.96956934875108
2018-09-02 16:00:00,20606.4,0.0,28.07,82.6896573699802,0.180661822,0.0,0.0
2018-09-02 17:00:00,20718.4,0.0,26.01,118.44725661384165,0.182279746,0.0,0.0
2018-09-02 18:00:00,20863.2,0.0,24.43,143.7312047612453,0.183520678,0.0,0.0
2018-09-02 19:00:00,21034.4,0.0,23.13,169.70903856734583,0.184541698,0.0,0.0
2018-09-02 20:00:00,21556.800000000003,0.0,22.0,173.56465124084767,0.1854292,0.0,0.0
2018-09-02 21:00:00,21580.800000000003,0.0,21.25,176.09288845899903,0.18601825,0.0,0.0
2018-09-02 22:00:00,20909.6,0.0,20.68,161.9203969266834,0.186465928,0.0,0.0
2018-09-02 23:00:00,19816.800000000003,0.0,20.1,178.01066922812456,0.18692146,0.0,0.0
2018-09-03 00:00:00,18619.2,0.0,19.38,178.91950451144783,0.187486948,0.0,0.0
2018-09-03 01:00:00,17543.2,0.0,18.54,177.0072881141964,0.1881466839999999,0.0,0.0
2018-09-03 02:00:00,16837.600000000002,0.0,17.51,176.00008831368802,0.188955646,0.0,0.0
2018-09-03 03:00:00,16394.4,0.0,16.51,174.4375423790567,0.189741046,0.0,0.0
2018-09-03 04:00:00,16157.6,85.84,16.38,140.57443597758785,0.1860976626666666,54.68431811367933,40.10183328336484
2018-09-03 05:00:00,16119.2,322.16,19.26,135.07260570349277,0.1735242813333333,84.2833775165478,61.80781017880172
2018-09-03 06:00:00,16360.8,581.31,21.56,120.51557849393711,0.160410283,108.10813595069024,79.27929969717283
2018-09-03 07:00:00,16814.4,805.36,23.49,92.32164569848652,0.1491184126666666,126.1585934161067,92.51630183847824
2018-09-03 08:00:00,17374.4,979.34,25.28,93.4407208929867,0.1401212193333333,138.43474991279717,101.5188166027179
2018-09-03 09:00:00,18576.8,1081.52,26.74,94.18509807424653,0.1345160813333333,144.93660544076158,106.28684398989182
2018-09-03 10:00:00,19592.0,1105.95,27.86,60.73884677358389,0.132570471,145.66415999999998,106.82038399999998
2018-09-03 11:00:00,20324.800000000003,1043.42,28.77,47.55461617476031,0.1345841493333333,140.6174135905124,103.1194366330424
2018-09-03 12:00:00,20704.800000000003,863.05,29.39,45.78002402958558,0.1419673456666666,129.7963662122988,95.1840018890191
2018-09-03 13:00:00,20938.4,675.57,29.6,39.82376702171837,0.1499827889999999,113.2010178653592,83.01407976793007
2018-09-03 14:00:00,21095.2,405.22,29.35,58.37616477221139,0.1619754106666666,90.83136854969354,66.60967026977525
2018-09-03 15:00:00,21222.4,139.15,28.74,35.70353755241591,0.1740640256666666,62.687418265301936,45.97077339455475
2018-09-03 16:00:00,21294.4,0.0,27.47,53.99340969261652,0.1811330619999999,0.0,0.0
2018-09-03 17:00:00,21556.800000000003,0.0,25.69,69.74583127561525,0.182531074,0.0,0.0
2018-09-03 18:00:00,21979.2,0.0,24.22,89.48911977394933,0.183685612,0.0,0.0
2018-09-03 19:00:00,22056.800000000003,0.0,24.28,55.526957854865806,0.183638488,0.0,0.0
2018-09-03 20:00:00,22158.4,0.0,23.59,52.178866812122,0.184180414,0.0,0.0
2018-09-03 21:00:00,22396.800000000003,0.0,22.8,2.4050044517057496,0.1848008799999999,0.0,0.0
2018-09-03 22:00:00,21628.800000000003,0.0,21.52,0.0,0.185806192,0.0,0.0
2018-09-03 23:00:00,20457.6,0.0,20.68,0.0,0.186465928,0.0,0.0
2018-09-04 00:00:00,19131.2,0.0,19.71,0.0,0.187227766,0.0,0.0
2018-09-04 01:00:00,17886.4,0.0,18.93,0.0,0.187840378,0.0,0.0
2018-09-04 02:00:00,17067.2,0.0,17.31,0.0,0.1891127259999999,0.0,0.0
2018-09-04 03:00:00,16421.600000000002,0.0,16.02,0.0,0.190125892,0.0,0.0
2018-09-04 04:00:00,16169.6,83.82,15.52,0.0,0.1868612459999999,50.32907318565602,36.90798700281441
2018-09-04 05:00:00,16136.0,316.31,19.23,0.0,0.1738030983333333,81.34505254206405,59.65303853084697
2018-09-04 06:00:00,16512.0,481.17,23.93,0.0,0.162918327,106.31031261019844,77.96089591414552
2018-09-04 07:00:00,16867.2,778.1,26.52,0.0,0.1479280953333333,125.22485339005928,91.83155915271014
2018-09-04 08:00:00,17308.0,891.99,28.28,0.0,0.141576391,138.08867488164648,101.26502824654077
2018-09-04 09:00:00,18531.2,1082.43,29.54,0.0,0.132277255,144.90177708496006,106.26130319563735
2018-09-04 10:00:00,19860.800000000003,1100.57,30.62,1.982632712607414,0.1306375143333333,145.66415999999998,106.82038399999998
2018-09-04 11:00:00,21007.2,1043.21,31.38,0.0,0.1325434183333333,140.3758236267663,102.94227065962862
2018-09-04 12:00:00,22022.4,862.39,31.8,0.0,0.1401033296666666,129.036767965259,94.62696317452328
2018-09-04 13:00:00,22808.800000000003,673.72,31.86,3.705661413226922,0.1482885066666666,111.64699301547812,81.87446154468395
2018-09-04 14:00:00,23524.0,405.05,31.49,7.265258822429045,0.1603020723333333,88.20649877742352,64.68476577011057
2018-09-04 15:00:00,24203.2,139.86,30.79,8.463057301530515,0.1724229759999999,58.71528525109541,43.05787585080329
2018-09-04 16:00:00,25006.4,0.0,29.18,21.650658800472545,0.179790028,0.0,0.0
2018-09-04 17:00:00,25868.800000000003,0.0,27.36,36.05329287473784,0.1812194559999999,0.0,0.0
2018-09-04 18:00:00,26489.6,0.0,25.14,30.48017135903113,0.182963044,0.0,0.0
2018-09-04 19:00:00,26256.800000000003,0.0,22.95,11.801897879103391,0.18468307,0.0,0.0
2018-09-04 20:00:00,26179.2,0.0,22.59,0.0,0.184965814,0.0,0.0
2018-09-04 21:00:00,26371.2,0.0,21.82,2.2077509161867845,0.185570572,0.0,0.0
2018-09-04 22:00:00,25046.4,0.0,19.85,0.0480230055732766,0.18711781,0.0,0.0
2018-09-04 23:00:00,23131.2,0.0,18.59,0.0,0.188107414,0.0,0.0
2018-09-05 00:00:00,21310.4,0.0,17.65,0.0,0.18884569,0.0,0.0
2018-09-05 01:00:00,19846.4,0.0,17.07,0.0,0.189301222,0.0,0.0
2018-09-05 02:00:00,18996.8,0.0,17.04,0.0,0.189324784,0.0,0.0
2018-09-05 03:00:00,18448.8,0.0,16.87,0.0,0.189458302,0.0,0.0
2018-09-05 04:00:00,18238.4,32.45,16.98,0.0,0.1879560063333333,48.36783927949315,35.469748804961625
2018-09-05 05:00:00,18605.6,297.29,18.94,0.0,0.1748607703333333,80.02187952596043,58.68271165237097
2018-09-05 06:00:00,20106.4,508.33,22.94,0.0,0.1625107916666666,105.50072505520788,77.36719837381911
2018-09-05 07:00:00,22472.800000000003,774.79,25.48,0.0,0.1488893376666666,124.80437586723562,91.52320896930613
2018-09-05 08:00:00,24049.6,959.76,27.64,0.0,0.139122016,137.93283196204356,101.15074343883194
2018-09-05 09:00:00,25271.2,1059.54,29.51,0.5036283131008729,0.133299584,144.88609333963169,106.24980178239656
2018-09-05 10:00:00,26552.800000000003,1059.31,30.47,6.699647695093967,0.1325556356666666,145.66415999999998,106.82038399999998
2018-09-05 11:00:00,27992.800000000003,836.68,31.02,17.909861303488352,0.1418377546666666,140.2670319431485,102.86249009164224
2018-09-05 12:00:00,29293.6,640.42,30.97,21.38118530209644,0.1504405026666666,128.69470916907727,94.3761200573233
2018-09-05 13:00:00,30707.2,649.92,31.17,17.41148330559757,0.149868906,110.94719167778624,81.36127389704323
2018-09-05 14:00:00,32108.800000000003,405.17,30.33,18.946831705805973,0.1612079003333333,87.02447946927535,63.81795161080191
2018-09-05 15:00:00,33284.0,126.16,29.49,53.31482302587039,0.1740417726666666,56.926572543544765,41.74615319859949
2018-09-05 16:00:00,34166.4,0.0,28.02,63.504836630513005,0.180701092,0.0,0.0
2018-09-05 17:00:00,34608.0,0.0,25.87,35.916589956566455,0.182389702,0.0,0.0
2018-09-05 18:00:00,34144.8,0.0,24.3,67.2678916149942,0.18362278,0.0,0.0
2018-09-05 19:00:00,32633.6,0.0,23.61,65.04890739578337,0.1841647059999999,0.0,0.0
2018-09-05 20:00:00,31646.4,0.0,22.14,61.901921723460205,0.185319244,0.0,0.0
2018-09-05 21:00:00,30315.2,0.0,20.84,35.05840076169197,0.186340264,0.0,0.0
2018-09-05 22:00:00,28334.4,0.0,19.35,0.3631007653286469,0.18751051,0.0,0.0
2018-09-05 23:00:00,25756.0,0.0,18.95,28.086033684628543,0.18782467,0.0,0.0
2018-09-06 00:00:00,23504.0,0.0,18.56,0.0,0.188130976,0.0,0.0
2018-09-06 01:00:00,21728.800000000003,0.0,17.51,9.51425003833243,0.188955646,0.0,0.0
2018-09-06 02:00:00,20575.2,0.0,16.75,57.18295250538618,0.18955255,0.0,0.0
2018-09-06 03:00:00,19976.0,0.0,16.09,10.733723352157329,0.1900709139999999,0.0,0.0
2018-09-06 04:00:00,19648.0,63.75,15.94,22.024724912004583,0.187407099,29.32412471075744,21.50435812122212
2018-09-06 05:00:00,19903.2,135.5,16.9,0.0,0.1835224233333333,67.17377958002868,49.260771692021024
2018-09-06 06:00:00,21236.0,193.29,17.6,13.681987302469198,0.180451073,97.63957485420757,71.60235489308553
2018-09-06 07:00:00,23622.4,751.71,19.21,5.7519762177130005,0.1548208529999999,120.72151053329418,88.52910772441572
2018-09-06 08:00:00,24997.6,780.08,21.0,31.236734999608547,0.1521771093333333,136.41958661728845,100.04103018601153
2018-09-06 09:00:00,25581.6,770.22,22.95,10.123701051427236,0.151075804,144.7338031061904,106.13812227787297
2018-09-06 10:00:00,26068.0,680.46,23.98,0.0,0.15418337,145.66415999999998,106.82038399999996
2018-09-06 11:00:00,26251.2,616.58,24.11,0.0,0.1568685653333333,139.21065729871728,102.08781535239264
2018-09-06 12:00:00,26269.6,381.13,23.02,0.0,0.1679981196666666,125.37329500234222,91.94041633505094
2018-09-06 13:00:00,26152.800000000003,546.58,23.45,0.0,0.1604412626666666,104.15207311087488,76.37818694797491
2018-09-06 14:00:00,26011.2,396.95,23.2,0.0,0.1671664683333333,75.54699162431513,55.40112719116443
2018-09-06 15:00:00,25716.800000000003,133.0,22.84,1.121904640472026,0.1789662306666666,39.55805054266317,29.00923706461965
2018-09-06 16:00:00,25410.4,0.0,21.77,0.0,0.1856098419999999,0.0,0.0
2018-09-06 17:00:00,25307.2,0.0,20.4,0.0409654409420031,0.18668584,0.0,0.0
2018-09-06 18:00:00,25327.2,0.0,19.06,0.0,0.187738276,0.0,0.0
2018-09-06 19:00:00,25189.6,0.0,18.22,0.2295850345450262,0.188398012,0.0,0.0
2018-09-06 20:00:00,25329.6,0.0,17.41,11.243193725353054,0.1890341859999999,0.0,0.0
2018-09-06 21:00:00,24933.6,0.0,16.75,27.16289954155443,0.18955255,0.0,0.0
2018-09-06 22:00:00,23615.2,0.0,16.1,34.270172329533565,0.19006306,0.0,0.0
2018-09-06 23:00:00,21782.4,0.0,15.44,81.09711959217496,0.190581424,0.0,0.0
2018-09-07 00:00:00,20068.800000000003,0.0,14.87,64.40771355048928,0.191029102,0.0,0.0
2018-09-07 01:00:00,18799.2,0.0,14.29,62.28406314482876,0.191484634,0.0,0.0
2018-09-07 02:00:00,18011.2,0.0,13.71,57.18295250538618,0.191940166,0.0,0.0
2018-09-07 03:00:00,17560.0,0.0,13.25,28.25412560035021,0.19230145,0.0,0.0
2018-09-07 04:00:00,17409.600000000002,85.94,13.03,29.447807626239133,0.1887243893333333,57.42041147843049,42.10830175084902
2018-09-07 05:00:00,17747.2,323.82,14.25,20.02401348395599,0.177386704,86.12931996043612,63.16150130431981
2018-09-07 06:00:00,19038.4,548.57,15.94,17.281411566980108,0.1662527863333333,109.2375816177441,80.10755985301233
2018-09-07 07:00:00,21357.6,809.69,17.84,16.457152614654024,0.1533669903333333,126.74519645035454,92.94647739692664
2018-09-07 08:00:00,22407.2,955.52,19.25,16.553378970424927,0.1458965273333333,138.65216445826732,101.67825393606267
2018-09-07 09:00:00,22912.800000000003,876.94,20.38,2.221146247416619,0.1484377326666666,144.95848564148247,106.30288947042048
2018-09-07 10:00:00,23372.0,943.28,21.62,8.673038845222669,0.1445692013333333,145.66415999999998,106.82038399999998
2018-09-07 11:00:00,23868.0,718.07,22.27,14.069588536436273,0.1538853543333333,140.76918753381992,103.23073752480126
2018-09-07 12:00:00,24002.4,546.4,22.39,2.6875859327232536,0.1612816406666666,130.27356824294222,95.53395004482428
2018-09-07 13:00:00,24146.4,486.7,22.27,11.71632217358268,0.1639807986666666,114.17730212736691,83.73002156006905
2018-09-07 14:00:00,24496.0,290.62,21.8,0.9334771769053158,0.1729055606666666,92.48038918709392,67.81895207053553
2018-09-07 15:00:00,24695.2,59.34,21.55,3.373131852691815,0.183193428,65.1828294221234,47.80074157622383
2018-09-07 16:00:00,24869.6,0.0,20.81,0.0,0.1863638259999999,0.0,0.0
2018-09-07 17:00:00,25191.2,0.0,19.67,0.0,0.187259182,0.0,0.0
2018-09-07 18:00:00,25366.4,0.0,18.77,0.0,0.187966042,0.0,0.0
2018-09-07 19:00:00,24949.6,0.0,17.81,0.0,0.188720026,0.0,0.0
2018-09-07 20:00:00,24936.0,0.0,16.91,0.0,0.189426886,0.0,0.0
2018-09-07 21:00:00,25007.2,0.0,15.98,0.0,0.1901573079999999,0.0,0.0
2018-09-07 22:00:00,23615.2,0.0,14.91,5.547541619349278,0.1909976859999999,0.0,0.0
2018-09-07 23:00:00,21632.800000000003,0.0,14.03,8.384061253601935,0.191688838,0.0,0.0
2018-09-08 00:00:00,19841.6,0.0,13.68,5.199380068301529,0.1919637279999999,0.0,0.0
2018-09-08 01:00:00,18448.0,0.0,13.72,0.0,0.191932312,0.0,0.0
2018-09-08 02:00:00,17565.600000000002,0.0,13.64,0.0,0.191995144,0.0,0.0
2018-09-08 03:00:00,17072.0,0.0,13.79,9.718828595118834,0.1918773339999999,0.0,0.0
2018-09-08 04:00:00,16897.600000000002,73.74,13.63,4.159949871145995,0.1887854759999999,52.90453436565832,38.796658534816096
2018-09-08 05:00:00,17212.8,309.71,15.34,10.959087989826031,0.1771462843333333,83.08262230704368,60.92725635849868
2018-09-08 06:00:00,18436.0,575.53,17.67,0.0,0.1637176896666666,107.3734501141643,78.74053008372047
2018-09-08 07:00:00,20608.0,807.36,19.23,0.0,0.15237695,125.7770177870203,92.23647971048152
2018-09-08 08:00:00,21717.6,969.26,20.81,0.0,0.1440717813333333,138.2933253256116,101.4151052387818
2018-09-08 09:00:00,22356.0,1062.69,22.13,0.1785694843813954,0.138958391,144.92237272993816,106.27640666862128
2018-09-08 10:00:00,22809.6,1091.79,22.97,0.0,0.1370289249999999,145.66415999999998,106.82038399999996
2018-09-08 11:00:00,23241.6,701.55,23.44,0.0,0.153687259,140.51868713579717,103.04703723291787
2018-09-08 12:00:00,23512.0,829.2,23.43,9.256744030936046,0.1481253179999999,129.48595413732963,94.95636636737504
2018-09-08 13:00:00,23746.4,663.84,23.26,26.1633492370212,0.155474044,112.56596100459744,82.54837140337142
2018-09-08 14:00:00,24003.2,381.82,22.91,28.74009286685464,0.1680544066666666,89.75870773760045,65.82305234090698
2018-09-08 15:00:00,24095.2,140.93,22.12,26.76284060029466,0.1791857063333333,61.06419433633887,44.78040917998183
2018-09-08 16:00:00,24160.0,0.0,20.93,53.536882681225,0.186269578,0.0,0.0
2018-09-08 17:00:00,24319.2,0.0,19.81,43.335243297438055,0.187149226,0.0,0.0
2018-09-08 18:00:00,24364.800000000003,0.0,18.78,44.23183756877833,0.1879581879999999,0.0,0.0
2018-09-08 19:00:00,23880.800000000003,0.0,17.97,41.05849689764306,0.188594362,0.0,0.0
2018-09-08 20:00:00,23848.800000000003,0.0,16.99,44.4583705426984,0.189364054,0.0,0.0
2018-09-08 21:00:00,23679.2,0.0,16.25,42.92737120220664,0.1899452499999999,0.0,0.0
2018-09-08 22:00:00,22560.800000000003,0.0,15.53,45.32116640709847,0.190510738,0.0,0.0
2018-09-08 23:00:00,21044.800000000003,0.0,14.96,59.188817644966505,0.190958416,0.0,0.0
2018-09-09 00:00:00,19388.8,0.0,14.32,64.07363302736884,0.191461072,0.0,0.0
2018-09-09 01:00:00,18051.2,0.0,13.81,44.70878546126428,0.1918616259999999,0.0,0.0
2018-09-09 02:00:00,17169.600000000002,0.0,13.31,40.45174396845951,0.192254326,0.0,0.0
2018-09-09 03:00:00,16613.600000000002,0.0,12.8,28.08525176309067,0.19265488,0.0,0.0
2018-09-09 04:00:00,16339.2,40.57,12.65,37.04585740739184,0.1910024856666666,31.022359773618504,22.74973050065357
2018-09-09 05:00:00,16322.4,25.96,15.19,17.821226860323733,0.1896450526666666,68.31951686466249,50.10097903408582
2018-09-09 06:00:00,16719.2,485.94,17.86,11.006538201291256,0.167477574,98.3405978010476,72.1164383874349
2018-09-09 07:00:00,17312.0,782.75,19.75,2.23189861565754,0.1530423583333333,121.085602582774,88.79610856070092
2018-09-09 08:00:00,18056.0,832.73,21.47,24.59998046635316,0.1495106763333333,136.5545312098415,100.13998955388377
2018-09-09 09:00:00,19159.2,1001.58,22.73,31.543651326046263,0.141153584,144.7473836822502,106.14808136698343
2018-09-09 10:00:00,19875.2,1071.79,23.67,38.48383839191068,0.1373518116666666,145.66415999999998,106.82038399999998
2018-09-09 11:00:00,20324.800000000003,974.36,24.35,14.294992573252276,0.1410689353333333,139.304860163091,102.1568974529334
2018-09-09 12:00:00,20481.6,804.77,24.62,27.3690783098602,0.1482566543333333,125.66948417152317,92.15762172578366
2018-09-09 13:00:00,20591.2,591.65,24.5,46.14202945600121,0.1576500383333333,104.75803202529656,76.8225568185508
2018-09-09 14:00:00,20632.800000000003,247.1,24.09,25.41994339627624,0.1730059173333333,76.57050372441101,56.151702731234735
2018-09-09 15:00:00,20657.6,41.72,23.47,57.06854950456266,0.1824542793333333,41.10689926886676,30.14505946383561
2018-09-09 16:00:00,20776.800000000003,0.0,22.44,47.09135190918752,0.1850836239999999,0.0,0.0
2018-09-09 17:00:00,20992.0,0.0,20.87,52.33805755126706,0.186316702,0.0,0.0
2018-09-09 18:00:00,21234.4,0.0,19.3,51.61766535857647,0.1875497799999999,0.0,0.0
2018-09-09 19:00:00,21203.2,0.0,17.6,8.998770537503903,0.18888496,0.0,0.0
2018-09-09 20:00:00,21545.6,0.0,16.58,24.67872269285228,0.189686068,0.0,0.0
2018-09-09 21:00:00,21672.0,0.0,15.8,8.669935404700178,0.19029868,0.0,0.0
2018-09-09 22:00:00,20838.4,0.0,15.06,7.934762470380355,0.190879876,0.0,0.0
2018-09-09 23:00:00,19608.8,0.0,14.47,8.92335450824444,0.191343262,0.0,0.0
2018-09-10 00:00:00,18339.2,0.0,14.04,103.06923603512716,0.191680984,0.0,0.0
2018-09-10 01:00:00,17175.2,0.0,13.77,22.29453027242873,0.1918930419999999,0.0,0.0
2018-09-10 02:00:00,16416.8,0.0,13.22,0.0,0.192325012,0.0,0.0
2018-09-10 03:00:00,15937.6,0.0,12.48,0.0,0.192906208,0.0,0.0
2018-09-10 04:00:00,15689.6,72.87,12.24,13.756762337909798,0.189915143,53.24794577343117,39.04849356718285
2018-09-10 05:00:00,15646.4,309.07,14.28,22.4961993537253,0.1780067336666666,83.31430946417436,61.09716027372785
2018-09-10 06:00:00,15921.6,573.55,16.27,1.874210426570348,0.1649036436666666,107.51520862705816,78.84448632650931
2018-09-10 07:00:00,16284.8,795.52,18.25,15.778755366885116,0.1536632606666666,125.85064326208268,92.29047172552728
2018-09-10 08:00:00,16800.0,953.62,19.54,22.50953293436857,0.1457516646666666,138.32061336924784,101.43511647078174
2018-09-10 09:00:00,17817.600000000002,1010.81,20.67,30.682861787452765,0.1423687723333333,144.9251189485536,106.27842056227264
2018-09-10 10:00:00,18590.4,1072.8,21.62,27.936516951487334,0.138917812,145.66415999999998,106.82038399999996
2018-09-10 11:00:00,19096.8,986.35,22.44,23.007041120316018,0.1420458856666666,140.53773652358706,103.06100678396382
2018-09-10 12:00:00,19471.2,797.95,22.81,18.001226410628266,0.1499758076666666,129.54584851931477,95.00028891416412
2018-09-10 13:00:00,19800.800000000003,626.12,22.9,23.868144336735725,0.1574026373333333,112.68849598718307,82.63823039060091
2018-09-10 14:00:00,20046.4,297.24,22.82,45.2212198626153,0.1718155999999999,89.96567892719202,65.97483121327414
2018-09-10 15:00:00,20322.4,112.32,21.19,44.76981170966359,0.181164478,61.37739733934168,45.01009138218389
2018-09-10 16:00:00,20722.4,0.0,20.05,47.20400013260597,0.18696073,0.0,0.0
2018-09-10 17:00:00,21369.6,0.0,18.65,50.16997096890643,0.18806029,0.0,0.0
2018-09-10 18:00:00,21927.2,0.0,17.62,45.03573776943462,0.1888692519999999,0.0,0.0
2018-09-10 19:00:00,22091.2,0.0,16.33,17.34809916977006,0.189882418,0.0,0.0
2018-09-10 20:00:00,22700.0,0.0,15.33,6.349008543824425,0.190667818,0.0,0.0
2018-09-10 21:00:00,22823.2,0.0,14.58,3.676437474586111,0.191256868,0.0,0.0
2018-09-10 22:00:00,21593.6,0.0,13.99,5.735068679807856,0.1917202539999999,0.0,0.0
2018-09-10 23:00:00,19913.6,0.0,13.53,0.0,0.192081538,0.0,0.0
2018-09-11 00:00:00,18396.0,0.0,13.07,0.024744654857245,0.192442822,0.0,0.0
2018-09-11 01:00:00,17255.2,0.0,12.45,0.0,0.1929297699999999,0.0,0.0
2018-09-11 02:00:00,16559.2,0.0,11.6,0.0,0.19359736,0.0,0.0
2018-09-11 03:00:00,16237.6,0.0,11.26,0.0,0.193864396,0.0,0.0
2018-09-11 04:00:00,16160.0,79.58,11.16,0.0,0.1904705953333333,54.72014744859078,40.12810812896656
2018-09-11 05:00:00,16570.4,326.61,13.25,2.251906563381524,0.178050367,84.30755026258834,61.82553685923144
2018-09-11 06:00:00,18027.2,581.73,15.37,0.0,0.1652535829999999,108.12292612108078,79.29014582212591
2018-09-11 07:00:00,20292.0,769.43,16.92,0.0,0.1558462363333333,126.16627502406824,92.52193501765002
2018-09-11 08:00:00,21531.2,941.8,18.55,0.0,0.1470449566666666,138.4375969715506,101.52090444580377
2018-09-11 09:00:00,22016.0,1071.07,19.86,0.0,0.1403756016666666,144.93689196352784,106.28705410658706
2018-09-11 10:00:00,22449.6,1018.14,20.91,0.6051798519326035,0.141860444,145.66415999999998,106.82038399999998
2018-09-11 11:00:00,22860.0,985.47,21.56,0.3532855474774369,0.142775435,140.6194010809671,103.12089412604251
2018-09-11 12:00:00,23212.800000000003,603.17,21.8,4.240224497170707,0.1592679623333333,129.8026152064291,95.18858448471468
2018-09-11 13:00:00,23465.6,537.03,22.05,50.30979854252597,0.161957521,113.21380237638608,83.02345507601646
2018-09-11 14:00:00,23918.4,311.25,21.79,0.0,0.172013259,90.8529625908379,66.6255058999478
2018-09-11 15:00:00,24298.4,107.47,21.15,9.1164883704282,0.1814075156666666,62.72009584978475,45.9947369565088
2018-09-11 16:00:00,24672.0,0.0,19.92,11.984156818968032,0.1870628319999999,0.0,0.0
2018-09-11 17:00:00,25042.4,0.0,18.51,21.112119433359297,0.188170246,0.0,0.0
2018-09-11 18:00:00,25037.6,0.0,17.17,54.08363373983817,0.189222682,0.0,0.0
2018-09-11 19:00:00,24802.4,0.0,16.27,37.88331962010481,0.1899295419999999,0.0,0.0
2018-09-11 20:00:00,25274.4,0.0,15.27,20.581917531946623,0.190714942,0.0,0.0
2018-09-11 21:00:00,25029.6,0.0,14.4,22.77803206152591,0.19139824,0.0,0.0
2018-09-11 22:00:00,23488.800000000003,0.0,13.65,31.36308200345831,0.19198729,0.0,0.0
2018-09-11 23:00:00,21421.6,0.0,12.92,22.1975598789154,0.192560632,0.0,0.0
2018-09-12 00:00:00,19617.6,0.0,12.19,18.904426100541613,0.1931339739999999,0.0,0.0
2018-09-12 01:00:00,18280.0,0.0,11.45,5.697758066192307,0.1937151699999999,0.0,0.0
2018-09-12 02:00:00,17439.2,0.0,10.82,0.0,0.194209972,0.0,0.0
2018-09-12 03:00:00,17021.600000000002,0.0,10.24,0.0,0.194665504,0.0,0.0
2018-09-12 04:00:00,16840.8,74.72,9.95,0.0,0.1916329873333333,50.76679010863992,37.22897941300262
2018-09-12 05:00:00,17212.0,271.33,12.96,0.0,0.1806901836666666,81.64036419222687,59.86960040763304
2018-09-12 06:00:00,18574.4,566.78,16.1,5.007254672752389,0.1653325593333333,106.49099996846968,78.09339997687776
2018-09-12 07:00:00,20944.800000000003,800.68,18.86,0.0,0.1529590186666666,125.31869743736846,91.90037812073686
2018-09-12 08:00:00,22126.4,967.06,20.87,0.0,0.1441206506666666,138.1234565989231,101.29053483921024
2018-09-12 09:00:00,22708.800000000003,1058.38,22.42,0.0,0.1389186846666666,144.9052774531336,106.26387013229797
2018-09-12 10:00:00,23132.800000000003,1104.53,23.58,0.0,0.1359939423333333,145.66415999999998,106.82038399999998
2018-09-12 11:00:00,23637.6,832.56,24.49,8.497165597917505,0.147146186,140.40010423952228,102.96007644231634
2018-09-12 12:00:00,24100.800000000003,450.37,24.89,10.49490693640356,0.1635082496666666,129.11311017170044,94.682947459247
2018-09-12 13:00:00,24604.0,516.82,25.0,5.35068908380506,0.1605224206666666,111.80317779653456,81.988997050792
2018-09-12 14:00:00,25124.0,181.36,24.42,9.947242120644624,0.1756151906666666,88.47030711402445,64.87822521695128
2018-09-12 15:00:00,25552.800000000003,17.61,23.68,19.81913791821336,0.183341345,59.11449812417035,43.35063195772493
2018-09-12 16:00:00,26045.6,0.0,22.56,47.24693308030283,0.184989376,0.0,0.0
2018-09-12 17:00:00,26492.0,0.0,20.95,68.06416050389706,0.18625387,0.0,0.0
2018-09-12 18:00:00,26567.2,0.0,20.03,87.88546537520978,0.186976438,0.0,0.0
2018-09-12 19:00:00,26142.4,0.0,19.36,98.10109448697725,0.187502656,0.0,0.0
2018-09-12 20:00:00,26436.0,0.0,18.55,139.79426012498823,0.1881388299999999,0.0,0.0
2018-09-12 21:00:00,26204.0,0.0,17.7,157.46966316455033,0.18880642,0.0,0.0
2018-09-12 22:00:00,24631.2,0.0,16.84,175.62886348681403,0.1894818639999999,0.0,0.0
2018-09-12 23:00:00,22453.6,0.0,16.19,178.93578545137615,0.189992374,0.0,0.0
2018-09-13 00:00:00,20564.0,0.0,15.61,168.3113507876576,0.1904479059999999,0.0,0.0
2018-09-13 01:00:00,19116.0,0.0,15.03,178.90003527129502,0.190903438,0.0,0.0
2018-09-13 02:00:00,18209.6,0.0,14.63,178.52240959834336,0.191217598,0.0,0.0
2018-09-13 03:00:00,17713.600000000002,0.0,14.14,175.67613034070908,0.191602444,0.0,0.0
2018-09-13 04:00:00,17537.600000000002,68.34,13.75,169.88406776368856,0.188926848,42.20286831874357,30.94877010041196
2018-09-13 05:00:00,17916.0,282.25,14.38,157.16085870974757,0.1790984396666666,75.86259837408292,55.63257214099414
2018-09-13 06:00:00,19320.0,363.15,16.23,165.4971969885574,0.174115513,102.9558558527036,75.5009609586493
2018-09-13 07:00:00,21752.800000000003,618.54,18.85,178.48507132955714,0.160914248,123.4826407546057,90.55393655337753
2018-09-13 08:00:00,23100.0,946.87,21.5,154.4644901767276,0.1445068056666666,137.4429530797891,100.7914989251787
2018-09-13 09:00:00,23811.2,1056.33,23.72,127.61243172281854,0.137987113,144.8367928282539,106.21364807405286
2018-09-13 10:00:00,24437.6,1057.26,25.62,76.57061823916025,0.136454274,145.66415999999998,106.82038399999998
2018-09-13 11:00:00,25135.2,64.9,27.33,18.133974260555718,0.1784112146666666,139.92505459502746,102.61170670302012
2018-09-13 12:00:00,25782.4,120.52,28.44,23.576196655552497,0.1751125346666666,127.61947661333626,93.58761618311324
2018-09-13 13:00:00,26344.800000000003,251.49,26.73,66.14623426099703,0.170740911,108.74742605492646,79.74811244027941
2018-09-13 14:00:00,26903.2,370.87,23.27,22.019874270836382,0.1682494476666666,83.30890291979793,61.09319547451848
2018-09-13 15:00:00,27124.800000000003,106.13,21.98,45.02339977493552,0.1808141023333333,51.30390720795085,37.62286528583063
2018-09-13 16:00:00,27200.0,0.0,20.95,43.53062063798781,0.18625387,0.0,0.0
2018-09-13 17:00:00,27532.800000000003,0.0,19.64,15.21735085619576,0.187282744,0.0,0.0
2018-09-13 18:00:00,27964.800000000003,0.0,18.16,0.0,0.1884451359999999,0.0,0.0
2018-09-13 19:00:00,27800.0,0.0,17.01,7.485463687158776,0.189348346,0.0,0.0
2018-09-13 20:00:00,28195.2,0.0,16.24,0.0,0.189953104,0.0,0.0
2018-09-13 21:00:00,27907.2,0.0,15.29,138.67091163836247,0.190699234,0.0,0.0
2018-09-13 22:00:00,26455.2,0.0,14.59,7.54742793833318,0.1912490139999999,0.0,0.0
2018-09-13 23:00:00,24317.6,0.0,14.0,35.06418940563532,0.1917123999999999,0.0,0.0
2018-09-14 00:00:00,22292.800000000003,0.0,13.56,60.430290836479614,0.192057976,0.0,0.0
2018-09-14 01:00:00,20680.0,0.0,13.05,56.82891176812364,0.19245853,0.0,0.0
2018-09-14 02:00:00,19701.6,0.0,12.72,73.45585500788702,0.1927177119999999,0.0,0.0
2018-09-14 03:00:00,19100.0,0.0,12.75,114.4224579406058,0.19269415,0.0,0.0
2018-09-14 04:00:00,18926.4,34.36,12.33,115.55762617140928,0.1915247766666666,51.20689263945465,37.551721268933406
2018-09-14 05:00:00,19238.4,304.49,14.58,136.7130043531063,0.1779709543333333,81.93728532502142,60.08734257168237
2018-09-14 06:00:00,20672.0,573.8,17.05,88.1474454588476,0.1642801233333333,106.67267209373117,78.2266262020695
2018-09-14 07:00:00,23256.800000000003,790.39,19.21,0.0,0.1531331156666666,125.41305294558391,91.96957216009486
2018-09-14 08:00:00,24789.6,947.6,20.54,19.26973953997506,0.1452289373333333,138.1584278805797,101.3161804457584
2018-09-14 09:00:00,25567.2,1050.33,21.54,19.23764135777416,0.139961085,144.90879689871832,106.2664510590601
2018-09-14 10:00:00,26212.0,1001.6,22.28,22.341941084746708,0.1415061413333333,145.66415999999998,106.82038399999998
2018-09-14 11:00:00,27041.6,784.09,22.98,47.22330571476245,0.1504470476666666,140.42451718442464,102.97797926857804
2018-09-14 12:00:00,27905.6,526.94,23.18,16.524723667553662,0.1615102793333333,129.18986845199225,94.73923686479432
2018-09-14 13:00:00,28508.800000000003,252.23,23.34,0.0,0.1733711283333333,111.96021380270288,82.10415678864877
2018-09-14 14:00:00,29303.2,137.41,22.88,0.0,0.1787423916666666,88.7355532365564,65.07273904014136
2018-09-14 15:00:00,29812.800000000003,116.95,22.19,2.77046222839985,0.1801770556666666,59.515886753553005,43.6449836192722
2018-09-14 16:00:00,30110.4,0.0,20.68,14.439191936865422,0.186465928,0.0,0.0
2018-09-14 17:00:00,30287.2,0.0,18.84,13.97479267278126,0.187911064,0.0,0.0
2018-09-14 18:00:00,30179.2,0.0,17.33,1.7503196185979648,0.189097018,0.0,0.0
2018-09-14 19:00:00,29538.4,0.0,15.65,0.5640729031759424,0.19041649,0.0,0.0
2018-09-14 20:00:00,29718.4,0.0,14.67,10.873815354668844,0.1911861819999999,0.0,0.0
2018-09-14 21:00:00,29280.0,0.0,13.94,45.64550321803158,0.191759524,0.0,0.0
2018-09-14 22:00:00,27615.2,0.0,13.3,68.37718369816007,0.19226218,0.0,0.0
2018-09-14 23:00:00,25312.800000000003,0.0,12.81,50.7849007364981,0.192647026,0.0,0.0
2018-09-15 00:00:00,23040.800000000003,0.0,12.5,39.17299312223288,0.1928905,0.0,0.0
2018-09-15 01:00:00,21263.2,0.0,12.25,29.773326411589963,0.19308685,0.0,0.0
2018-09-15 02:00:00,20070.4,0.0,12.26,8.660331862555951,0.193078996,0.0,0.0
2018-09-15 03:00:00,19372.0,0.0,11.96,1.0857146295255975,0.193314616,0.0,0.0
2018-09-15 04:00:00,18991.2,65.4,12.12,0.701982372877388,0.190335332,38.54047797222079,28.26301717962858
2018-09-15 05:00:00,19128.0,133.04,12.73,0.0,0.1869048793333333,73.3917171264512,53.82059255939754
2018-09-15 06:00:00,20409.6,381.52,14.34,0.0,0.1747983746666666,101.44403942084134,74.39229557528365
2018-09-15 07:00:00,22686.4,414.21,16.37,0.0,0.171777639,122.69744485539135,89.97812622728699
2018-09-15 08:00:00,23922.4,808.83,17.77,0.0,0.153459493,137.15193343010114,100.5780845154075
2018-09-15 09:00:00,24981.6,507.77,18.92,0.0,0.1656925343333333,144.80750514497066,106.19217043964515
2018-09-15 10:00:00,26096.0,802.49,19.39,0.0,0.1524637803333333,145.66415999999998,106.82038399999998
2018-09-15 11:00:00,27270.4,879.38,19.53,0.0,0.1489988573333333,139.7218979951891,102.462725196472
2018-09-15 12:00:00,28363.2,526.46,19.85,0.0,0.1641466053333333,126.98071913053798,93.1191940290612
2018-09-15 13:00:00,29388.0,197.77,19.62,0.0,0.1786690876666666,107.44062340604673,78.78979049776758
2018-09-15 14:00:00,30375.2,94.56,19.65,0.0,0.183148922,81.10161082171513,59.474514602591086
2018-09-15 15:00:00,30923.2,30.6,19.48,2.77046222839985,0.186073228,47.96368137754342,35.17336634353184
2018-09-15 16:00:00,31412.0,0.0,18.91,6.299050803939006,0.187856086,0.0,0.0
2018-09-15 17:00:00,31812.0,0.0,17.81,11.445319685222652,0.188720026,0.0,0.0
2018-09-15 18:00:00,31650.4,0.0,17.06,6.217646104296298,0.189309076,0.0,0.0
2018-09-15 19:00:00,30520.800000000003,0.0,16.33,1.9247299831421725,0.189882418,0.0,0.0
2018-09-15 20:00:00,29955.2,0.0,15.16,0.0,0.190801336,0.0,0.0
2018-09-15 21:00:00,29154.4,0.0,14.05,0.0,0.19167313,0.0,0.0
2018-09-15 22:00:00,27599.2,0.0,13.18,0.0,0.1923564279999999,0.0,0.0
2018-09-15 23:00:00,25564.0,0.0,12.67,0.0,0.192756982,0.0,0.0
2018-09-16 00:00:00,23443.2,0.0,12.11,0.0,0.193196806,0.0,0.0
2018-09-16 01:00:00,21616.0,0.0,11.78,0.0,0.193455988,0.0,0.0
2018-09-16 02:00:00,20312.0,0.0,11.7,0.0,0.19351882,0.0,0.0
2018-09-16 03:00:00,19445.6,0.0,11.94,0.73811882560801,0.193330324,0.0,0.0
2018-09-16 04:00:00,18937.6,70.9,12.36,0.3877961460946114,0.1899068526666666,55.55312247102524,40.73895647875185
2018-09-16 05:00:00,18752.0,313.76,13.89,6.503440699424045,0.1781083993333333,84.86952814259041,62.237653971232966
2018-09-16 06:00:00,19106.4,563.03,16.51,6.098310254468683,0.1651741703333333,108.46677404746114,79.54230096813816
2018-09-16 07:00:00,19708.800000000003,787.3,18.23,0.0,0.1540376346666666,126.34486018563751,92.65289746946748
2018-09-16 08:00:00,20509.6,943.24,19.84,0.0,0.1459689586666666,138.50378655711944,101.56944347522092
2018-09-16 09:00:00,22220.800000000003,994.96,21.24,4.740181491655435,0.1426126826666666,144.94355316190695,106.2919389853984
2018-09-16 10:00:00,24009.6,798.79,22.33,7.235490493647776,0.1503161476666666,145.66415999999998,106.82038399999996
2018-09-16 11:00:00,25665.6,787.33,23.46,8.320284641653629,0.1499286836666666,140.66560707139865,103.15477851902564
2018-09-16 12:00:00,27098.4,715.13,23.89,11.419091975963203,0.1527412883333333,129.94789437610288,95.29512254247544
2018-09-16 13:00:00,28192.800000000003,629.44,23.77,29.220104800715827,0.1565744766666666,113.51102191411276,83.24141607034933
2018-09-16 14:00:00,29006.4,360.33,23.16,26.23909864368052,0.168795737,91.35498968542808,66.99365910264726
2018-09-16 15:00:00,29624.800000000003,90.73,22.4,67.30553295414421,0.1811561876666666,63.47979769004911,46.55185163936935
2018-09-16 16:00:00,30061.6,0.0,21.22,67.46368113123874,0.186041812,0.0,0.0
2018-09-16 17:00:00,30322.4,0.0,19.72,86.02389809711055,0.187219912,0.0,0.0
2018-09-16 18:00:00,30014.4,0.0,18.29,79.2781579457799,0.188343034,0.0,0.0
2018-09-16 19:00:00,29140.0,0.0,17.56,95.49420444808402,0.188916376,0.0,0.0
2018-09-16 20:00:00,28848.0,0.0,16.89,141.8542899999377,0.189442594,0.0,0.0
2018-09-16 21:00:00,28195.2,0.0,16.19,173.56793652358854,0.189992374,0.0,0.0
2018-09-16 22:00:00,26799.2,0.0,15.28,178.88335427848662,0.190707088,0.0,0.0
2018-09-16 23:00:00,24983.2,0.0,14.91,145.8545036052844,0.1909976859999999,0.0,0.0
2018-09-17 00:00:00,23120.800000000003,0.0,14.39,120.09440767115424,0.191406094,0.0,0.0
2018-09-17 01:00:00,21458.4,0.0,13.91,170.7004544633223,0.191783086,0.0,0.0
2018-09-17 02:00:00,20243.2,0.0,13.36,173.16383462367938,0.1922150559999999,0.0,0.0
2018-09-17 03:00:00,19394.4,0.0,12.6,156.60045736196176,0.19281196,0.0,0.0
2018-09-17 04:00:00,18900.0,67.89,12.09,178.2033249968099,0.190250247,57.31919544164992,42.03407665720994
2018-09-17 05:00:00,18664.0,308.57,13.81,175.2865394498057,0.1783976883333333,86.0610331904368,63.11142433965365
2018-09-17 06:00:00,18837.6,566.47,16.28,178.421656886693,0.1652047136666666,109.1958001435989,80.07692010530585
2018-09-17 07:00:00,19277.6,780.69,18.41,166.91008677768002,0.154184679,126.72349630113632,92.93056395416662
2018-09-17 08:00:00,19888.800000000003,936.39,20.0,140.7811542111407,0.146142183,138.64412166304896,101.67235588623588
2018-09-17 09:00:00,21307.2,932.16,21.76,78.32949921668971,0.144944448,144.95767622933687,106.30229590151367
2018-09-17 10:00:00,22701.6,644.71,22.8,134.62298263498244,0.1566700336666666,145.66415999999998,106.82038399999996
2018-09-17 11:00:00,23862.4,365.47,23.3,97.18411873369008,0.1684615056666666,140.7635729750384,103.2266201816948
2018-09-17 12:00:00,24778.4,371.3,23.03,159.5383972203402,0.1684191813333333,130.255915154452,95.52100444659813
2018-09-17 13:00:00,25838.4,431.63,22.6,162.14369917052832,0.1661245043333333,114.14118653824092,83.70353679471
2018-09-17 14:00:00,26842.4,87.15,22.19,130.1520886322675,0.181477329,92.419387126405,67.77421722603034
2018-09-17 15:00:00,27808.800000000003,70.88,21.72,115.70947654634963,0.1825563813333333,65.09051691894446,47.73304574055927
2018-09-17 16:00:00,28613.6,0.0,20.82,88.21973986336288,0.1863559719999999,0.0,0.0
2018-09-17 17:00:00,29342.4,0.0,19.89,81.41948341504117,0.187086394,0.0,0.0
2018-09-17 18:00:00,29644.0,0.0,18.25,117.400924367995,0.1883744499999999,0.0,0.0
2018-09-17 19:00:00,29184.0,0.0,18.21,63.30844703494906,0.1884058659999999,0.0,0.0
2018-09-17 20:00:00,29191.2,0.0,17.43,166.88351356820618,0.189018478,0.0,0.0
2018-09-17 21:00:00,28580.800000000003,0.0,16.72,177.8986907902097,0.189576112,0.0,0.0
2018-09-17 22:00:00,26888.800000000003,0.0,16.15,176.7254447989333,0.19002379,0.0,0.0
2018-09-17 23:00:00,24682.4,0.0,15.22,139.21925078568026,0.1907542119999999,0.0,0.0
2018-09-18 00:00:00,22612.800000000003,0.0,14.88,160.69238005931078,0.1910212479999999,0.0,0.0
2018-09-18 01:00:00,21036.800000000003,0.0,14.07,172.46072350311658,0.191657422,0.0,0.0
2018-09-18 02:00:00,19981.6,0.0,13.45,139.64136718799733,0.1921443699999999,0.0,0.0
2018-09-18 03:00:00,19378.4,0.0,13.04,145.639347892811,0.1924663839999999,0.0,0.0
2018-09-18 04:00:00,19256.0,78.16,12.83,123.08136006872212,0.1892209366666666,71.81312515930078,52.66295845015389
2018-09-18 05:00:00,19719.2,321.22,13.88,154.2321079447912,0.1777907486666666,95.83955916810544,70.28234338994397
2018-09-18 06:00:00,21278.4,564.29,15.66,92.4598821526976,0.1657867823333333,115.17882189610148,84.4644693904744
2018-09-18 07:00:00,23900.800000000003,576.51,17.32,98.77233472811156,0.163949819,129.830913343289,95.20933645174526
2018-09-18 08:00:00,25347.2,689.0,19.17,82.1725526543271,0.1575885153333333,139.79583350966791,102.51694457375646
2018-09-18 09:00:00,26064.0,546.09,20.79,70.57715328276298,0.162551807,145.07358239523825,106.38729375650804
2018-09-18 10:00:00,26664.800000000003,726.63,21.71,100.54590855686467,0.153951677,145.66415999999998,106.82038399999998
2018-09-18 11:00:00,27214.4,467.82,22.36,101.25880885016892,0.1647339099999999,141.56756632395314,103.8162153042323
2018-09-18 12:00:00,27631.2,192.37,22.51,153.29328081829402,0.1766349016666666,132.78380136709774,97.374787669205
2018-09-18 13:00:00,27984.0,223.85,22.57,142.0496370334511,0.1752142003333333,119.31286512943376,87.49610109491809
2018-09-18 14:00:00,28368.800000000003,189.07,22.15,89.5598806424248,0.1770616356666666,101.15475761096116,74.18015558137151
2018-09-18 15:00:00,28651.2,103.07,21.22,75.34309234577643,0.1815445243333333,78.30947881168004,57.42695112856535
2018-09-18 16:00:00,28862.4,0.0,19.67,97.31490571836537,0.187259182,0.0,0.0
2018-09-18 17:00:00,29207.2,0.0,18.26,95.86711434617898,0.188366596,0.0,0.0
2018-09-18 18:00:00,29413.6,0.0,17.29,157.6728536590715,0.189128434,0.0,0.0
2018-09-18 19:00:00,29020.0,0.0,16.6,178.6040931227205,0.18967036,0.0,0.0
2018-09-18 20:00:00,29340.0,0.0,15.76,177.96210523307337,0.190330096,0.0,0.0
2018-09-18 21:00:00,28812.800000000003,0.0,14.95,177.4828297601958,0.19096627,0.0,0.0
2018-09-18 22:00:00,27168.0,0.0,14.12,177.98876330224925,0.191618152,0.0,0.0
2018-09-18 23:00:00,24893.6,0.0,13.42,171.34740058411646,0.1921679319999999,0.0,0.0
2018-09-19 00:00:00,22821.6,0.0,12.78,135.2645704717495,0.192670588,0.0,0.0
2018-09-19 01:00:00,21213.6,0.0,12.12,128.74992753401338,0.193188952,0.0,0.0
2018-09-19 02:00:00,20182.4,0.0,11.44,123.51013189622196,0.193723024,0.0,0.0
2018-09-19 03:00:00,19619.2,0.0,10.94,146.5635306593427,0.194115724,0.0,0.0
2018-09-19 04:00:00,19367.2,84.24,10.54,143.7005704089005,0.1907542119999999,57.61519129253268,42.25114028119064
2018-09-19 05:00:00,19752.800000000003,340.91,12.01,169.91729639834566,0.1784003063333333,86.26073079995497,63.25786925330031
2018-09-19 06:00:00,21197.6,600.85,14.31,144.5394934207657,0.1652518376666666,109.3179857515728,80.16652288448671
2018-09-19 07:00:00,23838.4,821.2,16.67,138.2140876180143,0.1537836886666666,126.78695614738626,92.97710117474992
2018-09-19 08:00:00,25356.800000000003,976.13,18.87,156.18915451021525,0.1452956963333333,138.66764198739529,101.68960412408988
2018-09-19 09:00:00,26060.800000000003,1059.07,20.76,146.63950433807128,0.1401923416666666,144.96004327159986,106.30403173250656
2018-09-19 10:00:00,26673.6,1070.45,22.24,132.7040138300319,0.1385334023333333,145.66415999999998,106.82038399999996
2018-09-19 11:00:00,27500.800000000003,956.05,23.32,139.06467277746793,0.1426768236666666,140.7799921725957,103.23866092657016
2018-09-19 12:00:00,28285.6,728.52,23.95,125.306199607356,0.1521099139999999,130.307539789387,95.5588625122171
2018-09-19 13:00:00,28921.6,582.73,24.13,159.03921608598586,0.1583298456666666,114.24680285037388,83.78098875694083
2018-09-19 14:00:00,29484.0,336.7,23.74,120.86256981454396,0.1693712606666666,92.59778135555624,67.90503966074124
2018-09-19 15:00:00,29866.4,82.59,22.76,132.78738242563,0.181228619,65.36047530493428,47.93101522361848
2018-09-19 16:00:00,30172.800000000003,0.0,20.67,147.0773076624044,0.186473782,0.0,0.0
2018-09-19 17:00:00,30442.4,0.0,18.97,173.07947195728843,0.187808962,0.0,0.0
2018-09-19 18:00:00,30407.2,0.0,17.72,166.74174937496392,0.188790712,0.0,0.0
2018-09-19 19:00:00,29841.6,0.0,16.67,143.53665783349155,0.189615382,0.0,0.0
2018-09-19 20:00:00,30030.4,0.0,15.59,145.52052006468028,0.190463614,0.0,0.0
2018-09-19 21:00:00,29384.0,0.0,14.61,131.92100123882972,0.191233306,0.0,0.0
2018-09-19 22:00:00,27686.4,0.0,13.67,158.02699744025753,0.191971582,0.0,0.0
2018-09-19 23:00:00,25402.4,0.0,12.81,157.4697601470667,0.192647026,0.0,0.0
2018-09-20 00:00:00,23245.6,0.0,12.03,153.55227262814762,0.1932596379999999,0.0,0.0
2018-09-20 01:00:00,21551.2,0.0,11.26,172.01730731565124,0.193864396,0.0,0.0
2018-09-20 02:00:00,20442.4,0.0,10.43,147.84606382370637,0.194516278,0.0,0.0
2018-09-20 03:00:00,19817.6,0.0,9.54,131.953029714847,0.195215284,0.0,0.0
2018-09-20 04:00:00,19532.0,84.29,8.8,157.71476222893995,0.1921186263333333,57.9859993520014,42.52306619146768
2018-09-20 05:00:00,19871.2,342.22,11.01,136.09356489850535,0.1791285466666666,86.5109014791896,63.441327751405694
2018-09-20 06:00:00,21236.800000000003,596.29,15.13,103.58559519768583,0.1648067776666666,109.47105346536908,80.27877254127063
2018-09-20 07:00:00,23836.800000000003,813.65,17.61,95.01200737690183,0.1533748443333333,126.86645531053988,93.03540056106256
2018-09-20 08:00:00,25184.800000000003,979.02,19.74,84.20964616416502,0.144486298,138.697107014702,101.71121181078144
2018-09-20 09:00:00,25891.2,1052.71,21.6,40.01550751790587,0.1398101136666666,144.96300857785536,106.30620629042724
2018-09-20 10:00:00,26785.6,1064.41,23.07,42.22596939849438,0.1381450656666666,145.66415999999998,106.82038399999996
2018-09-20 11:00:00,27863.2,947.91,24.16,55.626958952014135,0.142372263,140.80056128113594,103.25374493949968
2018-09-20 12:00:00,28944.0,715.34,24.78,45.08403203186227,0.1520331193333333,130.37221242126316,95.6062891089263
2018-09-20 13:00:00,30034.4,589.58,24.98,77.95609228319832,0.1573633673333333,114.37911342038171,83.87801650827991
2018-09-20 14:00:00,31153.6,338.25,24.63,110.6350724673406,0.168604623,92.8212642784915,68.06892713756042
2018-09-20 15:00:00,32121.6,80.99,23.74,102.26462058841297,0.1805287403333333,65.69866499559264,48.179020996767925
2018-09-20 16:00:00,32925.6,0.0,21.71,103.45688727570396,0.1856569659999999,0.0,0.0
2018-09-20 17:00:00,33561.6,0.0,19.85,141.22397638069376,0.18711781,0.0,0.0
2018-09-20 18:00:00,33572.0,0.0,18.36,174.42780775898055,0.1882880559999999,0.0,0.0
2018-09-20 19:00:00,32515.2,0.0,17.08,178.03902449133616,0.189293368,0.0,0.0
2018-09-20 20:00:00,32164.800000000003,0.0,15.68,160.93791554502386,0.190392928,0.0,0.0
2018-09-20 21:00:00,31055.2,0.0,14.7,135.2621337860265,0.1911626199999999,0.0,0.0
2018-09-20 22:00:00,28992.0,0.0,13.76,105.6859576766129,0.191900896,0.0,0.0
2018-09-20 23:00:00,26468.0,0.0,12.85,65.73727717386433,0.19261561,0.0,0.0
2018-09-21 00:00:00,23996.800000000003,0.0,11.94,95.74779554405949,0.193330324,0.0,0.0
2018-09-21 01:00:00,22080.0,0.0,11.42,92.14393129872283,0.1937387319999999,0.0,0.0
2018-09-21 02:00:00,20808.0,0.0,10.95,64.84343781212847,0.19410787,0.0,0.0
2018-09-21 03:00:00,20021.6,0.0,10.59,45.26562573227893,0.194390614,0.0,0.0
2018-09-21 04:00:00,19568.8,58.81,10.31,109.61133714779837,0.1920444496666666,46.096859934840985,33.80436395221671
2018-09-21 05:00:00,19793.6,171.39,13.08,92.9065836229038,0.184956651,78.48973255484697,57.55913720688777
2018-09-21 06:00:00,21019.2,539.66,17.11,96.0250200669827,0.1657226413333333,104.56327613119448,76.6797358295426
2018-09-21 07:00:00,23325.6,814.74,19.56,76.19924793851175,0.151795754,124.31749066388358,91.16615982018126
2018-09-21 08:00:00,24583.2,632.53,21.54,70.13274302450529,0.1581910916666666,137.7523761529142,101.01840917880372
2018-09-21 09:00:00,25698.4,947.92,23.2,42.66470617954714,0.1431258106666666,144.86793259828633,106.23648390540995
2018-09-21 10:00:00,26932.800000000003,994.8,24.45,22.06181769379637,0.14009853,145.66415999999998,106.82038399999996
2018-09-21 11:00:00,28284.800000000003,1002.9,25.29,36.11026404167322,0.139085364,140.1410583580552,102.7701094625738
2018-09-21 12:00:00,29596.0,693.56,25.65,32.60644332333619,0.1523001553333333,128.29862767245194,94.0856602931314
2018-09-21 13:00:00,30820.0,574.63,25.64,27.17291601706891,0.1574973216666666,110.13686794319024,80.76703649167283
2018-09-21 14:00:00,32020.0,323.36,25.18,50.90322546782525,0.1688223533333333,85.65577917027002,62.814238058198
2018-09-21 15:00:00,32795.200000000004,73.77,24.33,73.6175794152709,0.180380387,54.85536135369141,40.22726499270703
2018-09-21 16:00:00,33435.200000000004,0.0,22.5,101.50042866678554,0.1850365,0.0,0.0
2018-09-21 17:00:00,33913.6,0.0,20.71,122.41355058410268,0.186442366,0.0,0.0
2018-09-21 18:00:00,33806.4,0.0,20.95,58.22511450303072,0.18625387,0.0,0.0
2018-09-21 19:00:00,32584.0,0.0,16.35,52.30414397758853,0.18986671,0.0,0.0
2018-09-21 20:00:00,32224.800000000003,0.0,15.08,19.15445005833849,0.190864168,0.0,0.0
2018-09-21 21:00:00,31224.0,0.0,13.94,8.652575534277489,0.191759524,0.0,0.0
2018-09-21 22:00:00,29208.800000000003,0.0,13.27,21.955446057606487,0.1922857419999999,0.0,0.0
2018-09-21 23:00:00,26613.6,0.0,12.89,0.0,0.192584194,0.0,0.0
2018-09-22 00:00:00,24223.2,0.0,12.66,0.0,0.192764836,0.0,0.0
2018-09-22 01:00:00,22284.800000000003,0.0,12.45,0.0,0.1929297699999999,0.0,0.0
2018-09-22 02:00:00,21048.0,0.0,12.03,0.0,0.1932596379999999,0.0,0.0
2018-09-22 03:00:00,20217.6,0.0,11.53,11.764497480892643,0.1936523379999999,0.0,0.0
2018-09-22 04:00:00,19782.4,69.77,11.01,0.0,0.1910164483333333,56.46608295965839,41.40846083708282
2018-09-22 05:00:00,19961.6,330.87,14.12,0.0,0.177181191,85.48546930061964,62.689344153787744
2018-09-22 06:00:00,21092.800000000003,583.57,18.57,0.0,0.1626600176666666,108.84363957455248,79.81866902133848
2018-09-22 07:00:00,23324.800000000003,802.37,21.09,6.574199294872052,0.1511338363333333,126.54059378145698,92.79643543973512
2018-09-22 08:00:00,24414.4,959.27,23.18,0.0725955806889115,0.1426462803333333,138.57633192133306,101.62264340897758
2018-09-22 09:00:00,25256.800000000003,1039.5,24.77,0.1116311027043107,0.137896792,144.95085399418073,106.29729292906586
2018-09-22 10:00:00,26030.4,1050.0,25.76,2.885615328372842,0.1366610959999999,145.66415999999998,106.82038399999998
2018-09-22 11:00:00,26836.800000000003,940.8,26.32,8.392517674420201,0.1409860319999999,140.71624993879087,103.19191662177997
2018-09-22 12:00:00,27656.800000000003,701.44,26.5,10.72678607153621,0.1512887346666666,130.10712381055333,95.41189079440576
2018-09-22 13:00:00,28543.2,565.9,26.38,0.2159298441558433,0.1572970446666666,113.83678161528742,83.48030651787744
2018-09-22 14:00:00,29462.4,319.03,25.82,19.309294768470483,0.1685086296666666,91.90522335299303,67.3971637921949
2018-09-22 15:00:00,30208.800000000003,68.94,24.8,20.774749081442813,0.180221998,64.31244902367037,47.16246261735827
2018-09-22 16:00:00,30823.2,0.0,22.83,41.49855203477717,0.184777318,0.0,0.0
2018-09-22 17:00:00,31136.800000000003,0.0,21.37,15.948749049137854,0.185924002,0.0,0.0
2018-09-22 18:00:00,30822.4,0.0,19.48,7.357467980531393,0.187408408,0.0,0.0
2018-09-22 19:00:00,29653.6,0.0,17.64,10.076871376531368,0.1888535439999999,0.0,0.0
2018-09-22 20:00:00,29314.4,0.0,16.3,11.50788022733728,0.1899059799999999,0.0,0.0
2018-09-22 21:00:00,28219.2,0.0,15.14,8.514698976123297,0.190817044,0.0,0.0
2018-09-22 22:00:00,26658.4,0.0,14.53,7.19832345961693,0.191296138,0.0,0.0
2018-09-22 23:00:00,24700.800000000003,0.0,14.95,4.00408267737506,0.19096627,0.0,0.0
2018-09-23 00:00:00,22693.6,0.0,15.35,2.594820451084848,0.19065211,0.0,0.0
2018-09-23 01:00:00,20889.6,0.0,14.3,4.653496927442175,0.19147678,0.0,0.0
2018-09-23 02:00:00,19626.4,0.0,13.61,10.323190299134142,0.1920187059999999,0.0,0.0
2018-09-23 03:00:00,18793.6,0.0,13.37,12.125087568710596,0.192207202,0.0,0.0
2018-09-23 04:00:00,18244.8,69.22,13.38,12.41482435159193,0.1891790486666666,56.99472691657028,41.79613307215153
2018-09-23 05:00:00,18054.4,333.66,14.87,8.63388594263482,0.176470404,85.84212610566163,62.95089247748518
2018-09-23 06:00:00,18312.8,592.84,18.52,12.551956872003638,0.1622948066666666,109.06186115801174,79.97869818254193
2018-09-23 07:00:00,18933.6,803.97,21.33,0.0,0.1508755269999999,126.65393207362068,92.8795501873218
2018-09-23 08:00:00,19767.2,953.97,23.32,10.191028132684238,0.1427675809999999,138.61833885248836,101.65344849182478
2018-09-23 09:00:00,21395.2,1039.39,24.83,6.880148826850165,0.1378544676666666,144.9550814946148,106.30039309605084
2018-09-23 10:00:00,22985.6,1042.08,25.96,10.802152851861605,0.136849592,145.66415999999998,106.82038399999996
2018-09-23 11:00:00,24392.800000000003,940.39,26.67,6.895209150889596,0.1407290316666666,140.745574368644,103.21342120367224
2018-09-23 12:00:00,25780.0,680.6,27.1,8.047290981005204,0.1517268133333333,130.19932460054673,95.47950470706758
2018-09-23 13:00:00,27130.4,565.69,27.07,37.38398391986535,0.1567642816666666,114.02541069570827,83.61863451018604
2018-09-23 14:00:00,28406.4,360.72,26.58,25.772555156774363,0.1660926519999999,92.2238326541285,67.63081061302756
2018-09-23 15:00:00,29604.800000000003,65.35,25.55,31.89726473409586,0.1797895916666666,64.79459047580761,47.51603301559224
2018-09-23 16:00:00,30625.6,0.0,23.48,43.05304842055303,0.184266808,0.0,0.0
2018-09-23 17:00:00,31328.0,0.0,21.79,47.478418223962926,0.185594134,0.0,0.0
2018-09-23 18:00:00,31356.0,0.0,20.19,53.15036492380739,0.186850774,0.0,0.0
2018-09-23 19:00:00,30232.0,0.0,21.26,51.62585431979903,0.186010396,0.0,0.0
2018-09-23 20:00:00,29452.800000000003,0.0,19.72,69.69259999696553,0.187219912,0.0,0.0
2018-09-23 21:00:00,28205.6,0.0,17.58,59.021231856751946,0.188900668,0.0,0.0
2018-09-23 22:00:00,26601.6,0.0,16.32,33.836772617582454,0.1898902719999999,0.0,0.0
2018-09-23 23:00:00,24720.0,0.0,15.38,13.874147551110148,0.190628548,0.0,0.0
2018-09-24 00:00:00,22734.4,0.0,14.43,24.32697165218652,0.191374678,0.0,0.0
2018-09-24 01:00:00,20942.4,0.0,13.5,16.707826658380682,0.1921051,0.0,0.0
2018-09-24 02:00:00,19712.800000000003,0.0,12.6,3.599576557368544,0.19281196,0.0,0.0
2018-09-24 03:00:00,18841.6,0.0,11.87,3.1469239217365987,0.193385302,0.0,0.0
2018-09-24 04:00:00,18334.4,64.7,11.33,0.2114908814572101,0.1909863413333333,57.36046912833044,42.06434402744232
2018-09-24 05:00:00,18054.4,325.76,13.96,0.0,0.1775298213333333,86.08887904213208,63.13184463089687
2018-09-24 06:00:00,18208.8,584.52,19.53,1.3416506377294584,0.161864582,109.212837715191,80.08941432447341
2018-09-24 07:00:00,18540.8,797.77,22.81,15.154392534228997,0.1499836616666666,126.73234514750732,92.93705310817202
2018-09-24 08:00:00,19098.4,946.5,25.26,39.63432682959003,0.141569846,138.64740133908091,101.67476098199268
2018-09-24 09:00:00,20767.2,1017.13,26.96,69.87349057413896,0.1371528436666666,144.9580062899118,106.30253794593531
2018-09-24 10:00:00,22784.0,1018.48,28.16,108.75886082927636,0.1361514586666666,145.66415999999998,106.82038399999998
2018-09-24 11:00:00,24880.0,912.77,28.94,130.67212100763183,0.1401513263333333,140.7658624693455,103.22829914418668
2018-09-24 12:00:00,26973.6,666.73,29.35,91.42040535847352,0.1505648576666666,130.2631136979483,95.52628337849542
2018-09-24 13:00:00,28990.4,553.81,29.33,48.94263600985208,0.1555076416666667,114.15591368580846,83.7143367029262
2018-09-24 14:00:00,30778.4,302.33,28.81,69.2765389405118,0.1668889603333333,92.44426243292584,67.79245911747896
2018-09-24 15:00:00,32248.800000000003,58.14,27.61,73.46246194181211,0.178486264,65.12815993930063,47.7606506221538
2018-09-24 16:00:00,33413.6,0.0,25.67,42.64390949120206,0.182546782,0.0,0.0
2018-09-24 17:00:00,34188.0,0.0,22.93,76.33316867074625,0.1846987779999999,0.0,0.0
2018-09-24 18:00:00,34457.6,0.0,19.38,65.23114360537109,0.187486948,0.0,0.0
2018-09-24 19:00:00,33504.0,0.0,17.74,62.628072253058015,0.188775004,0.0,0.0
2018-09-24 20:00:00,33108.8,0.0,16.75,20.21537968824453,0.18955255,0.0,0.0
2018-09-24 21:00:00,31804.0,0.0,16.38,33.4343042669327,0.189843148,0.0,0.0
2018-09-24 22:00:00,29673.6,0.0,16.54,120.07946024082544,0.189717484,0.0,0.0
2018-09-24 23:00:00,27096.800000000003,0.0,18.16,173.7772247938241,0.1884451359999999,0.0,0.0
2018-09-25 00:00:00,24650.4,0.0,19.9,177.78741547553778,0.18707854,0.0,0.0
2018-09-25 01:00:00,22742.4,0.0,19.05,160.86522714903614,0.1877461299999999,0.0,0.0
2018-09-25 02:00:00,21436.0,0.0,18.37,160.77783377901042,0.1882802019999999,0.0,0.0
2018-09-25 03:00:00,20667.2,0.0,17.95,128.22016053857237,0.18861007,0.0,0.0
2018-09-25 04:00:00,20227.2,47.84,17.7,142.41515201467607,0.1867190013333333,51.77459467355382,37.96803609393948
2018-09-25 05:00:00,20485.6,299.96,18.01,141.56699141813064,0.1754746913333333,82.32029319080772,60.36821500659233
2018-09-25 06:00:00,21889.6,554.17,20.03,93.28892507071164,0.1627961536666666,106.90701665625645,78.39847888125473
2018-09-25 07:00:00,24240.0,781.72,22.37,91.50357998903895,0.1510295526666666,125.53476506990008,92.05882771792672
2018-09-25 08:00:00,25731.2,934.72,23.78,116.85948310215078,0.1432462386666666,138.20353843173854,101.34926151660828
2018-09-25 09:00:00,27025.6,1017.81,24.73,147.85579844378253,0.138874615,144.91333674177184,106.26978027729936
2018-09-25 10:00:00,28621.6,1033.99,25.37,149.35722114749822,0.1376659716666666,145.66415999999998,106.82038399999998
2018-09-25 11:00:00,30376.0,931.93,25.69,135.46622136882422,0.1418678616666666,140.456008206423,103.00107268471018
2018-09-25 12:00:00,32103.2,708.91,25.72,157.75399165679457,0.1515754056666666,129.2888813610408,94.81184633142992
2018-09-25 13:00:00,33858.4,567.33,25.36,176.77147512574516,0.158035757,112.16277946385355,82.25270494015926
2018-09-25 14:00:00,35578.4,309.35,24.32,167.48727822360536,0.1701091003333333,89.07770251486104,65.3236485108981
2018-09-25 15:00:00,36818.4,55.12,22.07,158.62563414510564,0.1829691526666666,60.03365051406348,44.02467704364656
2018-09-25 16:00:00,37735.2,0.0,18.93,160.0188607290428,0.187840378,0.0,0.0
2018-09-25 17:00:00,38157.6,0.0,16.32,177.78935512586435,0.1898902719999999,0.0,0.0
2018-09-25 18:00:00,37770.4,0.0,14.54,147.64635257695818,0.191288284,0.0,0.0
2018-09-25 19:00:00,36317.6,0.0,13.02,175.60145380313662,0.192482092,0.0,0.0
2018-09-25 20:00:00,35776.0,0.0,12.19,173.00032210115057,0.1931339739999999,0.0,0.0
2018-09-25 21:00:00,33942.4,0.0,11.73,171.42327728032825,0.193495258,0.0,0.0
2018-09-25 22:00:00,31327.2,0.0,11.37,178.61884658801665,0.193778002,0.0,0.0
2018-09-25 23:00:00,28308.0,0.0,11.28,178.8608058434404,0.193848688,0.0,0.0
2018-09-26 00:00:00,25583.2,0.0,11.13,178.82834094609964,0.193966498,0.0,0.0
2018-09-26 01:00:00,23473.6,0.0,11.06,177.2151458923161,0.1940214759999999,0.0,0.0
2018-09-26 02:00:00,21991.2,0.0,10.85,178.7871233766603,0.1941864099999999,0.0,0.0
2018-09-26 03:00:00,21081.6,0.0,10.68,178.79556085558082,0.194319928,0.0,0.0
2018-09-26 04:00:00,20646.4,4.64,10.56,178.35586637217935,0.1942117173333333,38.48851408776455,28.224910331027328
2018-09-26 05:00:00,20854.4,25.96,10.58,178.51729377060707,0.1932657466666666,73.35665898804743,53.79488325790143
2018-09-26 06:00:00,22116.0,60.27,10.56,173.86789132377586,0.191784395,101.42258898903282,74.37656525862404
2018-09-26 07:00:00,24654.4,93.64,10.97,177.81288550888866,0.1900063366666667,122.68630409072082,89.96995633319526
2018-09-26 08:00:00,25959.2,116.82,11.3,178.52434924866992,0.188735734,137.14780429311136,100.57505648161498
2018-09-26 09:00:00,26775.2,92.71,11.48,178.81960039681536,0.1896463616666666,144.8070895962044,106.19186570388322
2018-09-26 10:00:00,27688.800000000003,109.39,11.93,177.21230915371348,0.1885651276666666,145.66415999999998,106.82038399999998
2018-09-26 11:00:00,28790.4,71.38,12.55,178.79259076601804,0.1897366826666666,139.71901550449817,102.46061136996528
2018-09-26 12:00:00,29956.800000000003,74.17,12.3,178.85544755941328,0.1898112956666666,126.97165610969884,93.11254781377912
2018-09-26 13:00:00,31256.800000000003,59.34,11.88,178.83762702203805,0.1907882459999999,107.4220818156021,78.77619333144153
2018-09-26 14:00:00,32620.800000000003,76.95,11.53,178.82560119001337,0.190294753,81.07029262220783,59.4515479229524
2018-09-26 15:00:00,33646.4,16.69,11.4,178.70802201178014,0.1930261996666666,47.91628852951622,35.13861158831189
2018-09-26 16:00:00,34415.200000000004,0.0,11.09,178.83876656660487,0.193997914,0.0,0.0
2018-09-26 17:00:00,35048.0,0.0,10.63,178.2239822727877,0.1943591979999999,0.0,0.0
2018-09-26 18:00:00,34981.6,0.0,10.07,178.80624105519118,0.194799022,0.0,0.0
2018-09-26 19:00:00,33895.200000000004,0.0,8.92,178.81060526842597,0.1957022319999999,0.0,0.0
2018-09-26 20:00:00,33712.0,0.0,8.53,178.81746678145615,0.1960085379999999,0.0,0.0
2018-09-26 21:00:00,32438.4,0.0,8.28,178.7713879633861,0.196204888,0.0,0.0
2018-09-26 22:00:00,30153.6,0.0,8.09,177.2250744774254,0.196354114,0.0,0.0
2018-09-26 23:00:00,27382.4,0.0,8.02,178.67509644748682,0.196409092,0.0,0.0
2018-09-27 00:00:00,24980.800000000003,0.0,7.92,178.69918447998,0.1964876319999999,0.0,0.0
2018-09-27 01:00:00,23000.0,0.0,7.8,178.84163967365086,0.19658188,0.0,0.0
2018-09-27 02:00:00,21744.0,0.0,7.88,178.6673014777372,0.196519048,0.0,0.0
2018-09-27 03:00:00,21062.4,0.0,7.78,178.7983006116671,0.196597588,0.0,0.0
2018-09-27 04:00:00,20664.0,35.96,7.62,178.78702639414396,0.1951541973333333,29.44130724439247,21.590291979221146
2018-09-27 05:00:00,20946.4,73.24,8.09,178.50030970743492,0.1931584086666666,67.25283836336772,49.31874813313632
2018-09-27 06:00:00,22348.800000000003,316.63,9.22,178.8450704301662,0.1816509896666666,97.68794721846,71.63782796020399
2018-09-27 07:00:00,25072.0,532.21,10.9,178.67241730547352,0.1709250436666666,120.74663380966943,88.54753146042425
2018-09-27 08:00:00,26460.800000000003,717.86,12.92,178.58468449664014,0.1612380073333333,136.4288981369959,100.047858633797
2018-09-27 09:00:00,27438.4,530.25,14.22,78.42285095006294,0.1684030369999999,144.73474020043943,106.13880948032224
2018-09-27 10:00:00,28827.2,844.95,15.62,103.6753161481034,0.1535720669999999,145.66415999999998,106.82038399999998
2018-09-27 11:00:00,30372.800000000003,611.23,16.94,84.36199357450181,0.1627333216666666,139.21715753567764,102.09258219283026
2018-09-27 12:00:00,32069.6,539.96,17.71,172.90851602663145,0.1652383113333333,125.39373280747232,91.95540405881304
2018-09-27 13:00:00,33528.0,457.07,18.08,166.21610413646684,0.1685644803333333,104.19388581538414,76.40884959794836
2018-09-27 14:00:00,34964.8,293.11,17.72,155.52084799019983,0.1760013456666666,75.61761655941291,55.45291881023614
2018-09-27 15:00:00,36157.6,43.85,16.74,172.91849310299892,0.1876470823333333,39.66492503955888,29.08761169567651
2018-09-27 16:00:00,37008.0,0.0,15.19,150.37971993995728,0.190777774,0.0,0.0
2018-09-27 17:00:00,37670.4,0.0,14.01,164.9571983376438,0.191704546,0.0,0.0
2018-09-27 18:00:00,37585.6,0.0,12.97,132.45910873067496,0.1925213619999999,0.0,0.0
2018-09-27 19:00:00,36452.8,0.0,11.99,154.61539497213377,0.1932910539999999,0.0,0.0
2018-09-27 20:00:00,36008.0,0.0,11.15,157.77763114514948,0.1939507899999999,0.0,0.0
2018-09-27 21:00:00,34475.200000000004,0.0,10.31,143.5211648765082,0.1946105259999999,0.0,0.0
2018-09-27 22:00:00,32055.2,0.0,9.55,125.02103464090868,0.19520743,0.0,0.0
2018-09-27 23:00:00,29096.0,0.0,8.88,99.51035349314472,0.195733648,0.0,0.0
2018-09-28 00:00:00,26443.2,0.0,8.29,111.73184774449253,0.196197034,0.0,0.0
2018-09-28 01:00:00,24285.6,0.0,7.74,133.661752547213,0.196629004,0.0,0.0
2018-09-28 02:00:00,22940.0,0.0,7.25,150.3299194178229,0.19701385,0.0,0.0
2018-09-28 03:00:00,22208.0,0.0,6.79,143.79282502755737,0.197375134,0.0,0.0
2018-09-28 04:00:00,21803.2,38.7,6.44,141.62984821152588,0.195961414,52.43226938001859,38.45033087868031
2018-09-28 05:00:00,21971.2,291.81,8.12,138.74435164885176,0.1835979089999999,82.76400233852006,60.69360171491471
2018-09-28 06:00:00,23238.4,557.03,10.91,123.0160180983462,0.1698342103333333,107.17850148828632,78.59756775807665
2018-09-28 07:00:00,25598.4,763.77,13.46,144.27656169618604,0.158810685,125.67576682931752,92.16222900816618
2018-09-28 08:00:00,26499.2,933.95,16.03,171.18553676436525,0.1493666863333333,138.2557983616135,101.38758546518324
2018-09-28 09:00:00,26854.4,994.93,18.23,174.73393307176948,0.1449780456666666,144.91859608517433,106.27363712912783
2018-09-28 10:00:00,27208.0,994.97,19.99,157.22129094023464,0.1435939963333333,145.66415999999998,106.82038399999998
2018-09-28 11:00:00,27651.2,880.89,21.3,118.01068981659172,0.147542813,140.4924901060905,103.02782607779967
2018-09-28 12:00:00,27886.4,619.93,22.11,101.61920800365812,0.1582931936666667,129.4035864034458,94.89596336252691
2018-09-28 13:00:00,28124.0,531.31,22.44,127.9486458612982,0.1619007976666666,112.39744889206602,82.42479585418175
2018-09-28 14:00:00,28398.4,287.94,22.22,112.8507350353672,0.17269263,89.47407757195097,65.61432355276405
2018-09-28 15:00:00,28721.6,21.86,21.44,69.5945324887366,0.1849151993333333,60.63347244310087,44.46454645827398
2018-09-28 16:00:00,28978.4,0.0,20.05,69.90094874907453,0.18696073,0.0,0.0
2018-09-28 17:00:00,29152.800000000003,0.0,19.2,27.827626800576542,0.18762832,0.0,0.0
2018-09-28 18:00:00,28644.800000000003,0.0,17.06,23.12510066507518,0.189309076,0.0,0.0
2018-09-28 19:00:00,27300.800000000003,0.0,15.58,2.481660985846915,0.190471468,0.0,0.0
2018-09-28 20:00:00,27264.0,0.0,15.47,3.2893158494693147,0.190557862,0.0,0.0
2018-09-28 21:00:00,26306.4,0.0,15.12,5.054302937147971,0.190832752,0.0,0.0
2018-09-28 22:00:00,24516.800000000003,0.0,14.51,169.3590650343624,0.191311846,0.0,0.0
2018-09-28 23:00:00,22354.4,0.0,13.71,176.8644813589036,0.191940166,0.0,0.0
2018-09-29 00:00:00,20404.0,0.0,13.11,177.6084584872838,0.1924114059999999,0.0,0.0
2018-09-29 01:00:00,18889.6,0.0,12.94,178.35169612397723,0.1925449239999999,0.0,0.0
2018-09-29 02:00:00,17944.0,0.0,12.68,171.11079961271983,0.192749128,0.0,0.0
2018-09-29 03:00:00,17401.600000000002,0.0,12.52,161.1587811031463,0.192874792,0.0,0.0
2018-09-29 04:00:00,17144.8,44.43,12.46,128.9420498988589,0.190983287,50.45366261153056,36.99935258178907
2018-09-29 05:00:00,17412.0,249.26,14.62,117.89781429040086,0.1803494073333333,81.42910848556525,59.71467955608117
2018-09-29 06:00:00,18586.4,553.56,18.67,63.27686710306955,0.163890914,106.36174250255068,77.99861116853714
2018-09-29 07:00:00,20818.4,771.35,21.2,28.756225302305065,0.1524009483333333,125.25156466248689,91.85114741915704
2018-09-29 08:00:00,21878.4,915.12,23.05,15.949961330591952,0.144674794,138.09857496537387,101.2722883079408
2018-09-29 09:00:00,22288.0,988.67,24.5,21.290049013080942,0.1403267323333333,144.90277341121157,106.26203383488848
2018-09-29 10:00:00,22617.6,980.25,25.63,37.24452912279311,0.139806623,145.66415999999998,106.82038399999998
2018-09-29 11:00:00,22928.800000000003,859.95,26.37,51.785348129307366,0.144474517,140.3827347317392,102.9473388032754
2018-09-29 12:00:00,23205.6,666.49,26.63,69.46239987164702,0.1527116176666666,129.05849760642914,94.6428982447147
2018-09-29 13:00:00,23410.4,352.72,26.62,79.53721036970643,0.1664103026666666,111.69144862406988,81.9070623243179
2018-09-29 14:00:00,23663.2,154.57,26.17,102.77145121874244,0.1754096776666666,88.28158778466128,64.73983104208493
2018-09-29 15:00:00,23746.4,21.86,23.91,92.4490625407194,0.1829752613333333,58.82891508820354,43.14120439801592
2018-09-29 16:00:00,23854.4,0.0,21.8,121.9393909389614,0.18558628,0.0,0.0
2018-09-29 17:00:00,24179.2,0.0,20.62,106.76738547055592,0.1865130519999999,0.0,0.0
2018-09-29 18:00:00,24211.2,0.0,18.96,169.83104257288628,0.1878168159999999,0.0,0.0
2018-09-29 19:00:00,23767.2,0.0,19.07,153.47883261765833,0.1877304219999999,0.0,0.0
2018-09-29 20:00:00,23993.6,0.0,18.17,57.22243045093877,0.188437282,0.0,0.0
2018-09-29 21:00:00,23310.4,0.0,17.65,9.389963155278732,0.18884569,0.0,0.0
2018-09-29 22:00:00,22181.6,0.0,16.69,0.0,0.189599674,0.0,0.0
2018-09-29 23:00:00,20711.2,0.0,16.0,0.0,0.1901415999999999,0.0,0.0
2018-09-30 00:00:00,19205.6,0.0,15.36,0.0,0.1906442559999999,0.0,0.0
2018-09-30 01:00:00,17977.600000000002,0.0,14.37,1.9554749561699296,0.191421802,0.0,0.0
2018-09-30 02:00:00,17166.4,0.0,13.41,10.8452290003053,0.192175786,0.0,0.0
2018-09-30 03:00:00,16676.8,0.0,13.33,18.292507337011784,0.1922386179999999,0.0,0.0
2018-09-30 04:00:00,16366.4,20.32,13.48,17.83979295079327,0.1912341786666666,53.78088272083542,39.439313995279306
2018-09-30 05:00:00,16356.8,322.99,15.49,12.844747846473393,0.1764490236666666,83.6738625933927,61.360832568487965
2018-09-30 06:00:00,16737.600000000002,542.76,18.47,31.59118791256509,0.164519234,107.735202335538,79.0058150460612
2018-09-30 07:00:00,17446.4,789.64,20.23,9.62547686174596,0.1523647326666666,125.96490194727144,92.37426142799904
2018-09-30 08:00:00,18070.4,938.14,21.97,4.1637526465323145,0.1445185866666666,138.3629614285929,101.46617171430144
2018-09-30 09:00:00,19142.4,774.72,23.32,4.307067423521966,0.150588856,144.92938077950242,106.28154590496844
2018-09-30 10:00:00,19838.4,955.26,24.52,4.5241972605757645,0.141768814,145.66415999999998,106.82038399999998
2018-09-30 11:00:00,20187.2,763.78,25.16,1.1363841112178812,0.1496210686666667,140.5672990900856,103.08268599939612
2018-09-30 12:00:00,20336.0,344.91,25.7,8.66351485904889,0.1674736469999999,129.63879804975932,95.06845190315684
2018-09-30 13:00:00,20272.800000000003,34.3,23.94,14.58944210028638,0.1824089006666666,112.87865687902112,82.77768171128216
2018-09-30 14:00:00,20023.2,208.08,22.18,17.921500720799507,0.176208604,90.28687557787087,66.21037542377198
2018-09-30 15:00:00,19889.6,20.12,21.69,30.16045030973451,0.1847947713333333,61.863454146308825,45.36653304062647
2018-09-30 16:00:00,19895.2,0.0,20.95,30.576969002437277,0.18625387,0.0,0.0
2018-09-30 17:00:00,20008.0,0.0,19.93,22.347831257261817,0.187054978,0.0,0.0
2018-09-30 18:00:00,20224.800000000003,0.0,18.74,12.22067368833854,0.187989604,0.0,0.0
2018-09-30 19:00:00,20540.800000000003,0.0,18.13,0.2172938265333087,0.188468698,0.0,0.0
2018-09-30 20:00:00,21317.6,0.0,17.26,0.0,0.189151996,0.0,0.0
2018-09-30 21:00:00,20985.6,0.0,16.39,0.0,0.1898352939999999,0.0,0.0
2018-09-30 22:00:00,20197.6,0.0,16.02,0.0,0.190125892,0.0,0.0
2018-09-30 23:00:00,19110.4,0.0,16.26,0.0,0.189937396,0.0,0.0
2018-10-01 00:00:00,17879.2,0.0,16.0,0.0,0.1901415999999999,0.0,0.0
2018-10-01 01:00:00,16842.4,0.0,15.47,0.0,0.190557862,0.0,0.0
2018-10-01 02:00:00,16145.6,0.0,14.99,0.0,0.190934854,0.0,0.0
2018-10-01 03:00:00,15715.2,0.0,14.28,0.006379039957807,0.191492488,0.0,0.0
2018-10-01 04:00:00,15514.4,2.78,13.39,17.43143442762841,0.1920701933333333,44.23836973531267,32.441471139229286
2018-10-01 05:00:00,15493.6,184.35,14.1,13.299970139950078,0.183590055,77.23587697189913,56.63964311272602
2018-10-01 06:00:00,15796.0,552.56,15.96,39.96064875140424,0.1660629813333333,103.79610066483012,76.11714048754209
2018-10-01 07:00:00,16388.0,785.56,17.55,18.45441813266936,0.1546476286666666,123.91904081410576,90.87396326367757
2018-10-01 08:00:00,16938.4,859.99,19.72,5.099305476589799,0.1496956816666667,137.60469741972597,100.91011144113236
2018-10-01 09:00:00,17856.8,962.42,21.47,0.222931053681727,0.1438518693333333,144.8530704816907,106.2255850199065
2018-10-01 10:00:00,18423.2,768.41,22.64,7.787679392258217,0.1513982543333333,145.66415999999998,106.82038399999998
2018-10-01 11:00:00,18714.4,828.03,23.27,25.78208671970725,0.148302033,140.03796597465387,102.69450838141285
2018-10-01 12:00:00,18860.0,62.11,23.48,32.128528636390584,0.1815567416666666,127.97448840565232,93.847958164145
2018-10-01 13:00:00,19004.0,253.8,23.56,25.17804930098088,0.173129836,109.47372729299536,80.28073334819658
2018-10-01 14:00:00,19081.6,88.39,22.75,34.59981590253201,0.1809833996666666,84.53568263668288,61.99283393356743
2018-10-01 15:00:00,19240.8,15.74,21.36,27.90736461321989,0.1852450673333333,53.16035443671507,38.984259920257706
2018-10-01 16:00:00,19583.2,0.0,20.14,51.56671923046811,0.186890044,0.0,0.0
2018-10-01 17:00:00,20212.800000000003,0.0,18.87,0.0,0.1878875019999999,0.0,0.0
2018-10-01 18:00:00,20886.4,0.0,17.9,0.0,0.18864934,0.0,0.0
2018-10-01 19:00:00,21356.0,0.0,16.09,31.93199356705215,0.1900709139999999,0.0,0.0
2018-10-01 20:00:00,22381.6,0.0,14.12,15.897460451518622,0.191618152,0.0,0.0
2018-10-01 21:00:00,21949.6,0.0,13.37,29.21397065655809,0.192207202,0.0,0.0
2018-10-01 22:00:00,20750.4,0.0,12.9,62.63016343856621,0.1925763399999999,0.0,0.0
2018-10-01 23:00:00,19244.8,0.0,12.0,131.1002988172194,0.1932832,0.0,0.0
2018-10-02 00:00:00,17891.2,0.0,11.16,141.1030149372038,0.193942936,0.0,0.0
2018-10-02 01:00:00,16886.4,0.0,10.69,142.50700658045335,0.1943120739999999,0.0,0.0
2018-10-02 02:00:00,16261.6,0.0,10.45,175.59847159075952,0.19450057,0.0,0.0
2018-10-02 03:00:00,16053.6,0.0,10.22,178.73945646988517,0.1946812119999999,0.0,0.0
2018-10-02 04:00:00,16044.8,43.15,9.88,172.8442044954918,0.1930654696666666,52.36694841793855,38.40242883982161
2018-10-02 05:00:00,16557.600000000002,325.1,11.45,178.38332454711443,0.1795299733333333,82.7199326668003,60.66128395565356
2018-10-02 06:00:00,18057.6,539.95,15.14,174.2116579757148,0.1672572256666666,107.15153732158812,78.57779403583126
2018-10-02 07:00:00,20558.4,707.01,17.35,148.29231674977427,0.1582321069999999,125.66176238230202,92.1519590803548
2018-10-02 08:00:00,21793.6,927.01,18.83,108.39429142758507,0.1474703816666666,138.25060784894197,101.3837790892241
2018-10-02 09:00:00,22068.0,1023.53,20.14,160.31082659444783,0.1422300183333333,144.91807372150797,106.27325406243916
2018-10-02 10:00:00,22197.6,983.73,20.5,103.20617534818211,0.143683881,145.66415999999998,106.82038399999998
2018-10-02 11:00:00,22396.800000000003,935.84,20.58,161.9008791952724,0.1457106493333333,140.4888666844181,103.0251689019066
2018-10-02 12:00:00,22552.0,658.55,20.44,119.6434874614878,0.1579196923333333,129.39219377476226,94.88760876815896
2018-10-02 13:00:00,22640.800000000003,533.96,20.21,128.5226611298138,0.1635366113333333,112.3741412710325,82.40770359875717
2018-10-02 14:00:00,22905.6,294.2,20.14,122.2369696674987,0.1740531173333333,89.43470917322873,65.58545339370107
2018-10-02 15:00:00,23134.4,12.24,19.37,0.0,0.18696073,60.57389748135111,44.42085815299082
2018-10-02 16:00:00,23476.800000000003,0.0,17.86,0.0,0.188680756,0.0,0.0
2018-10-02 17:00:00,23827.2,0.0,16.18,0.0,0.1900002279999999,0.0,0.0
2018-10-02 18:00:00,24161.6,0.0,14.54,0.0,0.191288284,0.0,0.0
2018-10-02 19:00:00,24199.2,0.0,12.95,22.02452185486101,0.1925370699999999,0.0,0.0
2018-10-02 20:00:00,24841.6,0.0,11.95,11.949720448912531,0.1933224699999999,0.0,0.0
2018-10-02 21:00:00,24000.0,0.0,11.11,6.885506353201374,0.193982206,0.0,0.0
2018-10-02 22:00:00,22519.2,0.0,10.57,7.572355475733067,0.194406322,0.0,0.0
2018-10-02 23:00:00,20544.800000000003,0.0,10.29,3.810872668762444,0.194626234,0.0,0.0
2018-10-03 00:00:00,18936.8,0.0,10.36,1.3341269159549614,0.194571256,0.0,0.0
2018-10-03 01:00:00,17670.4,0.0,10.54,0.0,0.194429884,0.0,0.0
2018-10-03 02:00:00,16974.4,0.0,10.62,1.1676339805293667,0.1943670519999999,0.0,0.0
2018-10-03 03:00:00,16597.600000000002,0.0,10.49,4.534117132411881,0.1944691539999999,0.0,0.0
2018-10-03 04:00:00,16520.8,10.2,10.25,68.16714381342297,0.19421259,36.61149432162877,26.84842916919444
2018-10-03 05:00:00,16945.600000000002,285.52,12.02,73.48599838624305,0.1808093026666666,72.0903021820389,52.866221600161865
2018-10-03 06:00:00,18359.2,317.9,16.38,78.84928913576374,0.1759721113333333,100.64776461017637,73.80836071412934
2018-10-03 07:00:00,20880.0,776.49,19.03,53.22311393386809,0.153880991,122.28388160604126,89.67484651109693
2018-10-03 08:00:00,22100.0,954.36,20.79,41.25964469791432,0.1447376259999999,136.99865316963349,100.46567899106456
2018-10-03 09:00:00,22251.2,1037.22,22.13,23.56992006832389,0.140069732,144.79207930095308,106.18085815403224
2018-10-03 10:00:00,22436.0,1012.55,23.08,17.047510952522686,0.1404000363333333,145.66415999999998,106.82038399999998
2018-10-03 11:00:00,22832.800000000003,946.56,23.69,4.324499273155996,0.142800306,139.61489526677428,102.3842565289678
2018-10-03 12:00:00,22996.0,726.06,24.03,3.495687446293895,0.15215442,126.64428510127593,92.87247574093568
2018-10-03 13:00:00,23076.0,580.28,23.97,0.9109824421391224,0.1585624113333333,106.75232950350497,78.28504163590364
2018-10-03 14:00:00,23324.800000000003,238.21,23.48,11.00153299423764,0.1738729116666666,79.93902847346126,58.62195421387159
2018-10-03 15:00:00,23512.0,11.37,22.22,0.0,0.184760301,46.20438201114504,33.8832134748397
2018-10-03 16:00:00,23728.0,0.0,20.35,0.0,0.18672511,0.0,0.0
2018-10-03 17:00:00,24120.0,0.0,18.12,39.39109770934339,0.188476552,0.0,0.0
2018-10-03 18:00:00,24340.800000000003,0.0,16.3,24.53211088914543,0.1899059799999999,0.0,0.0
2018-10-03 19:00:00,24324.800000000003,0.0,14.81,22.02452185486101,0.191076226,0.0,0.0
2018-10-03 20:00:00,24984.800000000003,0.0,14.68,11.949720448912531,0.1911783279999999,0.0,0.0
2018-10-03 21:00:00,24204.800000000003,0.0,15.08,6.885506353201374,0.190864168,0.0,0.0
2018-10-03 22:00:00,22770.4,0.0,15.83,7.572355475733067,0.190275118,0.0,0.0
2018-10-03 23:00:00,20812.800000000003,0.0,15.73,3.810872668762444,0.1903536579999999,0.0,0.0
2018-10-04 00:00:00,19048.0,0.0,15.34,1.3341269159549614,0.190659964,0.0,0.0
2018-10-04 01:00:00,17846.4,0.0,13.36,0.0,0.1922150559999999,0.0,0.0
2018-10-04 02:00:00,17037.600000000002,0.0,10.81,1.1676339805293667,0.1942178259999999,0.0,0.0
2018-10-04 03:00:00,16649.600000000002,0.0,9.86,4.534117132411881,0.194963956,0.0,0.0
2018-10-04 04:00:00,16555.2,47.62,10.14,68.16714381342297,0.1926662246666666,40.62780888652945,29.79372651678826
2018-10-04 05:00:00,16944.8,157.0,11.04,73.48599838624305,0.1871867506666666,74.79996319685273,54.85330634435867
2018-10-04 06:00:00,18384.0,479.51,14.12,78.84928913576374,0.1706955323333333,102.3056791906114,75.02416473978167
2018-10-04 07:00:00,20877.6,684.29,15.92,53.22311393386809,0.1603465783333333,123.14495686780548,90.30630170305736
2018-10-04 08:00:00,22104.800000000003,893.12,17.59,41.25964469791432,0.1499230113333333,137.31779622843496,100.69971723418564
2018-10-04 09:00:00,22352.800000000003,958.69,18.98,23.56992006832389,0.1459702676666666,144.8241972724998,106.20441133316652
2018-10-04 10:00:00,22571.2,1005.99,20.07,17.047510952522686,0.1430503249999999,145.66415999999998,106.82038399999998
2018-10-04 11:00:00,22968.0,938.21,20.69,4.324499273155996,0.1455208443333333,139.8376844109356,102.54763523468613
2018-10-04 12:00:00,23217.6,713.19,20.98,3.495687446293895,0.155111451,127.34477050530658,93.38616503722484
2018-10-04 13:00:00,23476.0,478.13,20.86,0.9109824421391224,0.1654621503333333,108.185418283113,79.3359734076162
2018-10-04 14:00:00,23992.0,262.06,20.2,11.00153299423764,0.1754083686666666,82.3596277443547,60.397060345860105
2018-10-04 15:00:00,24430.4,8.74,18.87,12.26717074351046,0.1875061466666666,49.86739888903189,36.56942585195672
2018-10-04 16:00:00,24899.2,0.0,17.21,17.793221643382246,0.189191266,0.0,0.0
2018-10-04 17:00:00,25406.4,0.0,15.82,57.01486968177519,0.1902829719999999,0.0,0.0
2018-10-04 18:00:00,25643.2,0.0,14.61,88.95458851239347,0.191233306,0.0,0.0
2018-10-04 19:00:00,25491.2,0.0,13.71,92.49846907138132,0.191940166,0.0,0.0
2018-10-04 20:00:00,25952.0,0.0,12.68,138.5705104883341,0.192749128,0.0,0.0
2018-10-04 21:00:00,25154.4,0.0,11.86,128.73270101455088,0.193393156,0.0,0.0
2018-10-04 22:00:00,23652.0,0.0,11.05,130.13898386974842,0.19402933,0.0,0.0
2018-10-04 23:00:00,21656.800000000003,0.0,10.32,172.0159131919788,0.194602672,0.0,0.0
2018-10-05 00:00:00,19833.6,0.0,9.51,176.16583143409238,0.195238846,0.0,0.0
2018-10-05 01:00:00,18520.8,0.0,8.79,174.8034452903475,0.195804334,0.0,0.0
2018-10-05 02:00:00,17724.8,0.0,8.28,175.69903033737725,0.196204888,0.0,0.0
2018-10-05 03:00:00,17272.8,0.0,7.91,178.71631401692616,0.196495486,0.0,0.0
2018-10-05 04:00:00,17156.0,12.06,7.73,176.78890773305508,0.19611064,38.194577267827285,28.009356663073337
2018-10-05 05:00:00,17496.0,267.97,8.94,176.31539059708425,0.1839940996666666,73.15835053164243,53.64945705653777
2018-10-05 06:00:00,18862.4,325.56,10.74,173.96198861024297,0.180067536,101.30125333874298,74.28758578174485
2018-10-05 07:00:00,21367.2,626.86,12.27,174.86700520698562,0.1657191506666666,122.62328568912908,89.92374283869465
2018-10-05 08:00:00,22617.6,778.82,13.49,174.37616456903595,0.1581304413333333,137.1244475828006,100.55792822738712
2018-10-05 09:00:00,23064.800000000003,602.78,14.14,127.41445403854948,0.1653011433333333,144.8047390197576,106.1901419478222
2018-10-05 10:00:00,23622.4,930.69,15.28,97.40249911483136,0.150097981,145.66415999999998,106.82038399999998
2018-10-05 11:00:00,24272.0,940.01,15.96,137.66087509925103,0.1491572463333333,139.70271052352786,102.44865438392044
2018-10-05 12:00:00,25036.0,738.93,16.67,123.6121211349555,0.157373403,126.9203905903412,93.07495309958354
2018-10-05 13:00:00,25756.800000000003,532.85,16.82,164.0919566954099,0.1662475503333333,107.31720020044004,78.69928014698935
2018-10-05 14:00:00,26462.4,291.8,16.43,154.43738356341396,0.1770716713333333,80.89313935382421,59.32163552613776
2018-10-05 15:00:00,26977.6,6.12,15.44,172.9542917743382,0.190314388,47.64820805049398,34.94201923702891
2018-10-05 16:00:00,27252.0,0.0,13.88,178.7265941636569,0.191806648,0.0,0.0
2018-10-05 17:00:00,27429.6,0.0,12.8,178.1909112347199,0.19265488,0.0,0.0
2018-10-05 18:00:00,27449.6,0.0,11.94,178.85559303318777,0.193330324,0.0,0.0
2018-10-05 19:00:00,27607.2,0.0,11.66,178.03410262863252,0.193550236,0.0,0.0
2018-10-05 20:00:00,28041.6,0.0,10.74,162.41699590154028,0.194272804,0.0,0.0
2018-10-05 21:00:00,27324.800000000003,0.0,9.8,177.88141577948858,0.19501108,0.0,0.0
2018-10-05 22:00:00,25796.0,0.0,8.97,169.3590650343624,0.195662962,0.0,0.0
2018-10-05 23:00:00,23727.2,0.0,8.28,176.8644813589036,0.196204888,0.0,0.0
2018-10-06 00:00:00,21724.800000000003,0.0,7.68,177.6084584872838,0.196676128,0.0,0.0
2018-10-06 01:00:00,20171.2,0.0,7.13,178.35169612397723,0.197108098,0.0,0.0
2018-10-06 02:00:00,19200.0,0.0,6.64,171.11079961271983,0.1974929439999999,0.0,0.0
2018-10-06 03:00:00,18584.8,0.0,6.23,161.1587811031463,0.1978149579999999,0.0,0.0
2018-10-06 04:00:00,18264.0,31.97,5.87,128.9420498988589,0.1967027443333333,52.858810752457565,38.763127885135546
2018-10-06 05:00:00,18538.4,326.49,6.74,117.89781429040086,0.183168557,83.05177425215543,60.90463445158064
2018-10-06 06:00:00,19813.6,581.91,8.74,63.27686710306955,0.170452931,107.3545756351436,78.72668879910532
2018-10-06 07:00:00,22260.0,795.37,10.72,28.756225302305065,0.1595838676666666,125.7672149014222,92.2292909277096
2018-10-06 08:00:00,23588.0,962.13,12.92,15.949961330591952,0.150579693,138.28969205099114,101.41244083739348
2018-10-06 09:00:00,24243.2,1043.61,14.89,21.290049013080942,0.145477211,144.9220070838504,106.27613852815696
2018-10-06 10:00:00,25048.0,1048.11,16.45,37.24452912279311,0.144055637,145.66415999999998,106.82038399999998
2018-10-06 11:00:00,25901.6,914.54,17.56,51.785348129307366,0.1490119473333333,140.51615079943994,103.0451772529226
2018-10-06 12:00:00,26740.800000000003,676.61,18.12,69.46239987164702,0.1589538023333333,129.47797948217024,94.95051828692483
2018-10-06 13:00:00,27436.800000000003,521.55,18.14,79.53721036970643,0.165703879,112.54964604819092,82.53640710200668
2018-10-06 14:00:00,28171.2,284.47,17.48,102.77145121874244,0.1765668336666666,89.73115049750187,65.80284369816803
2018-10-06 15:00:00,28645.6,5.25,16.08,92.4490625407194,0.1898496929999999,61.02249283010326,44.749828075409056
2018-10-06 16:00:00,28892.0,0.0,14.1,121.9393909389614,0.19163386,0.0,0.0
2018-10-06 17:00:00,28908.0,0.0,12.78,106.76738547055592,0.192670588,0.0,0.0
2018-10-06 18:00:00,28644.0,0.0,11.71,169.83104257288628,0.1935109659999999,0.0,0.0
2018-10-06 19:00:00,28147.2,0.0,11.14,153.47883261765833,0.1939586439999999,0.0,0.0
2018-10-06 20:00:00,27974.4,0.0,10.15,57.22243045093877,0.1947361899999999,0.0,0.0
2018-10-06 21:00:00,26852.0,0.0,9.15,9.389963155278732,0.1955215899999999,0.0,0.0
2018-10-06 22:00:00,25387.2,0.0,8.1,0.0,0.19634626,0.0,0.0
2018-10-06 23:00:00,23734.4,0.0,7.07,0.0,0.197155222,0.0,0.0
2018-10-07 00:00:00,21998.4,0.0,6.08,0.0,0.197932768,0.0,0.0
2018-10-07 01:00:00,20537.6,0.0,5.21,1.9554749561699296,0.1986160659999999,0.0,0.0
2018-10-07 02:00:00,19384.8,0.0,4.51,10.8452290003053,0.199165846,0.0,0.0
2018-10-07 03:00:00,18572.0,0.0,3.89,18.292507337011784,0.1996527939999999,0.0,0.0
2018-10-07 04:00:00,18104.0,29.43,3.4,17.83979295079327,0.198753511,53.680105387199326,39.36541061727951
2018-10-07 05:00:00,17988.0,334.82,4.81,12.844747846473393,0.1843209133333333,83.60587180041122,61.31097265363489
2018-10-07 06:00:00,18332.0,587.31,9.04,31.59118791256509,0.169981691,107.69360195585838,78.9753081009628
2018-10-07 07:00:00,19081.6,795.3,11.63,9.62547686174596,0.158872208,125.94329585354087,92.35841695926332
2018-10-07 08:00:00,19785.6,969.39,14.09,4.1637526465323145,0.149343997,138.35495349345865,101.46029922853634
2018-10-07 09:00:00,21195.2,1050.94,16.27,4.307067423521966,0.1440735266666666,144.9285748756117,106.2809549087819
2018-10-07 10:00:00,22535.2,1032.21,17.97,4.5241972605757645,0.143555599,145.66415999999998,106.82038399999998
2018-10-07 11:00:00,23756.800000000003,908.33,19.19,1.1363841112178812,0.1480027083333333,140.5617088666236,103.07858650219065
2018-10-07 12:00:00,24873.6,661.55,19.9,8.66351485904889,0.1582129083333333,129.62122147548249,95.0555624153538
2018-10-07 13:00:00,25824.800000000003,504.99,20.07,14.58944210028638,0.164910625,112.84269782657668,82.75131173948955
2018-10-07 14:00:00,26480.800000000003,273.58,19.66,17.921500720799507,0.1753298286666666,90.22613791990608,66.16583447459777
2018-10-07 15:00:00,26952.800000000003,2.62,18.62,30.16045030973451,0.1879695326666666,61.77154175547084,45.29913062067862
2018-10-07 16:00:00,27300.800000000003,0.0,16.45,30.576969002437277,0.1897881699999999,0.0,0.0
2018-10-07 17:00:00,27590.4,0.0,13.91,22.347831257261817,0.191783086,0.0,0.0
2018-10-07 18:00:00,27552.800000000003,0.0,11.73,12.22067368833854,0.193495258,0.0,0.0
2018-10-07 19:00:00,27269.6,0.0,10.03,0.2172938265333087,0.194830438,0.0,0.0
2018-10-07 20:00:00,27556.0,0.0,8.79,0.0,0.195804334,0.0,0.0
2018-10-07 21:00:00,26857.6,0.0,7.82,0.0,0.1965661719999999,0.0,0.0
2018-10-07 22:00:00,25822.4,0.0,7.21,0.0,0.197045266,0.0,0.0
2018-10-07 23:00:00,24427.2,0.0,6.91,0.0,0.197280886,0.0,0.0
2018-10-08 00:00:00,22961.6,0.0,6.73,0.0,0.197422258,0.0,0.0
2018-10-08 01:00:00,21595.2,0.0,6.54,0.0,0.197571484,0.0,0.0
2018-10-08 02:00:00,20672.800000000003,0.0,6.27,0.0,0.197783542,0.0,0.0
2018-10-08 03:00:00,20113.6,0.0,6.05,0.006379039957807,0.1979563299999999,0.0,0.0
2018-10-08 04:00:00,19775.2,21.78,5.89,17.43143442762841,0.19713166,52.90653800472012,38.79812787012808
2018-10-08 05:00:00,19693.6,318.71,7.78,13.299970139950078,0.1826912083333333,83.08397408927232,60.92824766546636
2018-10-08 06:00:00,19976.0,572.91,13.2,39.96064875140424,0.167342747,107.3742772063556,78.7411366179941
2018-10-08 07:00:00,20684.0,777.12,16.91,18.45441813266936,0.15551855,125.77744735597008,92.23679472771136
2018-10-08 08:00:00,21450.4,941.77,19.41,5.099305476589799,0.1463708216666666,138.29348453811562,101.41522199461812
2018-10-08 09:00:00,22704.0,1029.56,21.13,0.222931053681727,0.1411893633333333,144.92238875279224,106.27641841871431
2018-10-08 10:00:00,24088.0,1024.34,22.32,7.787679392258217,0.1404825033333333,145.66415999999998,106.82038399999996
2018-10-08 11:00:00,25236.0,906.05,23.04,25.78208671970725,0.1450784023333333,140.51879827973886,103.04711873847512
2018-10-08 12:00:00,26051.2,667.95,23.34,32.128528636390584,0.155231879,129.4863035920088,94.95662263413976
2018-10-08 13:00:00,26656.800000000003,512.05,23.24,25.17804930098088,0.1621128556666666,112.56667593680989,82.5488956869939
2018-10-08 14:00:00,27102.4,272.7,22.71,34.59981590253201,0.172972756,89.759915314142,65.82393789703747
2018-10-08 15:00:00,27274.4,1.75,21.28,27.90736461321989,0.1859183296666666,61.06602172400533,44.781749264270566
2018-10-08 16:00:00,27500.0,0.0,19.06,51.56671923046811,0.187738276,0.0,0.0
2018-10-08 17:00:00,27816.0,0.0,17.15,44.918134345572525,0.18923839,0.0,0.0
2018-10-08 18:00:00,28225.6,0.0,15.39,29.918354672647435,0.190620694,0.0,0.0
2018-10-08 19:00:00,28842.4,0.0,13.81,31.93199356705215,0.1918616259999999,0.0,0.0
2018-10-08 20:00:00,29264.0,0.0,12.4,15.897460451518622,0.1929690399999999,0.0,0.0
2018-10-08 21:00:00,28598.4,0.0,11.42,29.21397065655809,0.1937387319999999,0.0,0.0
2018-10-08 22:00:00,27351.2,0.0,10.56,62.63016343856621,0.194414176,0.0,0.0
2018-10-08 23:00:00,25624.800000000003,0.0,9.95,131.1002988172194,0.19489327,0.0,0.0
2018-10-09 00:00:00,23932.800000000003,0.0,9.5,141.1030149372038,0.1952467,0.0,0.0
2018-10-09 01:00:00,22437.6,0.0,9.05,142.50700658045335,0.1956001299999999,0.0,0.0
2018-10-09 02:00:00,21488.800000000003,0.0,8.7,175.59847159075952,0.19587502,0.0,0.0
2018-10-09 03:00:00,20931.2,0.0,8.29,178.73945646988517,0.196197034,0.0,0.0
2018-10-09 04:00:00,20727.2,37.43,7.92,172.8442044954918,0.1948544363333333,41.30141252978862,30.287702521844984
2018-10-09 05:00:00,21057.6,154.35,9.5,178.38332454711443,0.1885118949999999,75.2544190175016,55.18657394616784
2018-10-09 06:00:00,22414.4,500.25,14.88,174.2116579757148,0.169193673,102.58373940814346,75.22807556597186
2018-10-09 07:00:00,24752.0,742.26,18.38,148.29231674977427,0.15588507,123.28937370171428,90.41220738125712
2018-10-09 08:00:00,26516.0,915.25,20.46,108.39429142758507,0.1467033076666666,137.37132189821398,100.73896939202356
2018-10-09 09:00:00,27532.0,994.53,21.92,160.31082659444783,0.1420973729999999,144.82958399764254,106.20836159827118
2018-10-09 10:00:00,28430.4,1011.51,22.8,103.20617534818211,0.140665327,145.66415999999998,106.82038399999996
2018-10-09 11:00:00,29106.4,59.34,23.33,161.9008791952724,0.181795416,139.87504990528635,102.57503659721
2018-10-09 12:00:00,29457.6,43.57,23.46,119.6434874614878,0.1823814116666666,127.4622537135016,93.47231938990116
2018-10-09 13:00:00,29701.6,52.84,22.84,128.5226611298138,0.1824638786666666,108.4257714246458,79.51223237807356
2018-10-09 14:00:00,30098.4,167.47,22.21,122.2369696674987,0.1779569916666666,82.76560303871878,60.69477556172709
2018-10-09 15:00:00,30471.2,0.0,20.36,139.60293786590242,0.186717256,0.0,0.0
2018-10-09 16:00:00,30802.4,0.0,17.59,91.83010799870064,0.188892814,0.0,0.0
2018-10-09 17:00:00,31317.6,0.0,16.78,126.34985271118931,0.189528988,0.0,0.0
2018-10-09 18:00:00,31662.4,0.0,15.57,141.7664480857737,0.1904793219999999,0.0,0.0
2018-10-09 19:00:00,32056.800000000003,0.0,14.69,136.61072416682373,0.191170474,0.0,0.0
2018-10-09 20:00:00,32414.4,0.0,13.7,171.9551293998703,0.1919480199999999,0.0,0.0
2018-10-09 21:00:00,31525.6,0.0,12.75,164.93788669407976,0.19269415,0.0,0.0
2018-10-09 22:00:00,29847.2,0.0,11.89,177.3206628700808,0.193369594,0.0,0.0
2018-10-09 23:00:00,27488.800000000003,0.0,11.03,173.08036904556445,0.194045038,0.0,0.0
2018-10-10 00:00:00,25169.6,0.0,10.23,173.14561403342404,0.194673358,0.0,0.0
2018-10-10 01:00:00,23187.2,0.0,9.49,173.74569335320274,0.1952545539999999,0.0,0.0
2018-10-10 02:00:00,21808.800000000003,0.0,8.94,151.4380174037561,0.195686524,0.0,0.0
2018-10-10 03:00:00,20857.6,0.0,8.36,143.21265136925496,0.196142056,0.0,0.0
2018-10-10 04:00:00,20280.0,21.47,7.82,125.7293585717236,0.1956293643333333,51.49634803502611,37.76398855901915
2018-10-10 05:00:00,20302.4,286.22,8.94,121.61623307174214,0.1831977913333333,82.13257032778537,60.23055157370926
2018-10-10 06:00:00,21572.800000000003,535.6,12.73,145.33705338941704,0.1693398446666666,106.79215783443917,78.3142490785887
2018-10-10 07:00:00,24109.6,750.1,15.39,116.9984711708634,0.1578913306666666,125.47511055498757,92.01508107365753
2018-10-10 08:00:00,25311.2,924.79,17.1,104.69170504203434,0.1489259896666666,138.18142848943052,101.3330475589157
2018-10-10 09:00:00,26100.800000000003,946.08,18.58,102.84727942369602,0.146834644,144.911111637768,106.26814853436318
2018-10-10 10:00:00,26971.2,240.34,19.59,113.62326139199168,0.1768351786666666,145.66415999999998,106.82038399999996
2018-10-10 11:00:00,28024.0,533.47,20.12,149.43175221129616,0.1636286776666666,140.44057357612658,102.98975395582612
2018-10-10 12:00:00,29034.4,42.64,20.3,130.0548636596488,0.1849038546666666,129.2403523661477,94.77625840184164
2018-10-10 13:00:00,30072.800000000003,29.67,20.06,171.8049277277075,0.1856582749999999,112.06349637006342,82.17989733804649
2018-10-10 14:00:00,31061.6,176.34,19.24,156.236033434045,0.179902602,88.9100055878736,65.20067076444064
2018-10-10 15:00:00,31683.2,0.0,18.24,148.37364871252998,0.188382304,0.0,0.0
2018-10-10 16:00:00,32278.4,0.0,16.19,129.72203178642582,0.189992374,0.0,0.0
2018-10-10 17:00:00,32703.2,0.0,15.03,128.25631077153358,0.190903438,0.0,0.0
2018-10-10 18:00:00,32460.800000000003,0.0,14.21,159.66412292994448,0.191547466,0.0,0.0
2018-10-10 19:00:00,31787.2,0.0,13.94,154.6844586465735,0.191759524,0.0,0.0
2018-10-10 20:00:00,31630.4,0.0,13.08,127.72127035176749,0.1924349679999999,0.0,0.0
2018-10-10 21:00:00,30142.4,0.0,12.23,135.99743097919537,0.193102558,0.0,0.0
2018-10-10 22:00:00,28108.0,0.0,11.86,164.38557126359254,0.193393156,0.0,0.0
2018-10-10 23:00:00,25571.2,0.0,11.14,106.9696303855434,0.1939586439999999,0.0,0.0
2018-10-11 00:00:00,23248.800000000003,0.0,10.52,102.48032182754044,0.194445592,0.0,0.0
2018-10-11 01:00:00,21385.6,0.0,10.1,132.4041438895461,0.1947754599999999,0.0,0.0
2018-10-11 02:00:00,20239.2,0.0,9.45,105.37620764227648,0.19528597,0.0,0.0
2018-10-11 03:00:00,19490.4,0.0,8.85,101.07389349856842,0.19575721,0.0,0.0
2018-10-11 04:00:00,19169.6,0.93,8.46,86.71007970716698,0.196022937,0.0,0.0
2018-10-11 05:00:00,19403.2,64.95,9.26,87.01009512142726,0.1926012109999999,61.14204670796974,44.83750091917781
2018-10-11 06:00:00,20766.4,197.0,12.45,61.09994298890879,0.1843340033333333,93.94904020090416,68.89596281399639
2018-10-11 07:00:00,23376.800000000003,57.48,14.5,31.09758024219621,0.1888116559999999,118.80474827657449,87.12348206948793
2018-10-11 08:00:00,24967.2,738.11,16.42,47.69076447416648,0.1576055323333333,135.70917093498056,99.5200586856524
2018-10-11 09:00:00,25298.4,818.92,17.81,79.63835707282927,0.1529878166666666,144.6623081761224,106.08569266248972
2018-10-11 10:00:00,25640.800000000003,980.33,19.01,98.81215817387844,0.1450024803333333,145.66415999999998,106.82038399999998
2018-10-11 11:00:00,25968.800000000003,628.05,19.61,96.22219764549206,0.1599023909999999,138.7147264066134,101.72413269818315
2018-10-11 12:00:00,26308.800000000003,601.43,19.88,94.73741350473374,0.1608518523333333,123.81400739596262,90.79693875703924
2018-10-11 13:00:00,26444.0,497.29,19.27,53.018535377081584,0.1658749216666666,100.96200296804766,74.03880217656827
2018-10-11 14:00:00,26684.0,12.98,16.61,14.054284998430116,0.1890961453333333,70.15871312286838,51.44972295677015
2018-10-11 15:00:00,26763.2,0.0,15.29,35.45860517672624,0.190699234,0.0,0.0
2018-10-11 16:00:00,26760.0,0.0,14.31,27.341177652194148,0.1914689259999999,0.0,0.0
2018-10-11 17:00:00,26868.0,0.0,13.61,21.869825649207183,0.1920187059999999,0.0,0.0
2018-10-11 18:00:00,27092.0,0.0,13.05,0.0,0.19245853,0.0,0.0
2018-10-11 19:00:00,27508.0,0.0,12.83,0.0,0.192631318,0.0,0.0
2018-10-11 20:00:00,27520.800000000003,0.0,11.63,0.0,0.1935737979999999,0.0,0.0
2018-10-11 21:00:00,26604.0,0.0,10.7,0.0,0.19430422,0.0,0.0
2018-10-11 22:00:00,25116.800000000003,0.0,10.25,3.7161127947130663,0.19465765,0.0,0.0
2018-10-11 23:00:00,23061.6,0.0,9.77,0.0,0.195034642,0.0,0.0
2018-10-12 00:00:00,21131.2,0.0,9.77,25.874571671840418,0.195034642,0.0,0.0
2018-10-12 01:00:00,19684.800000000003,0.0,9.46,47.778009339714266,0.195278116,0.0,0.0
2018-10-12 02:00:00,18720.0,0.0,9.47,78.57633184355895,0.195270262,0.0,0.0
2018-10-12 03:00:00,18194.4,0.0,9.23,99.78166814397908,0.195458758,0.0,0.0
2018-10-12 04:00:00,17936.0,6.49,8.99,103.19550727138606,0.1953640736666667,47.54358075341679,34.86529255250565
2018-10-12 05:00:00,18140.8,271.93,10.1,119.1467915041146,0.1829102476666666,79.46578234827528,58.27490705540187
2018-10-12 06:00:00,19401.6,545.89,13.52,82.22061961398236,0.1682703916666666,105.16047525496256,77.1176818536392
2018-10-12 07:00:00,21856.800000000003,758.65,15.68,149.3257866893932,0.1572904996666666,124.62765947347872,91.39361694721772
2018-10-12 08:00:00,23340.800000000003,859.66,17.37,109.14651206985316,0.1515557706666666,137.86733500382368,101.10271233613736
2018-10-12 09:00:00,23659.2,1019.65,19.26,164.584482404581,0.1430904676666666,144.87950184599742,106.2449680203981
2018-10-12 10:00:00,23942.4,589.09,20.37,148.49541026177965,0.1610054416666666,145.66415999999998,106.82038399999998
2018-10-12 11:00:00,24080.0,584.83,21.23,78.79074200293793,0.1605158756666666,140.22130946583138,102.828960274943
2018-10-12 12:00:00,24065.6,731.82,21.66,119.48693343450552,0.15376449,128.55095024349157,94.27069684522716
2018-10-12 13:00:00,23939.2,516.13,21.47,134.82333639090106,0.1633249896666666,110.6530823329806,81.14559371085244
2018-10-12 14:00:00,23784.0,152.83,20.57,116.17772025799488,0.1798838396666666,86.5277057342984,63.45365087181881
2018-10-12 15:00:00,23553.6,0.0,19.09,149.55842350043469,0.187714714,0.0,0.0
2018-10-12 16:00:00,23394.4,0.0,17.52,106.41910913160824,0.1889477919999999,0.0,0.0
2018-10-12 17:00:00,23421.6,0.0,16.55,129.24846615919682,0.1897096299999999,0.0,0.0
2018-10-12 18:00:00,23622.4,0.0,15.83,122.4529254857318,0.190275118,0.0,0.0
2018-10-12 19:00:00,24227.2,0.0,15.25,131.11495529999968,0.1907306499999999,0.0,0.0
2018-10-12 20:00:00,24559.2,0.0,14.7,102.65645420000666,0.1911626199999999,0.0,0.0
2018-10-12 21:00:00,23819.2,0.0,13.96,80.95004560616374,0.191743816,0.0,0.0
2018-10-12 22:00:00,22514.4,0.0,13.45,107.68799200679828,0.1921443699999999,0.0,0.0
2018-10-12 23:00:00,20830.4,0.0,13.03,103.24649582934542,0.192474238,0.0,0.0
2018-10-13 00:00:00,19209.6,0.0,12.72,125.69028674045823,0.1927177119999999,0.0,0.0
2018-10-13 01:00:00,18003.2,0.0,12.45,93.20470787809568,0.1929297699999999,0.0,0.0
2018-10-13 02:00:00,17215.2,0.0,12.12,148.8018750133757,0.193188952,0.0,0.0
2018-10-13 03:00:00,16784.0,0.0,11.76,153.89842747455086,0.193471696,0.0,0.0
2018-10-13 04:00:00,16639.2,0.93,11.42,140.19814381423566,0.193698153,0.0,0.0
2018-10-13 05:00:00,17008.0,58.41,11.95,147.21758074945785,0.190773847,79.36009610057445,58.19740380708792
2018-10-13 06:00:00,18260.0,182.95,13.58,97.35726283237156,0.1840595496666666,105.0958107932248,77.07026124836486
2018-10-13 07:00:00,20678.4,420.31,15.4,94.73795903138834,0.1722733136666666,124.59407452949262,91.36898798829458
2018-10-13 08:00:00,22134.4,260.48,17.03,151.80541142123516,0.1779670273333333,137.85488730937774,101.093584026877
2018-10-13 09:00:00,22530.4,162.24,18.68,80.6152195299489,0.180957656,144.8782491328802,106.24404936411212
2018-10-13 10:00:00,22808.0,785.86,19.83,71.79404746779461,0.1528438266666666,145.66415999999998,106.82038399999998
2018-10-13 11:00:00,23032.0,711.1,20.36,144.79059327835282,0.1556895926666666,140.21261991073715,102.82258793454056
2018-10-13 12:00:00,23100.800000000003,236.33,20.23,150.66756404841837,0.1765074923333333,128.52362886509167,94.25066116773388
2018-10-13 13:00:00,23024.0,384.83,19.57,76.7943629657358,0.1705463063333333,110.59718686306356,81.10460369957994
2018-10-13 14:00:00,23060.800000000003,204.8,17.55,82.36252928099911,0.1799881233333333,86.43329390465271,63.384415530078655
2018-10-13 15:00:00,22932.800000000003,0.0,15.94,91.89763813710104,0.190188724,0.0,0.0
2018-10-13 16:00:00,22851.2,0.0,14.81,59.76719712671686,0.191076226,0.0,0.0
2018-10-13 17:00:00,22900.0,0.0,13.73,114.52405924927405,0.191924458,0.0,0.0
2018-10-13 18:00:00,23093.6,0.0,12.76,70.50833206461407,0.1926862959999999,0.0,0.0
2018-10-13 19:00:00,23564.0,0.0,12.43,35.95983203603414,0.192945478,0.0,0.0
2018-10-13 20:00:00,23625.6,0.0,12.04,40.83896484912038,0.1932517839999999,0.0,0.0
2018-10-13 21:00:00,22993.6,0.0,11.64,97.7096669896708,0.193565944,0.0,0.0
2018-10-13 22:00:00,22020.800000000003,0.0,11.28,84.10482624823652,0.193848688,0.0,0.0
2018-10-13 23:00:00,20667.2,0.0,10.62,53.054085530722894,0.1943670519999999,0.0,0.0
2018-10-14 00:00:00,19234.4,0.0,10.04,54.37396908668709,0.194822584,0.0,0.0
2018-10-14 01:00:00,17954.4,0.0,9.65,66.68077158396005,0.1951288899999999,0.0,0.0
2018-10-14 02:00:00,17215.2,0.0,9.36,34.20011458430122,0.195356656,0.0,0.0
2018-10-14 03:00:00,16725.600000000002,0.0,9.28,33.418626437027584,0.1954194879999999,0.0,0.0
2018-10-14 04:00:00,16456.0,1.86,9.29,31.287750833900635,0.195330476,47.8502785447553,35.09020426615388
2018-10-14 05:00:00,16491.2,273.86,10.46,31.85112227124925,0.1825432913333333,79.67270016686004,58.42664678903069
2018-10-14 06:00:00,16875.2,537.91,13.83,22.45607283759464,0.1683751116666666,105.28707857047252,77.21052428501316
2018-10-14 07:00:00,17784.8,754.94,15.79,47.91329388858441,0.1573659853333333,124.6934137555928,91.44183675410136
2018-10-14 08:00:00,18707.2,928.54,17.5,34.23294013537458,0.1484482046666666,137.8917057222208,101.12058419629524
2018-10-14 09:00:00,19775.2,986.84,18.77,35.596002126030136,0.1449069233333333,144.88195447035653,106.24676661159478
2018-10-14 10:00:00,20695.2,913.28,19.74,50.59630914138759,0.1473547533333333,145.66415999999998,106.82038399999996
2018-10-14 11:00:00,21225.6,861.12,19.97,38.09034395472487,0.1494500259999999,140.2383223111512,102.84143636151089
2018-10-14 12:00:00,21457.6,678.08,20.21,78.40820052868978,0.1572481753333333,128.60444140381017,94.30992369612744
2018-10-14 13:00:00,21469.6,377.16,20.47,147.2784615240827,0.170174114,110.76251727797693,81.22584600384972
2018-10-14 14:00:00,21332.0,207.15,20.05,122.00970326329912,0.177922085,86.71254993365133,63.58920328467762
2018-10-14 15:00:00,21235.2,0.0,18.96,120.3191525299298,0.1878168159999999,0.0,0.0
2018-10-14 16:00:00,21257.6,0.0,16.97,124.06145325591682,0.189379762,0.0,0.0
2018-10-14 17:00:00,21493.6,0.0,15.46,100.28651063272385,0.190565716,0.0,0.0
2018-10-14 18:00:00,21837.6,0.0,13.8,65.48314055123429,0.19186948,0.0,0.0
2018-10-14 19:00:00,22505.6,0.0,12.81,61.79585921904138,0.192647026,0.0,0.0
2018-10-14 20:00:00,22857.6,0.0,12.16,50.33542314176179,0.193157536,0.0,0.0
2018-10-14 21:00:00,22350.4,0.0,11.49,66.77849359197467,0.1936837539999999,0.0,0.0
2018-10-14 22:00:00,21601.6,0.0,10.9,27.44095447727369,0.1941471399999999,0.0,0.0
2018-10-14 23:00:00,20493.6,0.0,10.84,20.24343036574056,0.194194264,0.0,0.0
2018-10-15 00:00:00,19248.0,0.0,10.71,60.05619290255914,0.194296366,0.0,0.0
2018-10-15 01:00:00,18084.8,0.0,10.42,44.595088614388,0.194524132,0.0,0.0
2018-10-15 02:00:00,17246.4,0.0,9.84,49.90024440677717,0.194979664,0.0,0.0
2018-10-15 03:00:00,16729.600000000002,0.0,9.24,84.66121494440952,0.1954509039999999,0.0,0.0
2018-10-15 04:00:00,16428.8,0.0,8.73,76.9748110601786,0.195851458,0.0,0.0
2018-10-15 05:00:00,16387.2,261.25,9.5,84.93570577265363,0.1838474916666666,104.55401872646624,76.67294706607525
2018-10-15 06:00:00,16636.0,508.16,13.6,89.9743536101739,0.1698538453333333,120.510791276563,88.37458026947954
2018-10-15 07:00:00,17250.4,729.61,15.49,60.656817748992445,0.1587068376666666,132.6001916789648,97.24014056457418
2018-10-15 08:00:00,17964.0,909.09,17.49,29.53249760862245,0.149304727,140.82221993367153,103.26962795135913
2018-10-15 09:00:00,19022.4,994.13,19.28,35.927661116946,0.1441882823333333,145.17687604068328,106.4630424298344
2018-10-15 10:00:00,20096.0,987.39,20.69,32.3353135454234,0.143374957,145.66415999999998,106.82038399999998
2018-10-15 11:00:00,20841.6,895.29,21.35,44.48901095645077,0.146875223,142.2840718116217,104.3416526618559
2018-10-15 12:00:00,21292.800000000003,716.84,21.77,77.295829250631,0.1543317233333333,135.0366114755484,99.02684841540211
2018-10-15 13:00:00,21544.0,433.6,21.71,42.35102835329918,0.1667375526666666,123.92177899178007,90.87597126063872
2018-10-15 14:00:00,21720.800000000003,206.52,21.18,81.37032540207774,0.177062072,108.93957436031673,79.88902119756558
2018-10-15 15:00:00,21772.0,0.0,19.7,103.01669575690654,0.18723562,0.0,0.0
2018-10-15 16:00:00,22072.0,0.0,17.97,41.997163396847846,0.188594362,0.0,0.0
2018-10-15 17:00:00,22588.0,0.0,16.74,31.53812938402282,0.189560404,0.0,0.0
2018-10-15 18:00:00,23146.4,0.0,15.83,30.70462527025745,0.190275118,0.0,0.0
2018-10-15 19:00:00,23990.4,0.0,14.72,27.267852808442974,0.191146912,0.0,0.0
2018-10-15 20:00:00,24604.0,0.0,13.52,21.200153797204116,0.1920893919999999,0.0,0.0
2018-10-15 21:00:00,24044.800000000003,0.0,12.56,24.07848274578091,0.1928433759999999,0.0,0.0
2018-10-15 22:00:00,22896.800000000003,0.0,11.91,7.075963346399293,0.193353886,0.0,0.0
2018-10-15 23:00:00,21367.2,0.0,11.53,8.920172269427406,0.1936523379999999,0.0,0.0
2018-10-16 00:00:00,19906.4,0.0,11.14,7.747836246917485,0.1939586439999999,0.0,0.0
2018-10-16 01:00:00,18772.0,0.0,10.61,4.213653939562554,0.194374906,0.0,0.0
2018-10-16 02:00:00,17928.0,0.0,10.16,10.49853241562722,0.194728336,0.0,0.0
2018-10-16 03:00:00,17346.4,0.0,9.8,20.12467982055251,0.19501108,0.0,0.0
2018-10-16 04:00:00,17072.8,0.0,9.48,20.91654358172141,0.195262408,0.0,0.0
2018-10-16 05:00:00,17267.2,127.19,10.59,33.12898512131077,0.1888408903333333,91.37509997504044,67.00840664836298
2018-10-16 06:00:00,18606.4,401.15,15.29,25.69603595139167,0.1731957223333333,112.44722855306918,82.4613009389174
2018-10-16 07:00:00,21024.0,518.55,18.67,15.473893857512069,0.165418517,128.41219884457956,94.16894581935834
2018-10-16 08:00:00,22408.800000000003,758.33,20.82,10.328945605337486,0.1532675063333333,139.2700108495715,102.13134128968576
2018-10-16 09:00:00,22732.800000000003,887.88,22.55,28.87826264558548,0.146256066,145.02066456804496,106.34848734989964
2018-10-16 10:00:00,22912.800000000003,930.87,23.76,32.03048537379036,0.1434299349999999,145.66415999999998,106.82038399999998
2018-10-16 11:00:00,23023.2,872.38,24.26,65.25060678411626,0.1455893486666666,141.2004971454366,103.54703123998684
2018-10-16 12:00:00,22995.2,655.79,24.56,81.11559476153542,0.1548042723333333,131.62967600435476,96.52842906986017
2018-10-16 13:00:00,22720.800000000003,257.23,22.83,94.84580965095208,0.1735535156666666,116.95169657675451,85.76457748961997
2018-10-16 14:00:00,22552.800000000003,220.99,20.96,60.90524452597344,0.1766034856666666,97.16655886263575,71.25547649926624
2018-10-16 15:00:00,22256.800000000003,0.0,19.98,95.07054844832,0.1870157079999999,0.0,0.0
2018-10-16 16:00:00,22181.6,0.0,18.21,104.34153754401774,0.1884058659999999,0.0,0.0
2018-10-16 17:00:00,22391.2,0.0,16.08,109.0419891628808,0.190078768,0.0,0.0
2018-10-16 18:00:00,22735.2,0.0,14.49,78.62936309576835,0.1913275539999999,0.0,0.0
2018-10-16 19:00:00,23639.2,0.0,13.79,124.6638601560874,0.1918773339999999,0.0,0.0
2018-10-16 20:00:00,24199.2,0.0,13.22,142.2466206469273,0.192325012,0.0,0.0
2018-10-16 21:00:00,23470.4,0.0,13.04,96.63071224989412,0.1924663839999999,0.0,0.0
2018-10-16 22:00:00,22202.4,0.0,12.39,138.09247154253916,0.192976894,0.0,0.0
2018-10-16 23:00:00,20418.4,0.0,11.75,149.52883171014037,0.19347955,0.0,0.0
2018-10-17 00:00:00,18808.0,0.0,11.08,45.54237746543505,0.194005768,0.0,0.0
2018-10-17 01:00:00,17726.4,0.0,10.44,7.51333024940892,0.1945084239999999,0.0,0.0
2018-10-17 02:00:00,17089.600000000002,0.0,10.01,0.0,0.1948461459999999,0.0,0.0
2018-10-17 03:00:00,16784.8,0.0,9.88,51.57466573539935,0.194948248,0.0,0.0
2018-10-17 04:00:00,16780.0,0.0,9.39,104.47511883744512,0.1953330939999999,0.0,0.0
2018-10-17 05:00:00,17273.600000000002,217.04,10.21,114.58190932026362,0.1852188873333333,95.55261108511672,70.07191479575226
2018-10-17 06:00:00,18828.8,338.87,14.15,148.06534129312368,0.1768085623333333,115.00325181260617,84.33571799591118
2018-10-17 07:00:00,21624.800000000003,592.85,16.83,55.057962528718505,0.1636216963333333,129.73972706783923,95.14246651641544
2018-10-17 08:00:00,23100.800000000003,755.03,19.17,79.18847942521333,0.1547074063333333,139.76203685081592,102.492160357265
2018-10-17 09:00:00,23032.800000000003,868.05,21.08,77.36281386237735,0.1482758529999999,145.07018116153617,106.38479951845984
2018-10-17 10:00:00,22670.4,926.45,22.37,42.5205204541003,0.1447145003333333,145.66415999999998,106.82038399999998
2018-10-17 11:00:00,22308.800000000003,694.22,22.85,51.88411269937252,0.1544704773333333,141.5439733662074,103.79891380188542
2018-10-17 12:00:00,21998.4,564.75,23.18,43.42682509988791,0.159860503,132.70962126015843,97.32038892411616
2018-10-17 13:00:00,21740.800000000003,520.25,23.16,62.15099100961212,0.1618178943333333,119.16110368185306,87.38480936669224
2018-10-17 14:00:00,21792.800000000003,241.72,22.65,67.36526812279503,0.1743716406666667,100.89842063129124,73.99217512961356
2018-10-17 15:00:00,21736.0,0.0,20.61,100.77943639477505,0.186520906,0.0,0.0
2018-10-17 16:00:00,21884.0,0.0,18.9,80.16182020470895,0.18786394,0.0,0.0
2018-10-17 17:00:00,22295.2,0.0,17.31,47.30548627453579,0.1891127259999999,0.0,0.0
2018-10-17 18:00:00,22849.6,0.0,16.26,42.85561020153127,0.189937396,0.0,0.0
2018-10-17 19:00:00,23816.0,0.0,14.93,26.973492687166093,0.190981978,0.0,0.0
2018-10-17 20:00:00,24400.0,0.0,13.85,25.399918022006347,0.19183021,0.0,0.0
2018-10-17 21:00:00,23820.0,0.0,13.59,17.722357730982946,0.192034414,0.0,0.0
2018-10-17 22:00:00,22595.2,0.0,13.12,34.91040241107202,0.1924035519999999,0.0,0.0
2018-10-17 23:00:00,20855.2,0.0,12.62,38.037985518722365,0.192796252,0.0,0.0
2018-10-18 00:00:00,19263.2,0.0,11.95,24.797259573434022,0.1933224699999999,0.0,0.0
2018-10-18 01:00:00,18114.4,0.0,11.21,18.922769434293933,0.193903666,0.0,0.0
2018-10-18 02:00:00,17496.8,0.0,10.58,2.2794924067074915,0.1943984679999999,0.0,0.0
2018-10-18 03:00:00,17226.4,0.0,10.19,31.49724519198338,0.1947047739999999,0.0,0.0
2018-10-18 04:00:00,17200.0,0.0,9.94,40.19153987715183,0.1949011239999999,0.0,0.0
2018-10-18 05:00:00,17692.0,164.82,10.94,2.053347931109633,0.186924078,98.59063917532193,72.29980206190274
2018-10-18 06:00:00,19308.8,418.63,14.96,1.1837183035595726,0.1726921936666666,116.8620788167908,85.69885779897993
2018-10-18 07:00:00,22097.6,671.27,18.26,16.319742027183782,0.1590768483333333,130.7051507199931,95.85044386132827
2018-10-18 08:00:00,23463.2,834.33,20.22,49.56692459026914,0.150422613,140.1198548849287,102.75456024894773
2018-10-18 09:00:00,23253.6,921.16,21.31,33.91929261616293,0.1457778446666666,145.10619131159768,106.4112069618383
2018-10-18 10:00:00,22756.800000000003,918.97,21.64,25.687107498482263,0.1456142196666666,145.66415999999998,106.82038399999998
2018-10-18 11:00:00,22563.2,874.21,21.92,4.168142241910014,0.1473473356666666,141.79376095013566,103.9820913634328
2018-10-18 12:00:00,22329.6,744.77,21.98,23.51713733381245,0.1529481103333333,133.49499416200464,97.89632905213674
2018-10-18 13:00:00,22276.0,377.93,21.94,23.304891096828893,0.1689859783333333,120.767859635607,88.5630970661118
2018-10-18 14:00:00,22348.0,41.72,20.83,9.673841588033149,0.1845277353333333,103.61235737094268,75.98239540535795
2018-10-18 15:00:00,22475.2,0.0,19.87,2.118197412144807,0.1871021019999999,0.0,0.0
2018-10-18 16:00:00,22664.800000000003,0.0,17.84,14.378905180153106,0.188696464,0.0,0.0
2018-10-18 17:00:00,23048.800000000003,0.0,15.72,8.393421581779386,0.1903615119999999,0.0,0.0
2018-10-18 18:00:00,23380.0,0.0,14.72,0.0218151557097485,0.191146912,0.0,0.0
2018-10-18 19:00:00,24120.0,0.0,14.27,0.0,0.1915003419999999,0.0,0.0
2018-10-18 20:00:00,24430.4,0.0,13.58,2.214691606349456,0.192042268,0.0,0.0
2018-10-18 21:00:00,23668.0,0.0,13.02,0.0,0.192482092,0.0,0.0
2018-10-18 22:00:00,22391.2,0.0,12.79,0.0,0.1926627339999999,0.0,0.0
2018-10-18 23:00:00,20580.0,0.0,12.51,0.0,0.192882646,0.0,0.0
2018-10-19 00:00:00,18948.0,0.0,12.11,0.0,0.193196806,0.0,0.0
2018-10-19 01:00:00,17858.4,0.0,11.43,0.0,0.193730878,0.0,0.0
2018-10-19 02:00:00,17130.4,0.0,10.78,0.0,0.194241388,0.0,0.0
2018-10-19 03:00:00,16848.0,0.0,10.27,0.0,0.1946419419999999,0.0,0.0
2018-10-19 04:00:00,16836.8,0.0,9.89,0.0,0.194940394,0.0,0.0
2018-10-19 05:00:00,17272.0,229.95,10.7,0.0,0.184270735,100.716939247327,73.85908878137312
2018-10-19 06:00:00,18870.4,433.56,14.84,0.0,0.172134996,118.16306217688074,86.65291226304588
2018-10-19 07:00:00,21486.4,559.29,18.57,0.0,0.163719435,131.38084571692497,96.34595352574496
2018-10-19 08:00:00,22853.6,759.59,20.14,0.0,0.1537466003333333,140.37028986745958,102.93821256947037
2018-10-19 09:00:00,22862.4,809.87,20.83,0.0,0.1510107903333333,145.1313946284846,106.42968939422202
2018-10-19 10:00:00,22609.6,865.49,21.53,0.0,0.1480341243333333,145.66415999999998,106.82038399999998
2018-10-19 11:00:00,22520.800000000003,112.18,21.91,0.0,0.1806050986666666,141.9685859820058,104.11029638680424
2018-10-19 12:00:00,22353.6,535.47,22.02,0.0,0.162049151,134.04467257450202,98.2994265546348
2018-10-19 13:00:00,22291.2,89.93,20.92,0.0,0.1823534863333333,121.89241977748864,89.38777450349167
2018-10-19 14:00:00,22424.0,10.2,19.23,4.1460237879420365,0.1871596979999999,105.51182759096564,77.3753402333748
2018-10-19 15:00:00,22553.6,0.0,17.88,2.590534657306657,0.188665048,0.0,0.0
2018-10-19 16:00:00,22770.4,0.0,16.18,0.0,0.1900002279999999,0.0,0.0
2018-10-19 17:00:00,23100.800000000003,0.0,14.72,0.3534282036446426,0.191146912,0.0,0.0
2018-10-19 18:00:00,23393.6,0.0,13.49,1.1794652792644356,0.192112954,0.0,0.0
2018-10-19 19:00:00,24041.6,0.0,13.27,0.0,0.1922857419999999,0.0,0.0
2018-10-19 20:00:00,24350.4,0.0,12.43,0.0,0.192945478,0.0,0.0
2018-10-19 21:00:00,23631.2,0.0,11.95,0.0,0.1933224699999999,0.0,0.0
2018-10-19 22:00:00,22369.6,0.0,11.3,0.0,0.19383298,0.0,0.0
2018-10-19 23:00:00,20584.800000000003,0.0,10.66,0.0,0.194335636,0.0,0.0
2018-10-20 00:00:00,18989.6,0.0,10.46,0.0,0.194492716,0.0,0.0
2018-10-20 01:00:00,17829.600000000002,0.0,9.74,0.0,0.1950582039999999,0.0,0.0
2018-10-20 02:00:00,17091.2,0.0,9.43,0.0,0.195301678,0.0,0.0
2018-10-20 03:00:00,16724.0,0.0,9.53,0.0,0.195223138,0.0,0.0
2018-10-20 04:00:00,16650.4,0.0,9.37,0.0,0.195348802,0.0,0.0
2018-10-20 05:00:00,17048.8,141.86,10.15,0.0,0.1885463653333333,98.92402312999631,72.54428362866395
2018-10-20 06:00:00,18441.6,490.95,13.96,9.354430428183202,0.1703220309999999,117.06606083384608,85.84844461148712
2018-10-20 07:00:00,20886.4,702.1,16.87,0.0,0.1588233386666666,130.81109337277138,95.92813514003234
2018-10-20 08:00:00,22197.6,878.54,18.75,0.0,0.1496481213333333,140.15912074677212,102.78335521429956
2018-10-20 09:00:00,22440.0,976.58,19.96,0.0,0.1444199753333333,145.11014295584835,106.41410483428876
2018-10-20 10:00:00,22448.0,310.47,20.58,3.1437659285486723,0.172997627,145.66415999999998,106.82038399999998
2018-10-20 11:00:00,22554.4,176.95,21.03,0.0,0.1784701196666666,141.8211718792271,104.00219271143322
2018-10-20 12:00:00,22523.2,52.84,21.07,2.246943596759833,0.1838540366666666,133.58117859352973,97.95953096858848
2018-10-20 13:00:00,22404.0,209.72,20.16,0.0,0.1777235533333333,120.94418014290784,88.69239877146572
2018-10-20 14:00:00,22562.4,167.17,19.51,6.805427586399067,0.1800906616666666,103.91017652736132,76.20079612006496
2018-10-20 15:00:00,22616.0,0.0,18.25,9.588468939656009,0.1883744499999999,0.0,0.0
2018-10-20 16:00:00,22752.800000000003,0.0,16.32,5.592663113908799,0.1898902719999999,0.0,0.0
2018-10-20 17:00:00,22969.6,0.0,14.73,29.70368993416293,0.191139058,0.0,0.0
2018-10-20 18:00:00,23117.6,0.0,13.33,48.06166198504789,0.1922386179999999,0.0,0.0
2018-10-20 19:00:00,23376.0,0.0,13.38,49.85163192046783,0.192199348,0.0,0.0
2018-10-20 20:00:00,23319.2,0.0,12.37,60.09492529501783,0.1929926019999999,0.0,0.0
2018-10-20 21:00:00,22528.0,0.0,11.29,56.38837474911192,0.193840834,0.0,0.0
2018-10-20 22:00:00,21483.2,0.0,10.25,18.42198354236493,0.19465765,0.0,0.0
2018-10-20 23:00:00,20092.0,0.0,9.78,43.900396788524205,0.195026788,0.0,0.0
2018-10-21 00:00:00,18707.2,0.0,10.05,50.573815259006665,0.19481473,0.0,0.0
2018-10-21 01:00:00,17511.2,0.0,10.05,39.38853070336433,0.19481473,0.0,0.0
2018-10-21 02:00:00,16713.600000000002,0.0,9.04,54.72770675358586,0.195607984,0.0,0.0
2018-10-21 03:00:00,16317.6,0.0,8.38,50.32837069440276,0.196126348,0.0,0.0
2018-10-21 04:00:00,16146.4,0.0,9.24,68.23686211984793,0.1954509039999999,0.0,0.0
2018-10-21 05:00:00,16244.8,17.61,9.13,47.70447537741234,0.194768915,55.25180556630893,40.51799074862655
2018-10-21 06:00:00,16796.0,67.68,10.66,35.565749642343086,0.191382532,90.34507770609424,66.25305698446911
2018-10-21 07:00:00,17772.8,72.31,11.94,21.763623732420868,0.1901751976666666,116.93294921935608,85.75082942752778
2018-10-21 08:00:00,18626.4,69.54,12.74,29.88517452924876,0.1896677419999999,135.01542010609433,99.01130807780248
2018-10-21 09:00:00,19481.6,211.11,13.6,29.41083910329638,0.182815127,144.59249036630897,106.03449293529324
2018-10-21 10:00:00,19903.2,600.34,14.02,23.529472297607875,0.1655018566666666,145.66415999999998,106.82038399999996
2018-10-21 11:00:00,20063.2,923.61,13.6,8.662641258726033,0.151726377,138.23042900716746,101.3689812719228
2018-10-21 12:00:00,20025.6,703.14,13.48,23.572140058736704,0.161440466,122.29129738781135,89.68028475106166
2018-10-21 13:00:00,20024.0,209.82,13.92,9.89250230926069,0.182620086,97.84676514193173,71.75429443741659
2018-10-21 14:00:00,20051.2,72.05,13.65,22.85594993663625,0.1888435083333333,64.8968322695284,47.59101033098749
2018-10-21 15:00:00,20204.800000000003,0.0,12.8,12.872728817785797,0.19265488,0.0,0.0
2018-10-21 16:00:00,20469.6,0.0,11.5,44.88289635440551,0.1936759,0.0,0.0
2018-10-21 17:00:00,20792.800000000003,0.0,11.14,43.0755423029338,0.1939586439999999,0.0,0.0
2018-10-21 18:00:00,21000.800000000003,0.0,10.39,38.21351781186852,0.194547694,0.0,0.0
2018-10-21 19:00:00,21780.0,0.0,10.44,34.13254807745706,0.1945084239999999,0.0,0.0
2018-10-21 20:00:00,21884.800000000003,0.0,10.04,41.81581821412927,0.194822584,0.0,0.0
2018-10-21 21:00:00,21262.4,0.0,9.74,34.67991436890791,0.1950582039999999,0.0,0.0
2018-10-21 22:00:00,20444.0,0.0,9.42,43.74278201526957,0.1953095319999999,0.0,0.0
2018-10-21 23:00:00,19300.8,0.0,9.08,69.07637914962586,0.1955765679999999,0.0,0.0
2018-10-22 00:00:00,18074.4,0.0,8.71,44.46381065572369,0.1958671659999999,0.0,0.0
2018-10-22 01:00:00,16976.0,0.0,8.49,54.80551703871705,0.1960399539999999,0.0,0.0
2018-10-22 02:00:00,16259.2,0.0,8.24,55.17375965321399,0.196236304,0.0,0.0
2018-10-22 03:00:00,15835.2,0.0,6.57,54.93198830141624,0.197547922,0.0,0.0
2018-10-22 04:00:00,15624.0,0.0,5.71,64.4303529066442,0.1982233659999999,0.0,0.0
2018-10-22 05:00:00,15639.2,158.0,6.08,74.34507557728301,0.1910387013333333,101.32902475182962,74.30795148467503
2018-10-22 06:00:00,15962.4,373.19,9.52,104.91346768843228,0.1789474683333333,118.5375686102833,86.92755031420774
2018-10-22 07:00:00,16669.600000000002,616.88,11.0,75.27839288457145,0.1671520693333333,131.5753540643272,96.4885929805066
2018-10-22 08:00:00,17324.0,763.96,13.14,94.88553611420312,0.1590537226666666,140.4423811139613,102.9910794835716
2018-10-22 09:00:00,18129.6,744.14,14.75,54.16174103392548,0.1586540413333333,145.13864975918557,106.43500982340274
2018-10-22 10:00:00,18700.0,668.42,15.68,59.52200107981092,0.1612275353333333,145.66415999999998,106.82038399999998
2018-10-22 11:00:00,18997.6,535.21,16.25,36.45397917165007,0.1665922536666666,142.0189118364046,104.14720201336335
2018-10-22 12:00:00,19180.0,410.25,16.41,47.207224801273874,0.171919011,134.20290526839943,98.4154638634929
2018-10-22 13:00:00,19412.8,387.59,16.51,49.029905121029,0.1728292023333333,122.21614029598447,89.62516955038859
2018-10-22 14:00:00,19620.0,71.68,16.1,69.15528048806574,0.1869354226666666,106.05861691915962,77.77631907405038
2018-10-22 15:00:00,19848.0,0.0,15.17,63.81696879790712,0.190793482,0.0,0.0
2018-10-22 16:00:00,20252.800000000003,0.0,14.4,74.33246785016038,0.19139824,0.0,0.0
2018-10-22 17:00:00,20864.0,0.0,13.15,131.7100642658166,0.1923799899999999,0.0,0.0
2018-10-22 18:00:00,21429.6,0.0,11.79,64.79695894117835,0.193448134,0.0,0.0
2018-10-22 19:00:00,22486.4,0.0,10.76,81.03713590582618,0.194257096,0.0,0.0
2018-10-22 20:00:00,22776.800000000003,0.0,9.98,86.71648661465176,0.194869708,0.0,0.0
2018-10-22 21:00:00,22118.4,0.0,9.41,113.88484748415702,0.195317386,0.0,0.0
2018-10-22 22:00:00,20913.6,0.0,8.87,101.44168756892708,0.1957415019999999,0.0,0.0
2018-10-22 23:00:00,19468.8,0.0,8.46,99.30259875894848,0.196063516,0.0,0.0
2018-10-23 00:00:00,18116.8,0.0,8.19,134.67084350679025,0.1962755739999999,0.0,0.0
2018-10-23 01:00:00,17147.2,0.0,7.92,109.01626455042484,0.1964876319999999,0.0,0.0
2018-10-23 02:00:00,16570.4,0.0,7.38,109.28246943493052,0.196911748,0.0,0.0
2018-10-23 03:00:00,16266.4,0.0,7.21,130.013149054813,0.197045266,0.0,0.0
2018-10-23 04:00:00,16207.2,0.0,7.08,139.28757496843326,0.197147368,0.0,0.0
2018-10-23 05:00:00,16742.4,220.7,7.33,108.3332651791858,0.1873211413333333,106.35088735434736,77.9906507265214
2018-10-23 06:00:00,18301.6,517.9,11.32,156.73492362085037,0.1712195686666666,121.61021097555994,89.18082138207728
2018-10-23 07:00:00,20894.4,636.63,14.25,127.62280885206562,0.163737761,133.17120005073153,97.6588800372031
2018-10-23 08:00:00,22532.0,837.94,15.85,84.11778553698107,0.1536972946666666,141.0338545798621,103.42482669189884
2018-10-23 09:00:00,22900.800000000003,855.88,16.93,54.96967813182391,0.1520662806666666,145.19817456295155,106.47866134616446
2018-10-23 10:00:00,23240.800000000003,840.62,17.88,64.08038543506791,0.1519859953333333,145.66415999999998,106.82038399999998
2018-10-23 11:00:00,23709.6,686.4,18.34,81.24931546732962,0.158353844,142.4318108910074,104.4499946534054
2018-10-23 12:00:00,24024.0,576.32,18.57,60.34329751933351,0.1629763593333333,135.5011272359738,99.36749330638077
2018-10-23 13:00:00,24210.4,227.98,18.41,24.354584393007254,0.1783012586666666,124.87210903489915,91.57287995892604
2018-10-23 14:00:00,24406.4,150.19,17.82,22.6756882304673,0.1821588816666666,110.54475628778344,81.06615461104118
2018-10-23 15:00:00,24547.2,0.0,16.57,19.070308633313143,0.189693922,0.0,0.0
2018-10-23 16:00:00,24520.0,0.0,15.62,13.69591035496954,0.190440052,0.0,0.0
2018-10-23 17:00:00,24653.6,0.0,14.85,3.4467616609962564,0.19104481,0.0,0.0
2018-10-23 18:00:00,24984.0,0.0,14.08,0.0,0.191649568,0.0,0.0
2018-10-23 19:00:00,25978.4,0.0,12.64,0.0,0.192780544,0.0,0.0
2018-10-23 20:00:00,25977.6,0.0,11.04,0.0,0.1940371839999999,0.0,0.0
2018-10-23 21:00:00,25212.800000000003,0.0,9.75,0.0,0.19505035,0.0,0.0
2018-10-23 22:00:00,23881.6,0.0,8.91,6.370876964742476,0.195710086,0.0,0.0
2018-10-23 23:00:00,22140.800000000003,0.0,8.48,8.998408368419485,0.196047808,0.0,0.0
2018-10-24 00:00:00,20464.800000000003,0.0,8.07,22.901196826558685,0.196369822,0.0,0.0
2018-10-24 01:00:00,19193.6,0.0,7.87,36.80351628331027,0.1965269019999999,0.0,0.0
2018-10-24 02:00:00,18400.0,0.0,7.86,115.0498499615456,0.196534756,0.0,0.0
2018-10-24 03:00:00,17992.8,0.0,7.86,69.25155988115023,0.196534756,0.0,0.0
2018-10-24 04:00:00,17917.600000000002,0.0,7.89,4.799924237065228,0.196511194,0.0,0.0
2018-10-24 05:00:00,18234.4,16.69,9.05,24.499721759395545,0.1948718896666667,81.32467114872993,59.63809217573528
2018-10-24 06:00:00,19628.8,108.6,12.76,52.84290004001181,0.187947716,106.29784219083842,77.95175093994817
2018-10-24 07:00:00,22249.6,779.51,15.43,38.54020341811896,0.1565766583333333,125.21837659701976,91.82680950448112
2018-10-24 08:00:00,23920.800000000003,940.79,17.0,44.75058492580159,0.1483063963333333,138.08627436727377,101.26326786933409
2018-10-24 09:00:00,24304.800000000003,961.87,18.46,41.39056200284608,0.1462399216666666,144.9015355016005,106.26112603450704
2018-10-24 10:00:00,24586.4,959.62,19.34,88.67562436558399,0.1456469446666666,145.66415999999998,106.82038399999996
2018-10-24 11:00:00,24872.800000000003,908.27,19.69,92.58228621111768,0.1476126263333333,140.37414786247223,102.94104176581294
2018-10-24 12:00:00,25135.2,315.94,19.16,60.41614351191004,0.1738742206666666,129.0314990890172,94.62309933194592
2018-10-24 13:00:00,25220.800000000003,319.62,19.08,59.27978724528205,0.1737764819999999,111.63621367963492,81.86655669839892
2018-10-24 14:00:00,25244.800000000003,124.87,17.27,67.73505033473842,0.1836956476666666,88.18829163432531,64.67141386517189
2018-10-24 15:00:00,25157.6,0.0,15.61,143.48625117063017,0.1904479059999999,0.0,0.0
2018-10-24 16:00:00,25149.6,0.0,14.37,103.7714985586716,0.191421802,0.0,0.0
2018-10-24 17:00:00,25262.4,0.0,13.61,127.36688411429064,0.1920187059999999,0.0,0.0
2018-10-24 18:00:00,25372.0,0.0,13.12,169.27172015559438,0.1924035519999999,0.0,0.0
2018-10-24 19:00:00,25902.4,0.0,12.39,177.30953412633218,0.192976894,0.0,0.0
2018-10-24 20:00:00,25907.2,0.0,11.72,148.45637479895765,0.1935031119999999,0.0,0.0
2018-10-24 21:00:00,24984.800000000003,0.0,11.56,113.66313332901672,0.1936287759999999,0.0,0.0
2018-10-24 22:00:00,23528.0,0.0,10.96,176.01165347876014,0.194100016,0.0,0.0
2018-10-24 23:00:00,21591.2,0.0,10.44,178.78265005809442,0.1945084239999999,0.0,0.0
2018-10-25 00:00:00,19775.2,0.0,9.55,178.84303379732333,0.19520743,0.0,0.0
2018-10-25 01:00:00,18440.8,0.0,8.32,167.18362596498278,0.196173472,0.0,0.0
2018-10-25 02:00:00,17556.8,0.0,7.02,131.74119565355784,0.197194492,0.0,0.0
2018-10-25 03:00:00,17095.2,0.0,6.24,126.68149654858728,0.197807104,0.0,0.0
2018-10-25 04:00:00,16884.8,0.0,6.12,67.92219628421499,0.1979013519999999,0.0,0.0
2018-10-25 05:00:00,17170.4,11.13,6.2,176.96810717759993,0.197352881,70.2988617828386,51.5524986407483
2018-10-25 06:00:00,18521.6,74.17,6.32,166.7948836710968,0.1945079876666667,99.55166618990272,73.00455520592865
2018-10-25 07:00:00,20996.800000000003,94.56,5.66,157.87450455614623,0.194136668,121.714598215151,89.25737202444405
2018-10-25 08:00:00,22476.0,165.95,5.39,170.33612751792185,0.1912337423333333,136.7876578585833,100.3109490962944
2018-10-25 09:00:00,22482.4,267.39,5.06,146.4385929326833,0.187066759,144.77084512019962,106.16528642147972
2018-10-25 10:00:00,22472.0,109.39,5.08,153.08170133611,0.1939451176666666,145.66415999999998,106.82038399999998
2018-10-25 11:00:00,22391.2,96.42,5.0,168.39183415339545,0.194573874,139.46760249798442,102.27624183185524
2018-10-25 12:00:00,22465.6,121.45,4.3,139.69827167945274,0.1940315116666666,126.1811726141529,92.53285991704546
2018-10-25 13:00:00,22362.4,43.57,3.95,104.77141254764103,0.1977045656666666,105.80487034850547,77.59023825557068
2018-10-25 14:00:00,22477.6,134.08,3.71,53.85864642477178,0.1939438086666666,78.33869570104204,57.44837684743082
2018-10-25 15:00:00,22636.0,0.0,3.34,69.57223257138835,0.200084764,0.0,0.0
2018-10-25 16:00:00,22708.0,0.0,3.01,41.02640477684946,0.200343946,0.0,0.0
2018-10-25 17:00:00,22877.6,0.0,2.75,40.0599740016422,0.2005481499999999,0.0,0.0
2018-10-25 18:00:00,23176.800000000003,0.0,2.48,12.258753721839488,0.200760208,0.0,0.0
2018-10-25 19:00:00,24063.2,0.0,1.98,3.5582964796667182,0.201152908,0.0,0.0
2018-10-25 20:00:00,24213.6,0.0,1.57,7.517958133859954,0.201474922,0.0,0.0
2018-10-25 21:00:00,23493.6,0.0,1.27,13.044202998764396,0.201710542,0.0,0.0
2018-10-25 22:00:00,22325.6,0.0,1.36,30.974054823430823,0.2016398559999999,0.0,0.0
2018-10-25 23:00:00,20548.0,0.0,1.45,70.19297522855204,0.20156917,0.0,0.0
2018-10-26 00:00:00,18941.6,0.0,1.29,143.73264737617595,0.201694834,0.0,0.0
2018-10-26 01:00:00,17882.4,0.0,1.34,118.32822269786396,0.2016555639999999,0.0,0.0
2018-10-26 02:00:00,17183.2,0.0,1.21,116.07310036850622,0.201757666,0.0,0.0
2018-10-26 03:00:00,16866.4,0.0,0.87,78.39737485530493,0.202024702,0.0,0.0
2018-10-26 04:00:00,16838.4,0.0,0.7,134.3994379348467,0.20215822,0.0,0.0
2018-10-26 05:00:00,17261.600000000002,98.93,0.69,104.05229931188464,0.1978494283333333,99.14986714104828,72.70990257010205
2018-10-26 06:00:00,18801.6,575.89,1.62,157.6821397350099,0.1763076516666666,117.20424419950696,85.9497790796384
2018-10-26 07:00:00,21454.4,796.2,3.29,151.56756179994107,0.165383174,130.88286201463148,95.9807654773964
2018-10-26 08:00:00,23056.800000000003,960.03,4.53,126.6193307556211,0.157260829,140.18572058642184,102.802861763376
2018-10-26 09:00:00,23062.4,1052.06,6.03,62.20655593006085,0.1520671533333333,145.112819914878,106.4160679375772
2018-10-26 10:00:00,22987.2,1046.56,6.87,76.27065131615814,0.1516474006666666,145.66415999999998,106.82038399999998
2018-10-26 11:00:00,22894.4,946.09,7.77,44.525230895595605,0.1553243816666666,141.83974084178783,104.01580995064438
2018-10-26 12:00:00,22738.4,765.16,8.43,32.094802966337575,0.1627005966666666,133.63956244024146,98.0023457895104
2018-10-26 13:00:00,22639.2,499.62,8.42,39.86039610585397,0.174294846,121.06362479536097,88.77999151659802
2018-10-26 14:00:00,22669.6,190.47,8.35,34.413260940264415,0.1878390689999999,104.11192790714622,76.3487471319072
2018-10-26 15:00:00,22507.2,0.0,7.14,61.80727891033899,0.197100244,0.0,0.0
2018-10-26 16:00:00,22390.4,0.0,6.02,64.71189921295165,0.197979892,0.0,0.0
2018-10-26 17:00:00,22645.6,0.0,4.74,67.8022289115174,0.198985204,0.0,0.0
2018-10-26 18:00:00,23136.800000000003,0.0,3.88,101.38726825445283,0.199660648,0.0,0.0
2018-10-26 19:00:00,24262.4,0.0,3.36,114.41998488643944,0.2000690559999999,0.0,0.0
2018-10-26 20:00:00,24485.6,0.0,3.14,147.52524565969375,0.200241844,0.0,0.0
2018-10-26 21:00:00,23995.2,0.0,2.88,134.12062532321835,0.200446048,0.0,0.0
2018-10-26 22:00:00,22908.0,0.0,2.0,172.36702626952956,0.2011372,0.0,0.0
2018-10-26 23:00:00,21289.6,0.0,1.63,153.3746612723074,0.201427798,0.0,0.0
2018-10-27 00:00:00,19942.4,0.0,1.15,114.0064514368174,0.2018047899999999,0.0,0.0
2018-10-27 01:00:00,18666.4,0.0,0.74,119.724673950469,0.202126804,0.0,0.0
2018-10-27 02:00:00,18025.6,0.0,0.19,117.64070151680087,0.202558774,0.0,0.0
2018-10-27 03:00:00,17728.8,0.0,-0.06,129.9193548387097,0.2027551239999999,0.0,0.0
2018-10-27 04:00:00,17785.600000000002,0.0,-0.06,135.77085557542438,0.2027551239999999,0.0,0.0
2018-10-27 05:00:00,18324.8,268.59,0.3,94.76129544937947,0.1907529029999999,105.80941465866324,77.59357074968636
2018-10-27 06:00:00,19904.800000000003,560.38,4.52,72.29397415524288,0.1747067446666666,121.27890921044089,88.9378667543233
2018-10-27 07:00:00,22650.4,786.97,7.17,55.03770530562076,0.1627385576666666,132.99913102046338,97.53269608167314
2018-10-27 08:00:00,24135.2,948.6,8.81,50.46407954178168,0.1543980459999999,140.97008008873075,103.37805873173588
2018-10-27 09:00:00,24036.0,1042.15,10.29,63.487852567340845,0.1491537556666666,145.1917564152429,106.47395470451148
2018-10-27 10:00:00,23392.0,1042.62,11.52,117.04817471048143,0.148167206,145.66415999999998,106.82038399999998
2018-10-27 11:00:00,22863.2,925.78,12.34,121.00707376387248,0.1526212966666666,142.3872908430019,104.41734661820138
2018-10-27 12:00:00,22402.4,760.69,12.81,62.062452033611926,0.1594555856666666,135.36114894424864,99.26484255911566
2018-10-27 13:00:00,22031.2,475.08,12.75,61.39543659334553,0.171964826,124.58573430374024,91.36287182274285
2018-10-27 14:00:00,21880.0,183.81,12.04,124.74425866212322,0.1852315409999999,110.06104692147667,80.7114344090829
2018-10-27 15:00:00,21787.2,0.0,10.38,178.96280720498822,0.194555548,0.0,0.0
2018-10-27 16:00:00,21848.800000000003,0.0,7.83,178.96731689199748,0.196558318,0.0,0.0
2018-10-27 17:00:00,22108.800000000003,0.0,5.89,178.9589763955933,0.1980819939999999,0.0,0.0
2018-10-27 18:00:00,22497.6,0.0,4.53,178.94840530131356,0.199150138,0.0,0.0
2018-10-27 19:00:00,23279.2,0.0,3.43,178.94319249106093,0.2000140779999999,0.0,0.0
2018-10-27 20:00:00,23237.6,0.0,2.69,178.93251229145008,0.200595274,0.0,0.0
2018-10-27 21:00:00,22652.800000000003,0.0,2.36,178.9110670325273,0.200854456,0.0,0.0
2018-10-27 22:00:00,21796.800000000003,0.0,2.14,178.91156406792325,0.201027244,0.0,0.0
2018-10-27 23:00:00,20492.800000000003,0.0,1.99,178.90147788622517,0.201145054,0.0,0.0
2018-10-28 00:00:00,19129.6,0.0,1.74,178.9063997489288,0.2013414039999999,0.0,0.0
2018-10-28 01:00:00,17995.2,0.0,1.47,178.9168738606922,0.201553462,0.0,0.0
2018-10-28 02:00:00,17287.2,0.0,1.15,178.90500562525682,0.2018047899999999,0.0,0.0
2018-10-28 03:00:00,16909.600000000002,0.0,0.81,178.90793934637574,0.2020718259999999,0.0,0.0
2018-10-28 04:00:00,16762.4,0.0,0.51,178.92000154684376,0.2023074459999999,0.0,0.0
2018-10-28 05:00:00,16872.8,271.32,1.05,178.81299346289074,0.190044734,107.02594039459927,78.48568962270613
2018-10-28 06:00:00,17435.2,553.32,5.99,178.92689942831785,0.173860258,122.02324429296829,89.48371248151008
2018-10-28 07:00:00,18428.8,777.08,9.69,178.9234807946173,0.1611908833333333,133.38571820269289,97.81619334864143
2018-10-28 08:00:00,19347.2,937.41,11.94,164.7066924979689,0.152428001,141.11336212377304,103.48313222410022
2018-10-28 09:00:00,20125.6,1016.08,13.72,160.99334105310524,0.1475973546666666,145.20617605620873,106.4845291078864
2018-10-28 10:00:00,20359.2,1026.55,15.06,31.531570941356147,0.1460880776666666,145.66415999999998,106.82038399999998
2018-10-28 11:00:00,20306.4,883.16,15.95,30.89292894852256,0.1516456553333333,142.4873139551468,104.49069690044098
2018-10-28 12:00:00,20078.4,731.4,16.41,17.920114173886397,0.157906166,135.67563792164916,99.49546780920936
2018-10-28 13:00:00,19812.0,450.46,16.35,6.926595875412111,0.1702116386666666,125.2291318995071,91.8346967263052
2018-10-28 14:00:00,19589.6,163.08,15.3,19.08126311160276,0.183575656,111.14779588872057,81.5083836517284
2018-10-28 15:00:00,19541.6,0.0,13.1,122.62224483642596,0.19241926,0.0,0.0
2018-10-28 16:00:00,19684.0,0.0,10.72,119.05522788588678,0.1942885119999999,0.0,0.0
2018-10-28 17:00:00,20064.800000000003,0.0,8.49,91.89540753922552,0.1960399539999999,0.0,0.0
2018-10-28 18:00:00,20621.6,0.0,6.77,54.75730460528781,0.1973908419999999,0.0,0.0
2018-10-28 19:00:00,21716.800000000003,0.0,5.93,93.30546058974554,0.1980505779999999,0.0,0.0
2018-10-28 20:00:00,21757.6,0.0,5.26,71.45599672291188,0.198576796,0.0,0.0
2018-10-28 21:00:00,21299.2,0.0,4.81,70.0148122846506,0.198930226,0.0,0.0
2018-10-28 22:00:00,20532.0,0.0,4.62,85.52545645444344,0.1990794519999999,0.0,0.0
2018-10-28 23:00:00,19456.0,0.0,4.33,75.65800669910783,0.199307218,0.0,0.0
2018-10-29 00:00:00,18351.2,0.0,3.92,94.45174544148286,0.199629232,0.0,0.0
2018-10-29 01:00:00,17315.2,0.0,3.38,55.81177732109883,0.200053348,0.0,0.0
2018-10-29 02:00:00,16617.600000000002,0.0,2.83,115.21312002778356,0.200485318,0.0,0.0
2018-10-29 03:00:00,16253.6,0.0,2.47,43.01535555944143,0.200768062,0.0,0.0
2018-10-29 04:00:00,16019.2,0.0,2.32,17.370780955776244,0.200885872,0.0,0.0
2018-10-29 05:00:00,15962.4,263.53,2.99,21.13529370870623,0.1888609616666666,106.73825827257429,78.27472273322115
2018-10-29 06:00:00,16246.4,557.83,8.2,52.50355821538058,0.1719277376666666,121.84722508538913,89.35463172928534
2018-10-29 07:00:00,16853.600000000002,777.15,11.96,0.0,0.159404971,133.29429866453913,97.74915235399536
2018-10-29 08:00:00,17708.0,938.96,14.53,0.0,0.1503261833333333,141.07947901002427,103.45828460735112
2018-10-29 09:00:00,18731.2,1024.03,16.21,0.0,0.1452948236666666,145.20276612184455,106.48202848935269
2018-10-29 10:00:00,19798.4,1013.03,17.43,2.2357603003457758,0.1448166023333333,145.66415999999998,106.82038399999998
2018-10-29 11:00:00,20580.800000000003,882.21,18.26,5.362591414656588,0.1498728329999999,142.46366064449057,104.47335113929309
2018-10-29 12:00:00,21125.6,720.0,18.58,8.391152342432504,0.156699268,135.6012680553163,99.44092990723196
2018-10-29 13:00:00,21416.800000000003,448.65,18.4,15.448817815634069,0.168680545,125.07698223247718,91.7231203038166
2018-10-29 14:00:00,21489.6,166.95,17.37,26.457936661070743,0.181781017,110.89080317597318,81.319922329047
2018-10-29 15:00:00,21510.4,0.0,15.05,66.9752286877534,0.19088773,0.0,0.0
2018-10-29 16:00:00,21604.0,0.0,12.66,51.3966482652724,0.192764836,0.0,0.0
2018-10-29 17:00:00,22024.800000000003,0.0,10.91,65.10918809108878,0.194139286,0.0,0.0
2018-10-29 18:00:00,22699.2,0.0,9.7,42.65096496926492,0.19508962,0.0,0.0
2018-10-29 19:00:00,23304.800000000003,0.0,7.93,28.41733505251548,0.196479778,0.0,0.0
2018-10-29 20:00:00,23076.800000000003,0.0,8.14,12.387727588065117,0.196314844,0.0,0.0
2018-10-29 21:00:00,22440.0,0.0,8.03,17.921743177090324,0.1964012379999999,0.0,0.0
2018-10-29 22:00:00,21320.0,0.0,7.46,14.54504077667824,0.1968489159999999,0.0,0.0
2018-10-29 23:00:00,19979.2,0.0,6.65,5.367854610357115,0.19748509,0.0,0.0
2018-10-30 00:00:00,18615.2,0.0,6.23,0.4839872225809869,0.1978149579999999,0.0,0.0
2018-10-30 01:00:00,17576.0,0.0,6.27,8.25681034239294,0.197783542,0.0,0.0
2018-10-30 02:00:00,16983.2,0.0,6.92,24.713078749261427,0.197273032,0.0,0.0
2018-10-30 03:00:00,16724.8,0.0,7.28,6.198449627470625,0.1969902879999999,0.0,0.0
2018-10-30 04:00:00,16760.0,0.0,6.5,28.91168524527497,0.1976028999999999,0.0,0.0
2018-10-30 05:00:00,17335.2,242.62,6.33,47.25070630632876,0.1871500986666666,105.18694274111952,77.13709134348763
2018-10-30 06:00:00,18872.0,536.3,9.54,35.75998137691873,0.1718147273333333,120.89804781768174,88.65856839963327
2018-10-30 07:00:00,21576.0,743.42,12.93,16.779463400206986,0.1601148853333333,132.80132208185094,97.38763619335734
2018-10-30 08:00:00,23346.4,914.94,15.31,24.99524331911013,0.150761644,140.89676553362705,103.32429472465982
2018-10-30 09:00:00,23500.800000000003,975.03,16.72,9.8323451151288,0.147032303,145.18437817301006,106.4685439935407
2018-10-30 10:00:00,23466.4,1002.49,17.7,22.248386294230315,0.1450644396666666,145.66415999999998,106.82038399999998
2018-10-30 11:00:00,23338.4,870.44,18.28,0.0,0.1503706893333333,142.33611101459684,104.37981474403767
2018-10-30 12:00:00,22846.4,737.72,18.4,0.0,0.1560674573333333,135.2002312168006,99.14683622565376
2018-10-30 13:00:00,22424.0,493.21,18.2,0.0,0.1668933236666666,124.25652060661132,91.12144844484828
2018-10-30 14:00:00,22290.4,213.99,17.23,0.0,0.179838461,109.5049791840289,80.30365140162118
2018-10-30 15:00:00,22064.800000000003,0.0,15.76,96.1984611746208,0.190330096,0.0,0.0
2018-10-30 16:00:00,22111.2,0.0,14.54,145.95281963121178,0.191288284,0.0,0.0
2018-10-30 17:00:00,22513.6,0.0,13.35,163.0115593407031,0.19222291,0.0,0.0
2018-10-30 18:00:00,23361.6,0.0,10.49,173.20917395006265,0.1944691539999999,0.0,0.0
2018-10-30 19:00:00,24737.6,0.0,9.46,158.57737322041822,0.195278116,0.0,0.0
2018-10-30 20:00:00,24954.4,0.0,8.72,156.71356322162913,0.195859312,0.0,0.0
2018-10-30 21:00:00,24368.800000000003,0.0,10.03,140.9014610226454,0.194830438,0.0,0.0
2018-10-30 22:00:00,23142.4,0.0,10.63,131.72292657204434,0.1943591979999999,0.0,0.0
2018-10-30 23:00:00,21387.2,0.0,9.73,151.10289431858516,0.195066058,0.0,0.0
2018-10-31 00:00:00,19836.800000000003,0.0,8.95,125.50541381870823,0.19567867,0.0,0.0
2018-10-31 01:00:00,18670.4,0.0,9.09,98.91349884203392,0.195568714,0.0,0.0
2018-10-31 02:00:00,18004.0,0.0,10.11,68.65913005734663,0.194767606,0.0,0.0
2018-10-31 03:00:00,17726.4,0.0,10.12,81.76140739916988,0.1947597519999999,0.0,0.0
2018-10-31 04:00:00,17676.8,0.0,10.17,32.850945339109614,0.194720482,0.0,0.0
2018-10-31 05:00:00,18212.8,152.88,10.13,53.35385242728521,0.1880812339999999,85.193339737729,62.475115807667926
2018-10-31 06:00:00,19791.2,359.34,10.85,34.67845660045937,0.178507208,108.6648991863472,79.68759273665461
2018-10-31 07:00:00,22632.800000000003,465.77,13.31,14.532646714161867,0.1719312283333333,126.44776093688348,92.7283580203812
2018-10-31 08:00:00,24156.800000000003,711.95,15.41,0.0,0.1595402343333333,138.54192498933767,101.59741165884762
2018-10-31 09:00:00,23952.800000000003,1041.75,17.02,0.0,0.143885467,144.94739134370985,106.29475365205388
2018-10-31 10:00:00,23576.800000000003,950.26,17.91,0.0,0.1471784746666666,145.66415999999998,106.82038399999998
2018-10-31 11:00:00,23274.4,839.93,18.35,0.0,0.1516469643333333,140.6922309582081,103.17430270268594
2018-10-31 12:00:00,22778.4,713.38,18.39,0.0,0.1571373466666666,130.03160421833422,95.35650976011176
2018-10-31 13:00:00,22354.4,431.49,18.01,0.0,0.169735599,113.68227978037834,83.36700517227743
2018-10-31 14:00:00,22177.6,158.77,16.86,0.0,0.1825384916666666,91.64425764434034,67.20578893918291
2018-10-31 15:00:00,22056.800000000003,0.0,14.47,0.0,0.191343262,0.0,0.0
2018-10-31 16:00:00,22108.800000000003,0.0,14.04,0.0,0.191680984,0.0,0.0
2018-10-31 17:00:00,22516.800000000003,0.0,13.0,0.0,0.1924978,0.0,0.0
2018-10-31 18:00:00,23056.800000000003,0.0,10.88,0.0,0.1941628479999999,0.0,0.0
2018-10-31 19:00:00,23956.800000000003,0.0,11.08,0.0,0.194005768,0.0,0.0
2018-10-31 20:00:00,24017.6,0.0,10.74,0.0,0.194272804,0.0,0.0
2018-10-31 21:00:00,23955.2,0.0,10.04,0.0,0.194822584,0.0,0.0
2018-10-31 22:00:00,23280.800000000003,0.0,9.65,0.0,0.1951288899999999,0.0,0.0
2018-10-31 23:00:00,21748.800000000003,0.0,10.02,0.0,0.194838292,0.0,0.0
2018-11-01 00:00:00,20354.4,0.0,9.98,0.0,0.194869708,0.0,0.0
2018-11-01 01:00:00,19300.0,0.0,9.47,5.278838298534529,0.195270262,0.0,0.0
2018-11-01 02:00:00,18736.0,0.0,8.46,13.006281319528386,0.196063516,0.0,0.0
2018-11-01 03:00:00,18531.2,0.0,7.66,24.648939968228703,0.1966918359999999,0.0,0.0
2018-11-01 04:00:00,18584.8,0.0,7.1,23.865948591951994,0.19713166,0.0,0.0
2018-11-01 05:00:00,19110.4,177.27,6.74,28.405151623901787,0.189679523,104.82152163059476,76.86911586243615
2018-11-01 06:00:00,20706.4,570.35,9.46,22.74093473367869,0.1703918443333333,120.67446376645702,88.49460676206849
2018-11-01 07:00:00,23372.800000000003,767.83,13.13,48.21603390541279,0.1588927156666666,132.68519867132872,97.30247902564103
2018-11-01 08:00:00,24931.2,925.51,15.46,51.77268584951943,0.1501826296666666,140.8537263452098,103.29273265315383
2018-11-01 09:00:00,24890.4,980.59,16.92,20.28787563455143,0.1466326216666666,145.1800467881002,106.4653676446068
2018-11-01 10:00:00,24701.6,992.12,17.92,36.342806900902005,0.1453441293333333,145.66415999999998,106.82038399999998
2018-11-01 11:00:00,24559.2,869.89,18.45,28.922632146805483,0.1502611696666666,142.30606598090915,104.35778171933336
2018-11-01 12:00:00,24329.6,651.36,18.63,62.51808801813505,0.15965499,135.1057647308277,99.07756080260695
2018-11-01 13:00:00,24144.800000000003,451.91,18.4,69.44009995429876,0.1685383003333333,124.06325624975564,90.97972124982078
2018-11-01 14:00:00,23946.4,194.99,17.09,113.71676466054603,0.1807774503333333,109.17854053769288,80.06426306097478
2018-11-01 15:00:00,23796.800000000003,0.0,14.86,124.065126468723,0.1910369559999999,0.0,0.0
2018-11-01 16:00:00,23733.6,0.0,12.41,150.41378504881743,0.192961186,0.0,0.0
2018-11-01 17:00:00,24004.0,0.0,10.18,165.51650863212097,0.194712628,0.0,0.0
2018-11-01 18:00:00,24651.2,0.0,8.36,137.62164567139644,0.196142056,0.0,0.0
2018-11-01 19:00:00,25722.4,0.0,8.35,120.12003530109388,0.1961499099999999,0.0,0.0
2018-11-01 20:00:00,25534.4,0.0,7.5,29.66705781932369,0.1968175,0.0,0.0
2018-11-01 21:00:00,24763.2,0.0,7.01,9.19593599319847,0.197202346,0.0,0.0
2018-11-01 22:00:00,23407.2,0.0,6.7,1.0386227040557472,0.19744582,0.0,0.0
2018-11-01 23:00:00,21608.0,0.0,6.57,0.0,0.197547922,0.0,0.0
2018-11-02 00:00:00,20025.6,0.0,6.64,16.439888211395854,0.1974929439999999,0.0,0.0
2018-11-02 01:00:00,18784.0,0.0,6.92,15.81944256318828,0.197273032,0.0,0.0
2018-11-02 02:00:00,18036.0,0.0,7.02,46.30126262499704,0.197194492,0.0,0.0
2018-11-02 03:00:00,17680.8,0.0,7.15,36.129499917646086,0.19709239,0.0,0.0
2018-11-02 04:00:00,17577.600000000002,0.0,8.01,79.11340283476076,0.1964169459999999,0.0,0.0
2018-11-02 05:00:00,18002.4,165.23,9.19,84.80913146603147,0.1882806383333333,102.57163481964128,75.21919886773694
2018-11-02 06:00:00,19476.8,534.89,11.08,86.24381807569878,0.1706667343333333,119.29786347298288,87.48509988018743
2018-11-02 07:00:00,22090.4,759.91,13.37,30.2566690887463,0.1590497956666667,131.97023031768958,96.778168899639
2018-11-02 08:00:00,23712.0,911.75,15.8,17.720874201553464,0.1505159883333333,140.58873535376134,103.09840592609164
2018-11-02 09:00:00,23670.4,979.68,17.33,46.882390954944576,0.1463503139999999,145.15337858119813,106.4458109595453
2018-11-02 10:00:00,23484.800000000003,997.42,18.34,103.11541183571352,0.1447830046666667,145.66415999999998,106.82038399999998
2018-11-02 11:00:00,23399.2,852.18,18.95,94.02034296322738,0.150641216,142.12107961016693,104.22212504745572
2018-11-02 12:00:00,23156.800000000003,677.23,19.13,123.84629754344344,0.1581334956666666,134.5241374116989,98.65103410191251
2018-11-02 13:00:00,23126.4,462.93,18.87,178.7942273459813,0.167688323,122.87333340459595,90.10711116337036
2018-11-02 14:00:00,23427.2,198.36,17.73,170.82021574817244,0.1801277499999999,107.16866758885804,78.59035623182922
2018-11-02 15:00:00,23452.800000000003,0.0,15.64,132.47628675887927,0.1904243439999999,0.0,0.0
2018-11-02 16:00:00,23588.0,0.0,12.59,178.5491282815917,0.192819814,0.0,0.0
2018-11-02 17:00:00,23815.2,0.0,10.13,178.92540832212904,0.1947518979999999,0.0,0.0
2018-11-02 18:00:00,24216.800000000003,0.0,8.54,178.93693711875778,0.196000684,0.0,0.0
2018-11-02 19:00:00,25188.0,0.0,8.36,178.92799048162655,0.196142056,0.0,0.0
2018-11-02 20:00:00,25066.4,0.0,7.35,178.91354008669367,0.1969353099999999,0.0,0.0
2018-11-02 21:00:00,24297.6,0.0,6.27,134.4518691077362,0.197783542,0.0,0.0
2018-11-02 22:00:00,22994.4,0.0,5.25,113.485521973177,0.19858465,0.0,0.0
2018-11-02 23:00:00,21240.0,0.0,4.7,91.71327437356176,0.1990166199999999,0.0,0.0
2018-11-03 00:00:00,19561.6,0.0,4.33,95.14478250316184,0.199307218,0.0,0.0
2018-11-03 01:00:00,18275.2,0.0,3.94,101.04270755816135,0.199613524,0.0,0.0
2018-11-03 02:00:00,17519.2,0.0,3.5,137.06600858972496,0.1999590999999999,0.0,0.0
2018-11-03 03:00:00,17096.0,0.0,3.08,116.89488172061046,0.2002889679999999,0.0,0.0
2018-11-03 04:00:00,16982.4,0.0,2.74,127.64614527005676,0.200556004,0.0,0.0
2018-11-03 05:00:00,17319.2,166.15,2.85,171.82518495080572,0.1932199316666666,102.92013137957768,75.47476301169029
2018-11-03 06:00:00,18647.2,544.29,6.34,169.50520556365373,0.173979377,119.51109218491078,87.6414676022679
2018-11-03 07:00:00,21133.6,766.22,11.03,150.5360315106487,0.1606123053333333,132.0809754496196,96.8593819963877
2018-11-03 08:00:00,22727.2,917.9,12.59,156.88581629344174,0.1527687773333333,140.62978117370406,103.12850619404963
2018-11-03 09:00:00,22871.2,987.17,13.7,138.25072276355718,0.1488745023333333,145.1575093571642,106.44884019525372
2018-11-03 10:00:00,22893.6,997.23,14.5,123.23693214772632,0.147807231,145.66415999999998,106.82038399999998
2018-11-03 11:00:00,23088.800000000003,893.62,14.91,81.97105329243452,0.1520060666666666,142.14973310221146,104.2431376082884
2018-11-03 12:00:00,23319.2,675.78,14.92,75.44811228814523,0.161503298,134.6142286637986,98.71710102011896
2018-11-03 13:00:00,23314.4,471.0,14.43,93.41291721783683,0.170823378,123.05764668476144,90.2422742354917
2018-11-03 14:00:00,23676.800000000003,188.0,13.16,117.02766290827807,0.1841690693333333,107.47998716509989,78.81865725440657
2018-11-03 15:00:00,23612.0,0.0,10.94,118.32793175031496,0.194115724,0.0,0.0
2018-11-03 16:00:00,23573.6,0.0,9.48,124.88274969543944,0.195262408,0.0,0.0
2018-11-03 17:00:00,23617.6,0.0,8.5,178.32612910811005,0.1960321,0.0,0.0
2018-11-03 18:00:00,23876.0,0.0,7.77,178.81900637890308,0.196605442,0.0,0.0
2018-11-03 19:00:00,24484.0,0.0,7.49,176.86372974440204,0.196825354,0.0,0.0
2018-11-03 20:00:00,23944.0,0.0,6.9,178.64962641413646,0.19728874,0.0,0.0
2018-11-03 21:00:00,23076.800000000003,0.0,6.51,132.3507671371219,0.197595046,0.0,0.0
2018-11-03 22:00:00,21949.6,0.0,6.22,161.07978884359724,0.197822812,0.0,0.0
2018-11-03 23:00:00,20516.0,0.0,5.86,122.94466321195796,0.198105556,0.0,0.0
2018-11-04 00:00:00,19048.8,0.0,5.43,98.41302662793107,0.198443278,0.0,0.0
2018-11-04 01:00:00,17820.8,0.0,5.0,72.7520468254885,0.1987809999999999,0.0,0.0
2018-11-04 02:00:00,17024.8,0.0,4.64,21.958758616679848,0.199063744,0.0,0.0
2018-11-04 03:00:00,16633.600000000002,0.0,4.34,11.624420631899287,0.1992993639999999,0.0,0.0
2018-11-04 04:00:00,16484.8,0.0,4.02,55.39070348083229,0.1995506919999999,0.0,0.0
2018-11-04 05:00:00,16557.600000000002,131.88,3.98,37.11903980807214,0.193827744,100.33845203396702,73.5815314915758
2018-11-04 06:00:00,17190.4,512.52,7.04,34.936317957857014,0.1748158279999999,117.9314835897043,86.48308796578314
2018-11-04 07:00:00,18224.8,740.02,10.88,15.314157591712815,0.1618733086666666,131.26057016417627,96.25775145372926
2018-11-04 08:00:00,19412.8,901.1,13.04,31.325298221237684,0.1531483873333333,140.32571175738286,102.9055219554141
2018-11-04 09:00:00,20293.6,976.16,14.7,28.5444367015704,0.1485695053333333,145.1269083693241,106.42639947083768
2018-11-04 10:00:00,20755.2,987.37,15.8,28.14218353087876,0.1472164356666666,145.66415999999998,106.82038399999998
2018-11-04 11:00:00,20788.0,883.49,16.38,33.652672525259455,0.1512935343333333,141.9374666494105,104.08747554290105
2018-11-04 12:00:00,20471.2,674.85,16.55,24.249285625904268,0.1602636749999999,133.94682831755568,98.22767409954082
2018-11-04 13:00:00,20132.0,454.07,16.23,55.035220128639615,0.1701483703333333,121.69224500443552,89.24097966991937
2018-11-04 14:00:00,19815.2,171.3,15.01,68.19411101436927,0.183444756,105.17371671004994,77.12739225403662
2018-11-04 15:00:00,19618.4,0.0,12.93,44.45213638532072,0.192552778,0.0,0.0
2018-11-04 16:00:00,19717.6,0.0,11.44,57.268309242569,0.193723024,0.0,0.0
2018-11-04 17:00:00,20071.2,0.0,10.12,81.38924305416882,0.1947597519999999,0.0,0.0
2018-11-04 18:00:00,20874.4,0.0,8.97,148.806990841112,0.195662962,0.0,0.0
2018-11-04 19:00:00,22140.0,0.0,8.32,148.781472316503,0.196173472,0.0,0.0
2018-11-04 20:00:00,22115.2,0.0,7.51,166.58171610020813,0.1968096459999999,0.0,0.0
2018-11-04 21:00:00,21653.6,0.0,6.71,154.4610109289541,0.1974379659999999,0.0,0.0
2018-11-04 22:00:00,20962.4,0.0,6.07,167.38240375501107,0.1979406219999999,0.0,0.0
2018-11-04 23:00:00,19948.0,0.0,5.53,124.5678838333667,0.1983647379999999,0.0,0.0
2018-11-05 00:00:00,18794.4,0.0,5.0,124.39726734151688,0.1987809999999999,0.0,0.0
2018-11-05 01:00:00,17732.8,0.0,4.44,166.80004799009126,0.199220824,0.0,0.0
2018-11-05 02:00:00,16760.8,0.0,3.92,149.88748517833514,0.199629232,0.0,0.0
2018-11-05 03:00:00,16327.2,0.0,3.56,166.32678543322604,0.199911976,0.0,0.0
2018-11-05 04:00:00,16192.0,0.0,3.22,175.09725382356277,0.200179012,0.0,0.0
2018-11-05 05:00:00,16284.8,245.81,3.42,172.3684688844597,0.1892964223333333,106.266015481886,77.92841135338307
2018-11-05 06:00:00,16757.600000000002,526.2,6.58,177.11891499048974,0.174580208,121.55828185451742,89.1427400266461
2018-11-05 07:00:00,17520.0,746.22,10.83,173.0934738080835,0.1616420519999999,133.14422949264454,97.63910162793933
2018-11-05 08:00:00,18436.8,902.49,12.68,150.1504169029148,0.153370481,141.02385839626734,103.4174961572627
2018-11-05 09:00:00,19587.2,963.25,14.09,150.26446834211637,0.1496119056666666,145.19716856538582,106.47792361461626
2018-11-05 10:00:00,20330.4,967.86,15.13,146.15323400120334,0.14859394,145.66415999999998,106.82038399999998
2018-11-05 11:00:00,20621.6,828.64,15.81,128.76318989312122,0.1541345006666666,142.42483270010985,104.44487731341388
2018-11-05 12:00:00,20798.4,633.28,16.08,128.87351962825895,0.1624466506666667,135.4791866657154,99.35140355485794
2018-11-05 13:00:00,20852.0,430.13,15.83,70.71946300265985,0.1715071123333333,124.82722189681668,91.5399627243322
2018-11-05 14:00:00,20812.0,146.72,14.42,122.73456271314794,0.1849806493333333,110.46893839341357,81.01055482183659
2018-11-05 15:00:00,20804.800000000003,0.0,12.07,122.1484852441643,0.193228222,0.0,0.0
2018-11-05 16:00:00,21020.0,0.0,10.03,141.3213953183451,0.194830438,0.0,0.0
2018-11-05 17:00:00,21910.4,0.0,7.99,158.49718080222934,0.196432654,0.0,0.0
2018-11-05 18:00:00,23264.800000000003,0.0,6.59,153.83626168158472,0.1975322139999999,0.0,0.0
2018-11-05 19:00:00,23222.4,0.0,8.07,147.12423507749227,0.196369822,0.0,0.0
2018-11-05 20:00:00,22690.4,0.0,7.65,167.91326180376075,0.19669969,0.0,0.0
2018-11-05 21:00:00,21958.4,0.0,6.97,120.53007738012812,0.197233762,0.0,0.0
2018-11-05 22:00:00,20786.4,0.0,6.59,151.44347267029954,0.1975322139999999,0.0,0.0
2018-11-05 23:00:00,19349.6,0.0,6.17,144.02198259082536,0.197862082,0.0,0.0
2018-11-06 00:00:00,18077.6,0.0,5.92,143.23336925930525,0.198058432,0.0,0.0
2018-11-06 01:00:00,17265.600000000002,0.0,5.52,118.58380799683128,0.198372592,0.0,0.0
2018-11-06 02:00:00,16772.8,0.0,5.03,126.1434860392584,0.1987574379999999,0.0,0.0
2018-11-06 03:00:00,16548.0,0.0,4.43,123.68099084436255,0.199228678,0.0,0.0
2018-11-06 04:00:00,16582.4,0.0,3.77,134.3314046996427,0.1997470419999999,0.0,0.0
2018-11-06 05:00:00,17116.8,133.69,3.38,136.49239337408946,0.1942200076666666,104.11090393090208,76.34799621599487
2018-11-06 06:00:00,18720.0,503.47,7.0,174.9649211800334,0.1752421256666666,120.2396701007569,88.17575807388837
2018-11-06 07:00:00,21351.2,0.0,9.98,146.60255399935036,0.194869708,0.0,0.0
2018-11-06 08:00:00,22764.800000000003,877.46,11.71,117.42366676807389,0.1552244613333333,140.77003000641372,103.2313553380367
2018-11-06 09:00:00,23271.2,959.83,12.94,132.74303717003906,0.1506643416666666,145.17162374221567,106.45919074429148
2018-11-06 10:00:00,23543.2,950.28,13.88,125.57642926628932,0.150342764,145.66415999999998,106.82038399999998
2018-11-06 11:00:00,23630.4,849.62,14.49,144.10172646487595,0.1542558013333333,142.2476387797667,104.31493510516223
2018-11-06 12:00:00,23504.800000000003,666.36,14.73,125.41549890325751,0.16206355,134.92206008151578,98.94284405977822
2018-11-06 13:00:00,23602.4,457.06,14.56,125.34959928341272,0.1713295246666666,123.68742390524726,90.70411086384796
2018-11-06 14:00:00,23702.4,144.49,13.7,124.80161169771688,0.1856434396666666,108.54373025096106,79.59873551737144
2018-11-06 15:00:00,23631.2,0.0,11.84,140.8849255036115,0.193408864,0.0,0.0
2018-11-06 16:00:00,23636.800000000003,0.0,9.38,149.9748300571032,0.195340948,0.0,0.0
2018-11-06 17:00:00,24252.800000000003,0.0,7.47,144.6581636523071,0.196841062,0.0,0.0
2018-11-06 18:00:00,25598.4,0.0,6.03,137.96432127002666,0.1979720379999999,0.0,0.0
2018-11-06 19:00:00,25355.2,0.0,5.04,149.4705815862707,0.198749584,0.0,0.0
2018-11-06 20:00:00,24658.4,0.0,4.33,141.7960519988828,0.199307218,0.0,0.0
2018-11-06 21:00:00,23668.800000000003,0.0,3.91,139.9917286510461,0.199637086,0.0,0.0
2018-11-06 22:00:00,22286.4,0.0,3.58,116.68067158767126,0.199896268,0.0,0.0
2018-11-06 23:00:00,20575.2,0.0,3.05,88.6517909121964,0.20031253,0.0,0.0
2018-11-07 00:00:00,19154.4,0.0,2.6,105.02990732209872,0.20066596,0.0,0.0
2018-11-07 01:00:00,18132.0,0.0,2.28,103.21824967146492,0.200917288,0.0,0.0
2018-11-07 02:00:00,17612.8,0.0,1.87,137.99734381683632,0.201239302,0.0,0.0
2018-11-07 03:00:00,17373.600000000002,0.0,1.46,142.69138246680694,0.201561316,0.0,0.0
2018-11-07 04:00:00,17512.8,0.0,1.2,131.40210840803175,0.2017655199999999,0.0,0.0
2018-11-07 05:00:00,18180.8,130.55,1.35,128.68567661694615,0.1959513783333333,104.04756914498464,76.30155070632206
2018-11-07 06:00:00,19926.4,510.76,4.64,83.22027296243907,0.1767775826666666,120.2009185135852,88.14734024329582
2018-11-07 07:00:00,22520.0,0.0,8.1,109.14963975600472,0.19634626,0.0,0.0
2018-11-07 08:00:00,23582.4,888.94,9.95,68.28020724323933,0.1561058546666666,140.76257045439013,103.22588499988608
2018-11-07 09:00:00,23824.800000000003,972.91,11.37,84.23686188280976,0.1513266956666666,145.17087302659445,106.4586402195026
2018-11-07 10:00:00,23972.800000000003,956.18,12.4,73.64781977614375,0.1512477193333333,145.66415999999998,106.82038399999998
2018-11-07 11:00:00,24349.6,861.07,13.05,41.75455860155,0.1548871756666666,142.24243137460678,104.3111163413783
2018-11-07 12:00:00,24686.4,664.77,13.3,50.5484906994308,0.163256049,134.9056871504148,98.9308372436375
2018-11-07 13:00:00,24776.800000000003,440.01,13.17,46.57855079269659,0.1731651789999999,123.65392732742406,90.67954670677764
2018-11-07 14:00:00,25001.6,147.71,12.51,27.145639684351696,0.1864375663333333,108.48715190563452,79.55724473079864
2018-11-07 15:00:00,25132.0,0.0,10.57,55.41140924806829,0.194406322,0.0,0.0
2018-11-07 16:00:00,25456.0,0.0,8.15,57.16984168145999,0.19630699,0.0,0.0
2018-11-07 17:00:00,26456.800000000003,0.0,6.59,66.51904717657617,0.1975322139999999,0.0,0.0
2018-11-07 18:00:00,27592.0,0.0,5.38,59.847838089043485,0.198482548,0.0,0.0
2018-11-07 19:00:00,27436.0,0.0,4.63,37.94164551156516,0.199071598,0.0,0.0
2018-11-07 20:00:00,26916.800000000003,0.0,4.19,30.13120401965436,0.199417174,0.0,0.0
2018-11-07 21:00:00,26023.2,0.0,3.9,31.455330560707896,0.19964494,0.0,0.0
2018-11-07 22:00:00,24593.6,0.0,3.62,42.79563560729339,0.199864852,0.0,0.0
2018-11-07 23:00:00,22772.0,0.0,3.38,34.72661448122345,0.200053348,0.0,0.0
2018-11-08 00:00:00,21235.2,0.0,3.08,21.734009211849056,0.2002889679999999,0.0,0.0
2018-11-08 01:00:00,20175.2,0.0,2.86,29.359129237871837,0.200461756,0.0,0.0
2018-11-08 02:00:00,19574.4,0.0,2.49,45.20976380287407,0.200752354,0.0,0.0
2018-11-08 03:00:00,19316.8,0.0,2.14,65.83325955799269,0.201027244,0.0,0.0
2018-11-08 04:00:00,19372.0,0.0,1.91,76.63357807647897,0.201207886,0.0,0.0
2018-11-08 05:00:00,20011.2,119.89,1.96,57.54721883671368,0.1959374156666666,99.64687520956237,73.07437515367904
2018-11-08 06:00:00,21727.2,506.07,5.86,66.82243879468598,0.176024035,117.50834014319824,86.1727827716787
2018-11-08 07:00:00,24332.0,729.34,8.72,54.91764095040686,0.1640357766666666,131.04080108905998,96.09658746531063
2018-11-08 08:00:00,25368.0,885.4,10.57,53.0696754702226,0.1557733686666666,140.24425804714753,102.84578923457484
2018-11-08 09:00:00,25422.4,960.81,11.82,34.66420017055917,0.151501229,145.11871101746084,106.42038807947128
2018-11-08 10:00:00,25147.2,943.91,12.68,18.54488463618143,0.1515631883333333,145.66415999999998,106.82038399999998
2018-11-08 11:00:00,24754.4,843.81,13.21,33.472233522927816,0.155514623,141.88060499476495,104.04577699616097
2018-11-08 12:00:00,24420.0,564.89,13.4,23.239496089139397,0.1675356063333333,133.7680460017557,98.09656706795415
2018-11-08 13:00:00,24068.800000000003,319.58,13.2,32.1264253280677,0.1783963793333333,121.32648302097228,88.97275421537967
2018-11-08 14:00:00,23921.6,148.37,12.41,24.590883809391933,0.1864873083333333,104.55591605241464,76.67433843843739
2018-11-08 15:00:00,23872.0,0.0,10.64,51.1501126473598,0.194351344,0.0,0.0
2018-11-08 16:00:00,24111.2,0.0,9.99,55.38871533924757,0.194861854,0.0,0.0
2018-11-08 17:00:00,25047.2,0.0,9.38,33.1960697462769,0.195340948,0.0,0.0
2018-11-08 18:00:00,26753.6,0.0,7.49,101.00020497038068,0.196825354,0.0,0.0
2018-11-08 19:00:00,26816.800000000003,0.0,4.78,64.64734522552067,0.198953788,0.0,0.0
2018-11-08 20:00:00,26465.6,0.0,4.02,67.4559346527468,0.1995506919999999,0.0,0.0
2018-11-08 21:00:00,25761.6,0.0,3.55,90.51191557536502,0.19991983,0.0,0.0
2018-11-08 22:00:00,24538.4,0.0,3.24,80.11554136019862,0.200163304,0.0,0.0
2018-11-08 23:00:00,22880.0,0.0,3.07,55.61136901251443,0.2002968219999999,0.0,0.0
2018-11-09 00:00:00,21401.6,0.0,2.86,61.61561115103888,0.200461756,0.0,0.0
2018-11-09 01:00:00,20349.6,0.0,2.5,49.84855272557443,0.2007445,0.0,0.0
2018-11-09 02:00:00,19784.0,0.0,2.07,24.824043416810493,0.201082222,0.0,0.0
2018-11-09 03:00:00,19535.2,0.0,1.66,25.231189658521306,0.201404236,0.0,0.0
2018-11-09 04:00:00,19584.8,0.0,1.29,21.41579593761095,0.201694834,0.0,0.0
2018-11-09 05:00:00,20170.4,42.63,1.34,25.778616564044853,0.199795475,85.9915228736419,63.06045010733739
2018-11-09 06:00:00,21764.800000000003,257.13,5.19,45.994558447813766,0.187412335,109.15327003851384,80.04573136157681
2018-11-09 07:00:00,24116.0,522.6,8.93,32.6054128841002,0.172891598,126.70140733358568,92.91436537796282
2018-11-09 08:00:00,25052.800000000003,771.56,10.86,4.024152375685612,0.1605128213333333,138.6359347588573,101.66635215649536
2018-11-09 09:00:00,25031.2,784.37,11.94,13.18039069731781,0.1591056463333333,144.95685231432873,106.30169169717442
2018-11-09 10:00:00,24719.2,768.54,12.82,14.43284564345324,0.15910521,145.66415999999998,106.82038399999998
2018-11-09 11:00:00,24438.4,290.9,13.35,19.268606056815457,0.1795299733333333,140.75785781587106,103.22242906497212
2018-11-09 12:00:00,24086.4,94.56,13.13,27.065071458912318,0.18826973,130.23794576194194,95.50782689209078
2018-11-09 13:00:00,23884.0,61.19,12.55,32.956283505359906,0.1901813063333333,114.10442383821272,83.67657748135598
2018-11-09 14:00:00,23956.800000000003,10.2,11.98,44.69713543649039,0.192853848,92.3572920446832,67.72868083276768
2018-11-09 15:00:00,23886.4,0.0,10.62,64.35949505565239,0.1943670519999999,0.0,0.0
2018-11-09 16:00:00,24134.4,0.0,9.03,70.78421701653065,0.195615838,0.0,0.0
2018-11-09 17:00:00,24950.4,0.0,7.23,55.84827305427435,0.197029558,0.0,0.0
2018-11-09 18:00:00,26258.4,0.0,5.92,27.87887599904858,0.198058432,0.0,0.0
2018-11-09 19:00:00,26110.4,0.0,5.68,55.95379003203907,0.198246928,0.0,0.0
2018-11-09 20:00:00,25596.800000000003,0.0,5.25,79.83722578396672,0.19858465,0.0,0.0
2018-11-09 21:00:00,24890.4,0.0,4.69,40.58131261027355,0.199024474,0.0,0.0
2018-11-09 22:00:00,23700.0,0.0,4.09,36.280465327124965,0.199495714,0.0,0.0
2018-11-09 23:00:00,22039.2,0.0,3.67,72.25479928005355,0.199825582,0.0,0.0
2018-11-10 00:00:00,20590.4,0.0,3.58,42.42819309855616,0.199896268,0.0,0.0
2018-11-10 01:00:00,19518.4,0.0,3.37,18.475163299052603,0.200061202,0.0,0.0
2018-11-10 02:00:00,18932.0,0.0,3.16,41.25218916697161,0.200226136,0.0,0.0
2018-11-10 03:00:00,18686.4,0.0,3.05,52.93511222881768,0.20031253,0.0,0.0
2018-11-10 04:00:00,18729.6,0.0,2.75,80.68776245216216,0.2005481499999999,0.0,0.0
2018-11-10 05:00:00,19376.0,13.91,2.68,104.3425316148101,0.1999961883333333,77.5427530838189,56.86468559480052
2018-11-10 06:00:00,20912.800000000003,208.66,5.92,52.57833779687652,0.1889539006666666,103.9838637752552,76.25483343518714
2018-11-10 07:00:00,23227.2,518.14,8.92,81.75817666909484,0.1730940566666666,124.01655981259152,90.94547719590042
2018-11-10 08:00:00,24423.2,845.8,9.8,40.44582500425989,0.1581060066666667,137.64084119582773,100.93661687694032
2018-11-10 09:00:00,24647.2,937.01,11.33,49.9901714450422,0.1529245483333333,144.8567079249639,106.22825247830686
2018-11-10 10:00:00,24642.4,919.22,12.14,38.06659233033541,0.1530646113333333,145.66415999999998,106.82038399999998
2018-11-10 11:00:00,24754.4,846.82,12.79,40.26651948508781,0.1557131546666666,140.06319742093604,102.71301144201976
2018-11-10 12:00:00,24652.0,567.77,12.83,23.376077779165367,0.1678576203333333,128.053820187772,93.90613480436612
2018-11-10 13:00:00,24439.2,446.79,12.85,24.776458339033507,0.173120673,109.63602830050796,80.39975408703916
2018-11-10 14:00:00,24296.0,129.31,12.15,44.74443865882931,0.1875231636666666,84.80982175914377,62.19386929003876
2018-11-10 15:00:00,24435.2,0.0,10.44,64.91310156588813,0.1945084239999999,0.0,0.0
2018-11-10 16:00:00,24992.0,0.0,8.1,57.92454750070871,0.19634626,0.0,0.0
2018-11-10 17:00:00,26367.2,0.0,6.11,66.5643804415518,0.1979092059999999,0.0,0.0
2018-11-10 18:00:00,28394.4,0.0,5.03,46.52459517587829,0.1987574379999999,0.0,0.0
2018-11-10 19:00:00,28446.4,0.0,4.57,26.106999364331035,0.199118722,0.0,0.0
2018-11-10 20:00:00,28152.800000000003,0.0,4.14,6.804385024348543,0.1994564439999999,0.0,0.0
2018-11-10 21:00:00,27698.4,0.0,3.69,0.0,0.199809874,0.0,0.0
2018-11-10 22:00:00,26893.6,0.0,3.46,67.41760231316822,0.199990516,0.0,0.0
2018-11-10 23:00:00,25655.2,0.0,3.51,40.63140104925328,0.199951246,0.0,0.0
2018-11-11 00:00:00,24556.0,0.0,3.68,6.121414823631988,0.1998177279999999,0.0,0.0
2018-11-11 01:00:00,23631.2,0.0,3.68,67.65982220910422,0.1998177279999999,0.0,0.0
2018-11-11 02:00:00,23140.800000000003,0.0,3.84,17.75219197756831,0.1996920639999999,0.0,0.0
2018-11-11 03:00:00,22972.0,0.0,3.89,39.03589015118164,0.1996527939999999,0.0,0.0
2018-11-11 04:00:00,22975.2,0.0,3.67,61.85320619322738,0.199825582,0.0,0.0
2018-11-11 05:00:00,23331.2,93.83,3.46,86.11535867141538,0.1958964003333333,96.71154798064488,70.9218018524729
2018-11-11 06:00:00,24120.800000000003,460.02,6.18,87.49899610905035,0.177782022,115.7123509827222,84.85572405399625
2018-11-11 07:00:00,25116.800000000003,701.3,8.73,87.46696763303308,0.1652514013333333,130.1080136856964,95.41254336951069
2018-11-11 08:00:00,25824.0,861.23,10.77,64.13053751882421,0.1566709063333333,139.8985360895674,102.59225979901608
2018-11-11 09:00:00,25948.0,944.23,12.14,12.956580810613971,0.1519733416666666,145.0839181943353,106.39487334251254
2018-11-11 10:00:00,25588.0,935.8,13.11,9.419344311670644,0.1515793326666666,145.66415999999998,106.82038399999998
2018-11-11 11:00:00,24970.4,860.27,13.61,34.23000035284836,0.1544822583333333,141.63926150656152,103.86879177147846
2018-11-11 12:00:00,24306.4,665.15,13.76,18.871167158848397,0.1628781843333333,133.00922271401993,97.54009665694797
2018-11-11 13:00:00,23641.6,438.84,13.4,17.090513606403228,0.173035588,119.7740436223752,87.83429865640846
2018-11-11 14:00:00,23181.6,127.52,12.66,40.746946625347015,0.1872007133333333,101.93372423162724,74.75139776985998
2018-11-11 15:00:00,23132.0,0.0,11.25,53.5348460483821,0.19387225,0.0,0.0
2018-11-11 16:00:00,23721.6,0.0,9.66,22.899482963652925,0.195121036,0.0,0.0
2018-11-11 17:00:00,24969.6,0.0,9.59,5.507842053593249,0.195176014,0.0,0.0
2018-11-11 18:00:00,26729.6,0.0,9.06,1.1095152187206323,0.195592276,0.0,0.0
2018-11-11 19:00:00,26819.2,0.0,6.82,87.55575512673124,0.197351572,0.0,0.0
2018-11-11 20:00:00,26628.0,0.0,6.45,178.89422844312966,0.19764217,0.0,0.0
2018-11-11 21:00:00,26259.2,0.0,6.2,177.2343605533638,0.19783852,0.0,0.0
2018-11-11 22:00:00,25607.2,0.0,5.83,171.90329224489304,0.198129118,0.0,0.0
2018-11-11 23:00:00,24588.800000000003,0.0,5.03,171.88433216295095,0.1987574379999999,0.0,0.0
2018-11-12 00:00:00,23602.4,0.0,4.19,171.8828895480208,0.199417174,0.0,0.0
2018-11-12 01:00:00,22716.800000000003,0.0,3.59,171.8460968058887,0.199888414,0.0,0.0
2018-11-12 02:00:00,22246.4,0.0,3.19,171.87628261409574,0.200202574,0.0,0.0
2018-11-12 03:00:00,21966.4,0.0,2.88,171.93924851282162,0.200446048,0.0,0.0
2018-11-12 04:00:00,21859.2,0.0,2.45,171.99570446013922,0.2007837699999999,0.0,0.0
2018-11-12 05:00:00,21965.6,97.82,2.06,171.95557794400855,0.1968218633333333,97.3727947865584,71.40671617680948
2018-11-12 06:00:00,22418.4,468.25,5.33,171.90324375363488,0.1780905096666666,116.11693691239998,85.15242040242664
2018-11-12 07:00:00,23098.4,705.26,8.07,171.87891326485138,0.1655969773333333,130.31814449666496,95.56663929755427
2018-11-12 08:00:00,23604.0,866.59,10.16,171.90706244021555,0.1569161256666666,139.9764175393533,102.6493728621924
2018-11-12 09:00:00,24119.2,942.8,11.5,178.72560009286454,0.1525383933333333,145.09175604046496,106.40062109634096
2018-11-12 10:00:00,24009.6,918.53,12.28,176.9185006204982,0.1529847623333333,145.66415999999998,106.82038399999998
2018-11-12 11:00:00,23597.6,739.9,12.7,178.75504640938487,0.1604491166666666,141.6936294179584,103.90866157316948
2018-11-12 12:00:00,23072.0,644.46,12.75,112.66204342703703,0.164574212,133.18016429434013,97.66545381584942
2018-11-12 13:00:00,22556.0,434.58,12.41,130.2124723714959,0.173999012,120.12376462914528,88.09076072803987
2018-11-12 14:00:00,22214.4,103.0,11.51,146.94155638517444,0.1891738126666666,102.52443042237373,75.18458230974072
2018-11-12 15:00:00,22224.0,0.0,9.57,110.33277796394664,0.195191722,0.0,0.0
2018-11-12 16:00:00,22724.0,0.0,7.51,23.38602757919989,0.1968096459999999,0.0,0.0
2018-11-12 17:00:00,24083.2,0.0,5.7,101.92994604737976,0.19823122,0.0,0.0
2018-11-12 18:00:00,26057.6,0.0,4.45,84.64641298785523,0.19921297,0.0,0.0
2018-11-12 19:00:00,26172.800000000003,0.0,4.65,162.85490833120448,0.19905589,0.0,0.0
2018-11-12 20:00:00,26021.6,0.0,4.19,113.31609351715224,0.199417174,0.0,0.0
2018-11-12 21:00:00,25460.0,0.0,3.66,7.43992509201145,0.1998334359999999,0.0,0.0
2018-11-12 22:00:00,24371.2,0.0,3.17,49.8876821402089,0.200218282,0.0,0.0
2018-11-12 23:00:00,22913.6,0.0,2.45,62.91632247580639,0.2007837699999999,0.0,0.0
2018-11-13 00:00:00,21547.2,0.0,2.15,24.12703613336936,0.20101939,0.0,0.0
2018-11-13 01:00:00,20602.4,0.0,1.61,24.96609704224993,0.201443506,0.0,0.0
2018-11-13 02:00:00,20156.800000000003,0.0,1.61,19.863896864850485,0.201443506,0.0,0.0
2018-11-13 03:00:00,19945.6,0.0,1.38,18.171150386697427,0.2016241479999999,0.0,0.0
2018-11-13 04:00:00,20061.6,0.0,1.69,17.39365670681508,0.201380674,0.0,0.0
2018-11-13 05:00:00,20720.800000000003,33.85,1.64,20.142063936604284,0.1999429556666666,97.1907172815706,71.27319267315178
2018-11-13 06:00:00,22476.800000000003,296.69,4.13,50.803321353193255,0.1865187243333333,116.00553222058127,85.07072362842626
2018-11-13 07:00:00,25196.800000000003,684.57,5.93,49.49796395975278,0.1681805069999999,130.2602839619296,95.52420823874834
2018-11-13 08:00:00,26551.2,701.17,7.44,56.7816873440796,0.1662702396666666,139.95497250561544,102.633646504118
2018-11-13 09:00:00,26714.4,362.24,8.54,51.05601536089267,0.1801949453333333,145.08959785163893,106.3990384245352
2018-11-13 10:00:00,26743.2,337.88,9.49,34.43528809428538,0.1805117233333333,145.66415999999998,106.82038399999998
2018-11-13 11:00:00,26540.0,303.25,10.2,35.27868139401257,0.1814651116666666,141.67865895069866,103.89768323051234
2018-11-13 12:00:00,26232.0,630.94,10.19,0.0,0.1671747586666666,133.1330947037349,97.63093611607226
2018-11-13 13:00:00,25896.800000000003,393.93,9.98,0.0,0.177681229,120.02746725910878,88.02014265667977
2018-11-13 14:00:00,25652.0,128.61,9.15,0.0,0.189909907,102.36177661682018,75.06530285233481
2018-11-13 15:00:00,25403.2,0.0,7.58,0.0,0.196754668,0.0,0.0
2018-11-13 16:00:00,25391.2,0.0,5.81,0.0,0.198144826,0.0,0.0
2018-11-13 17:00:00,26337.6,0.0,4.02,40.44126076458524,0.1995506919999999,0.0,0.0
2018-11-13 18:00:00,27929.6,0.0,3.23,79.33496545471894,0.200171158,0.0,0.0
2018-11-13 19:00:00,27966.4,0.0,3.26,37.80665494094763,0.2001475959999999,0.0,0.0
2018-11-13 20:00:00,27550.4,0.0,2.41,39.4538938886657,0.200815186,0.0,0.0
2018-11-13 21:00:00,26845.6,0.0,1.61,46.33744619569825,0.201443506,0.0,0.0
2018-11-13 22:00:00,25580.0,0.0,1.01,45.73129031513083,0.2019147459999999,0.0,0.0
2018-11-13 23:00:00,23910.4,0.0,0.71,20.68018506661584,0.202150366,0.0,0.0
2018-11-14 00:00:00,22380.0,0.0,0.27,9.394104611796314,0.202495942,0.0,0.0
2018-11-14 01:00:00,21325.6,0.0,0.0,23.660342626633284,0.202708,0.0,0.0
2018-11-14 02:00:00,20788.800000000003,0.0,-0.31,8.760958042329321,0.202951474,0.0,0.0
2018-11-14 03:00:00,20630.4,0.0,-0.5,0.1341316384266814,0.2031007,0.0,0.0
2018-11-14 04:00:00,20766.4,0.0,-0.58,7.032644741664828,0.2031635319999999,0.0,0.0
2018-11-14 05:00:00,21417.6,78.82,-0.58,0.0,0.1997243526666667,96.6477367139656,70.87500692357477
2018-11-14 06:00:00,23204.800000000003,491.17,1.05,0.0,0.1804519456666666,115.67330785930372,84.82709243015606
2018-11-14 07:00:00,25798.4,711.14,3.45,0.0,0.1689689613333333,130.08773576057624,95.39767289108924
2018-11-14 08:00:00,26653.6,874.32,4.49,0.0,0.161032058,139.89102041778312,102.58674830637428
2018-11-14 09:00:00,26333.6,951.83,5.47,0.0,0.1568803463333333,145.08316183092438,106.3943186760112
2018-11-14 10:00:00,25948.0,935.46,6.7,3.345590712244473,0.156628582,145.66415999999998,106.82038399999998
2018-11-14 11:00:00,25617.6,856.22,7.53,0.0,0.1594342053333333,141.63401492500998,103.86494427834064
2018-11-14 12:00:00,25196.800000000003,651.27,8.1,0.0,0.167929179,132.99272660595432,97.52799951103316
2018-11-14 13:00:00,24905.6,435.58,7.92,0.0,0.1774818246666666,119.74029504283308,87.80954969807759
2018-11-14 14:00:00,24952.0,91.1,7.16,0.0,0.1931095393333333,101.87672023564612,74.70959483947384
2018-11-14 15:00:00,24981.6,0.0,5.27,0.0,0.198568942,0.0,0.0
2018-11-14 16:00:00,25300.0,0.0,4.09,0.0,0.199495714,0.0,0.0
2018-11-14 17:00:00,26402.4,0.0,3.12,40.44126076458524,0.200257552,0.0,0.0
2018-11-14 18:00:00,27965.6,0.0,1.96,79.33496545471894,0.201168616,0.0,0.0
2018-11-14 19:00:00,27851.2,0.0,1.22,37.80665494094763,0.2017498119999999,0.0,0.0
2018-11-14 20:00:00,27422.4,0.0,0.29,39.4538938886657,0.2024802339999999,0.0,0.0
2018-11-14 21:00:00,26716.800000000003,0.0,-0.91,46.33744619569825,0.203422714,0.0,0.0
2018-11-14 22:00:00,25408.800000000003,0.0,-0.89,45.73129031513083,0.203407006,0.0,0.0
2018-11-14 23:00:00,23700.800000000003,0.0,0.19,20.68018506661584,0.202558774,0.0,0.0
2018-11-15 00:00:00,22058.4,0.0,-0.04,9.394104611796314,0.202739416,0.0,0.0
2018-11-15 01:00:00,21124.0,0.0,-0.34,23.660342626633284,0.202975036,0.0,0.0
2018-11-15 02:00:00,20661.6,0.0,-0.65,8.760958042329321,0.20321851,0.0,0.0
2018-11-15 03:00:00,20610.4,0.0,-0.89,0.1341316384266814,0.203407006,0.0,0.0
2018-11-15 04:00:00,20814.4,0.0,-1.77,7.032644741664828,0.204098158,0.0,0.0
2018-11-15 05:00:00,21634.4,65.02,-2.06,0.0,0.2014888846666666,72.98366987614816,53.52135790917532
2018-11-15 06:00:00,23460.800000000003,377.88,-0.47,0.0,0.186588974,101.19437443245891,74.20920791713652
2018-11-15 07:00:00,26198.4,136.08,1.69,0.0,0.19544305,122.56777572299954,89.88303553019965
2018-11-15 08:00:00,27046.4,715.23,3.11,0.0,0.169057537,137.1038737477699,100.5428407483646
2018-11-15 09:00:00,26247.2,667.54,4.29,0.0,0.1702116386666666,144.8026685067701,106.18862357163138
2018-11-15 10:00:00,25252.800000000003,880.39,5.19,3.345590712244473,0.1602174236666666,145.66415999999998,106.82038399999998
2018-11-15 11:00:00,24656.0,283.39,5.87,0.0,0.1857324516666666,139.6883482274597,102.43812203347044
2018-11-15 12:00:00,24176.0,559.45,6.09,0.0,0.1735142456666666,126.8752331891492,93.04183767204276
2018-11-15 13:00:00,23827.2,108.62,6.34,0.0,0.1929891113333333,107.22481488506854,78.63153091571692
2018-11-15 14:00:00,23897.6,124.05,5.87,6.533928820318714,0.1926849869999999,80.73709331521756,59.20720176449287
2018-11-15 15:00:00,24029.6,0.0,4.96,41.58999745556344,0.198812416,0.0,0.0
2018-11-15 16:00:00,24512.0,0.0,3.82,33.69174435652504,0.1997077719999999,0.0,0.0
2018-11-15 17:00:00,25670.4,0.0,2.62,118.14459842601144,0.200650252,0.0,0.0
2018-11-15 18:00:00,27153.6,0.0,2.05,150.06416307745545,0.20109793,0.0,0.0
2018-11-15 19:00:00,27060.0,0.0,1.26,141.235299089475,0.201718396,0.0,0.0
2018-11-15 20:00:00,26588.800000000003,0.0,0.66,129.47479910667698,0.202189636,0.0,0.0
2018-11-15 21:00:00,25781.6,0.0,-0.08,117.01534612870444,0.2027708319999999,0.0,0.0
2018-11-15 22:00:00,24490.4,0.0,-1.05,147.19260775150343,0.20353267,0.0,0.0
2018-11-15 23:00:00,22689.6,0.0,-1.12,114.33228844604996,0.2035876479999999,0.0,0.0
2018-11-16 00:00:00,21064.0,0.0,-1.09,90.25778501414212,0.203564086,0.0,0.0
2018-11-16 01:00:00,19930.4,0.0,-1.12,177.71313899084544,0.2035876479999999,0.0,0.0
2018-11-16 02:00:00,19280.8,0.0,-1.35,171.94654644717528,0.20376829,0.0,0.0
2018-11-16 03:00:00,18926.4,0.0,-1.95,173.9630311722935,0.2042395299999999,0.0,0.0
2018-11-16 04:00:00,18889.6,0.0,-1.88,109.11910238617624,0.204184552,0.0,0.0
2018-11-16 05:00:00,19431.2,47.55,-1.78,111.9228305647712,0.202031247,91.12845977590209,66.82753716899484
2018-11-16 06:00:00,21014.4,431.39,-0.37,126.94656188852566,0.1841756143333333,112.29632097457971,82.35063538135844
2018-11-16 07:00:00,23666.4,502.54,2.19,136.41523165953586,0.1790604786666666,128.33382159632836,94.1114691706408
2018-11-16 08:00:00,24757.6,407.17,3.65,149.7852534833113,0.1820751056666666,139.24096164114798,102.11003853684184
2018-11-16 09:00:00,24552.800000000003,329.16,4.49,143.3799947011787,0.1848192059999999,145.01774110903852,106.34634347996156
2018-11-16 10:00:00,24104.800000000003,822.85,4.89,98.78246333966068,0.1629637056666666,145.66415999999998,106.82038399999998
2018-11-16 11:00:00,23724.0,205.06,4.89,148.6035578902995,0.1899199426666666,141.18021831403246,103.53216009695711
2018-11-16 12:00:00,23491.2,679.49,4.95,96.6309062149268,0.1691718563333333,131.56591605113584,96.48167177083296
2018-11-16 13:00:00,23407.2,318.99,4.88,168.39595591033938,0.184956651,116.82125321131024,85.66891902162749
2018-11-16 14:00:00,23424.0,131.62,4.5,173.91119401731626,0.1934306806666666,96.94622979455552,71.09390184934071
2018-11-16 15:00:00,23504.0,0.0,4.02,158.45094438757005,0.1995506919999999,0.0,0.0
2018-11-16 16:00:00,23732.800000000003,0.0,3.51,125.05107497534124,0.199951246,0.0,0.0
2018-11-16 17:00:00,24872.0,0.0,3.15,113.74218620263872,0.20023399,0.0,0.0
2018-11-16 18:00:00,26568.800000000003,0.0,2.4,74.27158707553555,0.20082304,0.0,0.0
2018-11-16 19:00:00,26675.2,0.0,1.2,64.32900617708157,0.2017655199999999,0.0,0.0
2018-11-16 20:00:00,26359.2,0.0,0.13,50.58920820277039,0.2026058979999999,0.0,0.0
2018-11-16 21:00:00,25830.4,0.0,1.46,44.216211260835,0.201561316,0.0,0.0
2018-11-16 22:00:00,24712.800000000003,0.0,1.43,38.96850245585193,0.2015848779999999,0.0,0.0
2018-11-16 23:00:00,23073.6,0.0,1.12,52.914503444098,0.201828352,0.0,0.0
2018-11-17 00:00:00,21548.0,0.0,0.05,53.28890444838176,0.20266873,0.0,0.0
2018-11-17 01:00:00,20456.800000000003,0.0,-1.4,60.3443885726422,0.20380756,0.0,0.0
2018-11-17 02:00:00,19891.2,0.0,-2.03,84.55638896707389,0.2043023619999999,0.0,0.0
2018-11-17 03:00:00,19671.2,0.0,-2.63,106.0605526459293,0.204773602,0.0,0.0
2018-11-17 04:00:00,19764.0,0.0,-2.92,138.01153963266356,0.205001368,0.0,0.0
2018-11-17 05:00:00,20469.6,16.69,-2.93,139.8913759922758,0.2042809816666666,75.7454798026543,55.54668518861315
2018-11-17 06:00:00,22242.4,138.58,-0.39,105.811780368734,0.1969675986666666,102.88419648787912,75.448410757778
2018-11-17 07:00:00,24891.2,205.57,2.54,114.67421243017868,0.1917433796666666,123.44542285022612,90.52664342349917
2018-11-17 08:00:00,25929.6,449.5,3.66,103.6450818486382,0.1802202526666666,137.4291588896953,100.78138318577656
2018-11-17 09:00:00,25529.6,406.67,4.54,64.33923783255416,0.1813979163333333,144.83540460628657,106.21263004461017
2018-11-17 10:00:00,24849.6,357.07,5.0,37.82524830774988,0.1832008456666666,145.66415999999998,106.82038399999998
2018-11-17 11:00:00,24323.2,298.0,5.56,36.25992018718167,0.1853384426666666,139.91542507083557,102.60464505194606
2018-11-17 12:00:00,23963.2,169.59,5.56,43.918280970675774,0.190941399,127.58919981879328,93.5654132004484
2018-11-17 13:00:00,23519.2,157.9,5.38,64.46113879417115,0.1915928446666666,108.68548424387316,79.70268844550698
2018-11-17 14:00:00,23350.4,54.16,4.83,33.247919024068686,0.1965513366666666,83.20427834607511,61.01647078712175
2018-11-17 15:00:00,23359.2,0.0,4.12,89.55704996522985,0.199472152,0.0,0.0
2018-11-17 16:00:00,23802.4,0.0,3.46,55.61152054769656,0.199990516,0.0,0.0
2018-11-17 17:00:00,24879.2,0.0,2.88,110.76973269126186,0.200446048,0.0,0.0
2018-11-17 18:00:00,26574.4,0.0,2.37,105.70929409460452,0.200846602,0.0,0.0
2018-11-17 19:00:00,26573.6,0.0,1.93,86.11834088379244,0.201192178,0.0,0.0
2018-11-17 20:00:00,26237.6,0.0,1.79,59.52845647855386,0.201302134,0.0,0.0
2018-11-17 21:00:00,25784.0,0.0,1.75,26.199508562093285,0.2013335499999999,0.0,0.0
2018-11-17 22:00:00,25020.0,0.0,1.7,67.41760231316822,0.2013728199999999,0.0,0.0
2018-11-17 23:00:00,23796.0,0.0,1.68,40.63140104925328,0.2013885279999999,0.0,0.0
2018-11-18 00:00:00,22562.4,0.0,1.66,6.121414823631988,0.201404236,0.0,0.0
2018-11-18 01:00:00,21589.6,0.0,1.83,67.65982220910422,0.201270718,0.0,0.0
2018-11-18 02:00:00,21012.800000000003,0.0,1.96,17.75219197756831,0.201168616,0.0,0.0
2018-11-18 03:00:00,20786.4,0.0,2.07,39.03589015118164,0.201082222,0.0,0.0
2018-11-18 04:00:00,20788.0,0.0,2.13,61.85320619322738,0.2010350979999999,0.0,0.0
2018-11-18 05:00:00,21050.4,9.27,2.32,86.11535867141538,0.2004813909999999,73.77124257698341,54.09891122312116
2018-11-18 06:00:00,21750.4,186.97,2.78,87.49899610905035,0.1923664636666666,101.6762532566841,74.56258572156835
2018-11-18 07:00:00,22683.2,290.61,4.24,87.46696763303308,0.186697621,122.81805033883616,90.06657024847986
2018-11-18 08:00:00,23437.6,677.47,5.57,64.13053751882421,0.1687730476666666,137.19663382343953,100.61086480385563
2018-11-18 09:00:00,24182.4,483.28,7.56,12.956580810613971,0.1756832586666666,144.81200371049414,106.19546938769568
2018-11-18 10:00:00,24484.0,620.32,9.08,9.419344311670644,0.1685099386666666,145.66415999999998,106.82038399999998
2018-11-18 11:00:00,24314.4,431.18,9.97,34.23000035284836,0.1760637413333333,139.75310269195717,102.4856086407686
2018-11-18 12:00:00,23980.800000000003,216.34,11.06,18.871167158848397,0.1845818406666666,127.07883178636564,93.19114331000144
2018-11-18 13:00:00,23759.2,225.17,11.14,17.090513606403228,0.1841337263333333,107.6413472832254,78.93698800769863
2018-11-18 14:00:00,23384.800000000003,110.25,10.32,40.746946625347015,0.189792097,81.44064918253639,59.723142733860016
2018-11-18 15:00:00,23351.2,0.0,8.89,53.5348460483821,0.1957257939999999,0.0,0.0
2018-11-18 16:00:00,23528.800000000003,0.0,8.04,22.899482963652925,0.196393384,0.0,0.0
2018-11-18 17:00:00,24308.800000000003,0.0,7.33,5.507842053593249,0.196951018,0.0,0.0
2018-11-18 18:00:00,25021.6,0.0,6.83,1.1095152187206323,0.197343718,0.0,0.0
2018-11-18 19:00:00,24697.6,0.0,6.54,87.55575512673124,0.197571484,0.0,0.0
2018-11-18 20:00:00,24077.6,0.0,6.37,178.89422844312966,0.197705002,0.0,0.0
2018-11-18 21:00:00,23442.4,0.0,5.92,177.2343605533638,0.198058432,0.0,0.0
2018-11-18 22:00:00,22527.2,0.0,5.71,171.90329224489304,0.1982233659999999,0.0,0.0
2018-11-18 23:00:00,21333.6,0.0,5.49,171.88433216295095,0.198396154,0.0,0.0
2018-11-19 00:00:00,20008.0,0.0,5.19,171.8828895480208,0.198631774,0.0,0.0
2018-11-19 01:00:00,18879.2,0.0,4.43,171.8460968058887,0.199228678,0.0,0.0
2018-11-19 02:00:00,18061.6,0.0,3.64,171.87628261409574,0.199849144,0.0,0.0
2018-11-19 03:00:00,17643.2,0.0,2.93,171.93924851282162,0.2004067779999999,0.0,0.0
2018-11-19 04:00:00,17371.2,0.0,2.46,171.99570446013922,0.200775916,0.0,0.0
2018-11-19 05:00:00,17381.600000000002,91.42,2.37,171.95557794400855,0.1968576426666666,97.78911948468848,71.71202095543822
2018-11-19 06:00:00,17779.2,462.43,4.35,171.90324375363488,0.1791141476666666,116.37166648316602,85.33922208765509
2018-11-19 07:00:00,18605.6,693.21,9.0,171.87891326485138,0.165392337,130.450444033936,95.66365895821971
2018-11-19 08:00:00,19400.8,851.65,12.06,171.90706244021555,0.1560757476666666,140.0254521369983,102.6853315671321
2018-11-19 09:00:00,20173.6,923.65,13.72,178.72560009286454,0.1516303836666666,145.09669079235297,106.40423991439218
2018-11-19 10:00:00,20771.2,923.31,14.6,176.9185006204982,0.150954067,145.66415999999998,106.82038399999998
2018-11-19 11:00:00,21047.2,854.29,15.24,178.75504640938487,0.1534629836666666,141.72785975993938,103.93376382395552
2018-11-19 12:00:00,21085.6,679.83,15.45,112.66204342703703,0.160910321,133.2877900721711,97.7443793862588
2018-11-19 13:00:00,21025.6,435.9,15.16,130.2124723714959,0.171781566,120.34395093669524,88.25223068690983
2018-11-19 14:00:00,21068.800000000003,13.12,13.7,146.94155638517444,0.1913755506666666,102.89634235351166,75.45731772590855
2018-11-19 15:00:00,21330.4,0.0,11.56,110.33277796394664,0.1936287759999999,0.0,0.0
2018-11-19 16:00:00,22024.800000000003,0.0,10.42,23.38602757919989,0.194524132,0.0,0.0
2018-11-19 17:00:00,23506.4,0.0,10.1,101.92994604737976,0.1947754599999999,0.0,0.0
2018-11-19 18:00:00,25299.2,0.0,10.16,84.64641298785523,0.194728336,0.0,0.0
2018-11-19 19:00:00,25419.2,0.0,9.91,162.85490833120448,0.1949246859999999,0.0,0.0
2018-11-19 20:00:00,25219.2,0.0,9.77,113.31609351715224,0.195034642,0.0,0.0
2018-11-19 21:00:00,24712.800000000003,0.0,9.24,7.43992509201145,0.1954509039999999,0.0,0.0
2018-11-19 22:00:00,23776.0,0.0,8.57,49.8876821402089,0.1959771219999999,0.0,0.0
2018-11-19 23:00:00,22529.6,0.0,7.83,62.91632247580639,0.196558318,0.0,0.0
2018-11-20 00:00:00,21317.6,0.0,7.29,24.12703613336936,0.196982434,0.0,0.0
2018-11-20 01:00:00,20411.2,0.0,6.72,24.96609704224993,0.197430112,0.0,0.0
2018-11-20 02:00:00,19991.2,0.0,6.61,19.863896864850485,0.197516506,0.0,0.0
2018-11-20 03:00:00,19895.2,0.0,6.16,18.171150386697427,0.197869936,0.0,0.0
2018-11-20 04:00:00,20091.2,0.0,5.87,17.39365670681508,0.198097702,0.0,0.0
2018-11-20 05:00:00,20850.4,49.68,5.84,20.142063936604284,0.1959535599999999,89.25594232716439,65.45435770658722
2018-11-20 06:00:00,22770.4,325.61,7.0,50.803321353193255,0.1830027503333333,111.15061530755756,81.51045122554221
2018-11-20 07:00:00,25506.4,523.78,10.8,49.49796395975278,0.1713714126666666,127.73877356503776,93.675100614361
2018-11-20 08:00:00,26600.0,662.8,12.78,56.7816873440796,0.1637504146666666,139.0204170996049,101.94830587304358
2018-11-20 09:00:00,26305.6,790.75,13.74,51.05601536089267,0.1574135456666666,144.99554591125897,106.3300670015899
2018-11-20 10:00:00,25726.4,714.91,14.3,34.43528809428538,0.1602828736666667,145.66415999999998,106.82038399999998
2018-11-20 11:00:00,25244.800000000003,652.66,14.41,35.27868139401257,0.1629126546666666,141.02625936582797,103.41925686827383
2018-11-20 12:00:00,24731.2,253.7,14.11,37.16236371653794,0.1805562293333333,131.0818440087429,96.12668560641146
2018-11-20 13:00:00,24336.800000000003,99.48,13.81,49.894734587567925,0.1875209819999999,115.83091392874482,84.94267021441286
2018-11-20 14:00:00,24221.6,13.12,12.97,147.38840332915512,0.1919488926666666,95.27346912583364,69.86721069227798
2018-11-20 15:00:00,24213.6,0.0,11.4,148.0759730014759,0.19375444,0.0,0.0
2018-11-20 16:00:00,24626.4,0.0,11.37,114.1185753485072,0.193778002,0.0,0.0
2018-11-20 17:00:00,25853.6,0.0,10.87,107.3715501788352,0.194170702,0.0,0.0
2018-11-20 18:00:00,27792.0,0.0,9.06,134.23721043065925,0.195592276,0.0,0.0
2018-11-20 19:00:00,27906.4,0.0,8.79,111.1951343763198,0.195804334,0.0,0.0
2018-11-20 20:00:00,27647.2,0.0,8.05,136.04326734097506,0.1963855299999999,0.0,0.0
2018-11-20 21:00:00,27051.2,0.0,7.44,116.38477793035491,0.1968646239999999,0.0,0.0
2018-11-20 22:00:00,25900.800000000003,0.0,7.36,111.03311295997928,0.196927456,0.0,0.0
2018-11-20 23:00:00,24146.4,0.0,7.43,142.00881951689135,0.196872478,0.0,0.0
2018-11-21 00:00:00,22530.4,0.0,8.77,118.97662355640304,0.195820042,0.0,0.0
2018-11-21 01:00:00,21434.4,0.0,9.81,82.69393066210576,0.1950032259999999,0.0,0.0
2018-11-21 02:00:00,20843.2,0.0,9.66,53.53489453964026,0.195121036,0.0,0.0
2018-11-21 03:00:00,20673.6,0.0,9.44,57.95324826413461,0.1952938239999999,0.0,0.0
2018-11-21 04:00:00,20751.2,0.0,9.28,20.498473168757407,0.1954194879999999,0.0,0.0
2018-11-21 05:00:00,21479.2,8.34,8.33,35.703413293566875,0.1958017159999999,68.26804586537862,50.06323363461099
2018-11-21 06:00:00,23232.800000000003,36.16,7.69,59.35893710141988,0.1950904926666666,98.30910510889322,72.0933437465217
2018-11-21 07:00:00,25847.2,222.71,9.71,43.08757116566208,0.1853641863333333,121.06924614411273,88.78411383901599
2018-11-21 08:00:00,26749.6,248.72,11.68,13.325562916797908,0.1826820453333333,136.548468971037,100.1355439120938
2018-11-21 09:00:00,26039.2,453.39,12.73,1.2600738509459617,0.172926941,144.7467735896661,106.14763396575512
2018-11-21 10:00:00,25064.0,220.98,13.84,14.466178837385511,0.18219597,145.66415999999998,106.82038399999998
2018-11-21 11:00:00,24516.800000000003,185.08,14.31,3.745682233568301,0.1833932686666666,139.30062820203872,102.15379401482838
2018-11-21 12:00:00,24006.4,150.87,14.4,26.57098190666542,0.184815279,125.65617819578226,92.14786401024033
2018-11-21 13:00:00,23760.800000000003,38.94,13.89,32.63971741854751,0.1900997119999999,104.73080998123064,76.8025939862358
2018-11-21 14:00:00,23692.0,11.37,13.01,45.85102432364851,0.191993835,76.52452355838378,56.11798394281477
2018-11-21 15:00:00,23698.4,0.0,11.54,53.31760521180766,0.1936444839999999,0.0,0.0
2018-11-21 16:00:00,23905.6,0.0,10.02,72.73019545227851,0.194838292,0.0,0.0
2018-11-21 17:00:00,24865.6,0.0,9.27,26.25303684969903,0.195427342,0.0,0.0
2018-11-21 18:00:00,26482.4,0.0,8.69,25.97597598477208,0.1958828739999999,0.0,0.0
2018-11-21 19:00:00,26520.800000000003,0.0,8.36,16.840926069929775,0.196142056,0.0,0.0
2018-11-21 20:00:00,26082.4,0.0,7.25,33.802586280576875,0.19701385,0.0,0.0
2018-11-21 21:00:00,25410.4,0.0,6.48,41.89731686558463,0.197618608,0.0,0.0
2018-11-21 22:00:00,24272.800000000003,0.0,6.52,27.872211481754665,0.197587192,0.0,0.0
2018-11-21 23:00:00,22600.800000000003,0.0,6.16,35.214472906796274,0.197869936,0.0,0.0
2018-11-22 00:00:00,21011.2,0.0,5.69,27.82275039842745,0.198239074,0.0,0.0
2018-11-22 01:00:00,19817.6,0.0,5.59,21.60318888943367,0.198317614,0.0,0.0
2018-11-22 02:00:00,19166.4,0.0,5.82,4.3442927985977855,0.198136972,0.0,0.0
2018-11-22 03:00:00,18760.0,0.0,6.56,0.0,0.197555776,0.0,0.0
2018-11-22 04:00:00,18709.6,0.0,6.35,0.0,0.19772071,0.0,0.0
2018-11-22 05:00:00,19232.8,49.95,5.93,0.0,0.195871093,86.90044837959991,63.72699547837326
2018-11-22 06:00:00,20656.0,356.39,6.53,0.0,0.1820288543333333,109.7093989567138,80.45355923492346
2018-11-22 07:00:00,22897.6,444.42,8.48,0.0,0.176656282,126.99024540731082,93.12617996536126
2018-11-22 08:00:00,24345.6,790.7,9.68,0.0,0.1606044513333333,138.74298773139083,101.7448576696866
2018-11-22 09:00:00,24880.0,719.33,10.84,2.827813748641429,0.1628074983333333,144.9676259289539,106.30959234789952
2018-11-22 10:00:00,24808.0,490.76,11.38,30.591719437030022,0.1723566533333333,145.66415999999998,106.82038399999998
2018-11-22 11:00:00,24633.6,781.69,11.68,34.76700466857034,0.1594267876666666,140.8325899445291,103.277232625988
2018-11-22 12:00:00,24352.0,660.5,11.75,131.77744286903538,0.1646597333333333,130.47291576254128,95.6801382258636
2018-11-22 13:00:00,24000.800000000003,386.92,11.33,161.79090102175658,0.1769268086666666,114.58513745403653,84.02910079962678
2018-11-22 14:00:00,24044.0,12.24,10.26,151.52808991579562,0.194115724,93.16925501901471,68.32412034727746
2018-11-22 15:00:00,24116.0,0.0,8.95,127.4356568411819,0.19567867,0.0,0.0
2018-11-22 16:00:00,24458.4,0.0,7.53,174.75051708206155,0.196793938,0.0,0.0
2018-11-22 17:00:00,25552.0,0.0,6.69,153.91932720681953,0.1974536739999999,0.0,0.0
2018-11-22 18:00:00,27028.0,0.0,5.67,163.6423336268996,0.198254782,0.0,0.0
2018-11-22 19:00:00,26960.800000000003,0.0,5.38,177.48486639303871,0.198482548,0.0,0.0
2018-11-22 20:00:00,26577.6,0.0,4.99,136.6987115547622,0.198788854,0.0,0.0
2018-11-22 21:00:00,26004.0,0.0,5.03,143.66823886251944,0.1987574379999999,0.0,0.0
2018-11-22 22:00:00,25116.800000000003,0.0,5.02,150.6039556405221,0.1987652919999999,0.0,0.0
2018-11-22 23:00:00,23844.800000000003,0.0,5.71,161.13181996360717,0.1982233659999999,0.0,0.0
2018-11-23 00:00:00,22454.4,0.0,5.8,170.17872489392172,0.19815268,0.0,0.0
2018-11-23 01:00:00,21345.6,0.0,5.98,150.78902252730478,0.198011308,0.0,0.0
2018-11-23 02:00:00,20755.2,0.0,6.1,152.3730743349313,0.19791706,0.0,0.0
2018-11-23 03:00:00,20505.6,0.0,6.06,109.9638322262063,0.197948476,0.0,0.0
2018-11-23 04:00:00,20587.2,0.0,6.05,117.49814934061372,0.1979563299999999,0.0,0.0
2018-11-23 05:00:00,20970.4,3.71,5.92,97.88981201374985,0.1978965523333333,60.0076027544557,44.0055753532675
2018-11-23 06:00:00,21816.0,43.57,5.97,81.99334714837514,0.1961180576666666,93.25492711408822,68.38694655033134
2018-11-23 07:00:00,22863.2,56.55,6.09,97.29911575242583,0.1954574489999999,118.444245018459,86.85911301353657
2018-11-23 08:00:00,23568.0,135.36,6.48,61.95892319743192,0.1917123999999999,135.57555646756785,99.42207474288308
2018-11-23 09:00:00,24041.6,285.52,6.84,24.81746830527384,0.1848776746666666,144.64886146141487,106.0758317383709
2018-11-23 10:00:00,24095.2,50.07,7.06,17.375384594598145,0.194978355,145.66415999999998,106.82038399999998
2018-11-23 11:00:00,24022.4,142.17,6.99,83.94220475257661,0.1910147029999999,138.6214520833233,101.6557315277704
2018-11-23 12:00:00,23717.6,100.12,7.07,99.8658368453374,0.1927866526666666,123.52073771138475,90.58187432168214
2018-11-23 13:00:00,23035.2,42.64,6.96,51.93068855283897,0.1953810906666666,100.36201688418438,73.5988123817352
2018-11-23 14:00:00,22253.6,2.62,6.63,46.82098586859081,0.1973864786666667,69.14528960172206,50.7065457079295
2018-11-23 15:00:00,21789.6,0.0,6.06,66.31486261126213,0.197948476,0.0,0.0
2018-11-23 16:00:00,21623.2,0.0,5.66,104.1089613470492,0.198262636,0.0,0.0
2018-11-23 17:00:00,22156.0,0.0,4.73,90.66088072044464,0.1989930579999999,0.0,0.0
2018-11-23 18:00:00,23168.0,0.0,4.09,148.98937858588087,0.199495714,0.0,0.0
2018-11-23 19:00:00,23225.6,0.0,4.03,130.8761600991714,0.199542838,0.0,0.0
2018-11-23 20:00:00,23310.4,0.0,3.37,118.51935099191712,0.200061202,0.0,0.0
2018-11-23 21:00:00,23438.4,0.0,2.65,156.856976117649,0.20062669,0.0,0.0
2018-11-23 22:00:00,23281.6,0.0,2.02,149.5367236624063,0.2011214919999999,0.0,0.0
2018-11-23 23:00:00,22742.4,0.0,1.38,141.21672693759825,0.2016241479999999,0.0,0.0
2018-11-24 00:00:00,22037.6,0.0,0.75,168.94111888024742,0.20211895,0.0,0.0
2018-11-24 01:00:00,21354.4,0.0,0.09,140.85483667792076,0.202637314,0.0,0.0
2018-11-24 02:00:00,21011.2,0.0,-0.51,100.94091834586813,0.2031085539999999,0.0,0.0
2018-11-24 03:00:00,20860.800000000003,0.0,-1.08,95.637956782911,0.2035562319999999,0.0,0.0
2018-11-24 04:00:00,21018.4,0.0,-1.61,60.73874979106756,0.203972494,0.0,0.0
2018-11-24 05:00:00,21565.6,43.53,-2.08,105.52382715494176,0.2024422729999999,93.23000843152494,68.36867284978494
2018-11-24 06:00:00,22703.2,429.75,-0.48,91.74798199159284,0.1843335669999999,113.58216010301774,83.29358407554633
2018-11-24 07:00:00,24067.2,684.44,1.8,71.05444061405632,0.1714298813333333,129.0016510956117,94.60121080344857
2018-11-24 08:00:00,24578.4,852.16,3.52,44.5369627493676,0.1627608106666666,139.48848140930673,102.2915530334916
2018-11-24 09:00:00,24370.4,926.47,4.94,33.12288128418936,0.1584031496666667,145.04265104410285,106.3646107656754
2018-11-24 10:00:00,23615.2,928.05,5.95,71.7225471076319,0.157540955,145.66415999999998,106.82038399999998
2018-11-24 11:00:00,22875.2,854.01,6.74,45.561764876589706,0.160151101,141.35300827699825,103.65887273646538
2018-11-24 12:00:00,22244.0,671.37,6.95,24.43710590693955,0.1679553589999999,132.1091958750976,96.88007697507156
2018-11-24 13:00:00,21728.800000000003,417.22,6.61,34.77938509292036,0.1793118066666666,117.93272279429806,86.48399671581856
2018-11-24 14:00:00,21408.0,11.37,5.71,14.688627938157088,0.1977272549999999,98.82358903459952,72.4706319587063
2018-11-24 15:00:00,21369.6,0.0,4.28,11.733542631638173,0.199346488,0.0,0.0
2018-11-24 16:00:00,21750.4,0.0,2.91,4.591364093378041,0.2004224859999999,0.0,0.0
2018-11-24 17:00:00,22984.800000000003,0.0,1.52,12.076162162250904,0.2015141919999999,0.0,0.0
2018-11-24 18:00:00,24856.0,0.0,0.12,0.0,0.202613752,0.0,0.0
2018-11-24 19:00:00,24839.2,0.0,-0.18,0.0,0.202849372,0.0,0.0
2018-11-24 20:00:00,24581.6,0.0,-0.78,0.0,0.2033206119999999,0.0,0.0
2018-11-24 21:00:00,24208.800000000003,0.0,-1.01,0.0,0.203501254,0.0,0.0
2018-11-24 22:00:00,23555.2,0.0,-0.87,0.0,0.2033912979999999,0.0,0.0
2018-11-24 23:00:00,22550.4,0.0,-1.21,0.0,0.2036583339999999,0.0,0.0
2018-11-25 00:00:00,21438.4,0.0,-1.64,0.0,0.203996056,0.0,0.0
2018-11-25 01:00:00,20562.4,0.0,-1.96,0.0,0.204247384,0.0,0.0
2018-11-25 02:00:00,20028.0,0.0,-2.16,0.0,0.204404464,0.0,0.0
2018-11-25 03:00:00,19806.4,0.0,-2.31,0.0,0.2045222739999999,0.0,0.0
2018-11-25 04:00:00,19787.2,0.0,-2.55,0.0,0.20471077,0.0,0.0
2018-11-25 05:00:00,20096.0,3.71,-2.4,0.0,0.2044310803333333,62.78607937452185,46.043124874649344
2018-11-25 06:00:00,20770.4,104.5,-0.13,0.0,0.1982504186666666,94.95494673817464,69.63362760799473
2018-11-25 07:00:00,21784.0,207.76,2.41,0.0,0.1917499246666666,119.32718848254892,87.50660488720253
2018-11-25 08:00:00,22448.800000000003,351.02,4.42,0.0,0.1839203593333333,135.90280460764455,99.66205671227269
2018-11-25 09:00:00,22775.2,269.16,5.93,0.0,0.18630623,144.6817951134616,106.09998308320516
2018-11-25 10:00:00,22421.6,538.87,7.18,0.0,0.1735561336666666,145.66415999999998,106.82038399999998
2018-11-25 11:00:00,21886.4,809.63,7.96,5.966754228745828,0.1611293603333333,138.8498992672598,101.82325946265718
2018-11-25 12:00:00,21317.6,693.8,8.34,24.254703008652275,0.1658849573333333,124.239012915241,91.10860947117672
2018-11-25 13:00:00,20876.800000000003,442.45,8.26,3.982535889880276,0.1769150276666666,101.83150094394364,74.67643402555865
2018-11-25 14:00:00,20615.2,9.62,7.51,30.76784271738507,0.1963898933333333,71.62736335336756,52.52673312580287
2018-11-25 15:00:00,20674.4,0.0,6.2,86.5799352316621,0.19783852,0.0,0.0
2018-11-25 16:00:00,21052.0,0.0,5.39,150.1464406197453,0.1984746939999999,0.0,0.0
2018-11-25 17:00:00,22148.0,0.0,4.12,153.0557221445489,0.199472152,0.0,0.0
2018-11-25 18:00:00,23557.6,0.0,1.65,163.5119891249549,0.20141209,0.0,0.0
2018-11-25 19:00:00,23528.800000000003,0.0,-0.36,177.26330983448767,0.202990744,0.0,0.0
2018-11-25 20:00:00,23289.6,0.0,-1.07,178.90564813442725,0.203548378,0.0,0.0
2018-11-25 21:00:00,22896.0,0.0,-1.45,169.6394657346954,0.20384683,0.0,0.0
2018-11-25 22:00:00,22235.2,0.0,-1.71,178.89770769090316,0.204051034,0.0,0.0
2018-11-25 23:00:00,21196.0,0.0,-1.73,178.9067876789941,0.204066742,0.0,0.0
2018-11-26 00:00:00,19972.800000000003,0.0,-1.65,178.88117217186925,0.2040039099999999,0.0,0.0
2018-11-26 01:00:00,18902.4,0.0,-1.57,178.87580176502735,0.203941078,0.0,0.0
2018-11-26 02:00:00,18240.8,0.0,-1.7,178.8812691543856,0.20404318,0.0,0.0
2018-11-26 03:00:00,17937.600000000002,0.0,-1.69,178.87982653945497,0.204035326,0.0,0.0
2018-11-26 04:00:00,17850.4,0.0,-1.69,178.8693039364334,0.204035326,0.0,0.0
2018-11-26 05:00:00,18032.0,7.41,-1.76,178.8746622204605,0.203766981,77.0033878619925,56.46915109879448
2018-11-26 06:00:00,18604.0,234.17,0.2,178.85316847027957,0.1923333023333333,103.65385147461802,76.01282441471989
2018-11-26 07:00:00,19393.6,367.82,4.26,178.8378209870707,0.1833129833333333,123.8451604947316,90.81978436280316
2018-11-26 08:00:00,20044.0,729.36,7.14,178.89005819492755,0.165275836,137.57731492233313,100.89003094304428
2018-11-26 09:00:00,20684.800000000003,781.16,9.2,178.87977804819678,0.1613977053333333,144.85031475742258,106.2235641554432
2018-11-26 10:00:00,20952.0,250.12,10.7,178.85227138200355,0.1833906506666666,145.66415999999998,106.82038399999998
2018-11-26 11:00:00,20884.0,114.03,11.38,178.85321696153775,0.188794639,140.0188506500654,102.6804904767146
2018-11-26 12:00:00,20671.2,672.16,11.61,178.82997752606244,0.1642609246666666,127.91438670761876,93.80388358558706
2018-11-26 13:00:00,20707.2,55.63,11.02,178.85817519268477,0.1916255696666666,109.35076817266008,80.19056332661738
2018-11-26 14:00:00,20848.0,2.62,9.76,178.85872071933937,0.1949281766666666,84.32799504518931,61.84052969980549
2018-11-26 15:00:00,21000.0,0.0,8.63,178.84208821778913,0.195929998,0.0,0.0
2018-11-26 16:00:00,21424.0,0.0,8.21,178.8320141589053,0.1962598659999999,0.0,0.0
2018-11-26 17:00:00,22918.4,0.0,7.98,178.81815778188522,0.1964405079999999,0.0,0.0
2018-11-26 18:00:00,25146.4,0.0,7.4,178.82183099469088,0.19689604,0.0,0.0
2018-11-26 19:00:00,25492.0,0.0,7.03,178.82306752177408,0.197186638,0.0,0.0
2018-11-26 20:00:00,25459.2,0.0,7.03,178.84959223998973,0.197186638,0.0,0.0
2018-11-26 21:00:00,25133.6,0.0,7.22,178.8512773112112,0.197037412,0.0,0.0
2018-11-26 22:00:00,24219.2,0.0,7.19,178.82983205228794,0.1970609739999999,0.0,0.0
2018-11-26 23:00:00,22885.6,0.0,6.72,178.818897273572,0.197430112,0.0,0.0
2018-11-27 00:00:00,21510.4,0.0,6.45,178.80370738695237,0.19764217,0.0,0.0
2018-11-27 01:00:00,20545.6,0.0,6.27,178.79780357627064,0.197783542,0.0,0.0
2018-11-27 02:00:00,20016.0,0.0,6.15,178.80465296648654,0.19787779,0.0,0.0
2018-11-27 03:00:00,19796.800000000003,0.0,6.01,178.81195090084023,0.197987746,0.0,0.0
2018-11-27 04:00:00,19884.0,0.0,5.95,178.78210453144032,0.19803487,0.0,0.0
2018-11-27 05:00:00,20562.4,4.64,5.74,178.8235645571705,0.1979973453333333,57.69976473221384,42.31316080362348
2018-11-27 06:00:00,22275.2,86.34,6.57,178.83414777426455,0.19378062,91.84286919044422,67.35143740632576
2018-11-27 07:00:00,24748.800000000003,66.75,8.38,178.62266527459732,0.1932138229999999,117.7108609463381,86.3212980273146
2018-11-27 08:00:00,25771.2,74.17,9.78,178.91254601590134,0.1917905036666667,135.30373999989536,99.22274266658992
2018-11-27 09:00:00,25323.2,112.18,11.46,172.58580670355047,0.1888125286666666,144.62150635111598,106.05577132415172
2018-11-27 10:00:00,24581.6,234.78,12.78,176.3143965262919,0.182426354,145.66415999999998,106.82038399999998
2018-11-27 11:00:00,24097.6,580.71,13.03,178.6355760720832,0.167135925,138.43170094654744,101.51658069413476
2018-11-27 12:00:00,23679.2,67.68,13.15,170.1235054736878,0.189426886,122.92412919075822,90.14436140655604
2018-11-27 13:00:00,23239.2,58.66,12.92,174.08057398208288,0.1900011006666666,99.14144473263248,72.70372613726381
2018-11-27 14:00:00,23116.0,7.87,11.83,99.44093825708306,0.1930733236666666,67.08364757217002,49.194674886258014
2018-11-27 15:00:00,23134.4,0.0,10.6,172.72260054283092,0.19438276,0.0,0.0
2018-11-27 16:00:00,23532.800000000003,0.0,10.03,175.86209431576776,0.194830438,0.0,0.0
2018-11-27 17:00:00,24772.800000000003,0.0,9.9,178.91990456432745,0.19493254,0.0,0.0
2018-11-27 18:00:00,26817.6,0.0,9.89,159.69013848994945,0.194940394,0.0,0.0
2018-11-27 19:00:00,27054.4,0.0,10.02,178.93613701299807,0.194838292,0.0,0.0
2018-11-27 20:00:00,26816.800000000003,0.0,9.66,178.65414822396,0.195121036,0.0,0.0
2018-11-27 21:00:00,26199.2,0.0,9.41,178.92099561763612,0.195317386,0.0,0.0
2018-11-27 22:00:00,25036.0,0.0,9.27,178.91851044065547,0.195427342,0.0,0.0
2018-11-27 23:00:00,23383.2,0.0,9.08,178.89304040730465,0.1955765679999999,0.0,0.0
2018-11-28 00:00:00,21844.800000000003,0.0,8.82,178.8920463365123,0.195780772,0.0,0.0
2018-11-28 01:00:00,20856.0,0.0,8.81,178.8724801138431,0.195788626,0.0,0.0
2018-11-28 02:00:00,20400.0,0.0,8.58,178.89358593395923,0.1959692679999999,0.0,0.0
2018-11-28 03:00:00,20264.0,0.0,8.35,178.5166997526943,0.1961499099999999,0.0,0.0
2018-11-28 04:00:00,20476.0,0.0,8.21,172.46826389376108,0.1962598659999999,0.0,0.0
2018-11-28 05:00:00,21255.2,5.56,8.28,163.01816627462767,0.1959622866666666,101.1981478917798,74.2119751206385
2018-11-28 06:00:00,23099.2,72.82,8.91,90.58773771891148,0.1925327066666666,118.4574911934655,86.86882687520803
2018-11-28 07:00:00,25843.2,85.29,9.69,178.89020366870204,0.191375987,131.5337640551304,96.45809364042896
2018-11-28 08:00:00,26968.0,68.61,10.06,178.90877582057882,0.191813193,140.42696647677445,102.97977541630128
2018-11-28 09:00:00,26296.0,89.93,10.49,178.8879730708265,0.1905452083333333,145.13709845839765,106.43387220282494
2018-11-28 10:00:00,25231.2,98.28,11.2,178.89030065121838,0.1896232359999999,145.66415999999998,106.82038399999998
2018-11-28 11:00:00,24438.4,101.05,11.37,178.89219181028676,0.1893688536666666,142.0081511015815,104.1393108078264
2018-11-28 12:00:00,23848.800000000003,32.45,11.2,177.8905563816525,0.1924956183333333,134.1690717631421,98.39065262630422
2018-11-28 13:00:00,23416.800000000003,25.96,10.74,13.251581925709766,0.1931400826666666,122.14692198468194,89.57440945543341
2018-11-28 14:00:00,23342.4,1.75,10.29,26.988015818986195,0.1945498756666666,105.94170176620084,77.69058129521395
2018-11-28 15:00:00,23320.800000000003,0.0,9.69,60.73045778592153,0.195097474,0.0,0.0
2018-11-28 16:00:00,23579.2,0.0,9.26,106.68655054319665,0.1954351959999999,0.0,0.0
2018-11-28 17:00:00,24789.6,0.0,9.0,124.94143624063258,0.1956394,0.0,0.0
2018-11-28 18:00:00,26762.4,0.0,8.72,167.68812901492038,0.195859312,0.0,0.0
2018-11-28 19:00:00,26875.2,0.0,8.7,173.02465258993408,0.19587502,0.0,0.0
2018-11-28 20:00:00,26540.0,0.0,8.58,177.6441116848491,0.1959692679999999,0.0,0.0
2018-11-28 21:00:00,25924.0,0.0,8.26,171.97450165750678,0.1962205959999999,0.0,0.0
2018-11-28 22:00:00,24607.2,0.0,7.94,178.75172475820062,0.1964719239999999,0.0,0.0
2018-11-28 23:00:00,22802.4,0.0,7.77,167.1288672117009,0.196605442,0.0,0.0
2018-11-29 00:00:00,21121.6,0.0,7.62,178.5746952974584,0.196723252,0.0,0.0
2018-11-29 01:00:00,19968.800000000003,0.0,6.44,167.64700842799738,0.1976500239999999,0.0,0.0
2018-11-29 02:00:00,19378.4,0.0,5.81,177.64262057866028,0.198144826,0.0,0.0
2018-11-29 03:00:00,19193.6,0.0,5.38,177.23743974825723,0.198482548,0.0,0.0
2018-11-29 04:00:00,19218.4,0.0,4.88,176.6079141119582,0.1988752479999999,0.0,0.0
2018-11-29 05:00:00,19868.0,11.13,3.83,178.4564736100547,0.199214279,108.9655224011006,79.90804976080709
2018-11-29 06:00:00,21624.800000000003,264.8,4.74,178.82242501260365,0.1874310973333333,123.2099836197504,90.35398798781696
2018-11-29 07:00:00,24296.0,322.46,7.46,178.5083592562901,0.1827789113333333,134.00207798896528,98.2681905252412
2018-11-29 08:00:00,25288.0,299.04,8.84,178.80856863558304,0.182716952,141.34180550874518,103.65065737307978
2018-11-29 09:00:00,24834.4,274.58,9.47,178.79219071313844,0.1832894213333333,145.22916617909007,106.50138853133272
2018-11-29 10:00:00,24111.2,135.36,9.65,178.73647425750806,0.189222682,145.66415999999998,106.82038399999998
2018-11-29 11:00:00,23483.2,101.05,9.57,178.78826292122716,0.1907825736666666,142.64678697147494,104.6076437790816
2018-11-29 12:00:00,23164.800000000003,180.78,9.35,178.79253015194558,0.1874764759999999,136.1770470935149,99.86316786857758
2018-11-29 13:00:00,22917.6,52.84,8.94,178.72664265491508,0.1933809386666666,126.2549403661199,92.58695626848792
2018-11-29 14:00:00,22900.800000000003,4.37,8.16,177.71849727487253,0.1961084583333333,112.88046678928988,82.77900897881256
2018-11-29 15:00:00,22972.800000000003,0.0,7.79,178.60399614020417,0.196589734,0.0,0.0
2018-11-29 16:00:00,23222.4,0.0,7.56,178.7411415411061,0.196770376,0.0,0.0
2018-11-29 17:00:00,24364.0,0.0,7.35,178.51217794287078,0.1969353099999999,0.0,0.0
2018-11-29 18:00:00,26302.4,0.0,7.07,178.79923406838648,0.197155222,0.0,0.0
2018-11-29 19:00:00,26449.6,0.0,6.79,178.49530298502972,0.197375134,0.0,0.0
2018-11-29 20:00:00,26140.800000000003,0.0,6.34,178.80370738695237,0.197728564,0.0,0.0
2018-11-29 21:00:00,25658.4,0.0,5.64,178.76755715399116,0.1982783439999999,0.0,0.0
2018-11-29 22:00:00,24572.0,0.0,4.86,178.7626474141018,0.198890956,0.0,0.0
2018-11-29 23:00:00,22937.6,0.0,4.28,178.78006789859745,0.199346488,0.0,0.0
2018-11-30 00:00:00,21457.6,0.0,3.83,178.7657266089952,0.199699918,0.0,0.0
2018-11-30 01:00:00,20410.4,0.0,3.7,178.76016223712114,0.19980202,0.0,0.0
2018-11-30 02:00:00,19925.6,0.0,3.68,178.77764333568925,0.1998177279999999,0.0,0.0
2018-11-30 03:00:00,19781.6,0.0,3.76,178.76880580388865,0.199754896,0.0,0.0
2018-11-30 04:00:00,19951.2,0.0,3.78,178.77525514122442,0.199739188,0.0,0.0
2018-11-30 05:00:00,20656.800000000003,7.41,3.8,178.75196721449143,0.199400157,87.9241401895015,64.47770280563444
2018-11-30 06:00:00,22469.6,13.91,3.95,178.7683087684927,0.1989987303333333,110.33574799750863,80.91288186483966
2018-11-30 07:00:00,25259.2,91.78,4.88,178.77172740219325,0.1948705806666666,127.31555388256209,93.36473951387886
2018-11-30 08:00:00,26506.4,39.87,5.73,178.39231967550384,0.196467997,138.8635578446618,101.833275752752
2018-11-30 09:00:00,26370.4,85.29,6.4,170.90462690582157,0.193959953,144.97975988380776,106.31849058145905
2018-11-30 10:00:00,25782.4,39.87,6.91,123.03359617943065,0.1955412249999999,145.66415999999998,106.82038399999998
2018-11-30 11:00:00,25160.0,56.55,7.37,119.51126392328952,0.194452137,140.91675819323848,103.33895600837488
2018-11-30 12:00:00,24439.2,58.41,7.55,108.6984285987893,0.194229607,130.73755446352322,95.8742066065837
2018-11-30 13:00:00,23901.6,13.91,7.25,97.0330139118436,0.1964069103333333,115.1265488108543,84.42613579462648
2018-11-30 14:00:00,23742.4,7.87,6.82,89.28757192079807,0.1970081776666666,94.08374123523154,68.99474357250313
2018-11-30 15:00:00,23655.2,0.0,6.2,66.770050051647,0.19783852,0.0,0.0
2018-11-30 16:00:00,23892.0,0.0,5.85,20.12324932843668,0.19811341,0.0,0.0
2018-11-30 17:00:00,25274.4,0.0,5.51,19.723923817456654,0.198380446,0.0,0.0
2018-11-30 18:00:00,27100.0,0.0,4.98,20.24404105252304,0.1987967079999999,0.0,0.0
2018-11-30 19:00:00,27060.0,0.0,4.89,17.57872207824588,0.1988673939999999,0.0,0.0
2018-11-30 20:00:00,26701.6,0.0,4.57,17.256326432991138,0.199118722,0.0,0.0
2018-11-30 21:00:00,25992.800000000003,0.0,4.02,10.887176969320729,0.1995506919999999,0.0,0.0
2018-11-30 22:00:00,24676.0,0.0,3.61,12.084589033708696,0.1998727059999999,0.0,0.0
2018-11-30 23:00:00,22864.800000000003,0.0,3.37,7.288159576772869,0.200061202,0.0,0.0
