DateTime,load_PJME_MW,solar_G_i__POA,solar_T2m,wind_Energy_scaled_MW,eta_eff,P_150MW_adj_MW,P_110MW_adj_MW
2018-03-01 00:00:00,19677.6,0.0,-1.56,0.0,0.203933224,0.0,0.0
2018-03-01 01:00:00,18527.2,0.0,-2.53,0.0,0.204695062,0.0,0.0
2018-03-01 02:00:00,17859.2,0.0,-3.36,0.0,0.2053469439999999,0.0,0.0
2018-03-01 03:00:00,17522.4,0.0,-4.05,0.0,0.20588887,0.0,0.0
2018-03-01 04:00:00,17480.8,0.0,-4.65,0.0,0.2063601099999999,0.0,0.0
2018-03-01 05:00:00,17954.4,24.1,-4.61,0.0,0.2052771306666666,65.10110825989385,47.74081272392216
2018-03-01 06:00:00,19545.6,53.77,-3.45,0.0,0.2030714656666666,96.37140441395152,70.6723632368978
2018-03-01 07:00:00,22132.0,107.55,-1.65,0.0,0.199311145,120.06285766499104,88.04609562099344
2018-03-01 08:00:00,23380.800000000003,177.07,-0.78,0.0,0.1955944576666666,136.1754680130123,99.86200987620902
2018-03-01 09:00:00,23641.6,244.87,0.38,0.0,0.1917250536666666,144.70923545801529,106.12010600254452
2018-03-01 10:00:00,23798.4,297.27,1.09,0.0,0.188881033,145.66415999999998,106.82038399999998
2018-03-01 11:00:00,24020.800000000003,372.28,1.45,0.0,0.1853253526666666,139.04024163896645,101.9628438685754
2018-03-01 12:00:00,23815.2,268.43,1.86,0.0,0.1895346603333333,124.83748037491468,91.54748560827076
2018-03-01 13:00:00,23435.2,323.47,2.26,0.0,0.1868189216666666,103.0558762078447,75.5743092190861
2018-03-01 14:00:00,23487.2,312.58,2.1,0.0,0.1874197526666666,73.69542913775635,54.04331470102133
2018-03-01 15:00:00,23376.800000000003,49.4,1.4,0.0,0.1994529533333333,36.756139164649895,26.95450205407659
2018-03-01 16:00:00,23475.2,0.0,0.1,6.831462088301762,0.20262946,0.0,0.0
2018-03-01 17:00:00,23683.2,0.0,-1.49,85.97150935407205,0.2038782459999999,0.0,0.0
2018-03-01 18:00:00,24388.0,0.0,-2.6,124.7343300770144,0.20475004,0.0,0.0
2018-03-01 19:00:00,25244.800000000003,0.0,-3.32,143.31152504465123,0.205315528,0.0,0.0
2018-03-01 20:00:00,24895.2,0.0,-4.19,154.2895579629012,0.205998826,0.0,0.0
2018-03-01 21:00:00,24159.2,0.0,-4.8,178.9037084841007,0.2064779199999999,0.0,0.0
2018-03-01 22:00:00,22837.6,0.0,-4.85,173.12277465082883,0.20651719,0.0,0.0
2018-03-01 23:00:00,21084.800000000003,0.0,-4.4,171.8384473099136,0.2061637599999999,0.0,0.0
2018-03-02 00:00:00,19415.2,0.0,-4.12,171.825488021169,0.205943848,0.0,0.0
2018-03-02 01:00:00,18264.0,0.0,-4.06,171.83347695595177,0.2058967239999999,0.0,0.0
2018-03-02 02:00:00,17707.2,0.0,-3.32,171.84977001869484,0.205315528,0.0,0.0
2018-03-02 03:00:00,17523.2,0.0,-2.79,171.8455512792346,0.204899266,0.0,0.0
2018-03-02 04:00:00,17596.0,0.0,-2.4,171.8676875385864,0.20459296,0.0,0.0
2018-03-02 05:00:00,18278.4,27.81,-1.86,171.88665974334282,0.202955401,73.64923061414623,54.00943578370723
2018-03-02 06:00:00,20115.2,300.24,1.58,171.90250426194814,0.188366596,101.60159985499683,74.50783989366434
2018-03-02 07:00:00,22971.2,270.35,3.39,174.20942737783926,0.1882492223333333,122.77927741400758,90.0381367702722
2018-03-02 08:00:00,24230.4,531.07,5.55,176.6763352772275,0.1751766756666666,137.18226329117834,100.60032641353078
2018-03-02 09:00:00,24082.4,893.7,7.45,175.357542774572,0.15786166,144.81055748650914,106.19440882344004
2018-03-02 10:00:00,23735.2,738.27,8.79,146.93172478258143,0.163591153,145.66415999999998,106.82038399999998
2018-03-02 11:00:00,23656.0,604.42,9.74,131.46204360312237,0.1686853446666666,139.74307083165093,102.47825194321064
2018-03-02 12:00:00,23531.2,388.16,10.51,140.7789599817085,0.1775167313333333,127.04728998146189,93.16801265307204
2018-03-02 13:00:00,23299.2,302.03,10.67,138.82812029732997,0.1811492063333333,107.57681744943294,78.88966612958413
2018-03-02 14:00:00,23209.6,166.94,10.57,140.76739481663645,0.1871221733333333,81.33165323556395,59.64321237274689
2018-03-02 15:00:00,23117.6,26.55,9.17,0.0,0.194347417,48.31179733985515,35.428651382560425
2018-03-02 16:00:00,23200.0,0.0,7.09,171.94659493843344,0.197139514,0.0,0.0
2018-03-02 17:00:00,23916.0,0.0,5.63,171.9111357059013,0.198286198,0.0,0.0
2018-03-02 18:00:00,25205.6,0.0,5.01,171.88472009301626,0.198773146,0.0,0.0
2018-03-02 19:00:00,26909.6,0.0,5.14,171.8771312111136,0.198671044,0.0,0.0
2018-03-02 20:00:00,27072.800000000003,0.0,5.48,171.89241808025002,0.198404008,0.0,0.0
2018-03-02 21:00:00,26637.6,0.0,5.54,171.88606572543057,0.1983568839999999,0.0,0.0
2018-03-02 22:00:00,25769.6,0.0,5.51,173.08801854154007,0.198380446,0.0,0.0
2018-03-02 23:00:00,24091.2,0.0,5.48,171.93745433626955,0.198404008,0.0,0.0
2018-03-03 00:00:00,22585.6,0.0,4.79,171.87151834798138,0.198945934,0.0,0.0
2018-03-03 01:00:00,21661.6,0.0,4.46,171.89847948752052,0.199205116,0.0,0.0
2018-03-03 02:00:00,21143.2,0.0,4.17,171.89883104914196,0.199432882,0.0,0.0
2018-03-03 03:00:00,21076.800000000003,0.0,4.24,171.90354682399865,0.199377904,0.0,0.0
2018-03-03 04:00:00,21236.800000000003,0.0,3.97,171.88487768960556,0.199589962,0.0,0.0
2018-03-03 05:00:00,21998.4,108.39,3.55,171.8972914516955,0.1951904129999999,94.73094547994155,69.46936001862382
2018-03-03 06:00:00,23880.800000000003,340.88,4.82,171.9323869997914,0.1840486413333333,114.50051313805818,83.96704296790932
2018-03-03 07:00:00,26489.6,649.15,7.1,178.82029139724443,0.1688070816666666,129.47861841912237,94.95098684068974
2018-03-03 08:00:00,27310.4,845.08,9.44,171.92588917119747,0.1584201666666666,139.66526132313408,102.42119163696498
2018-03-03 09:00:00,26743.2,530.5,11.52,172.924348422422,0.1705127086666666,145.0604418500933,106.37765735673506
2018-03-03 10:00:00,26162.4,391.6,12.66,171.91700314813914,0.1756780226666666,145.66415999999998,106.82038399999998
2018-03-03 11:00:00,25876.0,116.82,13.11,172.44141185955306,0.1873141599999999,141.47641577285424,103.74937156675976
2018-03-03 12:00:00,25717.6,350.62,13.13,178.6022625777246,0.1770969786666666,132.49720916865598,97.1646200570144
2018-03-03 13:00:00,25643.2,249.22,12.99,178.7531067590583,0.1816313546666666,118.7265401874053,87.06612947076388
2018-03-03 14:00:00,25543.2,381.1,12.78,175.5748442252194,0.1760419246666666,100.16440882910206,73.45389980800819
2018-03-03 15:00:00,25475.2,62.47,11.88,178.88255417272694,0.1906516736666666,76.81081509374643,56.32793106874739
2018-03-03 16:00:00,25534.4,0.0,10.45,178.45472792476082,0.19450057,0.0,0.0
2018-03-03 17:00:00,26074.4,0.0,9.31,178.81825476440156,0.1953959259999999,0.0,0.0
2018-03-03 18:00:00,27308.0,0.0,8.22,178.89607111093989,0.196252012,0.0,0.0
2018-03-03 19:00:00,28779.2,0.0,7.23,178.92883907864442,0.197029558,0.0,0.0
2018-03-03 20:00:00,28774.4,0.0,6.72,178.90604818730736,0.197430112,0.0,0.0
2018-03-03 21:00:00,28355.2,0.0,6.51,178.9177103348958,0.197595046,0.0,0.0
2018-03-03 22:00:00,27627.2,0.0,6.06,178.878141468234,0.197948476,0.0,0.0
2018-03-03 23:00:00,26350.4,0.0,5.56,177.9000849138817,0.198341176,0.0,0.0
2018-03-04 00:00:00,25059.2,0.0,5.62,178.9116610504396,0.1982940519999999,0.0,0.0
2018-03-04 01:00:00,24103.2,0.0,5.51,178.89854416510624,0.198380446,0.0,0.0
2018-03-04 02:00:00,23609.6,0.0,5.66,178.9020719041379,0.198262636,0.0,0.0
2018-03-04 03:00:00,23456.800000000003,0.0,5.66,178.88096608402182,0.198262636,0.0,0.0
2018-03-04 04:00:00,23490.4,0.0,5.71,178.88345126100296,0.1982233659999999,0.0,0.0
2018-03-04 05:00:00,23800.0,12.98,5.89,178.89875025295368,0.1975156333333333,56.022850919250665,41.08342400745049
2018-03-04 06:00:00,24645.6,55.63,6.82,178.90311446618844,0.1949242496666666,90.81684422073576,66.59901909520623
2018-03-04 07:00:00,25620.0,68.61,8.05,171.87201538337732,0.193391847,117.17797177955332,85.93051263833911
2018-03-04 08:00:00,26152.800000000003,105.69,9.09,174.27313276825188,0.190957107,135.10623359570323,99.07790463684904
2018-03-04 09:00:00,26159.2,412.37,9.89,172.28553671018506,0.1769473163333333,144.60162966918546,106.04119509073598
2018-03-04 10:00:00,26255.2,602.99,10.86,172.0687444177484,0.1678680923333333,145.66415999999998,106.82038399999998
2018-03-04 11:00:00,26204.800000000003,380.9,12.51,175.135695268472,0.1762627093333333,138.2938245881469,101.41547136464106
2018-03-04 12:00:00,25770.4,111.25,13.42,93.27988751247122,0.1873137236666666,122.49062343362615,89.82645718465918
2018-03-04 13:00:00,25166.4,101.98,9.57,2.400941793482704,0.1907419946666666,98.25455653643782,72.0533414600544
2018-03-04 14:00:00,24523.2,152.21,9.49,10.716895370222629,0.1886131243333333,65.58562389658172,48.09612419082659
2018-03-04 15:00:00,24148.0,4.64,8.13,11.072360538193369,0.1961202393333333,24.483825514058104,17.95480537697594
2018-03-04 16:00:00,24088.0,0.0,7.39,26.53070688605665,0.196903894,0.0,0.0
2018-03-04 17:00:00,24656.0,0.0,6.59,4.337602899160936,0.1975322139999999,0.0,0.0
2018-03-04 18:00:00,25956.0,0.0,6.02,19.53053158778796,0.197979892,0.0,0.0
2018-03-04 19:00:00,27921.6,0.0,5.84,33.11515602062313,0.198121264,0.0,0.0
2018-03-04 20:00:00,28240.0,0.0,5.39,2.236887911517066,0.1984746939999999,0.0,0.0
2018-03-04 21:00:00,28088.800000000003,0.0,4.82,0.0,0.198922372,0.0,0.0
2018-03-04 22:00:00,27552.0,0.0,4.28,0.0,0.199346488,0.0,0.0
2018-03-04 23:00:00,26699.2,0.0,3.38,0.0,0.200053348,0.0,0.0
2018-03-05 00:00:00,25800.0,0.0,2.6,0.0,0.20066596,0.0,0.0
2018-03-05 01:00:00,25040.0,0.0,2.18,3.285185000414476,0.200995828,0.0,0.0
2018-03-05 02:00:00,24720.0,0.0,1.61,0.0,0.201443506,0.0,0.0
2018-03-05 03:00:00,24657.6,0.0,1.1,0.0,0.20184406,0.0,0.0
2018-03-05 04:00:00,24817.6,0.0,1.01,0.0,0.2019147459999999,0.0,0.0
2018-03-05 05:00:00,25228.0,137.3,1.34,0.0,0.1956647073333333,98.75650146573948,72.42143440820894
2018-03-05 06:00:00,25960.0,380.15,5.05,5.758203177169561,0.1821545183333333,116.96356217877752,85.7732789311035
2018-03-05 07:00:00,26727.2,392.08,8.03,0.0,0.1792934806666666,130.75785838872264,95.88909615172992
2018-03-05 08:00:00,26988.800000000003,474.56,9.45,0.0,0.1745793353333333,140.13939009557475,102.76888607008814
2018-03-05 09:00:00,26777.6,636.15,10.35,0.0,0.1668217649999999,145.10815729933387,106.41264868617816
2018-03-05 10:00:00,26281.6,484.85,10.87,0.0,0.1730150803333333,145.66415999999998,106.82038399999998
2018-03-05 11:00:00,25644.0,571.22,11.59,0.0,0.1686809813333333,141.80739819757315,103.99209201155364
2018-03-05 12:00:00,24963.2,585.49,11.5,0.0,0.1681290196666666,133.53787189205332,97.92777272083907
2018-03-05 13:00:00,24264.0,329.16,11.72,0.0,0.1791407639999999,120.85558108344053,88.62742612785638
2018-03-05 14:00:00,23583.2,198.97,11.3,0.0,0.1851512556666666,103.76052577173468,76.09105223260543
2018-03-05 15:00:00,23150.4,73.74,10.58,20.01742018819751,0.191180946,82.25270595693596,60.318651035086354
2018-03-05 16:00:00,23146.4,0.0,9.37,11.422354528426544,0.195348802,0.0,0.0
2018-03-05 17:00:00,23788.800000000003,0.0,7.29,112.29991071106876,0.196982434,0.0,0.0
2018-03-05 18:00:00,25236.800000000003,0.0,6.1,47.19292291081913,0.19791706,0.0,0.0
2018-03-05 19:00:00,27445.6,0.0,5.34,82.39912805809811,0.198513964,0.0,0.0
2018-03-05 20:00:00,28057.6,0.0,4.83,102.5278432605411,0.198914518,0.0,0.0
2018-03-05 21:00:00,27858.4,0.0,5.29,152.0715678144827,0.198553234,0.0,0.0
2018-03-05 22:00:00,27055.2,0.0,4.44,174.13191410166422,0.199220824,0.0,0.0
2018-03-05 23:00:00,25647.2,0.0,4.29,171.88701130496474,0.199338634,0.0,0.0
2018-03-06 00:00:00,24502.4,0.0,4.77,171.93889695120018,0.198961642,0.0,0.0
2018-03-06 01:00:00,23781.6,0.0,5.28,100.50206639807732,0.198561088,0.0,0.0
2018-03-06 02:00:00,23391.2,0.0,5.6,62.77560084461464,0.19830976,0.0,0.0
2018-03-06 03:00:00,23369.6,0.0,5.64,173.99000443464746,0.1982783439999999,0.0,0.0
2018-03-06 04:00:00,23556.800000000003,0.0,5.72,174.41797615638757,0.1982155119999999,0.0,0.0
2018-03-06 05:00:00,24318.4,14.83,5.75,173.80016115893565,0.1975448676666666,71.0359459168023,52.09302700565502
2018-03-06 06:00:00,26016.800000000003,60.27,6.37,171.90835958137117,0.195075221,100.00265342632268,73.33527917930328
2018-03-06 07:00:00,28552.0,0.0,8.52,178.7968095054783,0.196016392,0.0,0.0
2018-03-06 08:00:00,29126.4,482.98,10.1,158.4354029393285,0.1737014326666666,136.87447140604223,100.37461236443096
2018-03-06 09:00:00,28024.0,880.12,11.63,171.85920156840774,0.1551712286666666,144.77958187624134,106.17169337591032
2018-03-06 10:00:00,26825.6,471.21,12.92,172.15827140313382,0.172000169,145.66415999999998,106.82038399999998
2018-03-06 11:00:00,25974.4,69.54,13.53,178.71969628218335,0.189047276,139.52820577731822,102.32068423670002
2018-03-06 12:00:00,25280.800000000003,79.74,11.84,178.87809297697584,0.1899295419999999,126.37171920819604,92.6725940860104
2018-03-06 13:00:00,24716.800000000003,660.17,11.34,170.67636643082912,0.1649961463333333,106.19470029263344,77.87611354793117
2018-03-06 14:00:00,24351.2,397.37,11.42,172.22356488225157,0.1764001543333333,78.9971490306303,57.93124262246221
2018-03-06 15:00:00,24100.0,100.86,11.08,169.18840005125443,0.18960491,44.77906542218685,32.83798130960369
2018-03-06 16:00:00,24246.4,0.0,9.7,177.17413441072418,0.19508962,0.0,0.0
2018-03-06 17:00:00,24993.6,0.0,8.62,173.70399087118176,0.195937852,0.0,0.0
2018-03-06 18:00:00,26186.4,0.0,7.5,174.30490666516403,0.1968175,0.0,0.0
2018-03-06 19:00:00,27562.4,0.0,6.98,172.73894209683218,0.1972259079999999,0.0,0.0
2018-03-06 20:00:00,27388.800000000003,0.0,6.07,171.89644285467764,0.1979406219999999,0.0,0.0
2018-03-06 21:00:00,26660.0,0.0,5.62,171.8972914516955,0.1982940519999999,0.0,0.0
2018-03-06 22:00:00,25244.0,0.0,5.39,171.88775079665152,0.1984746939999999,0.0,0.0
2018-03-06 23:00:00,23385.6,0.0,5.16,171.90949912593803,0.1986553359999999,0.0,0.0
2018-03-07 00:00:00,21752.800000000003,0.0,4.85,171.8964913459358,0.19889881,0.0,0.0
2018-03-07 01:00:00,20633.6,0.0,5.1,171.88611421668872,0.19870246,0.0,0.0
2018-03-07 02:00:00,19986.4,0.0,5.79,171.90184962996292,0.198160534,0.0,0.0
2018-03-07 03:00:00,19747.2,0.0,6.32,171.92335550295863,0.1977442719999999,0.0,0.0
2018-03-07 04:00:00,19755.2,0.0,5.98,171.92936841897097,0.198011308,0.0,0.0
2018-03-07 05:00:00,20321.6,27.81,6.03,171.94952865955236,0.1967585949999999,73.43566709132723,53.852822533639966
2018-03-07 06:00:00,21956.800000000003,356.65,8.43,178.86170293171642,0.1805252496666666,101.47093034453226,74.4120155859903
2018-03-07 07:00:00,24524.800000000003,0.0,11.68,178.85286539991583,0.193534528,0.0,0.0
2018-03-07 08:00:00,25626.4,171.52,13.37,89.35485354150053,0.1847232126666666,137.1571098437367,100.58188055207354
2018-03-07 09:00:00,25751.2,256.42,13.76,178.8477495721795,0.1807124366666666,144.80802608973596,106.19255246580636
2018-03-07 10:00:00,25648.800000000003,816.72,13.63,178.88117217186925,0.156366782,145.66415999999998,106.82038399999998
2018-03-07 11:00:00,25318.4,482.68,14.69,178.8902521599602,0.1701095366666666,139.72551157452878,102.46537515465442
2018-03-07 12:00:00,24940.800000000003,297.76,16.03,178.76890278640494,0.1771257766666666,126.9920808133223,93.12752592976967
2018-03-07 13:00:00,24459.2,281.43,16.72,178.56436665946947,0.177296383,107.46386771638062,78.80683632534578
2018-03-07 14:00:00,24068.0,119.82,15.01,157.44334453418162,0.185691,81.14087228370359,59.50330634138262
2018-03-07 15:00:00,23775.2,10.2,14.52,170.2357748591516,0.190858932,48.023094515291405,35.216935977880354
2018-03-07 16:00:00,23794.4,0.0,13.27,87.46359142918352,0.1922857419999999,0.0,0.0
2018-03-07 17:00:00,24066.4,0.0,12.27,165.0965258451631,0.193071142,0.0,0.0
2018-03-07 18:00:00,24837.6,0.0,11.27,131.98684024460158,0.193856542,0.0,0.0
2018-03-07 19:00:00,26048.800000000003,0.0,10.72,171.96223336919132,0.1942885119999999,0.0,0.0
2018-03-07 20:00:00,25816.800000000003,0.0,9.8,170.04703475956325,0.19501108,0.0,0.0
2018-03-07 21:00:00,25002.4,0.0,9.43,178.4841742412811,0.195301678,0.0,0.0
2018-03-07 22:00:00,23656.800000000003,0.0,9.06,178.35164763271908,0.195592276,0.0,0.0
2018-03-07 23:00:00,21829.6,0.0,8.87,178.7952214167737,0.1957415019999999,0.0,0.0
2018-03-08 00:00:00,20208.800000000003,0.0,8.64,178.42176599202412,0.195922144,0.0,0.0
2018-03-08 01:00:00,18998.4,0.0,8.56,162.0114150182571,0.195984976,0.0,0.0
2018-03-08 02:00:00,18372.0,0.0,8.34,172.40981980485924,0.196157764,0.0,0.0
2018-03-08 03:00:00,18047.2,0.0,7.99,161.0375287121074,0.196432654,0.0,0.0
2018-03-08 04:00:00,18098.4,0.0,7.61,142.13172061070784,0.196731106,0.0,0.0
2018-03-08 05:00:00,18639.2,199.54,7.44,128.8263982481379,0.1881580286666666,74.67027021222657,54.75819815563281
2018-03-08 06:00:00,20332.800000000003,186.23,8.12,75.19556981562744,0.1882047163333333,102.22632613168028,74.96597249656551
2018-03-08 07:00:00,23036.800000000003,98.28,10.33,105.93959120243936,0.1903065339999999,123.10374307018452,90.27607825146865
2018-03-08 08:00:00,24222.4,111.25,11.45,165.08406359181495,0.1888609616666666,137.3025210277392,100.68851542034209
2018-03-08 09:00:00,24189.6,653.68,12.02,170.4440326901514,0.1647452546666666,144.8226600043444,106.20328400318589
2018-03-08 10:00:00,23600.800000000003,117.75,11.4,178.11310701099586,0.188616615,145.66415999999998,106.82038399999996
2018-03-08 11:00:00,23022.4,198.4,11.86,111.95633802416248,0.1847363026666666,139.82702101470608,102.53981541078446
2018-03-08 12:00:00,22647.2,669.46,12.4,161.75816942249594,0.1637582686666666,127.31124304846269,93.36157823553928
2018-03-08 13:00:00,22418.4,595.62,10.85,116.4715287912102,0.168197524,108.11682610126977,79.28567247426447
2018-03-08 14:00:00,22313.6,22.25,8.63,124.2676138400008,0.1949591563333333,82.24377017312722,60.31209812695996
2018-03-08 15:00:00,22269.6,10.2,7.45,104.66524093789111,0.19641171,49.69207526403528,36.44085519362587
2018-03-08 16:00:00,22343.2,0.0,6.58,46.73114672073125,0.197540068,0.0,0.0
2018-03-08 17:00:00,22776.0,0.0,5.79,44.07261046118975,0.198160534,0.0,0.0
2018-03-08 18:00:00,23582.4,0.0,5.35,16.820280916766478,0.19850611,0.0,0.0
2018-03-08 19:00:00,25015.2,0.0,5.2,7.85282663992556,0.1986239199999999,0.0,0.0
2018-03-08 20:00:00,25252.0,0.0,4.72,10.252268045689856,0.199000912,0.0,0.0
2018-03-08 21:00:00,24724.800000000003,0.0,4.16,4.14995953545036,0.1994407359999999,0.0,0.0
2018-03-08 22:00:00,23509.6,0.0,3.76,0.0,0.199754896,0.0,0.0
2018-03-08 23:00:00,21880.0,0.0,3.52,0.0,0.199943392,0.0,0.0
2018-03-09 00:00:00,20327.2,0.0,3.23,0.0,0.200171158,0.0,0.0
2018-03-09 01:00:00,19272.8,0.0,2.97,0.0,0.200375362,0.0,0.0
2018-03-09 02:00:00,18720.0,0.0,3.0,3.454649824882894,0.2003517999999999,0.0,0.0
2018-03-09 03:00:00,18496.8,0.0,2.99,0.0,0.200359654,0.0,0.0
2018-03-09 04:00:00,18510.4,0.0,2.94,0.0,0.200398924,0.0,0.0
2018-03-09 05:00:00,19089.6,63.05,3.12,0.0,0.1975064703333333,92.2269471788856,67.63309459784944
2018-03-09 06:00:00,20842.4,168.3,3.98,0.0,0.1922386179999999,112.96843393331292,82.8435182177628
2018-03-09 07:00:00,23180.0,727.97,5.12,0.0,0.1669229943333333,128.68289859263808,94.36745896793458
2018-03-09 08:00:00,23975.2,229.75,6.81,0.0,0.1873346676666666,139.37034115686097,102.2049168483647
2018-03-09 09:00:00,23507.2,520.71,7.68,0.0,0.1739558149999999,145.0307616259816,106.35589185905316
2018-03-09 10:00:00,23035.2,249.73,8.36,0.0,0.1852455036666666,145.66415999999998,106.82038399999998
2018-03-09 11:00:00,22749.6,131.65,8.84,0.0,0.1900207356666666,141.27053627891615,103.59839327120515
2018-03-09 12:00:00,22488.0,205.26,8.85,0.0,0.186801032,131.84989046273006,96.6899196726687
2018-03-09 13:00:00,22253.6,502.42,8.96,0.0,0.1737485566666666,117.40222255144177,86.09496320439061
2018-03-09 14:00:00,22169.6,371.16,8.89,0.0,0.179530846,97.92753254505112,71.81352386637082
2018-03-09 15:00:00,22144.0,87.58,8.25,0.0,0.1924070426666666,73.42582044355835,53.84560165860945
2018-03-09 16:00:00,22276.800000000003,0.0,6.99,0.0,0.197218054,0.0,0.0
2018-03-09 17:00:00,22671.2,0.0,5.96,0.0,0.1980270159999999,0.0,0.0
2018-03-09 18:00:00,23456.800000000003,0.0,4.65,0.0,0.19905589,0.0,0.0
2018-03-09 19:00:00,24790.4,0.0,3.34,4.893963182487363,0.200084764,0.0,0.0
2018-03-09 20:00:00,24875.2,0.0,3.2,10.8717643259837,0.20019472,0.0,0.0
2018-03-09 21:00:00,24308.800000000003,0.0,4.4,0.0,0.19925224,0.0,0.0
2018-03-09 22:00:00,23207.2,0.0,4.74,0.0,0.198985204,0.0,0.0
2018-03-09 23:00:00,21590.4,0.0,4.24,0.0,0.199377904,0.0,0.0
2018-03-10 00:00:00,20132.0,0.0,3.8,4.197748806884783,0.1997234799999999,0.0,0.0
2018-03-10 01:00:00,19126.4,0.0,3.34,0.0,0.200084764,0.0,0.0
2018-03-10 02:00:00,18614.4,0.0,2.26,0.0,0.200932996,0.0,0.0
2018-03-10 03:00:00,18526.4,0.0,1.55,0.0,0.20149063,0.0,0.0
2018-03-10 04:00:00,18546.4,0.0,2.14,0.0,0.201027244,0.0,0.0
2018-03-10 05:00:00,19256.8,173.76,2.18,0.0,0.1934141,97.4489672841858,71.46257600840292
2018-03-10 06:00:00,20979.2,484.2,4.1,0.0,0.1783605999999999,116.16354329369793,85.18659841537848
2018-03-10 07:00:00,23616.800000000003,749.27,6.74,0.0,0.1647212563333333,130.34235057003545,95.584390418026
2018-03-10 08:00:00,25228.800000000003,950.04,8.19,0.0,0.154822162,139.9853891131983,102.6559520163454
2018-03-10 09:00:00,26051.2,1055.94,9.34,0.0,0.149298182,145.0926589231865,106.40128321033674
2018-03-10 10:00:00,26672.0,1079.95,10.32,0.0,0.1474808536666666,145.66415999999998,106.82038399999998
2018-03-10 11:00:00,27212.0,1008.14,11.05,0.0,0.1500408213333333,141.69989234363885,103.91325438533516
2018-03-10 12:00:00,27327.2,803.2,11.39,0.0,0.1587160006666666,133.19985595410304,97.67989436634224
2018-03-10 13:00:00,26885.6,661.33,11.38,0.0,0.1649141156666666,120.16405083139264,88.12030394302127
2018-03-10 14:00:00,26256.800000000003,391.07,11.06,0.0,0.1769577883333333,102.5924769755075,75.23448311537216
2018-03-10 15:00:00,25684.0,55.76,10.16,0.0,0.1922953413333333,80.48513438644777,59.02243188339503
2018-03-10 16:00:00,25538.4,0.0,8.43,13.50532910292254,0.196087078,0.0,0.0
2018-03-10 17:00:00,26072.800000000003,0.0,6.51,15.058185878031749,0.197595046,0.0,0.0
2018-03-10 18:00:00,27028.0,0.0,7.02,31.76621710890782,0.197194492,0.0,0.0
2018-03-10 19:00:00,28472.0,0.0,7.08,28.39697175479025,0.197147368,0.0,0.0
2018-03-10 20:00:00,28560.0,0.0,6.69,31.147583821474147,0.1974536739999999,0.0,0.0
2018-03-10 21:00:00,28223.2,0.0,5.75,83.03093884493798,0.1981919499999999,0.0,0.0
2018-03-10 22:00:00,27548.800000000003,0.0,5.1,80.25626299139037,0.19870246,0.0,0.0
2018-03-10 23:00:00,26352.800000000003,0.0,3.82,124.42725918469128,0.1997077719999999,0.0,0.0
2018-03-11 00:00:00,25207.2,0.0,3.41,152.56970638678607,0.200029786,0.0,0.0
2018-03-11 01:00:00,24332.0,0.0,3.78,145.9919035852919,0.199739188,0.0,0.0
2018-03-11 02:00:00,23969.6,0.0,4.51,170.52090345715555,0.199165846,0.0,0.0
2018-03-11 03:00:00,23895.2,0.0,5.0,154.55709635700592,0.1987809999999999,0.0,0.0
2018-03-11 04:00:00,24000.800000000003,0.0,4.32,146.04229812533853,0.1993150719999999,0.0,0.0
2018-03-11 05:00:00,24341.6,60.06,3.41,149.12523896844192,0.197409168,76.30220842798371,55.95495284718805
2018-03-11 06:00:00,25132.0,293.94,6.18,140.5349156021842,0.185028646,103.22483264134372,75.69821060365204
2018-03-11 07:00:00,25988.0,354.69,8.97,86.81266296381278,0.180186655,123.6223399052254,90.65638259716528
2018-03-11 08:00:00,26545.6,813.72,10.38,56.1678061999456,0.1590502319999999,137.49473021962868,100.82946882772768
2018-03-11 09:00:00,27019.2,975.25,11.39,16.469934607235707,0.1512088856666666,144.84200358455354,106.21746929533924
2018-03-11 10:00:00,27334.4,583.32,12.09,32.821926351802176,0.167760318,145.66415999999998,106.82038399999996
2018-03-11 11:00:00,27178.4,220.33,12.52,18.6946438256135,0.1832610596666666,139.9611994659681,102.6382129417099
2018-03-11 12:00:00,26728.0,282.67,12.5,23.0544716322076,0.1805566656666666,127.73312198245776,93.670956120469
2018-03-11 13:00:00,26137.6,601.06,12.14,30.018458813719587,0.1669469926666666,108.9799275494691,79.91861353627732
2018-03-11 14:00:00,25574.4,216.06,11.75,3.152436203392177,0.1840521319999999,83.70161616700196,61.381185189134754
2018-03-11 15:00:00,25151.2,39.01,10.88,1.8861385184027708,0.1924607116666666,51.898187835056525,38.058671079041446
2018-03-11 16:00:00,25068.800000000003,0.0,9.26,17.18266821184012,0.1954351959999999,0.0,0.0
2018-03-11 17:00:00,25540.0,0.0,7.37,16.556988538454515,0.1969196019999999,0.0,0.0
2018-03-11 18:00:00,26608.800000000003,0.0,7.48,13.322697386510802,0.1968332079999999,0.0,0.0
2018-03-11 19:00:00,28439.2,0.0,7.94,0.0,0.1964719239999999,0.0,0.0
2018-03-11 20:00:00,28762.4,0.0,7.57,0.0,0.196762522,0.0,0.0
2018-03-11 21:00:00,28460.0,0.0,7.28,5.228423301238104,0.1969902879999999,0.0,0.0
2018-03-11 22:00:00,27788.0,0.0,7.11,0.0,0.197123806,0.0,0.0
2018-03-11 23:00:00,26776.800000000003,0.0,6.96,0.3379125874161169,0.1972416159999999,0.0,0.0
2018-03-12 00:00:00,25691.2,0.0,6.73,29.480148264730804,0.197422258,0.0,0.0
2018-03-12 01:00:00,24748.0,0.0,6.51,34.752648225450194,0.197595046,0.0,0.0
2018-03-12 02:00:00,24307.2,0.0,6.32,79.53661029038652,0.1977442719999999,0.0,0.0
2018-03-12 03:00:00,24284.800000000003,0.0,6.03,64.24355245738242,0.1979720379999999,0.0,0.0
2018-03-12 04:00:00,23988.0,0.0,5.66,79.29345087632346,0.198262636,0.0,0.0
2018-03-12 05:00:00,24087.2,174.52,5.62,91.93706759139548,0.1906791626666666,98.3973466383468,72.1580542014543
2018-03-12 06:00:00,24384.800000000003,467.4,6.32,99.61056067814052,0.1773500519999999,116.74381217251748,85.61212892651281
2018-03-12 07:00:00,25232.800000000003,734.3,10.15,57.90404175991301,0.1626962333333333,130.64372627576816,95.80539926889664
2018-03-12 08:00:00,25820.0,923.76,11.89,33.879317635214065,0.153062866,140.0970889480988,102.73786522860578
2018-03-12 09:00:00,26237.6,1025.01,13.17,64.82213196557258,0.147639679,145.10390018950943,106.40952680564024
2018-03-12 10:00:00,26237.6,1022.54,14.21,32.85186061160749,0.1469306373333333,145.66415999999998,106.82038399999998
2018-03-12 11:00:00,26160.0,972.84,14.86,39.43507624979441,0.148588704,141.77786837957052,103.97043681168503
2018-03-12 12:00:00,26024.0,830.14,15.28,32.08311354241644,0.1544853126666666,133.44502532822105,97.85968524069544
2018-03-12 13:00:00,25768.0,584.08,15.38,8.83145827029244,0.1651431906666666,120.66563084595154,88.48812928703111
2018-03-12 14:00:00,25366.4,376.88,15.04,62.64004353241736,0.1744510533333333,103.43968493276196,75.8557689506921
2018-03-12 15:00:00,24962.4,83.24,13.87,89.57174887786068,0.1881824633333333,81.76718758865239,59.96260423167842
2018-03-12 16:00:00,24740.800000000003,0.0,12.22,136.9445016195809,0.1931104119999999,0.0,0.0
2018-03-12 17:00:00,24743.2,0.0,11.25,120.1816070761478,0.19387225,0.0,0.0
2018-03-12 18:00:00,25262.4,0.0,7.24,164.55921845907758,0.197021704,0.0,0.0
2018-03-12 19:00:00,25243.2,0.0,5.68,155.12336514703009,0.198246928,0.0,0.0
2018-03-12 20:00:00,28227.2,0.0,4.93,173.3645884324781,0.198835978,0.0,0.0
2018-03-12 21:00:00,28809.6,0.0,4.5,176.27814931081434,0.1991736999999999,0.0,0.0
2018-03-12 22:00:00,28190.4,0.0,4.38,174.35148251863052,0.199267948,0.0,0.0
2018-03-12 23:00:00,26970.4,0.0,4.25,171.86406281703844,0.19937005,0.0,0.0
2018-03-13 00:00:00,25571.2,0.0,4.16,166.71106653136044,0.1994407359999999,0.0,0.0
2018-03-13 01:00:00,24611.2,0.0,4.11,89.89500372759578,0.199480006,0.0,0.0
2018-03-13 02:00:00,24172.800000000003,0.0,4.09,172.28425169184374,0.199495714,0.0,0.0
2018-03-13 03:00:00,24284.800000000003,0.0,3.94,171.8990735054328,0.199613524,0.0,0.0
2018-03-13 04:00:00,24477.6,0.0,3.86,171.9349691592889,0.1996763559999999,0.0,0.0
2018-03-13 05:00:00,25270.4,69.02,4.52,172.46305108350845,0.1961464193333333,65.5375005892421,48.0608337654442
2018-03-13 06:00:00,27226.4,247.61,8.38,165.95968236329594,0.1853222983333333,96.63841242774406,70.86816911367896
2018-03-13 07:00:00,30185.6,119.59,10.74,131.83588695793722,0.1890546936666666,120.20153428807087,88.14779181125198
2018-03-13 08:00:00,31684.800000000003,124.23,11.83,122.02931797722644,0.187996149,136.22686617022248,99.89970185816314
2018-03-13 09:00:00,31092.0,992.2,12.95,131.86042353456818,0.1492440766666666,144.71440807419884,106.12389925441248
2018-03-13 10:00:00,29883.2,582.05,14.29,177.8664683491598,0.1660878523333333,145.66415999999998,106.82038399999998
2018-03-13 11:00:00,28950.4,61.19,15.69,178.17015697622574,0.1877151503333333,139.07612194762595,101.98915609492568
2018-03-13 12:00:00,28024.0,303.57,16.35,176.00267047318502,0.176620939,124.95029391707668,91.63021553918956
2018-03-13 13:00:00,27098.4,489.26,13.77,53.73947309642677,0.1705449973333333,103.28667590835224,75.74356233279164
2018-03-13 14:00:00,26437.6,415.61,12.25,167.32777835268936,0.1749524003333333,74.0852679214525,54.32919647573182
2018-03-13 15:00:00,25767.2,132.78,11.78,106.76103311573644,0.1876623539999999,37.34606995637766,27.38711796801028
2018-03-13 16:00:00,25420.800000000003,0.0,10.51,128.2822293490222,0.1944534459999999,0.0,0.0
2018-03-13 17:00:00,25775.2,0.0,9.18,137.58082815483718,0.195498028,0.0,0.0
2018-03-13 18:00:00,26701.6,0.0,8.25,106.24283128536754,0.19622845,0.0,0.0
2018-03-13 19:00:00,27735.2,0.0,7.97,135.94187212015427,0.196448362,0.0,0.0
2018-03-13 20:00:00,29115.2,0.0,6.87,178.88563336762033,0.1973123019999999,0.0,0.0
2018-03-13 21:00:00,28974.4,0.0,6.74,178.85132580246935,0.197414404,0.0,0.0
2018-03-13 22:00:00,27995.2,0.0,6.62,178.9055996431691,0.1975086519999999,0.0,0.0
2018-03-13 23:00:00,26536.800000000003,0.0,6.2,178.92232912723566,0.19783852,0.0,0.0
2018-03-14 00:00:00,25135.2,0.0,5.69,178.94090127911244,0.198239074,0.0,0.0
2018-03-14 01:00:00,23989.6,0.0,5.27,178.92928762278217,0.198568942,0.0,0.0
2018-03-14 02:00:00,23393.6,0.0,4.64,178.9373250488231,0.199063744,0.0,0.0
2018-03-14 03:00:00,23112.800000000003,0.0,4.13,178.9275419374883,0.1994642979999999,0.0,0.0
2018-03-14 04:00:00,23143.2,0.0,3.54,178.90550266065276,0.199927684,0.0,0.0
2018-03-14 05:00:00,23492.0,199.57,3.99,178.87302564049773,0.1908663496666666,104.70827000180113,76.78606466798746
2018-03-14 06:00:00,24380.0,496.63,6.34,178.62659306650858,0.1760589416666666,120.60517040259768,88.44379162857162
2018-03-14 07:00:00,25643.2,664.59,7.98,178.0478620231363,0.167442231,132.6492096028159,97.27608704206496
2018-03-14 08:00:00,26634.4,773.82,8.74,135.348642190591,0.162079258,140.84038760245568,103.28295090846748
2018-03-14 09:00:00,27395.2,594.72,9.96,141.8815542098401,0.1689358,145.17870440151705,106.46438322777917
2018-03-14 10:00:00,28120.800000000003,713.76,10.62,153.10806845773686,0.163223324,145.66415999999998,106.82038399999998
2018-03-14 11:00:00,28458.4,867.19,11.21,98.40563171106108,0.1560652756666666,142.29675439790455,104.35095322512998
2018-03-14 12:00:00,28395.2,374.17,11.41,135.91550499852738,0.1774203016666666,135.07648759523067,99.05609090316916
2018-03-14 13:00:00,28191.2,257.57,11.04,149.43458894989877,0.1827985463333333,124.00335959197844,90.93579703411751
2018-03-14 14:00:00,27926.4,385.36,10.49,177.71070230512245,0.1776546126666666,109.07737038814771,79.99007161797499
2018-03-14 15:00:00,27387.2,75.69,9.28,178.9324638001919,0.192116881,90.29851998373869,66.21891465474168
2018-03-14 16:00:00,27198.4,0.0,8.32,124.55040273479858,0.196173472,0.0,0.0
2018-03-14 17:00:00,27428.800000000003,0.0,7.74,33.09059519836309,0.196629004,0.0,0.0
2018-03-14 18:00:00,28108.800000000003,0.0,7.12,135.65953176949478,0.1971159519999999,0.0,0.0
2018-03-14 19:00:00,28684.800000000003,0.0,5.46,158.8304612195901,0.1984197159999999,0.0,0.0
2018-03-14 20:00:00,29952.800000000003,0.0,5.71,76.26791762147901,0.1982233659999999,0.0,0.0
2018-03-14 21:00:00,29972.0,0.0,5.12,43.21118750553649,0.1986867519999999,0.0,0.0
2018-03-14 22:00:00,29036.800000000003,0.0,3.96,113.00560399112852,0.199597816,0.0,0.0
2018-03-14 23:00:00,27660.800000000003,0.0,2.47,89.68267869231784,0.200768062,0.0,0.0
2018-03-15 00:00:00,26371.2,0.0,1.91,168.526506500131,0.201207886,0.0,0.0
2018-03-15 01:00:00,25533.6,0.0,1.76,175.94411727895206,0.201325696,0.0,0.0
2018-03-15 02:00:00,25161.6,0.0,1.88,145.89050836447112,0.2012314479999999,0.0,0.0
2018-03-15 03:00:00,25075.2,0.0,1.48,110.35789643567556,0.201545608,0.0,0.0
2018-03-15 04:00:00,25322.4,0.0,1.13,122.64682990431508,0.201820498,0.0,0.0
2018-03-15 05:00:00,25990.4,79.49,2.05,111.78528511098918,0.1976295163333333,66.40924380844136,48.70011212619033
2018-03-15 06:00:00,27618.4,193.82,5.44,97.4518571542346,0.1899784113333333,97.1717912473102,71.2593135813608
2018-03-15 07:00:00,29992.800000000003,180.1,6.91,134.87850731987731,0.1894225226666666,120.47855658590056,88.35094149632707
2018-03-15 08:00:00,31444.0,204.53,8.36,84.97582622737715,0.1872177303333333,136.3295398242123,99.974995871089
2018-03-15 09:00:00,31747.2,178.0,9.12,24.97415113716063,0.1877784186666667,144.72474096224545,106.13147670564663
2018-03-15 10:00:00,31496.800000000003,572.28,9.86,58.56103163255425,0.169993472,145.66415999999998,106.82038399999996
2018-03-15 11:00:00,31465.6,983.95,10.32,25.164030781316065,0.1516696536666666,139.147796937476,102.04171775414903
2018-03-15 12:00:00,31431.2,667.34,10.23,6.578255891687848,0.1655550893333333,125.17565177467338,91.7954779680938
2018-03-15 13:00:00,31124.0,528.35,10.16,5.889883082903519,0.1716746643333333,103.74772451159224,76.08166464183431
2018-03-15 14:00:00,30917.6,117.49,9.9,0.0,0.1898060596666666,74.86401514823245,54.900277775370455
2018-03-15 15:00:00,30700.800000000003,42.28,9.42,0.0,0.1934647146666666,38.52452368459418,28.2513173687024
2018-03-15 16:00:00,30664.0,0.0,7.59,0.0,0.196746814,0.0,0.0
2018-03-15 17:00:00,30821.6,0.0,5.65,8.425413689353043,0.19827049,0.0,0.0
2018-03-15 18:00:00,31101.6,0.0,4.66,25.300682177525665,0.1990480359999999,0.0,0.0
2018-03-15 19:00:00,31404.0,0.0,3.71,33.84573137752824,0.199794166,0.0,0.0
2018-03-15 20:00:00,32412.800000000003,0.0,2.84,63.67937485286696,0.200477464,0.0,0.0
2018-03-15 21:00:00,32292.0,0.0,2.4,82.77149242953898,0.20082304,0.0,0.0
2018-03-15 22:00:00,31044.800000000003,0.0,1.96,72.18274733182909,0.201168616,0.0,0.0
2018-03-15 23:00:00,29258.4,0.0,1.42,75.69733310947878,0.201592732,0.0,0.0
2018-03-16 00:00:00,27558.4,0.0,0.89,62.49787928629499,0.202008994,0.0,0.0
2018-03-16 01:00:00,26393.6,0.0,0.68,64.74511572479395,0.202173928,0.0,0.0
2018-03-16 02:00:00,25744.800000000003,0.0,0.45,66.1286561799126,0.2023545699999999,0.0,0.0
2018-03-16 03:00:00,25457.6,0.0,-0.2,58.353070810511056,0.20286508,0.0,0.0
2018-03-16 04:00:00,25559.2,0.0,-1.31,110.29751269644716,0.203736874,0.0,0.0
2018-03-16 05:00:00,26130.4,152.44,-0.01,160.8290769160749,0.1960643886666666,110.09846223799563,80.73887230786346
2018-03-16 06:00:00,27732.800000000003,380.77,2.02,146.61318570770257,0.1845072276666666,123.9031764081011,90.8623293659408
2018-03-16 07:00:00,30384.800000000003,640.61,4.81,151.9234391436062,0.1709782763333333,134.3621032693543,98.53220906419314
2018-03-16 08:00:00,31605.6,406.68,6.37,113.82069354960616,0.179960198,141.47524282175516,103.74851140262044
2018-03-16 09:00:00,31059.2,381.52,7.54,84.25513096432279,0.1801390946666666,145.24259506530373,106.51123638122272
2018-03-16 10:00:00,30104.800000000003,440.03,8.47,56.23950658654862,0.1768556863333333,145.66415999999998,106.82038399999998
2018-03-16 11:00:00,29522.4,524.91,9.42,68.3625878294527,0.172405959,142.73993762584394,104.6759542589522
2018-03-16 12:00:00,28868.800000000003,388.85,9.98,74.83860141865361,0.1779028863333333,136.4699279428356,100.0779471580794
2018-03-16 13:00:00,28208.0,482.34,10.28,85.61707462533705,0.1735879859999999,126.85413095097496,93.0263626973816
2018-03-16 14:00:00,27725.6,228.58,10.14,99.95327870662128,0.1847703366666666,113.89254665026196,83.52120087685876
2018-03-16 15:00:00,27151.2,99.54,9.56,121.44601663277244,0.1908563139999999,97.58517504069673,71.56246169651091
2018-03-16 16:00:00,26718.4,0.0,8.12,123.5870996457429,0.196330552,0.0,0.0
2018-03-16 17:00:00,26656.0,0.0,7.73,178.9426954556645,0.1966368579999999,0.0,0.0
2018-03-16 18:00:00,27006.4,0.0,5.19,178.91895898479325,0.198631774,0.0,0.0
2018-03-16 19:00:00,27710.4,0.0,3.11,178.9181103877754,0.2002654059999999,0.0,0.0
2018-03-16 20:00:00,29308.800000000003,0.0,2.11,178.90848487302983,0.201050806,0.0,0.0
2018-03-16 21:00:00,29664.800000000003,0.0,2.63,178.93146972939954,0.200642398,0.0,0.0
2018-03-16 22:00:00,28696.800000000003,0.0,2.4,178.9322092210868,0.20082304,0.0,0.0
2018-03-16 23:00:00,27063.2,0.0,2.37,178.9417498761303,0.200846602,0.0,0.0
2018-03-17 00:00:00,25508.0,0.0,2.51,178.93633097803072,0.200736646,0.0,0.0
2018-03-17 01:00:00,24336.0,0.0,2.37,178.94710816015743,0.200846602,0.0,0.0
2018-03-17 02:00:00,23768.0,0.0,2.45,178.94855077508805,0.2007837699999999,0.0,0.0
2018-03-17 03:00:00,23623.2,0.0,3.19,178.95227247915187,0.200202574,0.0,0.0
2018-03-17 04:00:00,23787.2,0.0,3.82,178.956442727354,0.1997077719999999,0.0,0.0
2018-03-17 05:00:00,24489.6,102.3,5.24,178.94676872135028,0.194128814,88.8561327609533,65.16116402469908
2018-03-17 06:00:00,26222.4,191.81,7.69,178.91512817539828,0.1882989643333333,110.9059905719929,81.33105975279477
2018-03-17 07:00:00,29056.800000000003,713.21,10.16,178.90749080223748,0.1636086063333333,127.6117222014174,93.58192961437274
2018-03-17 08:00:00,30328.0,878.88,11.66,178.91275210374826,0.155201772,138.97332764922675,101.91377360943294
2018-03-17 09:00:00,29644.800000000003,695.36,13.08,172.7520953506094,0.1620940933333333,144.99080691542096,106.32659173797536
2018-03-17 10:00:00,28439.2,706.29,14.38,172.45243149797057,0.160596161,145.66415999999998,106.82038399999998
2018-03-17 11:00:00,27493.6,898.71,15.32,170.14008948397984,0.151461959,140.99338690296392,103.39515039550685
2018-03-17 12:00:00,26618.4,867.16,15.87,22.87176111750132,0.1524066206666666,130.9784876243127,96.05089092449596
2018-03-17 13:00:00,25869.6,529.25,16.24,0.0,0.1668601623333333,115.61946216404633,84.7876055869673
2018-03-17 14:00:00,25229.6,224.22,16.28,178.8964590410052,0.180138222,94.91631052216478,69.60529438292083
2018-03-17 15:00:00,24648.800000000003,42.36,15.57,178.93817364584098,0.1886310139999999,68.86903269866816,50.50395731235665
2018-03-17 16:00:00,24262.4,0.0,13.85,178.94075580533794,0.19183021,0.0,0.0
2018-03-17 17:00:00,24396.800000000003,0.0,11.9,178.92611144537244,0.1933617399999999,0.0,0.0
2018-03-17 18:00:00,24950.4,0.0,10.83,178.90837576769923,0.1942021179999999,0.0,0.0
2018-03-17 19:00:00,25512.0,0.0,10.57,178.90728471439053,0.194406322,0.0,0.0
2018-03-17 20:00:00,26596.800000000003,0.0,10.5,178.91026692676763,0.1944613,0.0,0.0
2018-03-17 21:00:00,26662.4,0.0,10.03,178.9190559673096,0.194830438,0.0,0.0
2018-03-17 22:00:00,25957.6,0.0,9.56,178.93265776522458,0.195199576,0.0,0.0
2018-03-17 23:00:00,24717.6,0.0,9.18,178.92228063597747,0.195498028,0.0,0.0
2018-03-18 00:00:00,23413.6,0.0,8.92,178.88102669809476,0.1957022319999999,0.0,0.0
2018-03-18 01:00:00,22245.6,0.0,8.74,178.9264023929214,0.1958436039999999,0.0,0.0
2018-03-18 02:00:00,21608.800000000003,0.0,8.42,178.95162996998147,0.1960949319999999,0.0,0.0
2018-03-18 03:00:00,21232.800000000003,0.0,8.31,178.91573431612537,0.196181326,0.0,0.0
2018-03-18 04:00:00,21049.6,0.93,7.75,178.9374341541537,0.196580571,0.0,0.0
2018-03-18 05:00:00,21224.800000000003,14.83,8.23,178.9273964637138,0.1955970756666666,67.56501833172334,49.54768010993044
2018-03-18 06:00:00,21751.2,67.68,11.41,178.94478057976556,0.190793482,97.87895551006068,71.77790070737782
2018-03-18 07:00:00,22734.4,311.83,13.59,178.92272918011577,0.1784282316666666,120.84583826605706,88.6202813951085
2018-03-18 08:00:00,23742.4,557.04,15.49,178.89998678003687,0.166236642,136.46566659971242,100.07482217312244
2018-03-18 09:00:00,24685.6,436.43,17.03,178.88553638510402,0.1702897423333333,144.7384405110267,106.1415230414196
2018-03-18 10:00:00,25576.0,743.87,18.19,178.91294606878094,0.1559640463333333,145.66415999999998,106.82038399999998
2018-03-18 11:00:00,25808.800000000003,333.37,19.2,178.9624556433663,0.1730822756666666,139.24282506663224,102.11140504886365
2018-03-18 12:00:00,25494.4,367.02,19.72,159.59256195570933,0.1712056059999999,125.47443571092349,92.01458618801054
2018-03-18 13:00:00,24896.800000000003,588.59,19.75,111.75067447547492,0.1615142063333333,104.35899193287372,76.52992741744073
2018-03-18 14:00:00,24313.6,95.49,19.1,167.44437558294456,0.183540313,75.89649373248287,55.65742873715409
2018-03-18 15:00:00,23886.4,14.83,17.46,169.04499927804886,0.1883478336666666,40.086941109751095,29.397090147150795
2018-03-18 16:00:00,23668.0,0.0,15.42,178.82858340239045,0.190597132,0.0,0.0
2018-03-18 17:00:00,23800.0,0.0,13.84,178.7478454575475,0.1918380639999999,0.0,0.0
2018-03-18 18:00:00,24156.800000000003,0.0,12.94,177.33942898699027,0.1925449239999999,0.0,0.0
2018-03-18 19:00:00,24634.4,0.0,12.39,177.44047264618962,0.192976894,0.0,0.0
2018-03-18 20:00:00,25572.800000000003,0.0,11.87,177.94860041767473,0.193385302,0.0,0.0
2018-03-18 21:00:00,25539.2,0.0,11.47,174.9119444804893,0.193699462,0.0,0.0
2018-03-18 22:00:00,24908.0,0.0,11.03,100.97537744620074,0.194045038,0.0,0.0
2018-03-18 23:00:00,23856.0,0.0,10.76,69.46165431855263,0.194257096,0.0,0.0
2018-03-19 00:00:00,22674.4,0.0,10.4,82.8468175376895,0.1945398399999999,0.0,0.0
2018-03-19 01:00:00,21632.0,0.0,9.62,38.18968132777732,0.1951524519999999,0.0,0.0
2018-03-19 02:00:00,21009.6,0.0,8.89,73.7853167386676,0.1957257939999999,0.0,0.0
2018-03-19 03:00:00,20702.4,0.0,8.19,86.433449202156,0.1962755739999999,0.0,0.0
2018-03-19 04:00:00,20642.4,5.56,7.5,78.7534037341517,0.1965748986666667,30.35041828450787,22.256973408639105
2018-03-19 05:00:00,20829.6,144.81,7.91,75.61286739916433,0.190176943,67.86618243882076,49.76853378846855
2018-03-19 06:00:00,21340.0,340.98,10.68,97.59923421060958,0.179441834,98.06322371244126,71.91303072245692
2018-03-19 07:00:00,22205.6,235.58,13.44,84.0077043195413,0.1818730833333333,120.94154210536948,88.69046421060429
2018-03-19 08:00:00,22961.6,805.04,14.91,48.92249092278864,0.1558711073333333,136.50113761760537,100.1008342529106
2018-03-19 09:00:00,23723.2,771.75,15.97,67.58722473422567,0.156491137,144.74201024914888,106.14414084937582
2018-03-19 10:00:00,23918.4,978.13,16.71,62.6510146795767,0.1469048936666666,145.66415999999998,106.82038399999998
2018-03-19 11:00:00,23740.800000000003,753.24,17.07,29.37439792278618,0.15643485,139.2675868701588,102.12956370478312
2018-03-19 12:00:00,23154.4,332.67,17.65,0.0,0.174330189,125.55229085962524,92.07167996372516
2018-03-19 13:00:00,22476.0,370.65,17.71,0.0,0.172625871,104.51827196839938,76.64673277682621
2018-03-19 14:00:00,21873.6,127.95,17.42,15.30288185883784,0.1834434469999999,76.16553019648107,55.85472214408612
2018-03-19 15:00:00,21396.0,17.61,16.4,20.687301158751403,0.189059057,40.49406554387053,29.69564806550505
2018-03-19 16:00:00,21199.2,0.0,14.58,50.66269973522116,0.191256868,0.0,0.0
2018-03-19 17:00:00,21472.0,0.0,12.28,87.64136038161251,0.193063288,0.0,0.0
2018-03-19 18:00:00,22228.800000000003,0.0,10.68,101.12568216228748,0.194319928,0.0,0.0
2018-03-19 19:00:00,23121.6,0.0,9.72,153.62085139000573,0.1950739119999999,0.0,0.0
2018-03-19 20:00:00,24731.2,0.0,8.75,164.13371979150384,0.19583575,0.0,0.0
2018-03-19 21:00:00,25285.6,0.0,8.16,151.61955655150757,0.196299136,0.0,0.0
2018-03-19 22:00:00,24607.2,0.0,7.66,170.2563351526131,0.1966918359999999,0.0,0.0
2018-03-19 23:00:00,23341.6,0.0,7.07,178.51546322561114,0.197155222,0.0,0.0
2018-03-20 00:00:00,22039.2,0.0,6.49,178.90212039539608,0.197610754,0.0,0.0
2018-03-20 01:00:00,21089.6,0.0,6.07,178.92540832212904,0.1979406219999999,0.0,0.0
2018-03-20 02:00:00,20657.6,0.0,6.1,178.89894421798633,0.19791706,0.0,0.0
2018-03-20 03:00:00,20608.800000000003,0.0,6.31,178.87942648657537,0.197752126,0.0,0.0
2018-03-20 04:00:00,20932.0,8.34,6.47,178.82560119001337,0.19726256,56.25966663576536,41.25708886622793
2018-03-20 05:00:00,21777.6,250.43,7.66,178.37166239952597,0.1857647403333333,85.34620773217526,62.58721900359518
2018-03-20 06:00:00,23736.0,507.44,11.22,178.81939430896838,0.1717545133333333,108.7584319476368,79.75618342826698
2018-03-20 07:00:00,26756.0,727.01,13.17,178.81299346289074,0.1606424123333333,126.4963392821501,92.7639821402434
2018-03-20 08:00:00,28079.2,696.01,14.62,178.81195090084023,0.1608562156666666,138.55992973571506,101.61061513952436
2018-03-20 09:00:00,27320.0,379.36,15.44,178.8785415211136,0.1740286826666666,144.94920330833168,106.2960824261099
2018-03-20 10:00:00,26200.800000000003,354.35,15.63,178.8877184917214,0.1749707263333333,145.66415999999998,106.82038399999998
2018-03-20 11:00:00,25402.4,638.03,15.09,123.00469538956494,0.1630169383333333,140.70479981071998,103.18351986119464
2018-03-20 12:00:00,24608.0,377.07,15.16,112.62305645547325,0.1743485149999999,130.07112274049163,95.38549000969388
2018-03-20 13:00:00,24076.800000000003,409.9,15.07,86.6767601514007,0.1729867186666666,113.76312878931503,83.42629444549769
2018-03-20 14:00:00,23836.800000000003,54.7,13.93,111.84799643060994,0.1893806346666666,91.78081795719,67.305933168606
2018-03-20 15:00:00,23508.0,149.79,13.01,48.90347325747746,0.185954109,64.12419024411679,47.024406179018975
2018-03-20 16:00:00,23433.6,0.0,12.04,110.0699432218838,0.1932517839999999,0.0,0.0
2018-03-20 17:00:00,23872.0,0.0,10.53,113.83350736457572,0.194437738,0.0,0.0
2018-03-20 18:00:00,24446.4,0.0,9.81,70.4243148984379,0.1950032259999999,0.0,0.0
2018-03-20 19:00:00,25050.4,0.0,9.2,171.03522598687132,0.19548232,0.0,0.0
2018-03-20 20:00:00,26250.4,0.0,8.52,170.88318164689832,0.196016392,0.0,0.0
2018-03-20 21:00:00,26218.4,0.0,7.64,166.06872708009186,0.1967075439999999,0.0,0.0
2018-03-20 22:00:00,25137.6,0.0,6.79,178.61243361912472,0.197375134,0.0,0.0
2018-03-20 23:00:00,23286.4,0.0,6.01,178.77828584485968,0.197987746,0.0,0.0
2018-03-21 00:00:00,21596.800000000003,0.0,5.27,153.5225838553365,0.198568942,0.0,0.0
2018-03-21 01:00:00,20449.6,0.0,4.48,137.41721864979206,0.1991894079999999,0.0,0.0
2018-03-21 02:00:00,19816.0,0.0,3.46,159.74296971571906,0.199990516,0.0,0.0
2018-03-21 03:00:00,19570.4,0.0,2.77,164.3381468131082,0.2005324419999999,0.0,0.0
2018-03-21 04:00:00,19626.4,11.34,2.94,178.97759703872825,0.1999041219999999,41.80961612015806,30.660385154782578
2018-03-21 05:00:00,20159.2,221.3,4.49,175.19343623413096,0.1895254973333333,75.59728545242851,55.4380093317809
2018-03-21 06:00:00,21827.2,524.68,8.0,133.7997465451333,0.1735312626666666,102.79352331044689,75.3819170943277
2018-03-21 07:00:00,24642.4,780.16,9.84,157.12207782603124,0.1609386826666666,123.39832969421326,90.49210844242305
2018-03-21 08:00:00,26077.6,780.36,11.11,159.22914422139968,0.159932498,137.41170460372757,100.76858337606689
2018-03-21 09:00:00,26111.2,1074.44,12.34,153.6300404834278,0.1461347653333333,144.83364803898982,106.2113418952592
2018-03-21 10:00:00,25795.2,1085.72,13.57,131.77952799313644,0.1446765393333333,145.66415999999998,106.82038399999998
2018-03-21 11:00:00,25375.2,1023.86,14.57,136.84042725674632,0.1465902973333333,139.90324048675814,102.59570969028928
2018-03-21 12:00:00,24765.6,847.81,15.17,85.48746961507963,0.1538007056666666,127.5508894992642,93.53731896612707
2018-03-21 13:00:00,23935.2,643.87,15.41,64.52037692742554,0.1625107916666666,108.60710703751826,79.64521182751339
2018-03-21 14:00:00,23149.6,391.34,15.25,70.19138107843979,0.1736551813333333,83.0718931015202,60.91938827444814
2018-03-21 15:00:00,22618.4,109.32,14.41,170.3427829431051,0.18662039,50.945247691270175,37.35984830693146
2018-03-21 16:00:00,22367.2,0.0,12.58,178.54183034723803,0.1928276679999999,0.0,0.0
2018-03-21 17:00:00,22537.6,0.0,10.45,178.89875025295368,0.19450057,0.0,0.0
2018-03-21 18:00:00,22961.6,0.0,8.11,170.71073461005307,0.196338406,0.0,0.0
2018-03-21 19:00:00,23410.4,0.0,7.46,130.6981001991934,0.1968489159999999,0.0,0.0
2018-03-21 20:00:00,24686.4,0.0,6.67,28.39865985671506,0.197469382,0.0,0.0
2018-03-21 21:00:00,25068.0,0.0,5.83,29.107011063862984,0.198129118,0.0,0.0
2018-03-21 22:00:00,24112.800000000003,0.0,4.98,0.0,0.1987967079999999,0.0,0.0
2018-03-21 23:00:00,22414.4,0.0,4.83,0.0,0.198914518,0.0,0.0
2018-03-22 00:00:00,20866.4,0.0,5.49,14.438655502321993,0.198396154,0.0,0.0
2018-03-22 01:00:00,19700.800000000003,0.0,5.34,26.457085033349248,0.198513964,0.0,0.0
2018-03-22 02:00:00,19042.4,0.0,5.23,8.553653367623058,0.1986003579999999,0.0,0.0
2018-03-22 03:00:00,18843.2,0.0,4.91,50.70053503940382,0.1988516859999999,0.0,0.0
2018-03-22 04:00:00,18966.4,1.86,4.94,41.34935655622128,0.198746966,11.653132799999998,8.545630719999998
2018-03-22 05:00:00,19688.800000000003,22.25,5.55,17.2882988409912,0.1973781883333333,55.25180556630893,40.51799074862655
2018-03-22 06:00:00,21527.2,50.07,8.67,17.048389856576932,0.193713861,90.34507770609424,66.25305698446911
2018-03-22 07:00:00,24659.2,99.21,10.24,31.100626099349626,0.190336641,116.93294921935608,85.75082942752778
2018-03-22 08:00:00,26209.6,425.81,10.61,108.40189243230252,0.1757953963333333,135.01542010609433,99.01130807780248
2018-03-22 09:00:00,26140.0,902.22,12.23,136.40490302154691,0.153735692,144.59249036630897,106.03449293529324
2018-03-22 10:00:00,25696.800000000003,1014.88,14.75,168.553213060565,0.1468407526666666,145.66415999999998,106.82038399999996
2018-03-22 11:00:00,25323.2,996.95,15.67,175.5748442252194,0.1469005303333333,138.23042900716746,101.3689812719228
2018-03-22 12:00:00,24984.0,843.5,16.6,178.87977804819678,0.1528656433333333,122.29129738781135,89.68028475106166
2018-03-22 13:00:00,24708.0,460.45,17.31,144.44862080296645,0.1690217576666666,97.84676514193173,71.75429443741659
2018-03-22 14:00:00,24542.4,76.02,18.32,167.51632448724556,0.185002466,64.8968322695284,47.59101033098749
2018-03-22 15:00:00,24302.4,22.25,17.32,160.91647028610112,0.1881340303333333,23.441498770601644,17.19043243177454
2018-03-22 16:00:00,24250.4,0.0,15.84,165.59740417355317,0.190267264,0.0,0.0
2018-03-22 17:00:00,24632.0,0.0,15.01,178.0240285697487,0.190919146,0.0,0.0
2018-03-22 18:00:00,25288.0,0.0,14.43,98.16361184156486,0.191374678,0.0,0.0
2018-03-22 19:00:00,26176.0,0.0,13.67,177.93564112893063,0.191971582,0.0,0.0
2018-03-22 20:00:00,27872.800000000003,0.0,12.48,111.01646833561476,0.192906208,0.0,0.0
2018-03-22 21:00:00,28573.6,0.0,11.56,41.89760781313361,0.1936287759999999,0.0,0.0
2018-03-22 22:00:00,27772.0,0.0,11.61,45.93832374186176,0.193589506,0.0,0.0
2018-03-22 23:00:00,26190.4,0.0,11.25,83.6502328257644,0.19387225,0.0,0.0
2018-03-23 00:00:00,24700.0,0.0,11.39,102.4517241080385,0.193762294,0.0,0.0
2018-03-23 01:00:00,23742.4,0.0,10.85,62.07233818887021,0.1941864099999999,0.0,0.0
2018-03-23 02:00:00,23307.2,0.0,11.31,20.051483781705866,0.193825126,0.0,0.0
2018-03-23 03:00:00,23311.2,0.0,11.07,96.10412143186286,0.194013622,0.0,0.0
2018-03-23 04:00:00,23536.0,4.64,10.47,172.22183131977195,0.1942824033333333,14.272490875420232,10.466493308641503
2018-03-23 05:00:00,24375.2,60.27,10.85,174.56713526649983,0.191556629,57.018990966285074,41.81392670860905
2018-03-23 06:00:00,26296.0,111.25,11.42,159.0642860664566,0.1888845236666666,91.42633562910925,67.04597946134677
2018-03-23 07:00:00,29370.4,172.44,14.73,178.90327206277723,0.183614926,117.4945248638929,86.16265156685479
2018-03-23 08:00:00,30568.0,336.11,17.0,178.82709229620167,0.1746906003333333,135.2235586706359,99.163943025133
2018-03-23 09:00:00,29595.2,469.52,18.37,172.8895438218751,0.1677934793333333,144.61343704933827,106.0498538361814
2018-03-23 10:00:00,28250.4,263.38,20.56,178.00138315218615,0.1750680286666666,145.66415999999998,106.82038399999998
2018-03-23 11:00:00,27255.2,736.96,20.49,163.20884602454308,0.1544591326666667,138.3757275226211,101.4755335165888
2018-03-23 12:00:00,26372.0,267.58,19.78,85.65873467750701,0.1754973806666666,122.7481396172016,90.01530238594783
2018-03-23 13:00:00,25592.0,333.18,19.11,19.54380000830309,0.173161252,98.78139628374151,72.43969060807711
2018-03-23 14:00:00,24950.4,192.86,18.33,14.73544776326618,0.1798964933333333,66.47549752224072,48.74869818297652
2018-03-23 15:00:00,24307.2,25.96,17.44,10.64054058051212,0.1878779026666666,25.830443332699414,18.94232511064624
2018-03-23 16:00:00,23960.800000000003,0.0,16.69,0.0,0.189599674,0.0,0.0
2018-03-23 17:00:00,24052.0,0.0,15.9,76.9117481789364,0.1902201399999999,0.0,0.0
2018-03-23 18:00:00,24522.4,0.0,14.75,1.9443844750546984,0.1911233499999999,0.0,0.0
2018-03-23 19:00:00,25135.2,0.0,11.32,28.66431618386257,0.1938172719999999,0.0,0.0
2018-03-23 20:00:00,26688.800000000003,0.0,10.71,65.05099251988443,0.194296366,0.0,0.0
2018-03-23 21:00:00,27432.800000000003,0.0,10.14,78.48039795068874,0.194744044,0.0,0.0
2018-03-23 22:00:00,26680.0,0.0,10.0,63.10049227431303,0.194854,0.0,0.0
2018-03-23 23:00:00,25164.800000000003,0.0,9.38,81.05307740694732,0.195340948,0.0,0.0
2018-03-24 00:00:00,23692.0,0.0,9.0,36.855301916325736,0.1956394,0.0,0.0
2018-03-24 01:00:00,22646.4,0.0,9.07,51.851641740624615,0.1955844219999999,0.0,0.0
2018-03-24 02:00:00,22123.2,0.0,9.07,41.42075084175676,0.1955844219999999,0.0,0.0
2018-03-24 03:00:00,21953.6,0.0,8.15,57.37134104335308,0.19630699,0.0,0.0
2018-03-24 04:00:00,22028.800000000003,17.52,7.09,33.82915949005071,0.196375058,11.653132799999998,8.545630719999998
2018-03-24 05:00:00,22636.0,23.18,7.5,2.742445835738703,0.1958060793333333,55.25180556630893,40.51799074862655
2018-03-24 06:00:00,24382.4,121.45,7.85,5.295924269116188,0.1912433416666666,90.34507770609424,66.25305698446911
2018-03-24 07:00:00,27028.0,88.08,8.23,3.06212559169832,0.192400934,116.93294921935608,85.75082942752778
2018-03-24 08:00:00,28225.6,830.7,8.05,7.570597667624625,0.16013932,135.01542010609433,99.01130807780248
2018-03-24 09:00:00,27870.4,519.87,9.0,0.0,0.172955739,144.59249036630897,106.03449293529324
2018-03-24 10:00:00,27136.800000000003,717.66,10.01,0.0,0.163532248,145.66415999999998,106.82038399999996
2018-03-24 11:00:00,26880.0,899.14,10.48,0.0,0.1552445326666666,138.23042900716746,101.3689812719228
2018-03-24 12:00:00,26733.6,333.54,11.2,0.0,0.179358058,122.29129738781135,89.68028475106166
2018-03-24 13:00:00,25846.4,264.28,9.73,0.0,0.1835346406666666,97.84676514193173,71.75429443741659
2018-03-24 14:00:00,24965.6,410.87,7.9,0.0,0.1785757123333333,64.8968322695284,47.59101033098749
2018-03-24 15:00:00,24074.4,148.93,7.2,1.9245900025180196,0.1905548076666666,23.441498770601644,17.19043243177454
2018-03-24 16:00:00,23289.6,0.0,6.91,1.765817879312707,0.197280886,0.0,0.0
2018-03-24 17:00:00,23246.4,0.0,6.39,10.349800634727508,0.197689294,0.0,0.0
2018-03-24 18:00:00,23504.0,0.0,5.75,23.37254700943032,0.1981919499999999,0.0,0.0
2018-03-24 19:00:00,23593.6,0.0,5.71,26.67265595222065,0.1982233659999999,0.0,0.0
2018-03-24 20:00:00,24373.6,0.0,4.95,20.705112604015778,0.19882027,0.0,0.0
2018-03-24 21:00:00,24476.800000000003,0.0,4.0,8.706813764209757,0.1995663999999999,0.0,0.0
2018-03-24 22:00:00,23667.2,0.0,3.14,5.95731964832932,0.200241844,0.0,0.0
2018-03-24 23:00:00,22314.4,0.0,2.47,39.49808760907483,0.200768062,0.0,0.0
2018-03-25 00:00:00,20857.6,0.0,2.36,44.92182574260024,0.200854456,0.0,0.0
2018-03-25 01:00:00,19631.2,0.0,2.26,17.280125033286904,0.200932996,0.0,0.0
2018-03-25 02:00:00,18816.8,0.0,2.02,30.66065279121368,0.2011214919999999,0.0,0.0
2018-03-25 03:00:00,18408.0,0.0,1.52,20.381425879012397,0.2015141919999999,0.0,0.0
2018-03-25 04:00:00,18196.8,2.78,1.37,7.962032741690274,0.2015107013333333,12.654668672080698,9.28009035952584
2018-03-25 05:00:00,18228.0,49.14,3.47,8.807832420103873,0.19783852,55.927505306371934,41.01350389133941
2018-03-25 06:00:00,18722.4,128.86,6.87,0.1366642530226864,0.1916897106666666,90.75850670880791,66.5562382531258
2018-03-25 07:00:00,19668.0,660.56,8.6,0.1600943860530522,0.1671311253333333,117.1476728793888,85.9082934448851
2018-03-25 08:00:00,20477.6,523.59,10.29,29.92262796477311,0.171780257,135.09500381811444,99.06966946661724
2018-03-25 09:00:00,21427.2,557.12,11.26,23.08527721930805,0.1695553933333333,144.60049952498483,106.0403663183222
2018-03-25 10:00:00,21889.6,436.15,11.65,15.0788386079541,0.1745274116666666,145.66415999999998,106.82038399999998
2018-03-25 11:00:00,21744.800000000003,861.75,11.9,29.588635332058068,0.155760715,138.28598524315996,101.40972251165064
2018-03-25 12:00:00,21511.2,182.64,12.3,10.561608935035771,0.185078388,122.46597525446472,89.80838185327413
2018-03-25 13:00:00,21090.4,273.91,12.19,27.120415137995533,0.1811823676666666,98.20413003391432,72.01636202487049
2018-03-25 14:00:00,20691.2,85.29,11.96,49.97542404115271,0.189593129,65.50044958150858,48.03366302643961
2018-03-25 15:00:00,20480.0,122.29,11.63,17.500867847911874,0.1882378776666666,24.35493389724777,17.860284857981693
2018-03-25 16:00:00,20613.6,0.0,10.32,40.00885512342649,0.194602672,0.0,0.0
2018-03-25 17:00:00,20890.4,0.0,8.83,11.56125925278895,0.195772918,0.0,0.0
2018-03-25 18:00:00,21128.800000000003,0.0,8.81,106.24591048026096,0.195788626,0.0,0.0
2018-03-25 19:00:00,21364.800000000003,0.0,7.33,118.50937391554965,0.196951018,0.0,0.0
2018-03-25 20:00:00,22144.0,0.0,5.53,178.83151712350937,0.1983647379999999,0.0,0.0
2018-03-25 21:00:00,22176.800000000003,0.0,4.12,170.77944672287134,0.199472152,0.0,0.0
2018-03-25 22:00:00,21563.2,0.0,3.45,151.62784855665362,0.1999983699999999,0.0,0.0
2018-03-25 23:00:00,20563.2,0.0,3.73,178.96806850649904,0.199778458,0.0,0.0
2018-03-26 00:00:00,19385.6,0.0,3.75,177.7235161200925,0.1997627499999999,0.0,0.0
2018-03-26 01:00:00,18301.6,0.0,3.75,178.96766845361893,0.1997627499999999,0.0,0.0
2018-03-26 02:00:00,17628.8,0.0,3.56,178.95272102329014,0.199911976,0.0,0.0
2018-03-26 03:00:00,17296.0,0.0,3.54,178.94065882282163,0.199927684,0.0,0.0
2018-03-26 04:00:00,17173.600000000002,7.41,3.2,178.96155855509028,0.199871397,41.53419434860044,30.45840918897366
2018-03-26 05:00:00,17316.0,102.5,4.49,178.9549516211657,0.1947091373333333,75.41146842416515,55.30174351105445
2018-03-26 06:00:00,17782.4,105.69,8.82,178.9330093268465,0.1911691649999999,102.67983057959728,75.298542425038
2018-03-26 07:00:00,18629.6,114.03,10.91,178.93757962792822,0.189163777,123.33928081489684,90.44880593092437
2018-03-26 08:00:00,19458.4,130.72,12.34,178.9358339426343,0.1873124146666666,137.38981913006384,100.75253402871348
2018-03-26 09:00:00,20707.2,220.65,12.92,144.2170265539755,0.182932937,144.83144552509822,106.20972671840536
2018-03-26 10:00:00,21784.800000000003,233.63,13.3,165.89841365860582,0.1820681243333333,145.66415999999998,106.82038399999998
2018-03-26 11:00:00,22462.4,270.79,14.15,72.70328280399751,0.1797791196666666,139.88796255476922,102.5845058734974
2018-03-26 12:00:00,22813.6,197.47,15.1,3.008162398120945,0.1822321856666666,127.5028531894058,93.50209233889758
2018-03-26 13:00:00,22936.0,132.58,15.39,15.097101628060118,0.1848357866666666,108.50883190390986,79.57314339620056
2018-03-26 14:00:00,22835.2,87.15,15.59,13.59870962797993,0.1866609689999999,82.90589869828125,60.79765904540625
2018-03-26 15:00:00,22705.6,65.58,14.82,44.10611185917379,0.1882068979999999,50.69405357252016,37.17563928651479
2018-03-26 16:00:00,22723.2,0.0,13.18,75.70249742847324,0.1923564279999999,0.0,0.0
2018-03-26 17:00:00,23072.0,0.0,11.64,88.9035878316198,0.193565944,0.0,0.0
2018-03-26 18:00:00,23663.2,0.0,10.76,42.889884428942246,0.194257096,0.0,0.0
2018-03-26 19:00:00,24036.0,0.0,9.85,36.34740750902028,0.19497181,0.0,0.0
2018-03-26 20:00:00,24929.6,0.0,9.29,106.00860638562143,0.195411634,0.0,0.0
2018-03-26 21:00:00,24866.4,0.0,8.64,152.0441581308053,0.195922144,0.0,0.0
2018-03-26 22:00:00,23900.0,0.0,8.3,178.45329743264497,0.19618918,0.0,0.0
2018-03-26 23:00:00,22405.6,0.0,8.29,178.9052965728058,0.196197034,0.0,0.0
2018-03-27 00:00:00,20944.800000000003,0.0,7.7,172.7286619501014,0.19666042,0.0,0.0
2018-03-27 01:00:00,19916.800000000003,0.0,7.11,58.74887464386655,0.197123806,0.0,0.0
2018-03-27 02:00:00,19345.6,0.0,6.55,178.9091758734589,0.19756363,0.0,0.0
2018-03-27 03:00:00,19096.0,0.0,6.05,178.04696493486026,0.1979563299999999,0.0,0.0
2018-03-27 04:00:00,19148.8,13.91,5.66,178.90763627601197,0.1976556963333333,29.56909825710762,21.68400538854559
2018-03-27 05:00:00,19661.6,130.48,6.73,178.9330093268465,0.1917289806666667,67.33905430079054,49.381973153913066
2018-03-27 06:00:00,21341.6,377.1,9.74,178.86915846265887,0.178604074,97.74069870985974,71.67651238723047
2018-03-27 07:00:00,24065.6,684.36,11.35,172.46887003448813,0.163932802,120.77403148431536,88.56762308849792
2018-03-27 08:00:00,25536.800000000003,922.77,12.56,96.4732550732282,0.152579845,136.43905262415728,100.05530525771532
2018-03-27 09:00:00,25688.0,1041.03,13.5,158.59668486398175,0.146681491,144.73576212938548,106.13955889488268
2018-03-27 10:00:00,25592.0,1084.83,14.51,141.1129920135708,0.143977097,145.66415999999998,106.82038399999998
2018-03-27 11:00:00,25438.4,1033.76,15.37,175.8569299967733,0.1455300073333333,139.22424623600085,102.09778057306728
2018-03-27 12:00:00,24924.0,909.94,16.03,114.8298814916992,0.1504143226666666,125.416020837388,91.97174861408452
2018-03-27 13:00:00,24382.4,675.85,16.44,177.07054496047124,0.1603064356666666,104.23948380416157,76.4422881230518
2018-03-27 14:00:00,23951.2,410.45,16.33,77.62826713238103,0.1719731163333333,75.6946351363213,55.50939909996895
2018-03-27 15:00:00,23561.6,146.88,15.64,88.60402096149728,0.18401548,39.78147483386749,29.17308154483616
2018-03-27 16:00:00,23200.800000000003,0.0,13.85,82.1700189860883,0.19183021,0.0,0.0
2018-03-27 17:00:00,23067.2,0.0,12.54,178.2849115386707,0.192859084,0.0,0.0
2018-03-27 18:00:00,23207.2,0.0,11.67,176.25327329537626,0.1935423819999999,0.0,0.0
2018-03-27 19:00:00,23364.0,0.0,11.06,145.81164945588176,0.1940214759999999,0.0,0.0
2018-03-27 20:00:00,24399.2,0.0,10.17,65.71766245993702,0.194720482,0.0,0.0
2018-03-27 21:00:00,24688.0,0.0,8.77,0.0,0.195820042,0.0,0.0
2018-03-27 22:00:00,23527.2,0.0,7.45,0.0,0.19685677,0.0,0.0
2018-03-27 23:00:00,21720.800000000003,0.0,6.29,0.0,0.1977678339999999,0.0,0.0
2018-03-28 00:00:00,20043.2,0.0,7.55,49.31843113780805,0.1967782299999999,0.0,0.0
2018-03-28 01:00:00,18798.4,0.0,7.02,66.62848588484454,0.197194492,0.0,0.0
2018-03-28 02:00:00,18121.6,0.0,5.84,38.42413959170358,0.198121264,0.0,0.0
2018-03-28 03:00:00,17828.0,0.0,4.35,23.798656363786804,0.19929151,0.0,0.0
2018-03-28 04:00:00,17720.0,26.12,3.75,15.621007242670531,0.1986230473333333,39.44944637467991,28.9295940080986
2018-03-28 05:00:00,18192.8,191.65,5.94,35.45400153790429,0.1896803956666666,74.00496496947764,54.270307644283605
2018-03-28 06:00:00,19746.4,482.86,10.03,1.1872670680974695,0.1737616466666666,101.81925703471092,74.66745515878802
2018-03-28 07:00:00,22484.800000000003,750.95,12.41,0.1991109780094173,0.1601947343333333,122.89232257037986,90.1210365516119
2018-03-28 08:00:00,23927.2,950.97,14.3,0.0,0.1499827889999999,137.2241615764843,100.63105182275518
2018-03-28 09:00:00,24200.800000000003,1055.53,15.94,0.7573854821647115,0.1441324316666666,144.8147740530244,106.19750097221788
2018-03-28 10:00:00,24433.6,1090.56,17.25,0.0,0.141575082,145.66415999999998,106.82038399999998
2018-03-28 11:00:00,24637.6,1032.18,18.19,0.0,0.14338412,139.77231941741118,102.49970090610154
2018-03-28 12:00:00,24560.800000000003,891.31,18.74,0.0,0.1490987776666666,127.13925230525794,93.2354516905225
2018-03-28 13:00:00,24446.4,690.02,19.06,0.0,0.1576304033333333,107.76495866354033,79.02763635326289
2018-03-28 14:00:00,24183.2,338.31,18.96,0.0,0.1730552229999999,81.64943849225818,59.87625489432266
2018-03-28 15:00:00,23727.2,96.8,17.94,30.77467392337893,0.1843942173333333,48.79269179141172,35.78130731370193
2018-03-28 16:00:00,23708.800000000003,0.0,15.71,42.38576627836634,0.190369366,0.0,0.0
2018-03-28 17:00:00,24027.2,0.0,13.64,51.75689588357943,0.191995144,0.0,0.0
2018-03-28 18:00:00,24465.6,0.0,12.37,119.55128133408908,0.1929926019999999,0.0,0.0
2018-03-28 19:00:00,24605.6,0.0,12.71,112.5699827734128,0.192725566,0.0,0.0
2018-03-28 20:00:00,25182.4,0.0,12.57,126.0864845652867,0.192835522,0.0,0.0
2018-03-28 21:00:00,25041.6,0.0,12.1,96.13053704474744,0.19320466,0.0,0.0
2018-03-28 22:00:00,23841.6,0.0,10.76,127.84154079482836,0.194257096,0.0,0.0
2018-03-28 23:00:00,21953.6,0.0,9.38,154.5763595093118,0.195340948,0.0,0.0
2018-03-29 00:00:00,20251.2,0.0,8.52,146.07854534081608,0.196016392,0.0,0.0
2018-03-29 01:00:00,19112.0,0.0,7.67,149.2103896177778,0.1966839819999999,0.0,0.0
2018-03-29 02:00:00,18411.2,0.0,7.13,165.4213687836033,0.197108098,0.0,0.0
2018-03-29 03:00:00,18108.0,0.0,6.34,172.59801437779348,0.197728564,0.0,0.0
2018-03-29 04:00:00,18074.4,40.56,5.84,177.19716775835207,0.196351496,19.332705957719003,14.17731770232727
2018-03-29 05:00:00,18634.4,38.01,5.48,166.47961775614397,0.196745505,60.43293360287659,44.3174846421095
2018-03-29 06:00:00,20211.2,74.17,5.79,139.48202491367064,0.1949242496666666,93.51516712612316,68.57778922582365
2018-03-29 07:00:00,22933.6,68.61,7.37,134.62571026825393,0.193925919,118.57940652745886,86.95823145346982
2018-03-29 08:00:00,24292.800000000003,208.6,8.41,95.5184379543512,0.1870008726666666,135.62565180688358,99.45881132504796
2018-03-29 09:00:00,24213.6,209.53,8.98,111.13112591554338,0.1865126156666666,144.65390296439728,106.079528840558
2018-03-29 10:00:00,23757.6,127.02,9.09,155.12291660289182,0.190026408,145.66415999999998,106.82038399999998
2018-03-29 11:00:00,23258.4,225.28,7.63,145.16975854875145,0.1868856806666666,138.65642291369176,101.68137680337396
2018-03-29 12:00:00,22708.0,419.77,7.0,133.534038696024,0.1788942356666666,123.63069170547254,90.66250725067988
2018-03-29 13:00:00,22293.6,219.48,6.84,84.33925117442291,0.1877592199999999,100.5869663753424,73.76377534191776
2018-03-29 14:00:00,22120.0,140.44,6.46,77.80126575728852,0.1915064506666667,69.5252469233012,50.98518107708754
2018-03-29 15:00:00,21853.6,65.81,5.66,43.8170342543331,0.1953911263333333,30.44553334934914,22.326724456189368
2018-03-29 16:00:00,21788.800000000003,0.0,4.56,9.332661641647125,0.199126576,0.0,0.0
2018-03-29 17:00:00,22032.0,0.0,3.83,1.1706599486901847,0.199699918,0.0,0.0
2018-03-29 18:00:00,22370.4,0.0,3.4,0.0,0.20003764,0.0,0.0
2018-03-29 19:00:00,22713.6,0.0,2.67,30.549110774622086,0.200610982,0.0,0.0
2018-03-29 20:00:00,23780.800000000003,0.0,2.52,15.674767379104363,0.2007287919999999,0.0,0.0
2018-03-29 21:00:00,24445.6,0.0,2.38,4.452396860753148,0.2008387479999999,0.0,0.0
2018-03-29 22:00:00,23581.6,0.0,2.22,0.0,0.2009644119999999,0.0,0.0
2018-03-29 23:00:00,21879.2,0.0,2.19,0.0,0.200987974,0.0,0.0
2018-03-30 00:00:00,20427.2,0.0,2.24,0.0,0.2009487039999999,0.0,0.0
2018-03-30 01:00:00,19332.0,0.0,1.65,0.0,0.20141209,0.0,0.0
2018-03-30 02:00:00,18824.8,0.0,1.39,0.0,0.201616294,0.0,0.0
2018-03-30 03:00:00,18686.4,0.0,1.27,0.0,0.201710542,0.0,0.0
2018-03-30 04:00:00,18820.8,12.06,1.05,0.0,0.201357112,14.498253691993428,10.63205270746184
2018-03-30 05:00:00,19520.0,52.84,1.57,0.0,0.1991693366666666,57.17130490802885,41.92562359922115
2018-03-30 06:00:00,21328.800000000003,142.23,2.62,0.0,0.194444283,91.51952939151715,67.11432155377925
2018-03-30 07:00:00,24245.6,397.58,4.71,0.0,0.1816610253333333,117.5429271424585,86.19814657113622
2018-03-30 08:00:00,25441.6,442.3,5.78,0.0,0.1788693646666666,135.24149816085276,99.177098651292
2018-03-30 09:00:00,25337.6,847.3,6.66,0.0,0.1605067126666666,144.6152424466999,106.0511777942466
2018-03-30 10:00:00,24745.6,382.96,7.63,0.0,0.1800055766666666,145.66415999999998,106.82038399999998
2018-03-30 11:00:00,24406.4,184.5,8.55,0.0,0.18794248,138.38825082075303,101.48471726855222
2018-03-30 12:00:00,24052.800000000003,224.29,9.08,0.0,0.1857900476666666,122.78751490895898,90.04417759990325
2018-03-30 13:00:00,23649.6,548.22,9.16,0.0,0.17159307,98.86195226461793,72.49876499405315
2018-03-30 14:00:00,23516.800000000003,422.91,8.79,0.0,0.177351361,66.61156288772969,48.848479451001765
2018-03-30 15:00:00,23608.800000000003,136.71,8.42,0.0,0.190129819,26.03634677829453,19.09332097074931
2018-03-30 16:00:00,23666.4,0.0,7.68,0.0,0.196676128,0.0,0.0
2018-03-30 17:00:00,24081.6,0.0,6.18,0.9790381234919252,0.197854228,0.0,0.0
2018-03-30 18:00:00,24631.2,0.0,5.6,10.562746206574907,0.19830976,0.0,0.0
2018-03-30 19:00:00,24991.2,0.0,6.1,6.116350139019551,0.19791706,0.0,0.0
2018-03-30 20:00:00,25826.4,0.0,5.83,17.52631515098521,0.198129118,0.0,0.0
2018-03-30 21:00:00,25747.2,0.0,5.5,7.011491187966717,0.1983883,0.0,0.0
2018-03-30 22:00:00,24697.6,0.0,5.2,18.73331560399924,0.1986239199999999,0.0,0.0
2018-03-30 23:00:00,22939.2,0.0,4.9,45.616802454605775,0.19885954,0.0,0.0
2018-03-31 00:00:00,21368.800000000003,0.0,3.68,37.7506566298792,0.1998177279999999,0.0,0.0
2018-03-31 01:00:00,20221.6,0.0,2.31,40.28654031330228,0.2008937259999999,0.0,0.0
2018-03-31 02:00:00,19608.8,0.0,1.59,67.75064027423812,0.201459214,0.0,0.0
2018-03-31 03:00:00,19320.8,0.0,1.1,100.33011033522088,0.20184406,0.0,0.0
2018-03-31 04:00:00,19362.4,46.06,0.73,109.5967897703492,0.2001249066666666,47.82541826311965,35.071973392954405
2018-03-31 05:00:00,19910.4,283.61,3.66,119.87473014885732,0.1874585863333333,79.6559278411677,58.414347083522976
2018-03-31 06:00:00,21518.4,576.82,8.09,95.34122058998396,0.1711855346666666,105.2768163704552,77.20299867166713
2018-03-31 07:00:00,24290.4,832.81,9.38,72.10742222367907,0.1590026716666666,124.68808385098222,91.43792815738696
2018-03-31 08:00:00,25940.0,1020.5,10.84,50.40225621832648,0.1496664473333333,137.8897302827487,101.11913554068236
2018-03-31 09:00:00,26311.2,1131.41,12.21,25.24561429247322,0.1437510763333333,144.8817556657546,106.24662082155338
2018-03-31 10:00:00,26573.6,1152.33,13.33,28.798949131451117,0.141958619,145.66415999999998,106.82038399999998
2018-03-31 11:00:00,26802.4,1061.47,14.19,26.405481242551904,0.1452476996666666,140.23694328548484,102.8404250760222
2018-03-31 12:00:00,26754.4,930.42,14.74,20.28838176205853,0.150533878,128.60010552220916,94.30674404962004
2018-03-31 13:00:00,26594.4,697.21,14.93,38.54112172132045,0.1605603816666666,110.75364671017296,81.2193409207935
2018-03-31 14:00:00,26447.2,420.87,14.75,71.75476954868182,0.1727593889999999,86.69756684937616,63.57821568954252
2018-03-31 15:00:00,26131.2,115.06,14.12,98.06058004078128,0.1865977006666666,56.43186593981892,41.383368355867205
2018-03-31 16:00:00,25898.4,0.0,12.31,162.77053354199924,0.193039726,0.0,0.0
2018-03-31 17:00:00,25852.0,0.0,9.22,178.95515770901264,0.195466612,0.0,0.0
2018-03-31 18:00:00,25848.800000000003,0.0,7.19,178.96648041779392,0.1970609739999999,0.0,0.0
2018-03-31 19:00:00,25632.0,0.0,6.53,178.96638343527758,0.1975793379999999,0.0,0.0
2018-03-31 20:00:00,25888.800000000003,0.0,6.23,178.94616258062322,0.1978149579999999,0.0,0.0
2018-03-31 21:00:00,25514.4,0.0,6.02,178.96404373207142,0.197979892,0.0,0.0
2018-03-31 22:00:00,24576.800000000003,0.0,5.77,178.95366660282434,0.198176242,0.0,0.0
2018-03-31 23:00:00,23108.800000000003,0.0,5.79,178.95307258491158,0.198160534,0.0,0.0
2018-04-01 00:00:00,21501.6,0.0,5.9,178.939070734117,0.19807414,0.0,0.0
2018-04-01 01:00:00,20477.6,0.0,5.49,178.90346602780988,0.198396154,0.0,0.0
2018-04-01 02:00:00,19747.2,0.0,4.88,178.89908969176082,0.1988752479999999,0.0,0.0
2018-04-01 03:00:00,19361.6,0.0,4.09,178.91429170119522,0.199495714,0.0,0.0
2018-04-01 04:00:00,19170.4,45.39,3.47,178.91021843550945,0.198002145,52.41063626770602,38.43446659631775
2018-04-01 05:00:00,19318.4,280.34,5.96,178.8620544933379,0.1857948473333333,82.7494072663176,60.68289866196625
2018-04-01 06:00:00,19913.6,547.79,11.13,178.90078688579655,0.1700645943333333,107.16957144763748,78.5910190616008
2018-04-01 07:00:00,20969.6,734.55,13.78,178.88375433136622,0.159834323,125.67112881166568,92.1588277952215
2018-04-01 08:00:00,21876.800000000003,760.78,15.83,178.8907976866148,0.1570797506666666,138.25407935840218,101.38632486282825
2018-04-01 09:00:00,22844.0,975.32,17.38,178.919553002706,0.1465012853333333,144.91842308784695,106.27351026442108
2018-04-01 10:00:00,23121.6,845.09,18.54,177.69937959634117,0.1512725903333333,145.66415999999998,106.82038399999998
2018-04-01 11:00:00,23156.800000000003,779.09,19.39,177.50940296966965,0.1534848003333333,140.49129009486134,103.02694606956496
2018-04-01 12:00:00,22914.4,625.45,19.93,178.82724989279097,0.1597645096666666,129.39981337243097,94.89319647311603
2018-04-01 13:00:00,22479.2,276.49,19.98,178.60582668519964,0.1749515276666666,112.38972983270897,82.41913521065322
2018-04-01 14:00:00,21984.800000000003,309.34,19.57,178.93336088846794,0.1738401866666666,89.46103947569512,65.60476228217642
2018-04-01 15:00:00,21612.800000000003,122.76,18.45,178.81204788335657,0.182860942,60.61374230138969,44.45007768768578
2018-04-01 16:00:00,21376.0,0.0,16.42,0.0,0.189811732,0.0,0.0
2018-04-01 17:00:00,21631.2,0.0,14.5,178.2254733789765,0.1913196999999999,0.0,0.0
2018-04-01 18:00:00,21977.6,0.0,13.52,146.9732332995698,0.1920893919999999,0.0,0.0
2018-04-01 19:00:00,22313.6,0.0,12.34,91.24070281712513,0.193016164,0.0,0.0
2018-04-01 20:00:00,23212.800000000003,0.0,11.49,0.0,0.1936837539999999,0.0,0.0
2018-04-01 21:00:00,23522.4,0.0,10.86,152.24327535964122,0.194178556,0.0,0.0
2018-04-01 22:00:00,22930.4,0.0,10.45,16.302239713690273,0.19450057,0.0,0.0
2018-04-01 23:00:00,21888.800000000003,0.0,10.03,22.39406918727294,0.194830438,0.0,0.0
2018-04-02 00:00:00,20716.0,0.0,9.53,50.94761921467434,0.195223138,0.0,0.0
2018-04-02 01:00:00,19669.6,0.0,9.31,0.0,0.1953959259999999,0.0,0.0
2018-04-02 02:00:00,19007.2,0.0,8.69,0.0,0.1958828739999999,0.0,0.0
2018-04-02 03:00:00,18676.8,0.0,8.08,0.0,0.1963619679999999,0.0,0.0
2018-04-02 04:00:00,18600.8,9.27,8.1,0.0,0.1959417789999999,11.653132799999998,8.545630719999998
2018-04-02 05:00:00,18775.2,25.03,8.65,0.0,0.1948221476666666,55.25180556630893,40.51799074862655
2018-04-02 06:00:00,19345.6,44.5,9.34,49.58668780867462,0.1934306806666666,90.34507770609424,66.25305698446911
2018-04-02 07:00:00,20108.800000000003,101.05,7.2,34.05345277398439,0.1926439716666667,116.93294921935608,85.75082942752778
2018-04-02 08:00:00,20600.800000000003,714.16,7.11,26.41013034192834,0.1659626246666666,135.01542010609433,99.01130807780248
2018-04-02 09:00:00,20799.2,254.45,8.77,0.0,0.1847175403333333,144.59249036630897,106.03449293529324
2018-04-02 10:00:00,20679.2,534.76,9.8,0.0,0.1716777186666666,145.66415999999998,106.82038399999996
2018-04-02 11:00:00,20348.800000000003,421.02,7.5,0.0,0.1784469939999999,138.23042900716746,101.3689812719228
2018-04-02 12:00:00,19946.4,671.47,7.85,0.0,0.1672441356666666,122.29129738781135,89.68028475106166
2018-04-02 13:00:00,19588.8,637.65,8.51,4.311014915006878,0.168201451,97.84676514193173,71.75429443741659
2018-04-02 14:00:00,19225.6,392.23,8.82,43.96827848854642,0.1786664696666666,64.8968322695284,47.59101033098749
2018-04-02 15:00:00,18935.2,152.61,8.21,20.27005964323162,0.189600983,23.441498770601644,17.19043243177454
2018-04-02 16:00:00,18873.6,0.0,7.09,11.253234446496664,0.197139514,0.0,0.0
2018-04-02 17:00:00,19275.2,0.0,5.77,38.10629151725352,0.198176242,0.0,0.0
2018-04-02 18:00:00,19948.800000000003,0.0,4.85,36.81318422790673,0.19889881,0.0,0.0
2018-04-02 19:00:00,20552.0,0.0,3.99,29.585083347397564,0.199574254,0.0,0.0
2018-04-02 20:00:00,21792.0,0.0,3.1,62.27741378105265,0.20027326,0.0,0.0
2018-04-02 21:00:00,22686.4,0.0,2.78,43.03718874842975,0.200524588,0.0,0.0
2018-04-02 22:00:00,21888.0,0.0,2.82,56.044808123612775,0.200493172,0.0,0.0
2018-04-02 23:00:00,20554.4,0.0,3.02,61.39106631870313,0.200336092,0.0,0.0
2018-04-03 00:00:00,19272.0,0.0,3.01,16.899535332179994,0.200343946,0.0,0.0
2018-04-03 01:00:00,18301.6,0.0,2.71,18.13756412901165,0.200579566,0.0,0.0
2018-04-03 02:00:00,17808.0,0.0,2.32,8.487492349589706,0.200885872,0.0,0.0
2018-04-03 03:00:00,17692.0,0.0,2.02,0.0,0.2011214919999999,0.0,0.0
2018-04-03 04:00:00,17861.600000000002,49.59,1.74,0.0,0.199177627,50.52525864517128,37.05185633979227
2018-04-03 05:00:00,18595.2,295.51,3.25,0.0,0.1872613636666666,81.47741171929772,59.75010192748499
2018-04-03 06:00:00,20444.800000000003,568.27,5.64,0.0,0.1734828296666666,106.3912969874288,78.02028445744779
2018-04-03 07:00:00,23267.2,814.56,6.67,0.0,0.161927414,125.26691444956464,91.86240392968072
2018-04-03 08:00:00,24432.800000000003,926.81,7.9,0.0,0.1560635303333333,138.1042641057051,101.27646034418372
2018-04-03 09:00:00,24188.800000000003,1048.39,8.68,0.0,0.1501459776666666,144.90334595585023,106.26245370095684
2018-04-03 10:00:00,23492.800000000003,865.87,9.33,0.0,0.1575994236666666,145.66415999999998,106.82038399999996
2018-04-03 11:00:00,22906.4,798.51,9.78,0.0,0.160185135,140.38670623815443,102.95025124131324
2018-04-03 12:00:00,22591.2,800.11,10.36,0.0,0.1596597896666666,129.07098467031355,94.6520554248966
2018-04-03 13:00:00,22336.0,629.53,10.79,0.0,0.1667650416666666,111.71699529647736,81.92579655075005
2018-04-03 14:00:00,22194.4,395.52,10.71,0.1694330494349921,0.1770385099999999,88.32473811664576,64.77147461887355
2018-04-03 15:00:00,22180.800000000003,155.46,10.24,3.649617641603952,0.187882266,58.89421313081893,43.189089629267215
2018-04-03 16:00:00,22240.0,0.0,9.03,4.517178908632446,0.195615838,0.0,0.0
2018-04-03 17:00:00,22470.4,0.0,6.99,10.04710835148139,0.197218054,0.0,0.0
2018-04-03 18:00:00,22873.6,0.0,5.76,10.100114600385965,0.198184096,0.0,0.0
2018-04-03 19:00:00,23160.0,0.0,6.45,17.264182016813695,0.19764217,0.0,0.0
2018-04-03 20:00:00,24156.0,0.0,5.99,2.6515457521877925,0.198003454,0.0,0.0
2018-04-03 21:00:00,24191.2,0.0,5.66,0.1519742904675165,0.198262636,0.0,0.0
2018-04-03 22:00:00,22968.800000000003,0.0,5.17,0.3854415971758628,0.198647482,0.0,0.0
2018-04-03 23:00:00,21228.800000000003,0.0,4.68,4.055189811614168,0.199032328,0.0,0.0
2018-04-04 00:00:00,19662.4,0.0,4.28,2.757867760605631,0.199346488,0.0,0.0
2018-04-04 01:00:00,18511.2,0.0,3.89,0.0,0.1996527939999999,0.0,0.0
2018-04-04 02:00:00,17843.2,0.0,3.05,0.0,0.20031253,0.0,0.0
2018-04-04 03:00:00,17499.2,0.0,2.1,0.0,0.20105866,0.0,0.0
2018-04-04 04:00:00,17431.2,57.25,1.39,1.3409614367809095,0.1991182856666666,51.45485065851968,37.7335571495811
2018-04-04 05:00:00,17809.600000000002,305.46,4.11,0.0,0.186151768,82.10457356071956,60.210020611194345
2018-04-04 06:00:00,19298.4,562.76,8.18,0.0,0.1717283333333333,106.77502792480482,78.30168714485686
2018-04-04 07:00:00,21923.2,791.3,9.29,0.0,0.1608845773333333,125.46621375077554,92.00855675056872
2018-04-04 08:00:00,23261.6,961.66,10.71,0.0,0.1523359346666666,138.17813103863165,101.33062942832989
2018-04-04 09:00:00,23499.2,1055.74,11.97,0.0,0.1472413066666666,144.91077978837313,106.26790517814028
2018-04-04 10:00:00,23525.6,1066.65,13.09,0.0,0.145885619,145.66415999999998,106.82038399999998
2018-04-04 11:00:00,23472.800000000003,994.59,13.96,0.0,0.148346539,140.43827167351228,102.98806589390898
2018-04-04 12:00:00,23360.0,829.29,14.54,0.0,0.155103597,129.23311480890993,94.77095085986728
2018-04-04 13:00:00,23299.2,624.37,14.73,0.0,0.1638957136666666,112.04868940619303,82.16903889787488
2018-04-04 14:00:00,23330.4,392.16,14.58,0.0,0.17414562,88.88499546536147,65.18233000793174
2018-04-04 15:00:00,23150.4,154.24,13.98,0.0,0.1849981026666666,59.74203298641538,43.81082419003795
2018-04-04 16:00:00,22967.2,0.0,12.56,0.0,0.1928433759999999,0.0,0.0
2018-04-04 17:00:00,23106.4,0.0,10.36,0.0,0.194571256,0.0,0.0
2018-04-04 18:00:00,23329.6,0.0,10.37,0.0,0.194563402,0.0,0.0
2018-04-04 19:00:00,23439.2,0.0,9.84,0.0,0.194979664,0.0,0.0
2018-04-04 20:00:00,24029.6,0.0,9.12,0.0,0.195545152,0.0,0.0
2018-04-04 21:00:00,24402.4,0.0,8.4,14.541719125494009,0.19611064,0.0,0.0
2018-04-04 22:00:00,23240.800000000003,0.0,7.18,9.500813413765586,0.197068828,0.0,0.0
2018-04-04 23:00:00,21290.4,0.0,6.18,0.4440598331501138,0.197854228,0.0,0.0
2018-04-05 00:00:00,19526.4,0.0,5.75,2.2175319439126104,0.1981919499999999,0.0,0.0
2018-04-05 01:00:00,18221.6,0.0,6.29,0.0,0.1977678339999999,0.0,0.0
2018-04-05 02:00:00,17475.2,0.0,6.84,0.0,0.197335864,0.0,0.0
2018-04-05 03:00:00,17084.0,0.0,6.24,0.0,0.197807104,0.0,0.0
2018-04-05 04:00:00,17012.8,58.3,6.24,0.0,0.1952632806666666,51.19548104114016,37.54335276350279
2018-04-05 05:00:00,17385.600000000002,301.28,7.66,12.675513355481256,0.1835459853333333,81.92958633566941,60.08169664615757
2018-04-05 06:00:00,18892.0,558.89,11.67,2.9356908868621043,0.1691561483333333,106.6679614429776,78.22317172485023
2018-04-05 07:00:00,21523.2,785.71,13.26,0.6475405648993666,0.1580104496666666,125.4106063630648,91.96777799958085
2018-04-05 08:00:00,22712.800000000003,965.6,14.78,0.0,0.1489674413333333,138.15752109593092,101.31551547034934
2018-04-05 09:00:00,22767.2,1061.3,16.01,0.0,0.1438256893333333,144.90870564157598,106.26638413715573
2018-04-05 10:00:00,22500.800000000003,1072.44,16.98,0.0,0.142577776,145.66415999999998,106.82038399999996
2018-04-05 11:00:00,22475.2,1012.03,17.65,0.0,0.1446874476666666,140.42388417120296,102.97751505888216
2018-04-05 12:00:00,22288.0,843.08,18.05,0.0,0.1517451393333333,129.18787815518488,94.73777731380224
2018-04-05 13:00:00,22085.6,630.77,18.18,0.0,0.1609068303333333,111.95614195194575,82.10117076476021
2018-04-05 14:00:00,22016.800000000003,394.19,18.0,0.0,0.1713709763333333,88.72867556148555,65.06769541175606
2018-04-05 15:00:00,21959.2,145.44,17.46,0.0,0.182648884,59.50547898380435,43.63735125478986
2018-04-05 16:00:00,22008.0,0.0,16.16,0.0,0.190015936,0.0,0.0
2018-04-05 17:00:00,22292.800000000003,0.0,14.74,0.0,0.191131204,0.0,0.0
2018-04-05 18:00:00,22518.4,0.0,11.81,0.0,0.1934324259999999,0.0,0.0
2018-04-05 19:00:00,22635.2,0.0,10.05,0.0,0.19481473,0.0,0.0
2018-04-05 20:00:00,23449.6,0.0,8.49,0.0,0.1960399539999999,0.0,0.0
2018-04-05 21:00:00,23907.2,0.0,7.92,0.0,0.1964876319999999,0.0,0.0
2018-04-05 22:00:00,22806.4,0.0,7.55,0.0,0.1967782299999999,0.0,0.0
2018-04-05 23:00:00,20992.0,0.0,7.16,0.0,0.1970845359999999,0.0,0.0
2018-04-06 00:00:00,19294.4,0.0,6.54,0.0,0.197571484,0.0,0.0
2018-04-06 01:00:00,18067.2,0.0,5.77,0.0,0.198176242,0.0,0.0
2018-04-06 02:00:00,17411.2,0.0,5.07,0.0,0.1987260219999999,0.0,0.0
2018-04-06 03:00:00,17042.4,0.0,4.44,0.0,0.199220824,0.0,0.0
2018-04-06 04:00:00,17034.4,62.38,4.15,0.0,0.1967267426666666,52.009891332325495,38.14058697703868
2018-04-06 05:00:00,17513.600000000002,301.74,7.73,0.0,0.183470936,82.47903926830908,60.48462879675998
2018-04-06 06:00:00,19066.4,557.31,13.79,0.0,0.167560041,107.0041459410775,78.46970702345683
2018-04-06 07:00:00,21930.4,786.37,15.9,0.0,0.1559081956666666,125.58521135063086,92.09582165712928
2018-04-06 08:00:00,23572.0,959.43,17.4,0.0,0.147178911,138.22223549696906,101.3629726977773
2018-04-06 09:00:00,24212.800000000003,1046.54,18.41,0.0,0.1425847573333333,144.91521838009209,106.27116014540088
2018-04-06 10:00:00,24564.800000000003,1064.57,19.17,0.0,0.1412011443333333,145.66415999999998,106.82038399999998
2018-04-06 11:00:00,24890.4,997.27,19.76,2.905444085744396,0.1436742816666666,140.46906035669275,103.01064426157468
2018-04-06 12:00:00,25026.4,829.94,20.1,5.654970213431952,0.1507084113333333,129.3299194501704,94.84194093012492
2018-04-06 13:00:00,24896.800000000003,625.16,20.11,23.39502119223749,0.1596357913333333,112.24673728043292,82.31427400565079
2018-04-06 14:00:00,24672.0,394.29,19.8,49.07166518641908,0.169952893,89.21951384748021,65.42764348815214
2018-04-06 15:00:00,24566.4,154.0,18.86,69.2259868038759,0.1811758226666666,60.248249151312486,44.18204937762914
2018-04-06 16:00:00,24428.800000000003,0.0,16.8,159.59470769388284,0.1895132799999999,0.0,0.0
2018-04-06 17:00:00,24323.2,0.0,14.32,146.3146129083729,0.191461072,0.0,0.0
2018-04-06 18:00:00,24008.0,0.0,11.99,108.06165351939526,0.1932910539999999,0.0,0.0
2018-04-06 19:00:00,23928.0,0.0,10.61,112.7608079971022,0.194374906,0.0,0.0
2018-04-06 20:00:00,24550.4,0.0,9.31,129.65449558661825,0.1953959259999999,0.0,0.0
2018-04-06 21:00:00,24904.800000000003,0.0,8.81,178.9787365832951,0.195788626,0.0,0.0
2018-04-06 22:00:00,23888.800000000003,0.0,8.51,125.3865981133918,0.1960242459999999,0.0,0.0
2018-04-06 23:00:00,22200.800000000003,0.0,8.12,119.8736875868068,0.196330552,0.0,0.0
2018-04-07 00:00:00,20739.2,0.0,7.54,67.77238860352465,0.196786084,0.0,0.0
2018-04-07 01:00:00,19414.4,0.0,7.19,44.18906524837411,0.1970609739999999,0.0,0.0
2018-04-07 02:00:00,18782.4,0.0,6.65,10.963551458604831,0.19748509,0.0,0.0
2018-04-07 03:00:00,18478.4,0.0,6.12,17.10621871264105,0.1979013519999999,0.0,0.0
2018-04-07 04:00:00,18505.6,66.06,5.89,0.2675716371354787,0.195199576,52.66667768914677,38.6222303053743
2018-04-07 05:00:00,19039.2,304.37,8.95,0.0,0.1823979923333333,82.92214907890337,60.8095759911958
2018-04-07 06:00:00,20656.0,562.01,14.18,0.0,0.1670486583333333,107.27526406681416,78.66852698233039
2018-04-07 07:00:00,23332.800000000003,785.56,16.45,0.0,0.1555115686666666,125.7260226528793,92.19908327877816
2018-04-07 08:00:00,24720.0,958.2,18.27,0.0,0.146549282,138.27442483709862,101.401244880539
2018-04-07 09:00:00,25226.4,1050.73,19.52,0.0,0.1415301396666666,144.92047061947218,106.27501178761294
2018-04-07 10:00:00,25235.2,1067.59,20.34,0.0,0.1401504536666666,145.66415999999998,106.82038399999998
2018-04-07 11:00:00,25122.4,987.57,20.83,0.0,0.143257147,140.505492978682,103.03736151770016
2018-04-07 12:00:00,24904.0,833.25,20.87,0.0,0.149959227,129.4444695555183,94.9259443407134
2018-04-07 13:00:00,24534.4,631.77,20.68,0.0,0.158899697,112.48108973050886,82.48613246903983
2018-04-07 14:00:00,24108.800000000003,390.67,20.29,0.0,0.1697259996666666,89.61535350365358,65.71792590267928
2018-04-07 15:00:00,23829.6,147.7,19.24,4.9629681370444185,0.1811522606666666,60.847260874952624,44.62132464163193
2018-04-07 16:00:00,23888.800000000003,0.0,17.18,0.0,0.189214828,0.0,0.0
2018-04-07 17:00:00,24281.6,0.0,14.84,23.123868684047487,0.1910526639999999,0.0,0.0
2018-04-07 18:00:00,24592.800000000003,0.0,12.83,30.749734263164456,0.192631318,0.0,0.0
2018-04-07 19:00:00,24807.2,0.0,12.1,0.0,0.19320466,0.0,0.0
2018-04-07 20:00:00,25431.2,0.0,11.52,57.46797199805901,0.193660192,0.0,0.0
2018-04-07 21:00:00,25676.800000000003,0.0,10.86,62.34071911858567,0.194178556,0.0,0.0
2018-04-07 22:00:00,24872.0,0.0,9.95,68.82303657134837,0.19489327,0.0,0.0
2018-04-07 23:00:00,23553.6,0.0,8.88,67.41879641040038,0.195733648,0.0,0.0
2018-04-08 00:00:00,22056.800000000003,0.0,7.97,31.033820299117878,0.196448362,0.0,0.0
2018-04-08 01:00:00,20802.4,0.0,7.26,5.455888216526025,0.1970059959999999,0.0,0.0
2018-04-08 02:00:00,20076.800000000003,0.0,6.94,5.627178282258792,0.1972573239999999,0.0,0.0
2018-04-08 03:00:00,19743.2,0.0,6.53,0.0,0.1975793379999999,0.0,0.0
2018-04-08 04:00:00,19635.2,23.18,6.4,0.0,0.1966700193333333,37.86441819804887,27.7672400119025
2018-04-08 05:00:00,19901.6,156.73,9.58,0.0,0.1883452156666666,72.93560424381826,53.48610977880004
2018-04-08 06:00:00,20588.0,444.58,13.3,12.313786753800125,0.1728636726666666,101.16496532474326,74.18764123814505
2018-04-08 07:00:00,21542.4,669.41,16.34,44.06845233580219,0.1606659743333333,122.552501440824,89.87183438993759
2018-04-08 08:00:00,22204.0,859.97,18.25,60.87103394333879,0.1508510923333333,137.09821259206035,100.53868923417758
2018-04-08 09:00:00,22466.4,748.88,19.52,78.05699046862318,0.1547008613333333,144.80209877845238,106.18820577086504
2018-04-08 10:00:00,22225.6,992.49,20.47,133.09181054438318,0.143325215,145.66415999999998,106.82038399999998
2018-04-08 11:00:00,21786.4,787.72,20.32,154.5067018169593,0.1523778226666667,139.68439625670328,102.4352239215824
2018-04-08 12:00:00,21189.6,152.05,17.12,75.63714939669018,0.1826275036666666,126.86280754856224,93.0327255356123
2018-04-08 13:00:00,20594.4,187.9,16.6,77.67961331336949,0.1814716566666666,107.19939387557687,78.6128888420897
2018-04-08 14:00:00,20010.4,123.54,16.31,29.54296262827494,0.184507664,80.69415523774708,59.17571384101453
2018-04-08 15:00:00,19560.8,86.1,15.19,18.08340090899435,0.187020944,47.34709163507304,34.721200532386895
2018-04-08 16:00:00,19340.0,0.0,14.08,28.213626307672403,0.191649568,0.0,0.0
2018-04-08 17:00:00,19589.6,0.0,12.86,51.50578996458513,0.1926077559999999,0.0,0.0
2018-04-08 18:00:00,19960.800000000003,0.0,11.77,109.42333653989678,0.193463842,0.0,0.0
2018-04-08 19:00:00,20291.2,0.0,10.83,135.59924501278218,0.1942021179999999,0.0,0.0
2018-04-08 20:00:00,21120.0,0.0,9.18,137.8493121284761,0.195498028,0.0,0.0
2018-04-08 21:00:00,22112.800000000003,0.0,7.88,72.4165721786956,0.196519048,0.0,0.0
2018-04-08 22:00:00,21716.0,0.0,7.62,29.67238579631449,0.196723252,0.0,0.0
2018-04-08 23:00:00,20832.0,0.0,7.55,22.896329516520456,0.1967782299999999,0.0,0.0
2018-04-09 00:00:00,19776.0,0.0,7.26,43.95350077762096,0.1970059959999999,0.0,0.0
2018-04-09 01:00:00,18832.0,0.0,6.92,26.35862353364738,0.197273032,0.0,0.0
2018-04-09 02:00:00,18310.4,0.0,6.53,15.645730207575085,0.1975793379999999,0.0,0.0
2018-04-09 03:00:00,18109.6,0.0,6.01,29.73491830442051,0.197987746,0.0,0.0
2018-04-09 04:00:00,18120.8,43.86,6.03,4.178711820837937,0.19605828,29.72074820590694,21.795215350998426
2018-04-09 05:00:00,18384.8,216.77,8.85,2.850587592270532,0.1862988123333333,67.441366992568,49.45700246121654
2018-04-09 06:00:00,18989.6,78.81,12.22,0.9106224513729492,0.189671669,97.80329905083748,71.72241930394748
2018-04-09 07:00:00,19744.800000000003,598.22,13.66,2.7449683282581177,0.1658771033333333,120.80654438071548,88.59146587919136
2018-04-09 08:00:00,20228.800000000003,494.23,14.78,5.073643751234253,0.1695348856666666,136.4511029822019,100.06414218694806
2018-04-09 09:00:00,20272.0,642.82,15.51,0.3517355556643579,0.1624780666666666,144.73697485529672,106.1404482272176
2018-04-09 10:00:00,20004.800000000003,350.08,16.93,0.2112917547574256,0.1741360206666666,145.66415999999998,106.82038399999998
2018-04-09 11:00:00,19627.2,171.52,18.07,0.0,0.1810318326666666,139.2326584163117,102.10394950529523
2018-04-09 12:00:00,19256.8,407.68,17.98,9.24162839655525,0.1707980706666666,125.44247010423187,91.99114474310338
2018-04-09 13:00:00,18942.4,138.13,17.02,29.665187875180763,0.1833134196666666,104.2935950637605,76.48196971342438
2018-04-09 14:00:00,18658.4,355.09,15.46,45.53069410292116,0.1750719556666666,75.78603329489748,55.57642441625816
2018-04-09 15:00:00,18450.4,73.1,14.77,43.55939413830086,0.1879180453333333,39.91978479764303,29.27450885160489
2018-04-09 16:00:00,18467.2,0.0,13.53,54.04668946252439,0.192081538,0.0,0.0
2018-04-09 17:00:00,18884.0,0.0,11.99,30.053863493586555,0.1932910539999999,0.0,0.0
2018-04-09 18:00:00,19529.6,0.0,11.29,46.96729005587871,0.193840834,0.0,0.0
2018-04-09 19:00:00,20049.6,0.0,10.67,27.254990502215,0.1943277819999999,0.0,0.0
2018-04-09 20:00:00,21028.0,0.0,9.85,73.89271881409307,0.19497181,0.0,0.0
2018-04-09 21:00:00,22032.800000000003,0.0,9.43,24.25260273103306,0.195301678,0.0,0.0
2018-04-09 22:00:00,21280.800000000003,0.0,8.48,0.8257460807160647,0.196047808,0.0,0.0
2018-04-09 23:00:00,19832.800000000003,0.0,7.64,0.0,0.1967075439999999,0.0,0.0
2018-04-10 00:00:00,18460.8,0.0,7.09,0.0,0.197139514,0.0,0.0
2018-04-10 01:00:00,17460.8,0.0,6.26,0.0,0.197791396,0.0,0.0
2018-04-10 02:00:00,16879.2,0.0,5.49,0.0,0.198396154,0.0,0.0
2018-04-10 03:00:00,16731.2,0.0,5.2,0.0,0.1986239199999999,0.0,0.0
2018-04-10 04:00:00,16812.0,75.96,5.61,0.0,0.1949875179999999,48.396722802802365,35.4909300553884
2018-04-10 05:00:00,17426.4,291.98,8.6,0.0,0.1832134993333333,80.04136618613526,58.69700186983252
2018-04-10 06:00:00,19112.0,470.35,12.44,0.0,0.1724146856666666,105.51264802928148,77.37594188813975
2018-04-10 07:00:00,21499.2,0.0,14.08,0.0,0.191649568,0.0,0.0
2018-04-10 08:00:00,22703.2,933.58,15.92,0.0,0.1494692246666666,137.93512709501408,101.15242653634364
2018-04-10 09:00:00,22552.0,1028.89,17.26,0.0,0.1442580956666666,144.88632431760036,106.24997116624024
2018-04-10 10:00:00,22293.6,1051.23,18.15,3.467139354563741,0.142584321,145.66415999999998,106.82038399999996
2018-04-10 11:00:00,22266.4,689.5,18.43,2.3137980776687024,0.1581478946666666,140.26863414221296,102.86366503762284
2018-04-10 12:00:00,22251.2,579.78,15.79,4.778502466095397,0.1650087999999999,128.6997467442393,94.3798142791088
2018-04-10 13:00:00,22132.800000000003,403.09,15.83,7.792311822764685,0.1726869576666666,110.957497806079,81.36883172445793
2018-04-10 14:00:00,22197.6,352.36,16.01,8.156835006225254,0.1747591046666666,87.04188732773198,63.83071737367012
2018-04-10 15:00:00,22288.0,43.57,15.85,5.560958165504546,0.1883583056666666,56.95291530919842,41.7654712267455
2018-04-10 16:00:00,22510.4,0.0,14.77,9.245472086440648,0.1911076419999999,0.0,0.0
2018-04-10 17:00:00,22860.0,0.0,12.9,18.260624334768995,0.1925763399999999,0.0,0.0
2018-04-10 18:00:00,23188.0,0.0,11.75,4.5377744340237145,0.19347955,0.0,0.0
2018-04-10 19:00:00,23094.4,0.0,10.7,1.8279035480515156,0.19430422,0.0,0.0
2018-04-10 20:00:00,23592.800000000003,0.0,10.35,0.0,0.19457911,0.0,0.0
2018-04-10 21:00:00,24192.0,0.0,9.79,0.0,0.195018934,0.0,0.0
2018-04-10 22:00:00,23014.4,0.0,9.7,0.0,0.19508962,0.0,0.0
2018-04-10 23:00:00,21187.2,0.0,9.57,0.0,0.195191722,0.0,0.0
2018-04-11 00:00:00,19384.8,0.0,8.66,0.0,0.195906436,0.0,0.0
2018-04-11 01:00:00,17984.8,0.0,8.05,0.0,0.1963855299999999,0.0,0.0
2018-04-11 02:00:00,17149.600000000002,0.0,8.12,0.0,0.196330552,0.0,0.0
2018-04-11 03:00:00,16705.600000000002,0.0,8.82,0.0,0.195780772,0.0,0.0
2018-04-11 04:00:00,16570.4,50.54,9.31,0.0,0.1931906973333333,38.008214808903126,27.87269085986229
2018-04-11 05:00:00,16942.4,132.64,11.65,0.0,0.1877705646666666,73.03261857479205,53.55725362151416
2018-04-11 06:00:00,18288.8,419.4,15.41,0.0,0.172305166,101.22432384706516,74.23117082118111
2018-04-11 07:00:00,20474.4,725.38,17.06,0.0,0.1576583286666666,122.58333062572255,89.89444245886321
2018-04-11 08:00:00,21640.0,923.17,18.4,0.0,0.1479756556666666,137.10963891076418,100.54706853456038
2018-04-11 09:00:00,22087.2,881.6,19.2,0.0,0.1491611733333333,144.80324870219,106.18904904827264
2018-04-11 10:00:00,22300.0,0.0,19.38,0.0,0.187486948,0.0,0.0
2018-04-11 11:00:00,22622.4,652.29,19.67,0.0,0.158797595,139.69237280419426,102.44107338974244
2018-04-11 12:00:00,22900.0,287.21,20.11,0.7595936338914577,0.1743816763333333,126.88788711477272,93.05111721749998
2018-04-11 13:00:00,23212.0,324.02,20.05,7.972018910168423,0.1728226573333333,107.25070293173545,78.65051548327264
2018-04-11 14:00:00,23730.4,240.49,19.88,2.6355623894724367,0.1766008676666666,80.78082025508229,59.23926818706035
2018-04-11 15:00:00,24038.4,103.42,19.31,0.0,0.1830293666666666,47.47823908481348,34.817375328863214
2018-04-11 16:00:00,24397.6,0.88,17.64,0.0,0.1888151466666666,0.0,0.0
2018-04-11 17:00:00,24834.4,0.0,15.91,0.0,0.1902122859999999,0.0,0.0
2018-04-11 18:00:00,25145.6,0.0,13.94,0.0,0.191759524,0.0,0.0
2018-04-11 19:00:00,24987.2,0.0,15.47,0.0,0.190557862,0.0,0.0
2018-04-11 20:00:00,25185.6,0.0,15.05,3.36851040848602,0.19088773,0.0,0.0
2018-04-11 21:00:00,25662.4,0.0,14.48,0.5523572920812012,0.191335408,0.0,0.0
2018-04-11 22:00:00,24412.0,0.0,13.35,0.8955695146736163,0.19222291,0.0,0.0
2018-04-11 23:00:00,22347.2,0.0,13.17,3.917092769770547,0.192364282,0.0,0.0
2018-04-12 00:00:00,20416.800000000003,0.0,12.81,0.0,0.192647026,0.0,0.0
2018-04-12 01:00:00,18876.0,0.0,12.67,0.0,0.192756982,0.0,0.0
2018-04-12 02:00:00,17882.4,0.0,12.56,0.0,0.1928433759999999,0.0,0.0
2018-04-12 03:00:00,17361.600000000002,0.0,12.25,0.0,0.19308685,0.0,0.0
2018-04-12 04:00:00,17087.2,33.37,11.05,0.0,0.1925732856666666,35.221661934252026,25.82921875178483
2018-04-12 05:00:00,17383.2,76.95,11.62,0.0,0.190224067,71.15263293916836,52.178597488723454
2018-04-12 06:00:00,18638.4,435.28,13.9,0.0,0.1727982226666666,100.07404874650132,73.38763574743429
2018-04-12 07:00:00,20700.800000000003,547.15,16.62,0.0,0.1657806736666666,121.985909356251,89.4563335279174
2018-04-12 08:00:00,22018.4,577.17,18.41,0.0,0.163064935,136.88821476841736,100.38469083017272
2018-04-12 09:00:00,22662.4,879.84,19.36,0.0,0.149112304,144.78096498300036,106.17270765420024
2018-04-12 10:00:00,23168.800000000003,799.58,20.16,0.0,0.1519859953333333,145.66415999999998,106.82038399999996
2018-04-12 11:00:00,23699.2,900.87,20.46,0.0,0.147330755,139.5377998194163,102.32771986757194
2018-04-12 12:00:00,23725.6,802.87,20.16,0.0,0.1518424416666667,126.4018844412493,92.69471525691614
2018-04-12 13:00:00,23592.800000000003,513.89,18.75,0.0,0.1655590163333333,106.25641386549896,77.92137016803258
2018-04-12 14:00:00,23401.6,146.31,18.91,0.0,0.181472093,79.10138809216522,58.007684600921166
2018-04-12 15:00:00,23377.6,38.94,18.46,0.0,0.1865104339999999,44.936807121248265,32.95365855558207
2018-04-12 16:00:00,23568.0,0.88,16.23,2.476118965411916,0.1899225606666666,0.0,0.0
2018-04-12 17:00:00,23840.800000000003,0.0,15.05,12.35777590171387,0.19088773,0.0,0.0
2018-04-12 18:00:00,24088.800000000003,0.0,13.62,0.0,0.192010852,0.0,0.0
2018-04-12 19:00:00,23974.4,0.0,11.89,0.0,0.193369594,0.0,0.0
2018-04-12 20:00:00,24049.6,0.0,10.92,0.0,0.194131432,0.0,0.0
2018-04-12 21:00:00,24519.2,0.0,10.34,0.0,0.194586964,0.0,0.0
2018-04-12 22:00:00,23343.2,0.0,10.28,0.0,0.1946340879999999,0.0,0.0
2018-04-12 23:00:00,21335.2,0.0,11.23,0.0,0.193887958,0.0,0.0
2018-04-13 00:00:00,19457.6,0.0,11.0,0.0,0.1940686,0.0,0.0
2018-04-13 01:00:00,18116.0,0.0,11.07,0.0,0.194013622,0.0,0.0
2018-04-13 02:00:00,17254.4,0.0,10.97,0.0,0.1940921619999999,0.0,0.0
2018-04-13 03:00:00,16798.4,0.0,10.7,0.0,0.19430422,0.0,0.0
2018-04-13 04:00:00,16681.600000000002,71.16,10.58,0.0,0.19129352,52.1302401422785,38.228842771004246
2018-04-13 05:00:00,17014.4,293.65,12.23,0.0,0.1802896296666666,82.56023422284746,60.544171763421474
2018-04-13 06:00:00,18355.2,544.38,15.66,0.0,0.166655522,107.05382532837024,78.50613857413816
2018-04-13 07:00:00,20296.800000000003,771.9,17.16,0.0,0.1555499659999999,125.61101345884693,92.1147432031544
2018-04-13 08:00:00,21578.4,936.62,18.35,0.0,0.1474280573333333,138.23179861427744,101.36998565047011
2018-04-13 09:00:00,22004.0,1023.59,19.01,0.0,0.1431149023333333,144.9161807946618,106.27186591608532
2018-04-13 10:00:00,22154.4,1017.01,19.62,0.0,0.1429229156666666,145.66415999999998,106.82038399999998
2018-04-13 11:00:00,22214.4,983.22,20.11,0.0,0.14401244,140.47573623029206,103.01553990221416
2018-04-13 12:00:00,21864.0,840.85,20.17,0.0,0.1501773936666666,129.35090948553795,94.85733362272782
2018-04-13 13:00:00,21603.2,633.65,20.05,0.0,0.1593124683333333,112.28967976573774,82.34576516154101
2018-04-13 14:00:00,21566.4,394.44,19.92,0.0,0.1698521,89.2920470708913,65.48083451865364
2018-04-13 15:00:00,21550.4,154.24,19.31,6.013668384505603,0.1808119206666666,60.35801140099881,44.2625416940658
2018-04-13 16:00:00,21664.0,5.25,17.76,13.21448005180706,0.188530221,52.1302401422785,38.228842771004246
2018-04-13 17:00:00,21981.6,0.0,15.84,6.845559406261114,0.190267264,0.0,0.0
2018-04-13 18:00:00,22228.0,0.0,14.15,2.662968474189037,0.19159459,0.0,0.0
2018-04-13 19:00:00,22155.2,0.0,12.55,0.925805992457066,0.1928512299999999,0.0,0.0
2018-04-13 20:00:00,22584.0,0.0,11.28,1.0491883051851465,0.193848688,0.0,0.0
2018-04-13 21:00:00,23051.2,0.0,10.31,1.109972097293641,0.1946105259999999,0.0,0.0
2018-04-13 22:00:00,22111.2,0.0,9.6,5.503725979218633,0.1951681599999999,0.0,0.0
2018-04-13 23:00:00,20520.800000000003,0.0,9.26,6.643200082211617,0.1954351959999999,0.0,0.0
2018-04-14 00:00:00,18908.8,0.0,8.91,7.197975686374771,0.195710086,0.0,0.0
2018-04-14 01:00:00,17662.4,0.0,8.33,6.585371983823405,0.1961656179999999,0.0,0.0
2018-04-14 02:00:00,16979.2,0.0,7.82,5.223299139066797,0.1965661719999999,0.0,0.0
2018-04-14 03:00:00,16650.4,0.0,7.26,1.148498970161821,0.1970059959999999,0.0,0.0
2018-04-14 04:00:00,16597.600000000002,82.79,7.23,0.0,0.1934171543333333,54.27717594900872,39.80326236260638
2018-04-14 05:00:00,16941.600000000002,315.29,10.99,0.0,0.1803193003333333,84.00869354115999,61.60637526351731
2018-04-14 06:00:00,18021.6,566.45,15.31,0.0,0.1659674243333333,107.94006969985014,79.15605111322341
2018-04-14 07:00:00,19493.6,791.83,16.91,0.0,0.1548767036666666,126.07130442507926,92.45228991172478
2018-04-14 08:00:00,20549.6,965.72,18.33,0.0,0.1461740353333333,138.40239771684728,101.49509165902133
2018-04-14 09:00:00,21259.2,1054.66,19.28,0.0,0.1415471566666666,144.93334957515418,106.28445635511306
2018-04-14 10:00:00,21515.2,1002.35,19.8,0.0,0.1434212083333333,145.66415999999998,106.82038399999996
2018-04-14 11:00:00,21368.0,955.12,19.95,6.434117142147356,0.1453642006666666,140.5948289913847,103.10287459368212
2018-04-14 12:00:00,20954.4,832.45,20.13,9.04458265365428,0.1505753296666666,129.72535654930834,95.13192813615944
2018-04-14 13:00:00,20584.0,547.41,19.95,19.670142466097417,0.163153947,113.05574267377092,82.90754462743199
2018-04-14 14:00:00,20371.2,220.56,19.56,38.68660458792318,0.1777218079999999,90.58598736477232,66.42972406749968
2018-04-14 15:00:00,20212.0,14.83,18.5,53.87468490840976,0.1875310176666666,62.31609062231272,45.698466456362645
2018-04-14 16:00:00,20242.4,0.88,17.38,154.26497289501208,0.1890193506666666,0.0,0.0
2018-04-14 17:00:00,20537.6,0.0,15.81,178.56903394306798,0.190290826,0.0,0.0
2018-04-14 18:00:00,20902.4,0.0,14.49,171.49925095905684,0.1913275539999999,0.0,0.0
2018-04-14 19:00:00,20851.2,0.0,13.78,176.68114803460054,0.191885188,0.0,0.0
2018-04-14 20:00:00,21011.2,0.0,12.71,153.11257814474612,0.192725566,0.0,0.0
2018-04-14 21:00:00,21632.800000000003,0.0,11.91,172.86550428064007,0.193353886,0.0,0.0
2018-04-14 22:00:00,20925.6,0.0,11.03,173.30009505912005,0.194045038,0.0,0.0
2018-04-14 23:00:00,19684.0,0.0,10.16,177.76438212790993,0.194728336,0.0,0.0
2018-04-15 00:00:00,18334.4,0.0,9.26,178.83320219473032,0.1954351959999999,0.0,0.0
2018-04-15 01:00:00,17146.4,0.0,8.45,176.6212249623242,0.19607137,0.0,0.0
2018-04-15 02:00:00,16440.0,0.0,7.6,178.60240805149908,0.19673896,0.0,0.0
2018-04-15 03:00:00,16043.2,0.0,6.77,178.6905894044702,0.1973908419999999,0.0,0.0
2018-04-15 04:00:00,15856.0,87.67,6.45,177.6676056994295,0.1938168356666666,54.61985349404097,40.05455922896338
2018-04-15 05:00:00,15995.2,327.95,9.59,148.39828227167726,0.1808664623333333,84.2398855878539,61.77591609775953
2018-04-15 06:00:00,16449.600000000002,576.62,11.88,74.01005553603551,0.1682175953333333,108.08152527787225,79.25978520377296
2018-04-15 07:00:00,17147.2,803.25,13.64,95.1074442343756,0.156946669,126.14477256409609,92.50616654700376
2018-04-15 08:00:00,17908.8,972.12,15.06,148.87403000552365,0.14846304,138.4296274465253,101.51506012745187
2018-04-15 09:00:00,18958.4,1073.61,16.28,165.98773455614378,0.143076505,144.93608992515993,106.28646594511729
2018-04-15 10:00:00,19736.800000000003,1087.72,17.33,157.19696045145065,0.1416361686666666,145.66415999999998,106.82038399999996
2018-04-15 11:00:00,20048.800000000003,1010.77,18.11,112.90942158056036,0.1443811416666666,140.61383767104547,103.1168142921
2018-04-15 12:00:00,19923.2,889.06,18.64,131.57097921458765,0.1492754926666666,129.78512293829635,95.17575682141732
2018-04-15 13:00:00,19676.0,659.62,18.8,134.9124148321482,0.1591610606666666,113.17801580175274,82.997211587952
2018-04-15 14:00:00,19390.4,412.02,18.6,148.95228277338546,0.170121754,90.79251626141443,66.58117859170392
2018-04-15 15:00:00,19313.6,155.73,17.93,125.97942799007502,0.181830759,62.62862431728165,45.92765783267321
2018-04-15 16:00:00,19387.2,3.5,16.27,178.53546586960377,0.1897768253333333,54.61985349404097,40.05455922896338
2018-04-15 17:00:00,19714.4,0.0,14.1,178.90991536514568,0.19163386,0.0,0.0
2018-04-15 18:00:00,20080.0,0.0,12.45,178.95122991710136,0.1929297699999999,0.0,0.0
2018-04-15 19:00:00,20292.0,0.0,11.68,178.72813376110386,0.193534528,0.0,0.0
2018-04-15 20:00:00,20789.6,0.0,10.63,178.20064585479656,0.1943591979999999,0.0,0.0
2018-04-15 21:00:00,21472.800000000003,0.0,9.63,143.09706033260642,0.195144598,0.0,0.0
2018-04-15 22:00:00,20909.6,0.0,8.55,167.9884959908021,0.19599283,0.0,0.0
2018-04-15 23:00:00,19777.6,0.0,7.47,29.86554466180323,0.196841062,0.0,0.0
2018-04-16 00:00:00,18468.0,0.0,6.43,18.40499644848939,0.1976578779999999,0.0,0.0
2018-04-16 01:00:00,17109.600000000002,0.0,5.45,24.697169070528226,0.19842757,0.0,0.0
2018-04-16 02:00:00,16253.6,0.0,4.57,19.952217630188848,0.199118722,0.0,0.0
2018-04-16 03:00:00,15720.0,0.0,3.77,7.004013684422647,0.1997470419999999,0.0,0.0
2018-04-16 04:00:00,15422.4,25.03,3.76,9.725859827552606,0.1986627536666666,37.79606755941781,27.71711621023973
2018-04-16 05:00:00,15404.0,168.47,8.07,23.08229803763459,0.1890189143333333,72.88949055978196,53.45229307717344
2018-04-16 06:00:00,15665.6,379.97,10.83,21.683769237687592,0.1776227603333333,101.13675052270588,74.16695038331764
2018-04-16 07:00:00,16024.0,432.27,13.1,23.46924463961645,0.173557879,122.53784744818972,89.86108812867245
2018-04-16 08:00:00,16728.8,653.51,14.77,0.0,0.1625928223333333,137.09278133623334,100.53470631323778
2018-04-16 09:00:00,17873.600000000002,830.68,16.17,0.0,0.1537627446666666,144.80155218683677,106.18780493701362
2018-04-16 10:00:00,18864.0,682.12,17.31,0.0,0.1593495566666666,145.66415999999998,106.82038399999998
2018-04-16 11:00:00,19483.2,897.65,18.16,2.2055849101824707,0.1492776743333333,139.68060477572303,102.43244350219688
2018-04-16 12:00:00,20040.0,722.34,18.71,0.0,0.156495064,126.85088651400592,93.02398344360434
2018-04-16 13:00:00,20446.4,466.2,18.95,0.6254107931474964,0.16748281,107.17500521484864,78.59500382422233
2018-04-16 14:00:00,20862.4,208.71,18.82,4.265911983507147,0.178820059,80.65296087825111,59.14550464405081
2018-04-16 15:00:00,21240.800000000003,68.45,18.29,10.227167000506816,0.1853563323333333,47.2847535042135,34.6754859030899
2018-04-16 16:00:00,21524.800000000003,4.37,16.59,13.019746735779794,0.1894875363333333,37.79606755941781,27.71711621023973
2018-04-16 17:00:00,21642.4,0.0,13.24,17.864917483929435,0.192309304,0.0,0.0
2018-04-16 18:00:00,21752.0,0.0,10.7,24.61989218923669,0.19430422,0.0,0.0
2018-04-16 19:00:00,21943.2,0.0,9.21,31.853598356119235,0.1954744659999999,0.0,0.0
2018-04-16 20:00:00,22326.4,0.0,7.83,23.674042922416405,0.196558318,0.0,0.0
2018-04-16 21:00:00,23242.4,0.0,6.94,0.0,0.1972573239999999,0.0,0.0
2018-04-16 22:00:00,22612.800000000003,0.0,6.4,0.0,0.19768144,0.0,0.0
2018-04-16 23:00:00,21154.4,0.0,6.16,3.554648649003745,0.197869936,0.0,0.0
2018-04-17 00:00:00,19508.0,0.0,6.15,0.0,0.19787779,0.0,0.0
2018-04-17 01:00:00,18232.8,0.0,6.05,21.367371354927016,0.1979563299999999,0.0,0.0
2018-04-17 02:00:00,17331.2,0.0,5.45,17.39137307162589,0.19842757,0.0,0.0
2018-04-17 03:00:00,16748.0,0.0,4.09,33.12926697674883,0.199495714,0.0,0.0
2018-04-17 04:00:00,16607.2,41.72,4.02,58.11085697598219,0.1977303093333333,46.37533039828289,34.00857562540745
2018-04-17 05:00:00,16945.600000000002,249.24,9.04,66.13024426861773,0.184732812,78.67760642437898,57.69691137787792
2018-04-17 06:00:00,18190.4,533.41,14.58,46.1231542337609,0.1679824116666666,104.67822734681776,76.76403338766634
2018-04-17 07:00:00,19944.800000000003,794.43,15.6,0.0,0.155792131,124.3771931655993,91.2099416547728
2018-04-17 08:00:00,21464.0,952.27,17.11,0.0,0.1477190916666666,137.7745038807235,101.03463617919724
2018-04-17 09:00:00,22577.6,1005.61,18.43,0.3871374652787607,0.1443549616666666,144.8701594921904,106.2381169609396
2018-04-17 10:00:00,23170.4,1071.55,19.55,0.0,0.1405981316666666,145.66415999999998,106.82038399999996
2018-04-17 11:00:00,23603.2,1026.38,20.31,9.591657239880288,0.1419721453333333,140.15650540415228,102.78143729637831
2018-04-17 12:00:00,23585.6,882.62,20.81,0.0,0.1478521733333333,128.34719570464728,94.12127685007464
2018-04-17 13:00:00,23504.0,666.84,20.92,0.0,0.15718098,110.236230901485,80.83990266108898
2018-04-17 14:00:00,23344.800000000003,413.17,20.8,0.0,0.1683436956666666,85.82361099466534,62.937314729421246
2018-04-17 15:00:00,23083.2,161.36,20.29,2.2346027609760903,0.1797315593333333,55.10933598418849,40.41351305507156
2018-04-17 16:00:00,22936.0,10.5,18.07,17.840502135443895,0.188057672,46.37533039828289,34.00857562540745
2018-04-17 17:00:00,22995.2,0.0,14.82,14.232572201180746,0.191068372,0.0,0.0
2018-04-17 18:00:00,23181.6,0.0,12.39,84.53265249620264,0.192976894,0.0,0.0
2018-04-17 19:00:00,23149.6,0.0,10.81,46.211365893768345,0.1942178259999999,0.0,0.0
2018-04-17 20:00:00,23368.800000000003,0.0,9.53,18.86404197460192,0.195223138,0.0,0.0
2018-04-17 21:00:00,23886.4,0.0,8.55,2.78866236140541,0.19599283,0.0,0.0
2018-04-17 22:00:00,22723.2,0.0,7.89,0.0,0.196511194,0.0,0.0
2018-04-17 23:00:00,20798.4,0.0,7.67,0.0,0.1966839819999999,0.0,0.0
2018-04-18 00:00:00,19052.0,0.0,7.58,2.8596480702070752,0.196754668,0.0,0.0
2018-04-18 01:00:00,17749.600000000002,0.0,7.4,16.558414484514866,0.19689604,0.0,0.0
2018-04-18 02:00:00,16945.600000000002,0.0,6.97,16.258358155755534,0.197233762,0.0,0.0
2018-04-18 03:00:00,16572.8,0.0,6.37,39.50392171357266,0.197705002,0.0,0.0
2018-04-18 04:00:00,16465.600000000002,94.37,6.56,37.197416834783226,0.1934380983333333,54.83449812748301,40.21196529348754
2018-04-18 05:00:00,16835.2,321.67,11.36,64.43169853905849,0.1797503216666666,84.38469849677288,61.882112230966776
2018-04-18 06:00:00,18276.0,565.48,17.0,46.1231542337609,0.1646824226666666,108.1701295098479,79.32476164055512
2018-04-18 07:00:00,20283.2,795.09,18.59,42.457530309745344,0.1534149869999999,126.19079116670818,92.53991352225266
2018-04-18 08:00:00,21496.0,970.85,20.29,31.18795885530287,0.1444108123333333,138.4466834673536,101.52756787605932
2018-04-18 09:00:00,21761.6,1065.6,21.56,7.0345018053173165,0.139279096,144.9378064117842,106.2877247019751
2018-04-18 10:00:00,21672.0,1089.61,22.49,1.7138727555184532,0.1375010376666666,145.66415999999998,106.82038399999998
2018-04-18 11:00:00,21706.4,1018.94,23.13,1.4197843557643413,0.1400819493333333,140.62574423200095,103.12554577013402
2018-04-18 12:00:00,21708.0,856.05,23.44,11.881658422024012,0.1469459089999999,129.82255910778707,95.20321001237718
2018-04-18 13:00:00,21706.4,672.45,23.44,17.737741582635454,0.154956989,113.25460462735845,83.05337672672951
2018-04-18 14:00:00,21829.6,426.3,23.15,13.437217069423998,0.1659251,90.92188079071492,66.67604591319092
2018-04-18 15:00:00,21940.800000000003,160.7,22.42,53.87056315146583,0.1780874553333333,62.82438759785663,46.07121757176153
2018-04-18 16:00:00,22080.0,11.37,20.18,124.58719547693022,0.1863625169999999,54.83449812748301,40.21196529348754
2018-04-18 17:00:00,22335.2,0.0,17.91,99.81161149589532,0.188641486,0.0,0.0
2018-04-18 18:00:00,22534.4,0.0,17.12,84.53265249620264,0.189261952,0.0,0.0
2018-04-18 19:00:00,22464.0,0.0,16.05,85.99747642281885,0.19010233,0.0,0.0
2018-04-18 20:00:00,22726.4,0.0,13.71,158.5524972049801,0.191940166,0.0,0.0
2018-04-18 21:00:00,23476.0,0.0,11.61,120.19347531158316,0.193589506,0.0,0.0
2018-04-18 22:00:00,22442.4,0.0,10.57,178.5644757648006,0.194406322,0.0,0.0
2018-04-18 23:00:00,20560.800000000003,0.0,9.62,178.82377064501745,0.1951524519999999,0.0,0.0
2018-04-19 00:00:00,18852.0,0.0,9.04,178.8899612124112,0.195607984,0.0,0.0
2018-04-19 01:00:00,17637.600000000002,0.0,8.55,178.92069254727286,0.19599283,0.0,0.0
2018-04-19 02:00:00,16951.2,0.0,7.8,178.94731424800486,0.19658188,0.0,0.0
2018-04-19 03:00:00,16644.0,0.0,7.36,178.96250413462448,0.196927456,0.0,0.0
2018-04-19 04:00:00,16579.2,94.27,7.49,178.95714585059736,0.1927120396666666,54.75362402687035,40.15265761970492
2018-04-19 05:00:00,17025.600000000002,321.62,11.42,179.0,0.1797053793333333,84.33013568950341,61.84209950563582
2018-04-19 06:00:00,18465.6,564.68,13.98,178.266739439674,0.1670892373333333,108.13674508529186,79.30027972921403
2018-04-19 07:00:00,20720.800000000003,796.48,15.89,117.18034975742154,0.1554749166666666,126.1734522142358,92.52719829043956
2018-04-19 08:00:00,22031.2,960.78,17.47,54.63718569740858,0.147065028,138.44025707633514,101.5228551893124
2018-04-19 09:00:00,22305.6,1065.42,18.8,85.41835138797408,0.1414546539999999,144.93715967158985,106.28725042583255
2018-04-19 10:00:00,22279.2,1078.19,19.84,105.20857336280372,0.1400806403333333,145.66415999999998,106.82038399999996
2018-04-19 11:00:00,22252.0,1001.6,20.5,128.6501204018977,0.1429041533333333,140.62125806156556,103.12225591181472
2018-04-19 12:00:00,22206.4,865.54,20.77,137.48033002229243,0.1486288466666666,129.80845385628655,95.19286616127678
2018-04-19 13:00:00,22139.2,653.07,20.64,116.59507239419762,0.158001723,113.22574738416296,83.03221474838617
2018-04-19 14:00:00,22332.0,406.39,20.13,140.38441085965763,0.1691657476666666,90.87313864519471,66.6403016731428
2018-04-19 15:00:00,22336.800000000003,163.22,19.13,136.0093477058894,0.1805614653333333,62.75062763938201,46.0171269355468
2018-04-19 16:00:00,22436.0,13.12,17.29,148.21411247317064,0.1885559646666666,54.75362402687035,40.15265761970492
2018-04-19 17:00:00,22596.800000000003,0.0,14.91,137.6889272920989,0.1909976859999999,0.0,0.0
2018-04-19 18:00:00,23002.4,0.0,12.99,172.70556798840107,0.192505654,0.0,0.0
2018-04-19 19:00:00,23063.2,0.0,12.11,167.67417565538346,0.193196806,0.0,0.0
2018-04-19 20:00:00,23582.4,0.0,10.77,132.5623951105641,0.194249242,0.0,0.0
2018-04-19 21:00:00,23835.2,0.0,9.67,121.25698558563462,0.195113182,0.0,0.0
2018-04-19 22:00:00,22718.4,0.0,8.77,108.41757935431858,0.195820042,0.0,0.0
2018-04-19 23:00:00,20889.6,0.0,7.99,64.9866870501519,0.196432654,0.0,0.0
2018-04-20 00:00:00,19184.8,0.0,7.24,28.75281576071537,0.197021704,0.0,0.0
2018-04-20 01:00:00,17925.600000000002,0.0,6.47,0.4044579128768196,0.197626462,0.0,0.0
2018-04-20 02:00:00,17248.0,0.0,5.6,0.0,0.19830976,0.0,0.0
2018-04-20 03:00:00,16878.4,0.0,4.65,0.0,0.19905589,0.0,0.0
2018-04-20 04:00:00,16795.2,104.08,4.78,57.28509327930088,0.1944124306666666,72.96359983218561,53.5066398769361
2018-04-20 05:00:00,17187.2,345.21,8.03,1.3985031336755964,0.181338575,96.61574248723342,70.85154449063783
2018-04-20 06:00:00,18599.2,588.55,9.83,20.86839327771644,0.1693071196666666,115.65373209144973,84.81273686706311
2018-04-20 07:00:00,20932.800000000003,757.03,11.8,45.03969586838223,0.1604085376666666,130.07756864483457,95.390217006212
2018-04-20 08:00:00,22372.0,518.5,12.8,136.5514799721622,0.1700309966666666,139.88725214738787,102.58398490808445
2018-04-20 09:00:00,22824.800000000003,455.1,12.97,104.79335484196022,0.172663832,145.0827825991097,106.39404057268044
2018-04-20 10:00:00,22823.2,528.29,12.16,0.0,0.1701064823333333,145.66415999999998,106.82038399999998
2018-04-20 11:00:00,22807.2,349.36,10.66,128.52683137801588,0.1790918946666666,141.6313843500588,103.86301519004311
2018-04-20 12:00:00,22643.2,349.23,9.76,118.68385758523829,0.179804427,132.98445564928608,97.52193414280978
2018-04-20 13:00:00,22687.2,156.68,8.93,123.27029413334311,0.1888579073333333,119.72337389768192,87.79714085830005
2018-04-20 14:00:00,22948.0,63.04,8.34,149.99126859362076,0.1934071186666666,101.84813909524615,74.68863533651384
2018-04-20 15:00:00,23134.4,123.26,7.78,176.17864524906193,0.1912193433333333,79.35875124197901,58.19641757745126
2018-04-20 16:00:00,23423.2,13.99,7.11,166.6831598122871,0.1965133756666666,72.96359983218561,53.5066398769361
2018-04-20 17:00:00,23852.800000000003,0.0,6.44,173.67692062631198,0.1976500239999999,0.0,0.0
2018-04-20 18:00:00,23981.6,0.0,5.88,130.37300268164756,0.198089848,0.0,0.0
2018-04-20 19:00:00,23797.6,0.0,5.32,178.9028720098976,0.198529672,0.0,0.0
2018-04-20 20:00:00,24144.0,0.0,4.73,122.66798421568885,0.1989930579999999,0.0,0.0
2018-04-20 21:00:00,24497.6,0.0,4.04,69.64016276266888,0.199534984,0.0,0.0
2018-04-20 22:00:00,23279.2,0.0,3.45,177.2717473134082,0.1999983699999999,0.0,0.0
2018-04-20 23:00:00,21349.6,0.0,2.97,74.80220266799444,0.200375362,0.0,0.0
2018-04-21 00:00:00,19520.8,0.0,2.71,164.2099844177809,0.200579566,0.0,0.0
2018-04-21 01:00:00,18128.8,0.0,2.41,103.17926269990114,0.200815186,0.0,0.0
2018-04-21 02:00:00,17290.4,0.0,2.14,84.88138344069573,0.201027244,0.0,0.0
2018-04-21 03:00:00,16857.600000000002,0.0,1.91,46.32544460930268,0.201207886,0.0,0.0
2018-04-21 04:00:00,16715.2,102.65,2.2,45.48687315905918,0.1965011583333333,67.78183025959082,49.70667552369993
2018-04-21 05:00:00,17104.8,317.33,4.2,29.56018308633038,0.1855631543333333,93.1197914675314,68.28784707618968
2018-04-21 06:00:00,18333.6,456.67,6.28,30.48005013088572,0.1778496536666666,113.514723508323,83.24413057277019
2018-04-21 07:00:00,20637.6,625.15,8.67,18.43943130319308,0.1686212036666666,128.9666263819657,94.5755260134415
2018-04-21 08:00:00,22117.6,409.59,9.93,47.511334696145376,0.1770372009999999,139.47550008845943,102.28203339820357
2018-04-21 09:00:00,22783.2,615.3,10.24,71.74096772432654,0.167817914,145.0413446278042,106.3636527270564
2018-04-21 10:00:00,23050.4,499.43,11.04,58.136078491634585,0.1722453883333333,145.66415999999998,106.82038399999998
2018-04-21 11:00:00,23326.4,707.57,12.19,80.42965560776982,0.1622603363333333,141.34394620504685,103.65222721703434
2018-04-21 12:00:00,23360.800000000003,669.49,12.66,74.61078342639229,0.1635527556666666,132.08070324294474,96.85918237815946
2018-04-21 13:00:00,23304.800000000003,375.83,12.86,58.276406131353866,0.1762090403333333,117.8744311136937,86.44124948337537
2018-04-21 14:00:00,23334.4,186.73,12.42,42.65815076758409,0.1848056796666666,98.72512981729363,72.39842853268199
2018-04-21 15:00:00,23209.6,141.11,11.91,33.868934444559684,0.1871967863333333,74.6327993537447,54.73071952607945
2018-04-21 16:00:00,23136.800000000003,15.74,11.04,29.86523856073609,0.1933503953333333,67.78183025959082,49.70667552369993
2018-04-21 17:00:00,23183.2,0.0,9.35,19.065839860802956,0.1953645099999999,0.0,0.0
2018-04-21 18:00:00,22993.6,0.0,8.06,26.8249094107445,0.196377676,0.0,0.0
2018-04-21 19:00:00,22838.4,0.0,6.91,23.049963460550163,0.197280886,0.0,0.0
2018-04-21 20:00:00,22892.800000000003,0.0,5.94,10.534442465325332,0.1980427239999999,0.0,0.0
2018-04-21 21:00:00,23242.4,0.0,5.08,6.07375094756046,0.198718168,0.0,0.0
2018-04-21 22:00:00,22393.6,0.0,4.31,0.6789309830919369,0.1993229259999999,0.0,0.0
2018-04-21 23:00:00,20932.0,0.0,3.31,2.639165327837815,0.200108326,0.0,0.0
2018-04-22 00:00:00,19239.2,0.0,2.24,11.787403538967858,0.2009487039999999,0.0,0.0
2018-04-22 01:00:00,17907.2,0.0,2.0,17.646014306411075,0.2011372,0.0,0.0
2018-04-22 02:00:00,17035.2,0.0,1.93,20.01807027412729,0.201192178,0.0,0.0
2018-04-22 03:00:00,16524.0,0.0,2.35,19.166948680130247,0.20086231,0.0,0.0
2018-04-22 04:00:00,16251.2,105.43,3.14,20.383724667719747,0.1956415816666666,56.69049982740519,41.5730332067638
2018-04-22 05:00:00,16289.6,339.88,5.52,5.717590233105452,0.1835424946666666,85.63687517975929,62.80037513182347
2018-04-22 06:00:00,16719.2,590.95,7.75,0.0,0.1708360316666666,108.93627773601138,79.886603673075
2018-04-22 07:00:00,17370.4,814.46,9.31,0.0,0.1598583213333333,126.58870749616152,92.83171883051844
2018-04-22 08:00:00,18330.4,989.43,11.02,0.0,0.150880763,138.5941644602097,101.63572060415376
2018-04-22 09:00:00,19711.2,1078.06,12.57,0.0,0.1457961706666666,144.95264862815583,106.29860899398096
2018-04-22 10:00:00,20586.4,1094.45,13.99,0.0,0.1439657523333333,145.66415999999998,106.82038399999998
2018-04-22 11:00:00,20978.4,1022.66,15.06,0.0,0.1462578113333333,140.72869857574216,103.20104562221093
2018-04-22 12:00:00,21016.0,879.21,15.85,0.0,0.151896547,130.14626435538236,95.4405938606137
2018-04-22 13:00:00,20845.6,671.18,16.31,0.0,0.1606123053333333,113.91685733892056,83.5390287152084
2018-04-22 14:00:00,20632.0,416.69,16.42,0.0,0.1716301583333333,92.04047752635672,67.49635018599491
2018-04-22 15:00:00,20416.0,170.33,16.08,0.0,0.1826467023333333,64.51712491769098,47.31255827297338
2018-04-22 16:00:00,20300.0,16.61,14.69,0.0,0.1904457243333333,56.69049982740519,41.5730332067638
2018-04-22 17:00:00,20372.800000000003,0.0,13.09,0.0,0.192427114,0.0,0.0
2018-04-22 18:00:00,20530.4,0.0,11.44,0.0,0.193723024,0.0,0.0
2018-04-22 19:00:00,20644.0,0.0,11.75,0.0,0.19347955,0.0,0.0
2018-04-22 20:00:00,21019.2,0.0,11.98,0.0,0.193298908,0.0,0.0
2018-04-22 21:00:00,21516.0,0.0,11.8,0.0,0.19344028,0.0,0.0
2018-04-22 22:00:00,20930.4,0.0,11.45,0.0,0.1937151699999999,0.0,0.0
2018-04-22 23:00:00,19841.6,0.0,11.0,0.0,0.1940686,0.0,0.0
2018-04-23 00:00:00,18635.2,0.0,10.52,0.0,0.194445592,0.0,0.0
2018-04-23 01:00:00,17598.4,0.0,10.13,0.0,0.1947518979999999,0.0,0.0
2018-04-23 02:00:00,16885.600000000002,0.0,9.78,0.0,0.195026788,0.0,0.0
2018-04-23 03:00:00,16528.8,0.0,9.39,10.571276879632231,0.1953330939999999,0.0,0.0
2018-04-23 04:00:00,16361.6,107.02,9.3,0.0,0.1907341406666666,57.80204071340968,42.38816318983376
2018-04-23 05:00:00,16431.2,348.32,10.06,19.892174845119165,0.1796085133333333,86.38679129228183,63.35031361434001
2018-04-23 06:00:00,16831.2,595.5,14.68,19.35392339485128,0.1651946779999999,109.39511625871113,80.22308525638815
2018-04-23 07:00:00,17295.2,819.1,15.8,21.52034460556421,0.1545586166666666,126.82701561269762,93.00647811597824
2018-04-23 08:00:00,17948.0,984.55,17.43,4.581974215840143,0.1460592796666666,138.68248935424128,101.70049219311024
2018-04-23 09:00:00,18477.6,1077.85,18.57,0.0,0.1410929336666666,144.96153748334206,106.30512748778418
2018-04-23 10:00:00,18806.4,1088.18,19.4,0.0,0.1399903193333333,145.66415999999998,106.82038399999998
2018-04-23 11:00:00,18804.0,1022.37,19.87,0.0,0.142492691,140.7903569042151,103.24626172975772
2018-04-23 12:00:00,18667.2,877.83,19.96,0.0,0.1487287669999999,130.34012819598735,95.58276067705737
2018-04-23 13:00:00,18547.2,670.99,19.92,0.0,0.1577853016666666,114.3134738753168,83.82988084189897
2018-04-23 14:00:00,18488.8,416.82,19.75,0.0,0.169009104,92.71039394220332,67.98762222428242
2018-04-23 15:00:00,18465.6,170.46,19.28,0.0,0.1801277499999999,65.53088839664707,48.055984824207854
2018-04-23 16:00:00,18674.4,17.49,17.88,8.139197068744078,0.187901901,57.80204071340968,42.38816318983376
2018-04-23 17:00:00,19031.2,0.0,15.55,18.08627553139237,0.19049503,0.0,0.0
2018-04-23 18:00:00,19632.0,0.0,12.95,41.78029836752418,0.1925370699999999,0.0,0.0
2018-04-23 19:00:00,20143.2,0.0,11.34,52.06083302834383,0.193801564,0.0,0.0
2018-04-23 20:00:00,20887.2,0.0,10.24,26.113360811261437,0.194665504,0.0,0.0
2018-04-23 21:00:00,21796.0,0.0,9.2,26.787916642172707,0.19548232,0.0,0.0
2018-04-23 22:00:00,21082.4,0.0,8.22,26.10609621464776,0.196252012,0.0,0.0
2018-04-23 23:00:00,19585.6,0.0,7.73,16.633854759403413,0.1966368579999999,0.0,0.0
2018-04-24 00:00:00,18143.2,0.0,7.48,10.93716009134911,0.1968332079999999,0.0,0.0
2018-04-24 01:00:00,17048.0,0.0,7.2,11.740330650105218,0.19705312,0.0,0.0
2018-04-24 02:00:00,16480.0,0.0,7.1,10.329580537749052,0.19713166,0.0,0.0
2018-04-24 03:00:00,16233.6,0.0,6.85,4.506402105343464,0.1973280099999999,0.0,0.0
2018-04-24 04:00:00,16271.2,113.32,7.47,0.0,0.1918965326666666,58.771276288716905,43.09893594505906
2018-04-24 05:00:00,16852.8,355.25,11.46,22.487292115741297,0.1782065743333333,87.04069919967841,63.82984607976417
2018-04-24 06:00:00,18428.0,608.28,15.49,4.178617490187289,0.16400087,109.79521186034086,80.51648869758327
2018-04-24 07:00:00,20838.4,822.23,16.75,0.0,0.1536759143333333,127.03481427070426,93.15886379851644
2018-04-24 08:00:00,22452.800000000003,993.34,17.99,0.0,0.1452359186666666,138.7595064307686,101.75697138256362
2018-04-24 09:00:00,22934.4,1086.63,19.07,0.0,0.140317133,144.96928834053384,106.3108114497248
2018-04-24 10:00:00,23113.6,1096.94,19.93,0.0,0.1391918293333333,145.66415999999998,106.82038399999998
2018-04-24 11:00:00,23176.800000000003,1035.72,20.59,2.048315447723304,0.141344698,140.8441214091671,103.2856890333892
2018-04-24 12:00:00,23130.4,898.77,20.96,2.4329662917014616,0.147029685,130.50917256803513,95.7067265498924
2018-04-24 13:00:00,23020.800000000003,676.08,21.06,1.6599766162590068,0.156667852,114.6593134766041,84.08349654950968
2018-04-24 14:00:00,22996.800000000003,417.96,20.85,0.0,0.168095422,93.29454413487396,68.41599903224089
2018-04-24 15:00:00,22744.0,171.26,20.38,5.7308677457314525,0.1792289033333333,66.41486454284481,48.7042339980862
2018-04-24 16:00:00,22680.0,18.36,18.83,13.984569722708535,0.18711781,58.771276288716905,43.09893594505906
2018-04-24 17:00:00,22796.0,0.0,16.42,25.41423355062744,0.189811732,0.0,0.0
2018-04-24 18:00:00,23168.0,0.0,14.2,35.491203425026946,0.1915553199999999,0.0,0.0
2018-04-24 19:00:00,23278.4,0.0,13.58,22.70234781499473,0.192042268,0.0,0.0
2018-04-24 20:00:00,23629.6,0.0,11.87,15.974644896349256,0.193385302,0.0,0.0
2018-04-24 21:00:00,23979.2,0.0,10.58,7.246881393260818,0.1943984679999999,0.0,0.0
2018-04-24 22:00:00,22809.6,0.0,9.72,0.8720275770919568,0.1950739119999999,0.0,0.0
2018-04-24 23:00:00,20963.2,0.0,8.94,0.0,0.195686524,0.0,0.0
2018-04-25 00:00:00,19236.8,0.0,8.53,0.0,0.1960085379999999,0.0,0.0
2018-04-25 01:00:00,18049.6,0.0,8.07,0.0,0.196369822,0.0,0.0
2018-04-25 02:00:00,17402.4,0.0,7.46,0.0,0.1968489159999999,0.0,0.0
2018-04-25 03:00:00,17012.8,0.0,7.01,0.0,0.197202346,0.0,0.0
2018-04-25 04:00:00,16993.600000000002,113.06,7.8,0.0,0.1916486953333333,59.351854948944535,43.52469362922598
2018-04-25 05:00:00,17408.8,354.11,12.14,0.0,0.1777222443333333,87.43239445567254,64.11708926749318
2018-04-25 06:00:00,18963.2,601.21,17.04,0.0,0.1630919876666666,110.03487182977968,80.69223934183842
2018-04-25 07:00:00,21395.2,816.67,18.75,0.0,0.1523477156666666,127.15928707126604,93.25014385226174
2018-04-25 08:00:00,22869.6,985.15,20.11,0.0,0.1439282276666666,138.80564018013155,101.79080279876312
2018-04-25 09:00:00,23316.0,1071.24,20.98,0.0,0.1394885359999999,144.97393115637618,106.31421618134252
2018-04-25 10:00:00,23584.0,1075.58,21.64,0.0,0.1387808033333333,145.66415999999998,106.82038399999998
2018-04-25 11:00:00,23800.0,986.08,22.13,0.0,0.1423011406666666,140.87632671100295,103.3093062547355
2018-04-25 12:00:00,23783.2,857.93,22.36,0.0,0.1477121103333333,130.61043128938508,95.78098294554906
2018-04-25 13:00:00,23753.6,608.2,22.34,0.0,0.1586243706666666,114.86647373514644,84.2354140724407
2018-04-25 14:00:00,23765.6,418.95,21.96,1.2515778415614798,0.167180431,93.64445404828685,68.67259963541034
2018-04-25 15:00:00,23565.6,168.9,21.37,17.375219421250055,0.178554332,66.94437222880649,49.09253963445808
2018-04-25 16:00:00,23529.6,19.24,19.73,14.841204166618104,0.1863725526666666,59.351854948944535,43.52469362922598
2018-04-25 17:00:00,23715.2,0.0,17.2,16.723160503423216,0.18919912,0.0,0.0
2018-04-25 18:00:00,24006.4,0.0,14.65,28.89045516631009,0.1912018899999999,0.0,0.0
2018-04-25 19:00:00,24026.4,0.0,13.29,27.21702487777625,0.1922700339999999,0.0,0.0
2018-04-25 20:00:00,24244.800000000003,0.0,12.08,13.125169761731817,0.193220368,0.0,0.0
2018-04-25 21:00:00,24269.6,0.0,11.08,21.6904913383506,0.194005768,0.0,0.0
2018-04-25 22:00:00,23144.0,0.0,10.33,29.44349796566979,0.1945948179999999,0.0,0.0
2018-04-25 23:00:00,21280.800000000003,0.0,9.77,22.12125433813901,0.195034642,0.0,0.0
2018-04-26 00:00:00,19506.4,0.0,9.38,16.54965575100903,0.195340948,0.0,0.0
2018-04-26 01:00:00,18232.0,0.0,8.85,24.002678786456134,0.19575721,0.0,0.0
2018-04-26 02:00:00,17486.4,0.0,8.21,24.32034198798446,0.1962598659999999,0.0,0.0
2018-04-26 03:00:00,17144.8,0.88,7.52,28.520378976113843,0.1967633946666666,0.0,0.0
2018-04-26 04:00:00,17055.2,42.64,8.23,33.805250269072275,0.1943836326666666,48.99758153884655,35.93155979515414
2018-04-26 05:00:00,17474.4,268.01,13.48,34.93165673566598,0.1804266383333333,80.44674366993539,58.99427869128596
2018-04-26 06:00:00,18972.8,555.02,16.97,34.4045385752022,0.1651623893333333,105.76067951266556,77.55783164262141
2018-04-26 07:00:00,21408.0,760.09,19.37,34.6685946908303,0.1543295416666666,124.93938906703715,91.62221864916056
2018-04-26 08:00:00,22803.2,838.88,21.18,35.144824306554646,0.1494700973333333,137.9828723330501,101.1874397109034
2018-04-26 09:00:00,23166.4,1000.56,21.99,22.067741204051483,0.141779286,144.89112931070437,106.25349482784986
2018-04-26 10:00:00,23387.2,1060.2,22.69,23.94057057685905,0.138627214,145.66415999999998,106.82038399999998
2018-04-26 11:00:00,23428.0,953.5,23.15,48.4829570666798,0.1429216066666666,140.30196440093698,102.8881072273538
2018-04-26 12:00:00,23436.0,836.05,23.48,24.32480166838368,0.1477871596666666,128.80454251351534,94.45666450991123
2018-04-26 13:00:00,23304.800000000003,623.5,23.42,36.955021158036246,0.1571085486666666,111.17189433773508,81.52605584767238
2018-04-26 14:00:00,23171.2,375.45,23.24,22.269807307524232,0.168073169,87.40401987359607,64.09628124063713
2018-04-26 15:00:00,22958.4,99.97,22.54,52.68330924798715,0.1806430596666666,57.50091912109855,42.16734068880561
2018-04-26 16:00:00,22933.6,13.12,20.94,9.778300850229185,0.1856892546666666,48.99758153884655,35.93155979515414
2018-04-26 17:00:00,23047.2,0.0,18.36,0.8428348925823771,0.1882880559999999,0.0,0.0
2018-04-26 18:00:00,23194.4,0.0,16.25,21.64353361622607,0.1899452499999999,0.0,0.0
2018-04-26 19:00:00,23106.4,0.0,14.33,0.0,0.191453218,0.0,0.0
2018-04-26 20:00:00,23296.0,0.0,13.15,0.0,0.1923799899999999,0.0,0.0
2018-04-26 21:00:00,23949.6,0.0,12.26,0.0,0.193078996,0.0,0.0
2018-04-26 22:00:00,23031.2,0.0,11.74,0.0,0.1934874039999999,0.0,0.0
2018-04-26 23:00:00,21160.0,0.0,11.21,0.0,0.193903666,0.0,0.0
2018-04-27 00:00:00,19317.6,0.0,10.59,0.0,0.194390614,0.0,0.0
2018-04-27 01:00:00,18017.6,0.0,9.99,0.0,0.194861854,0.0,0.0
2018-04-27 02:00:00,17314.4,0.0,9.39,0.0,0.1953330939999999,0.0,0.0
2018-04-27 03:00:00,16883.2,0.88,8.92,0.259202538465724,0.1956638346666666,0.0,0.0
2018-04-27 04:00:00,16798.4,118.4,9.62,12.83931531020722,0.1899862653333333,53.90837472005416,39.532808128039726
2018-04-27 05:00:00,17148.8,258.11,13.45,26.36987350554141,0.1808821703333333,83.75987679731057,61.423909651361086
2018-04-27 06:00:00,18642.4,572.87,18.01,25.22685575232288,0.1635667183333333,107.78783039566078,79.0444089568179
2018-04-27 07:00:00,20956.800000000003,803.53,20.22,39.67972677004601,0.1517665196666666,125.99223551510488,92.39430604441024
2018-04-27 08:00:00,22481.6,968.95,21.86,15.861023817063858,0.1432606376666666,138.37309215564278,101.47360091413802
2018-04-27 09:00:00,22831.2,1058.24,22.79,7.845567347043229,0.1386341953333333,144.9304003172745,106.28229356600129
2018-04-27 10:00:00,22940.800000000003,946.88,23.56,17.491437813550796,0.1428884453333333,145.66415999999998,106.82038399999998
2018-04-27 11:00:00,23119.2,889.86,23.97,19.59532651615771,0.145054404,140.57437120381937,103.0878722161342
2018-04-27 12:00:00,23483.2,750.92,24.17,44.20746161944004,0.1509597393333333,129.66103392873254,95.08475821440383
2018-04-27 13:00:00,23776.0,664.11,24.01,54.17097861860571,0.154873213,112.92414817473956,82.81104199480902
2018-04-27 14:00:00,24084.800000000003,415.56,23.62,49.9412589190729,0.166024584,90.36371394184036,66.2667235573496
2018-04-27 15:00:00,24452.800000000003,157.84,22.68,72.6008450211262,0.1780080426666666,61.97973123003504,45.451802902025705
2018-04-27 16:00:00,24633.6,18.36,20.89,120.55589897510042,0.185499886,53.90837472005416,39.532808128039726
2018-04-27 17:00:00,24840.800000000003,0.0,18.93,132.15080131126862,0.187840378,0.0,0.0
2018-04-27 18:00:00,25036.0,0.0,17.57,147.7544517142199,0.188908522,0.0,0.0
2018-04-27 19:00:00,24808.800000000003,0.0,16.54,136.63977043046395,0.189717484,0.0,0.0
2018-04-27 20:00:00,24900.0,0.0,15.43,173.6366001451487,0.1905892779999999,0.0,0.0
2018-04-27 21:00:00,25449.6,0.0,14.56,177.24959893124156,0.1912725759999999,0.0,0.0
2018-04-27 22:00:00,24445.6,0.0,13.72,177.25461777646154,0.191932312,0.0,0.0
2018-04-27 23:00:00,22399.2,0.0,12.9,171.83188886724665,0.1925763399999999,0.0,0.0
2018-04-28 00:00:00,20392.800000000003,0.0,12.09,168.9077568946307,0.193212514,0.0,0.0
2018-04-28 01:00:00,18928.8,0.0,11.31,130.59725050502672,0.193825126,0.0,0.0
2018-04-28 02:00:00,17965.600000000002,0.0,10.49,153.13756326551484,0.1944691539999999,0.0,0.0
2018-04-28 03:00:00,17377.600000000002,0.88,9.61,159.86596779205186,0.1951219086666666,0.0,0.0
2018-04-28 04:00:00,17136.0,116.91,9.88,157.34398594620367,0.189847075,59.08207229126573,43.32685301359487
2018-04-28 05:00:00,17440.8,350.62,14.14,151.99514559161636,0.1763037246666666,87.25038193195897,63.98361341676991
2018-04-28 06:00:00,18754.4,599.05,16.58,159.5564238455624,0.1635475196666666,109.92350689695718,80.61057172443526
2018-04-28 07:00:00,20872.800000000003,815.7,18.61,145.99815895759505,0.152499996,127.10144718626042,93.20772793659096
2018-04-28 08:00:00,22438.4,982.42,20.0,145.08634146189468,0.1441337406666666,138.78420279986864,101.775082053237
2018-04-28 09:00:00,23327.2,1067.14,21.13,156.5299389497766,0.1395496226666666,144.97177373778183,106.31263407437334
2018-04-28 10:00:00,23829.6,1081.97,21.99,135.15791394941792,0.1382270963333333,145.66415999999998,106.82038399999998
2018-04-28 11:00:00,24348.800000000003,1020.72,22.64,91.06298841736144,0.140389128,140.86136158652317,103.29833183011696
2018-04-28 12:00:00,24748.800000000003,876.45,23.04,67.61955021919907,0.146369949,130.5633784973513,95.74647756472427
2018-04-28 13:00:00,25132.800000000003,666.15,23.14,0.0,0.155467499,114.77021073248446,84.16482120382193
2018-04-28 14:00:00,25667.2,411.65,22.85,52.79692426586525,0.1667999483333333,93.48185829192252,68.55336274740985
2018-04-28 15:00:00,26123.2,170.35,22.28,140.91372931096086,0.1777763496666666,66.69832117566567,48.91210219548816
2018-04-28 16:00:00,26587.2,21.86,20.83,163.76215552582266,0.1853942933333333,59.08207229126573,43.32685301359487
2018-04-28 17:00:00,27076.800000000003,0.0,18.59,159.6958483355985,0.188107414,0.0,0.0
2018-04-28 18:00:00,27276.0,0.0,16.86,178.95316956742792,0.189466156,0.0,0.0
2018-04-28 19:00:00,26791.2,0.0,15.71,174.35873196172602,0.190369366,0.0,0.0
2018-04-28 20:00:00,26125.6,0.0,14.54,177.33317361468713,0.191288284,0.0,0.0
2018-04-28 21:00:00,26274.4,0.0,13.67,178.59774076790106,0.191971582,0.0,0.0
2018-04-28 22:00:00,25242.4,0.0,12.87,173.4901201770497,0.192599902,0.0,0.0
2018-04-28 23:00:00,23351.2,0.0,12.08,163.7239201687604,0.193220368,0.0,0.0
2018-04-29 00:00:00,21376.0,0.0,11.36,149.19410867784902,0.193785856,0.0,0.0
2018-04-29 01:00:00,19714.4,0.0,10.6,114.00749399886791,0.19438276,0.0,0.0
2018-04-29 02:00:00,18627.2,0.0,9.7,78.74014743645101,0.19508962,0.0,0.0
2018-04-29 03:00:00,18004.0,0.88,8.57,5.65869419052375,0.1959387246666666,0.0,0.0
2018-04-29 04:00:00,17600.0,121.41,8.78,11.391230717444405,0.1905146649999999,60.623862264291205,44.457498993813545
2018-04-29 05:00:00,17508.0,362.7,12.89,30.30743640534032,0.176758384,88.29057141797382,64.74641903984747
2018-04-29 06:00:00,17868.8,607.44,15.32,35.81756777669203,0.16417104,110.55995009256397,81.07729673454689
2018-04-29 07:00:00,18352.8,821.25,17.74,7.427978058281335,0.152941129,127.43199828806168,93.45013207791187
2018-04-29 08:00:00,19504.0,987.99,19.47,0.0,0.144306965,138.90671600446694,101.8649250699424
2018-04-29 09:00:00,21047.2,1072.78,20.78,0.0,0.1395784206666666,144.98410324177968,106.32167571063844
2018-04-29 10:00:00,22277.6,1082.89,21.87,0.0,0.1382812016666666,145.66415999999998,106.82038399999998
2018-04-29 11:00:00,23272.800000000003,1020.5,22.68,0.0,0.1403673113333333,140.94688627912785,103.36104993802708
2018-04-29 12:00:00,23788.0,886.04,23.21,0.0,0.1458179873333333,130.8322820791632,95.94367352471969
2018-04-29 13:00:00,24481.6,670.21,23.43,27.628018597751996,0.1550625816666666,115.32034740010616,84.56825476007785
2018-04-29 14:00:00,25206.4,418.03,23.34,61.19701642634584,0.1661367216666666,94.41108224195656,69.23479364410147
2018-04-29 15:00:00,25983.2,173.37,22.9,75.9481905107751,0.1771576289999999,68.1044866047146,49.943290176790704
2018-04-29 16:00:00,26764.0,22.74,21.56,93.45809894763131,0.184782554,60.623862264291205,44.457498993813545
2018-04-29 17:00:00,27154.4,0.0,18.82,125.17277591051791,0.1879267719999999,0.0,0.0
2018-04-29 18:00:00,27136.800000000003,0.0,16.14,99.34048861579646,0.1900316439999999,0.0,0.0
2018-04-29 19:00:00,26940.800000000003,0.0,15.09,84.11659750115606,0.1908563139999999,0.0,0.0
2018-04-29 20:00:00,26589.6,0.0,13.48,79.9249646542072,0.192120808,0.0,0.0
2018-04-29 21:00:00,26764.0,0.0,11.67,68.9792511595235,0.1935423819999999,0.0,0.0
2018-04-29 22:00:00,25873.6,0.0,10.79,37.83690742463468,0.194233534,0.0,0.0
2018-04-29 23:00:00,24119.2,0.0,10.09,4.688004519033086,0.1947833139999999,0.0,0.0
2018-04-30 00:00:00,22236.0,0.0,9.24,0.0,0.1954509039999999,0.0,0.0
2018-04-30 01:00:00,20495.2,0.0,8.46,0.0,0.196063516,0.0,0.0
2018-04-30 02:00:00,19151.2,0.0,7.78,0.5788557284137831,0.196597588,0.0,0.0
2018-04-30 03:00:00,18220.8,1.75,7.13,1.2980510299423007,0.1970317396666666,28.970182392899105,21.24480042145933
2018-04-30 04:00:00,17621.600000000002,123.28,8.61,0.0,0.1905665886666666,28.970182392899105,21.24480042145933
2018-04-30 05:00:00,17344.0,369.66,13.97,0.6771906015294,0.175606464,66.93498760178699,49.085657574643776
2018-04-30 06:00:00,17366.4,609.78,17.04,0.0,0.1627180499999999,97.49346923425972,71.49521077179045
2018-04-30 07:00:00,17444.8,823.51,19.18,0.0,0.1517115416666666,120.64562729031746,88.47346001289947
2018-04-30 08:00:00,18028.0,990.12,20.95,0.1147924462403966,0.143051634,136.39146176996007,100.02040529797073
2018-04-30 09:00:00,19150.4,1074.89,22.2,7.334964248363797,0.1383710863333333,144.73097267318758,106.13604662700422
2018-04-30 10:00:00,20138.4,1083.87,23.14,11.31639052187561,0.137240983,145.66415999999998,106.82038399999998
2018-04-30 11:00:00,20832.800000000003,1028.09,23.8,12.73473178916215,0.1391564863333333,139.1910237503973,102.07341741695802
2018-04-30 12:00:00,21325.6,882.6,24.2,22.19239555992094,0.14519054,125.31156392437954,91.89514687787832
2018-04-30 13:00:00,21618.4,668.21,24.36,23.17334037483738,0.1544194263333333,104.02578052194671,76.28557238276092
2018-04-30 14:00:00,21763.2,416.57,24.24,30.74777036720881,0.1654935663333333,75.33367354309871,55.24469393160571
2018-04-30 15:00:00,22068.0,173.1,23.71,0.0,0.176533236,39.23524298783572,28.77251152441285
2018-04-30 16:00:00,22480.0,22.74,22.05,60.72345686052398,0.184397708,28.970182392899105,21.24480042145933
2018-04-30 17:00:00,22886.4,0.0,20.83,38.0843977141925,0.1863481179999999,0.0,0.0
2018-04-30 18:00:00,23341.6,0.0,17.98,14.9785950545147,0.1885865079999999,0.0,0.0
2018-04-30 19:00:00,23347.2,0.0,14.47,6.52053235257502,0.191343262,0.0,0.0
2018-04-30 20:00:00,23313.6,0.0,13.11,0.0,0.1924114059999999,0.0,0.0
2018-04-30 21:00:00,23788.800000000003,0.0,11.88,8.190788736726835,0.1933774479999999,0.0,0.0
2018-04-30 22:00:00,22804.800000000003,0.0,11.05,6.374904012197851,0.19402933,0.0,0.0
2018-04-30 23:00:00,20960.0,0.0,10.23,7.319953930934343,0.194673358,0.0,0.0
2018-05-01 00:00:00,19159.2,0.0,9.53,21.477993552965305,0.195223138,0.0,0.0
2018-05-01 01:00:00,17869.600000000002,0.0,8.89,7.038508395523135,0.1957257939999999,0.0,0.0
2018-05-01 02:00:00,17095.2,0.0,8.24,0.1563140923315837,0.196236304,0.0,0.0
2018-05-01 03:00:00,16680.0,3.5,7.63,5.573198040973485,0.1965626813333333,28.919617637495044,21.207719600829705
2018-05-01 04:00:00,16649.600000000002,123.52,9.24,0.0,0.1900613146666666,28.919617637495044,21.207719600829705
2018-05-01 05:00:00,17063.2,355.21,14.67,2.615962071387392,0.1756871856666666,66.9008734047469,49.06064049681439
2018-05-01 06:00:00,18482.4,596.23,18.44,0.0,0.1622097216666666,97.47259635593164,71.47990399434985
2018-05-01 07:00:00,20742.4,812.98,20.5,0.0,0.1511342726666666,120.63478649104935,88.4655100934362
2018-05-01 08:00:00,22484.800000000003,982.44,22.24,0.0,0.1423735719999999,136.38744381010002,100.01745879407332
2018-05-01 09:00:00,23199.2,1048.82,23.38,0.0,0.1385818353333333,144.73056831308355,106.13575009626126
2018-05-01 10:00:00,23656.800000000003,1018.58,23.93,0.0,0.1394693373333333,145.66415999999998,106.82038399999998
2018-05-01 11:00:00,24020.800000000003,923.7,24.34,0.0,0.1432872539999999,139.18821887084937,102.07136050528952
2018-05-01 12:00:00,24402.4,488.25,24.55,0.0,0.162122455,125.30274492563169,91.88867961212988
2018-05-01 13:00:00,24760.800000000003,478.9,24.73,0.0,0.1623890546666666,104.00773816434692,76.27234132052108
2018-05-01 14:00:00,25175.2,318.66,24.27,0.0,0.1697421439999999,75.30319858699502,55.22234563046301
2018-05-01 15:00:00,25654.4,168.81,23.94,0.0,0.176539781,39.189126193576136,28.738692541955835
2018-05-01 16:00:00,26068.0,25.35,22.59,6.731973180067527,0.183859709,28.919617637495044,21.207719600829705
2018-05-01 17:00:00,26467.2,0.0,19.97,4.676436323257355,0.187023562,0.0,0.0
2018-05-01 18:00:00,26752.0,0.0,18.36,0.0,0.1882880559999999,0.0,0.0
2018-05-01 19:00:00,26567.2,0.0,16.08,8.11356034669352,0.190078768,0.0,0.0
2018-05-01 20:00:00,26552.0,0.0,14.79,0.6192893400612312,0.191091934,0.0,0.0
2018-05-01 21:00:00,26907.2,0.0,13.45,2.6291837054151306,0.1921443699999999,0.0,0.0
2018-05-01 22:00:00,25716.0,0.0,12.35,0.0,0.19300831,0.0,0.0
2018-05-01 23:00:00,23580.800000000003,0.0,11.55,0.0,0.19363663,0.0,0.0
2018-05-02 00:00:00,21547.2,0.0,10.76,0.0,0.194257096,0.0,0.0
2018-05-02 01:00:00,20056.800000000003,0.0,9.99,0.0,0.194861854,0.0,0.0
2018-05-02 02:00:00,19113.6,0.0,9.34,8.617886858144342,0.195372364,0.0,0.0
2018-05-02 03:00:00,18608.8,2.62,8.91,12.634757210670372,0.1955957666666666,30.85237964277294,22.62507840470016
2018-05-02 04:00:00,18320.8,120.9,10.16,0.0679843177531405,0.189453066,30.85237964277294,22.62507840470016
2018-05-02 05:00:00,18580.8,347.36,15.58,0.0,0.1753149933333333,68.20483746731888,50.01688080936718
2018-05-02 06:00:00,19848.800000000003,523.78,18.7,2.684908116642533,0.1651667526666666,98.2704308525282,72.06498262518735
2018-05-02 07:00:00,21966.4,545.18,20.57,0.0,0.1627643013333333,121.04915979840104,88.76938385216076
2018-05-02 08:00:00,23463.2,912.22,22.21,0.0,0.1454610666666666,136.54102430493728,100.13008449028732
2018-05-02 09:00:00,23943.2,118.66,23.39,0.0,0.1791599626666666,144.74602437213693,106.14708453956708
2018-05-02 10:00:00,24341.6,86.22,24.13,0.0,0.179994232,145.66415999999998,106.82038399999998
2018-05-02 11:00:00,24608.800000000003,399.71,24.64,0.0,0.1659150643333333,139.2954311885265,102.14998287158608
2018-05-02 12:00:00,24757.6,146.49,24.9,0.0,0.176759693,125.6398379377164,92.13588115432536
2018-05-02 13:00:00,24728.800000000003,192.03,24.95,0.0,0.1747333609999999,104.6973802475698,76.77807884821786
2018-05-02 14:00:00,24704.0,80.65,24.31,0.0,0.1800958976666666,76.46805811808652,56.07657595326345
2018-05-02 15:00:00,24714.4,106.61,23.55,0.0,0.1795600803333333,40.951871549266784,30.031372469462312
2018-05-02 16:00:00,24856.0,11.37,19.97,0.0,0.186527451,30.85237964277294,22.62507840470016
2018-05-02 17:00:00,24999.2,0.0,17.51,0.0,0.188955646,0.0,0.0
2018-05-02 18:00:00,25132.0,0.0,16.8,0.0,0.1895132799999999,0.0,0.0
2018-05-02 19:00:00,24752.800000000003,0.0,14.69,21.03743380367592,0.191170474,0.0,0.0
2018-05-02 20:00:00,24485.6,0.0,13.86,13.562248747896083,0.191822356,0.0,0.0
2018-05-02 21:00:00,24887.2,0.0,13.77,0.0,0.1918930419999999,0.0,0.0
2018-05-02 22:00:00,23920.0,0.0,11.88,0.0,0.1933774479999999,0.0,0.0
2018-05-02 23:00:00,21763.2,0.0,10.79,0.0,0.194233534,0.0,0.0
2018-05-03 00:00:00,19864.800000000003,0.0,10.21,0.0,0.194689066,0.0,0.0
2018-05-03 01:00:00,18301.6,0.0,9.91,0.0,0.1949246859999999,0.0,0.0
2018-05-03 02:00:00,17443.2,0.0,9.78,0.2923390918222689,0.195026788,0.0,0.0
2018-05-03 03:00:00,16970.4,1.75,9.74,13.086419185051536,0.1949818456666666,27.435840520253244,20.119616381519048
2018-05-03 04:00:00,16856.8,122.34,11.26,8.540172040177577,0.1885262939999999,27.435840520253244,20.119616381519048
2018-05-03 05:00:00,17236.0,332.78,14.98,32.04003512094503,0.1764224073333333,65.89982307756406,48.32653692354698
2018-05-03 06:00:00,18516.8,574.71,17.32,37.96286952912275,0.1640283589999999,96.860100577267,71.0307404233291
2018-05-03 07:00:00,20561.6,786.82,18.55,0.0,0.1538072506666666,120.3166730193621,88.23222688086553
2018-05-03 08:00:00,21959.2,956.19,19.99,0.0,0.145286097,136.2695404038493,99.93099629615614
2018-05-03 09:00:00,22311.2,1025.4,20.68,0.0,0.141724308,144.7187027307286,106.12704866920096
2018-05-03 10:00:00,22344.0,738.58,21.66,0.0,0.1534695286666666,145.66415999999998,106.82038399999998
2018-05-03 11:00:00,22399.2,806.86,22.54,0.4943388276208914,0.1497990926666667,139.10591221166354,102.01100228855324
2018-05-03 12:00:00,22576.800000000003,165.95,22.88,0.0,0.1774970963333333,125.04395936571916,91.69890353486072
2018-05-03 13:00:00,22576.0,549.68,22.98,3.48702342227664,0.1606751373333333,103.47830146216695,75.88408773892243
2018-05-03 14:00:00,22414.4,408.61,22.7,16.13850594979607,0.1670504036666666,74.40893850100679,54.56655490073831
2018-05-03 15:00:00,22156.800000000003,160.97,22.28,33.137610503856656,0.1781856303333333,37.83587048223884,27.746305020308483
2018-05-03 16:00:00,22062.4,28.86,21.55,29.016653665681734,0.184523372,27.435840520253244,20.119616381519048
2018-05-03 17:00:00,22308.0,0.0,19.85,44.62126177098199,0.18711781,0.0,0.0
2018-05-03 18:00:00,22544.800000000003,0.0,17.07,45.28117324192776,0.189301222,0.0,0.0
2018-05-03 19:00:00,22556.0,0.0,15.81,3.951770838440944,0.190290826,0.0,0.0
2018-05-03 20:00:00,22602.4,0.0,14.84,0.0,0.1910526639999999,0.0,0.0
2018-05-03 21:00:00,23389.6,0.0,13.83,0.4944733150947052,0.191845918,0.0,0.0
2018-05-03 22:00:00,22642.4,0.0,12.89,0.0,0.192584194,0.0,0.0
2018-05-03 23:00:00,20868.0,0.0,12.51,0.1109163183551499,0.192882646,0.0,0.0
2018-05-04 00:00:00,19040.8,0.0,12.33,0.0,0.193024018,0.0,0.0
2018-05-04 01:00:00,17800.0,0.0,12.23,0.0,0.193102558,0.0,0.0
2018-05-04 02:00:00,17108.0,0.0,12.16,0.0,0.193157536,0.0,0.0
2018-05-04 03:00:00,16774.4,3.5,11.95,0.0,0.1931697533333333,27.985732258731264,20.52287032306959
2018-05-04 04:00:00,16750.4,122.02,12.9,0.0,0.1872522006666666,27.985732258731264,20.52287032306959
2018-05-04 05:00:00,17187.2,337.73,17.65,0.0,0.1741094043333333,66.27081498620183,48.598597656548
2018-05-04 06:00:00,18654.4,573.51,21.31,0.0,0.160946973,97.0870931387687,71.19720163509703
2018-05-04 07:00:00,20717.6,784.02,22.34,0.0,0.150952758,120.43456671643202,88.31868225871679
2018-05-04 08:00:00,22002.4,953.07,23.22,0.0,0.142885391,136.31323571919168,99.9630395274072
2018-05-04 09:00:00,22147.2,1026.76,23.93,5.03763368831619,0.1391124166666666,144.72310014704766,106.13027344116828
2018-05-04 10:00:00,22067.2,669.41,24.61,4.137351050651826,0.1541707163333333,145.66415999999998,106.82038399999996
2018-05-04 11:00:00,22044.800000000003,592.3,25.01,0.0,0.1572211226666666,139.1364152780487,102.03337120390236
2018-05-04 12:00:00,21988.800000000003,713.24,25.23,0.0,0.1517713193333333,125.13986598119376,91.7692350528754
2018-05-04 13:00:00,21925.6,597.53,25.46,8.83317592157768,0.1566394903333333,103.6745121094352,76.02797554691914
2018-05-04 14:00:00,22031.2,356.26,25.36,49.94970245940058,0.1672454446666666,74.74035366277292,54.80959268603346
2018-05-04 15:00:00,22028.0,173.52,24.23,90.55387869789828,0.176106502,38.3373906412071,28.11408647021853
2018-05-04 16:00:00,22074.4,30.6,22.05,119.17529224110068,0.18405475,27.985732258731264,20.52287032306959
2018-05-04 17:00:00,22203.2,0.0,20.36,67.46795442336432,0.186717256,0.0,0.0
2018-05-04 18:00:00,22407.2,0.0,18.56,80.51635797736694,0.188130976,0.0,0.0
2018-05-04 19:00:00,22473.6,0.0,18.31,95.36033826851532,0.188327326,0.0,0.0
2018-05-04 20:00:00,22798.4,0.0,17.23,24.67075345764342,0.1891755579999999,0.0,0.0
2018-05-04 21:00:00,23464.800000000003,0.0,16.13,5.983279519154979,0.190039498,0.0,0.0
2018-05-04 22:00:00,22576.0,0.0,14.79,21.00182152060999,0.191091934,0.0,0.0
2018-05-04 23:00:00,20807.2,0.0,13.33,0.0,0.1922386179999999,0.0,0.0
2018-05-05 00:00:00,19160.0,0.0,12.22,0.0,0.1931104119999999,0.0,0.0
2018-05-05 01:00:00,17952.8,0.0,11.41,0.0,0.193746586,0.0,0.0
2018-05-05 02:00:00,17318.4,0.0,10.81,0.0,0.1942178259999999,0.0,0.0
2018-05-05 03:00:00,16948.0,8.74,10.33,0.0,0.1942134626666666,27.17396020007039,19.927570813384943
2018-05-05 04:00:00,16847.2,113.22,12.15,0.0,0.188225224,27.17396020007039,19.927570813384943
2018-05-05 05:00:00,17275.2,284.29,17.22,0.0,0.1767788916666666,65.7231419728648,48.19697078010084
2018-05-05 06:00:00,18670.4,472.33,20.14,0.0,0.1662807116666666,96.75199768987004,70.95146497257136
2018-05-05 07:00:00,20950.4,686.0,21.15,0.0,0.1561643233333333,120.26052735108628,88.19105339079657
2018-05-05 08:00:00,22599.2,855.42,22.68,0.0,0.147570302,136.24873095651333,99.91573603477642
2018-05-05 09:00:00,23472.800000000003,906.28,23.83,0.0,0.1444479006666666,144.71660850615123,106.12551290451088
2018-05-05 10:00:00,24030.4,169.66,24.72,0.0,0.1758900806666666,145.66415999999998,106.82038399999998
2018-05-05 11:00:00,24392.0,823.34,24.39,0.0,0.1476270253333333,139.09138543805966,102.00034932124372
2018-05-05 12:00:00,24379.2,312.04,22.36,0.0,0.1715311106666666,124.99828482033018,91.66540886824212
2018-05-05 13:00:00,24293.6,111.25,19.98,8.83317592157768,0.1821614996666666,103.38485814681164,75.8155626409952
2018-05-05 14:00:00,24092.0,266.06,20.37,31.367500769358465,0.1751003173333333,74.25110541750388,54.450810639502826
2018-05-05 15:00:00,23682.4,19.47,20.45,34.142012964909895,0.185797029,37.597026632407086,27.571152863765192
2018-05-05 16:00:00,23387.2,4.37,19.67,46.2492193821726,0.1870685043333333,27.17396020007039,19.927570813384943
2018-05-05 17:00:00,23452.0,0.0,18.28,67.43890209831697,0.1883508879999999,0.0,0.0
2018-05-05 18:00:00,23366.4,0.0,16.89,22.524612200305693,0.189442594,0.0,0.0
2018-05-05 19:00:00,23057.6,0.0,15.1,4.751560647291923,0.19084846,0.0,0.0
2018-05-05 20:00:00,23013.6,0.0,14.35,110.68503058606426,0.19143751,0.0,0.0
2018-05-05 21:00:00,23238.4,0.0,13.47,43.41843308152192,0.1921286619999999,0.0,0.0
2018-05-05 22:00:00,22493.6,0.0,12.78,0.0,0.192670588,0.0,0.0
2018-05-05 23:00:00,21078.4,0.0,12.02,0.0,0.193267492,0.0,0.0
2018-05-06 00:00:00,19544.0,0.0,11.8,2.888020002288432,0.19344028,0.0,0.0
2018-05-06 01:00:00,18208.0,0.0,11.43,29.753829895104445,0.193730878,0.0,0.0
2018-05-06 02:00:00,17336.0,0.0,10.83,62.81601830829428,0.1942021179999999,0.0,0.0
2018-05-06 03:00:00,16811.2,17.49,10.26,23.90748135456941,0.1938866489999999,17.546008787300256,12.867073110686857
2018-05-06 04:00:00,16522.4,53.77,11.89,0.0,0.1910234296666666,17.546008787300256,12.867073110686857
2018-05-06 05:00:00,16508.0,125.08,14.56,0.0,0.1858149186666666,59.22751415932223,43.43351038350296
2018-05-06 06:00:00,16849.600000000002,200.44,15.88,0.0,0.1814899826666666,92.77762746338202,68.03692680648014
2018-05-06 07:00:00,17294.4,141.85,17.22,0.5336780711275493,0.1829940236666666,118.19634869947976,86.67732237961849
2018-05-06 08:00:00,18225.6,637.3,18.66,0.0,0.1602449126666666,135.48367786761534,99.3546971029179
2018-05-06 09:00:00,19388.0,85.29,20.16,0.0,0.183152849,144.63961496778876,106.0690509763784
2018-05-06 10:00:00,20108.0,79.74,20.75,0.0,0.1829316279999999,145.66415999999998,106.82038399999998
2018-05-06 11:00:00,20652.800000000003,86.22,21.41,0.0,0.18213052,138.55731296424912,101.60869617378268
2018-05-06 12:00:00,20759.2,76.95,19.51,0.0,0.1840272609999999,123.3190738605361,90.43398749772646
2018-05-06 13:00:00,20500.0,67.68,16.26,0.0,0.186984292,99.94944268886098,73.29625797183138
2018-05-06 14:00:00,20223.2,245.63,16.15,0.0,0.1793061343333333,68.44841944922362,50.19550759609732
2018-05-06 15:00:00,20114.4,44.5,16.1,64.28749766009324,0.1881213766666666,28.816004141624248,21.131736370524447
2018-05-06 16:00:00,20036.800000000003,27.11,15.85,1.203824086185287,0.1890765103333333,17.546008787300256,12.867073110686857
2018-05-06 17:00:00,20074.4,0.0,14.78,0.0,0.191099788,0.0,0.0
2018-05-06 18:00:00,20257.6,0.0,13.81,16.45080177518636,0.1918616259999999,0.0,0.0
2018-05-06 19:00:00,20324.800000000003,0.0,12.6,121.68559981654565,0.19281196,0.0,0.0
2018-05-06 20:00:00,20436.800000000003,0.0,11.83,112.47266081827776,0.193416718,0.0,0.0
2018-05-06 21:00:00,21156.800000000003,0.0,10.74,117.2825935752602,0.194272804,0.0,0.0
2018-05-06 22:00:00,20816.800000000003,0.0,10.39,100.63305340919244,0.194547694,0.0,0.0
2018-05-06 23:00:00,19766.4,0.0,10.12,108.89828531931198,0.1947597519999999,0.0,0.0
2018-05-07 00:00:00,18520.8,0.0,10.12,109.25799347237204,0.1947597519999999,0.0,0.0
2018-05-07 01:00:00,17404.8,0.0,10.03,100.0346652220423,0.194830438,0.0,0.0
2018-05-07 02:00:00,16696.8,0.0,9.7,24.10797300750364,0.19508962,0.0,0.0
2018-05-07 03:00:00,16282.4,6.12,9.4,132.89513000127027,0.1950582039999999,32.21488740865998,23.624250766350645
2018-05-07 04:00:00,16096.0,129.39,10.85,53.12196116933812,0.188540693,32.21488740865998,23.624250766350645
2018-05-07 05:00:00,16116.8,350.51,12.89,45.22776315176381,0.1772902743333333,69.12407178423959,50.69098597510903
2018-05-07 06:00:00,16412.0,584.39,14.2,2.223771973278606,0.1660564363333333,98.83286724900998,72.47743598260732
2018-05-07 07:00:00,16679.2,701.78,15.77,0.0,0.1597012413333333,121.3412738029713,88.9836007888456
2018-05-07 08:00:00,17356.8,805.25,16.97,0.1948001335714899,0.1542440203333333,136.6492914461234,100.2094803938238
2018-05-07 09:00:00,18318.4,881.99,18.21,0.0,0.1499217023333333,144.7569201784663,106.15507479754194
2018-05-07 10:00:00,19146.4,563.94,19.19,0.0,0.163029592,145.66415999999998,106.82038399999998
2018-05-07 11:00:00,19576.0,690.11,19.67,0.0,0.1571473823333333,139.37101091072452,102.20540800119798
2018-05-07 12:00:00,19677.6,405.98,20.11,0.0,0.1691993453333333,125.87747291063988,92.3101468011359
2018-05-07 13:00:00,19670.4,616.94,19.64,0.0,0.1603635953333333,105.18354599974607,77.13460039981379
2018-05-07 14:00:00,19560.8,301.99,18.22,0.0,0.1752211816666666,77.28923017804303,56.67876879723154
2018-05-07 15:00:00,19395.2,125.55,17.37,0.0,0.183587437,42.1945254455309,30.942651993389315
2018-05-07 16:00:00,19307.2,33.23,16.68,1.379420213526784,0.1881575923333333,32.21488740865998,23.624250766350645
2018-05-07 17:00:00,19556.8,0.0,15.51,7.782048344903955,0.190526446,0.0,0.0
2018-05-07 18:00:00,20077.6,0.0,14.08,24.013177143848623,0.191649568,0.0,0.0
2018-05-07 19:00:00,20549.6,0.0,12.88,19.13069994930089,0.192592048,0.0,0.0
2018-05-07 20:00:00,21087.2,0.0,11.76,40.38563826076752,0.193471696,0.0,0.0
2018-05-07 21:00:00,21984.800000000003,0.0,10.93,54.58326341833029,0.194123578,0.0,0.0
2018-05-07 22:00:00,21494.4,0.0,9.86,39.20380628609244,0.194963956,0.0,0.0
2018-05-07 23:00:00,20098.4,0.0,9.28,31.48724083928344,0.1954194879999999,0.0,0.0
2018-05-08 00:00:00,18700.8,0.0,8.8,38.55786635890518,0.19579648,0.0,0.0
2018-05-08 01:00:00,17739.2,0.0,8.56,76.10807831175639,0.195984976,0.0,0.0
2018-05-08 02:00:00,17234.4,0.0,8.07,134.1422160559161,0.196369822,0.0,0.0
2018-05-08 03:00:00,17060.0,16.61,7.6,80.92551509093994,0.1960142103333333,31.596270757496768,23.170598555497623
2018-05-08 04:00:00,17120.0,130.94,8.75,6.840737556777426,0.1901224013333333,31.596270757496768,23.170598555497623
2018-05-08 05:00:00,17686.4,345.02,11.5,30.07713626680157,0.1786215273333333,68.70671368250606,50.38492336717111
2018-05-08 06:00:00,19343.2,513.25,13.09,33.93732227208905,0.1700323056666667,98.57750538701184,72.29017061714201
2018-05-08 07:00:00,21596.800000000003,491.38,14.37,22.96069863102946,0.1699812546666666,121.20864587101416,88.88634030541039
2018-05-08 08:00:00,22796.800000000003,559.43,15.05,17.019189027051322,0.1664779343333333,136.60013513451298,100.17343243197617
2018-05-08 09:00:00,22760.0,793.11,15.44,4.734844801391723,0.155975391,144.75197317750826,106.15144699683935
2018-05-08 10:00:00,22496.800000000003,921.4,16.26,6.179585770368948,0.1497336426666666,145.66415999999998,106.82038399999998
2018-05-08 11:00:00,22402.4,771.11,16.7,5.519789087323364,0.1559457203333333,139.33669560198825,102.18024344145805
2018-05-08 12:00:00,22326.4,771.24,17.14,13.216506077187216,0.155594472,125.769579983473,92.23102532121352
2018-05-08 13:00:00,22225.6,501.38,16.43,7.564663549906838,0.1679269973333333,104.96281314445426,76.97272963926645
2018-05-08 14:00:00,22132.800000000003,325.56,14.83,0.0,0.17685525,76.91639508493193,56.405356395616735
2018-05-08 15:00:00,21956.800000000003,164.58,14.7,12.716811238566953,0.183981446,41.6303258049062,30.52890559026454
2018-05-08 16:00:00,22006.4,34.11,13.61,18.92677147844427,0.190530373,31.596270757496768,23.170598555497623
2018-05-08 17:00:00,22065.6,0.0,12.53,9.057438140799064,0.192866938,0.0,0.0
2018-05-08 18:00:00,22261.6,0.0,11.72,19.799001923260786,0.1935031119999999,0.0,0.0
2018-05-08 19:00:00,22379.2,0.0,11.41,13.495855123358735,0.193746586,0.0,0.0
2018-05-08 20:00:00,22669.6,0.0,10.91,3.698252479352612,0.194139286,0.0,0.0
2018-05-08 21:00:00,23510.4,0.0,10.38,25.62077751872124,0.194555548,0.0,0.0
2018-05-08 22:00:00,22849.6,0.0,9.98,33.38392184970037,0.194869708,0.0,0.0
2018-05-08 23:00:00,21080.0,0.0,9.72,36.24606077945766,0.1950739119999999,0.0,0.0
2018-05-09 00:00:00,19505.6,0.0,9.61,38.98995680688586,0.195160306,0.0,0.0
2018-05-09 01:00:00,18351.2,0.0,9.35,14.577063191288223,0.1953645099999999,0.0,0.0
2018-05-09 02:00:00,17753.600000000002,0.0,9.35,7.417306950781596,0.1953645099999999,0.0,0.0
2018-05-09 03:00:00,17566.4,2.62,9.37,3.853869261235677,0.1952344826666666,11.653132799999998,8.545630719999998
2018-05-09 04:00:00,17597.600000000002,28.74,9.8,25.775394926080622,0.1937570579999999,11.653132799999998,8.545630719999998
2018-05-09 05:00:00,18212.8,34.3,10.66,29.370276165842245,0.1928390126666666,55.25180556630893,40.51799074862655
2018-05-09 06:00:00,19768.0,250.46,11.82,40.90158827833548,0.1824961673333333,90.34507770609424,66.25305698446911
2018-05-09 07:00:00,21962.4,131.65,12.83,12.517600815594488,0.1868869896666666,116.93294921935608,85.75082942752778
2018-05-09 08:00:00,23115.2,617.73,13.37,15.5789986595824,0.1652535829999999,135.01542010609433,99.01130807780248
2018-05-09 09:00:00,22854.4,620.12,14.28,15.557904962281087,0.1644345853333333,144.59249036630897,106.03449293529324
2018-05-09 10:00:00,22394.4,617.51,15.09,10.985061877655973,0.1639122943333333,145.66415999999998,106.82038399999996
2018-05-09 11:00:00,22206.4,200.26,14.87,19.660265402950134,0.1822910906666666,138.23042900716746,101.3689812719228
2018-05-09 12:00:00,21996.0,89.93,15.27,6.41416602011652,0.1867909963333333,122.29129738781135,89.68028475106166
2018-05-09 13:00:00,21843.2,526.55,15.6,3.976388865232092,0.1674806283333333,97.84676514193173,71.75429443741659
2018-05-09 14:00:00,21759.2,183.2,15.09,16.12311300603269,0.1828626873333333,64.8968322695284,47.59101033098749
2018-05-09 15:00:00,21685.6,131.62,14.62,22.81756304439225,0.1854824326666666,23.441498770601644,17.19043243177454
2018-05-09 16:00:00,21656.0,35.85,13.76,34.75414539304603,0.190336641,11.653132799999998,8.545630719999998
2018-05-09 17:00:00,21984.800000000003,0.0,12.95,11.329961255078365,0.1925370699999999,0.0,0.0
2018-05-09 18:00:00,22255.2,0.0,11.98,0.8617435472721667,0.193298908,0.0,0.0
2018-05-09 19:00:00,22322.4,0.0,11.06,4.155581490693739,0.1940214759999999,0.0,0.0
2018-05-09 20:00:00,22472.0,0.0,10.42,16.088185661988256,0.194524132,0.0,0.0
2018-05-09 21:00:00,23295.2,0.0,9.73,30.265294471292183,0.195066058,0.0,0.0
2018-05-09 22:00:00,22655.2,0.0,9.24,52.919122236438376,0.1954509039999999,0.0,0.0
2018-05-09 23:00:00,20809.6,0.0,8.64,0.0,0.195922144,0.0,0.0
2018-05-10 00:00:00,19127.2,0.0,8.44,6.133133418075613,0.196079224,0.0,0.0
2018-05-10 01:00:00,17995.2,0.0,8.34,17.446604614674612,0.196157764,0.0,0.0
2018-05-10 02:00:00,17339.2,0.0,8.64,6.564491951128397,0.195922144,0.0,0.0
2018-05-10 03:00:00,17050.4,3.5,8.75,1.4604001411131136,0.1956830333333333,23.03837607074015,16.894809118542774
2018-05-10 04:00:00,17053.600000000002,29.67,9.8,33.60858184877389,0.193716479,23.03837607074015,16.894809118542774
2018-05-10 05:00:00,17533.600000000002,355.34,12.97,7.229447270599071,0.1770166933333333,62.93301413112138,46.15087702948901
2018-05-10 06:00:00,19077.6,459.71,14.66,8.587801063157244,0.1711353563333333,95.04484922930077,69.69955610148722
2018-05-10 07:00:00,21212.0,719.41,15.91,3.4689108008385454,0.1588220296666666,119.37388136527836,87.54084633453746
2018-05-10 08:00:00,22536.800000000003,907.38,17.14,0.0,0.14965423,135.9201105390541,99.67474772863966
2018-05-10 09:00:00,22598.4,1011.54,17.97,0.0,0.1444575,144.68353675062798,106.10126028379383
2018-05-10 10:00:00,22292.0,941.31,18.58,0.0,0.147042775,145.66415999999998,106.82038399999998
2018-05-10 11:00:00,22099.2,298.21,19.09,0.0,0.1747028176666666,138.86198028717018,101.83211887725813
2018-05-10 12:00:00,22016.0,813.01,17.47,0.0,0.1535127256666666,124.27699761213852,91.13646491556828
2018-05-10 13:00:00,22109.6,571.14,18.18,0.0,0.163508686,101.90921197490508,74.73342211493039
2018-05-10 14:00:00,22321.6,393.75,16.84,0.0,0.172301239,71.7586233754697,52.62299047534445
2018-05-10 15:00:00,22530.4,168.1,15.05,0.0,0.1835529666666666,33.82523181383259,24.80516999681056
2018-05-10 16:00:00,22510.4,33.23,14.75,0.0,0.1896734143333333,23.03837607074015,16.894809118542774
2018-05-10 17:00:00,22679.2,0.0,13.83,8.247937199824845,0.191845918,0.0,0.0
2018-05-10 18:00:00,22726.4,0.0,12.55,0.0,0.1928512299999999,0.0,0.0
2018-05-10 19:00:00,22582.4,0.0,11.7,0.0,0.19351882,0.0,0.0
2018-05-10 20:00:00,22666.4,0.0,10.55,0.0,0.19442203,0.0,0.0
2018-05-10 21:00:00,23442.4,0.0,10.45,0.0,0.19450057,0.0,0.0
2018-05-10 22:00:00,22711.2,0.0,10.51,0.0,0.1944534459999999,0.0,0.0
2018-05-10 23:00:00,20924.0,0.0,10.35,0.0,0.19457911,0.0,0.0
2018-05-11 00:00:00,19237.6,0.0,10.49,0.0,0.1944691539999999,0.0,0.0
2018-05-11 01:00:00,17927.2,0.0,10.25,0.0,0.19465765,0.0,0.0
2018-05-11 02:00:00,17224.0,0.0,9.25,0.0,0.19544305,0.0,0.0
2018-05-11 03:00:00,16892.0,3.5,9.03,0.0,0.1954631213333333,29.840217312214445,21.88282602895725
2018-05-11 04:00:00,16838.4,93.74,10.55,0.0,0.1903318413333333,29.840217312214445,21.88282602895725
2018-05-11 05:00:00,17256.8,307.57,12.58,2.6361596275075563,0.1794073636666666,67.52196844312796,49.51611019162717
2018-05-11 06:00:00,18584.0,529.41,14.04,13.844090547807614,0.168581061,97.85261530086174,71.75858455396528
2018-05-11 07:00:00,20724.0,670.44,14.97,5.318964435827209,0.1616970299999999,120.83215788541592,88.61024911597165
2018-05-11 08:00:00,22191.2,765.02,15.99,36.7698027360718,0.1567690813333333,136.46059619679033,100.07110387764624
2018-05-11 09:00:00,22620.0,647.77,16.41,50.10119824201568,0.1615552216666666,144.737930234985,106.141148838989
2018-05-11 10:00:00,22823.2,441.53,17.53,35.66549312968268,0.1696745123333333,145.66415999999998,106.82038399999998
2018-05-11 11:00:00,23045.6,121.45,17.77,32.39529723177219,0.1834521736666666,139.23928549183526,102.1088093606792
2018-05-11 12:00:00,23140.800000000003,530.71,18.42,16.685943462782397,0.1650842856666666,125.46330671049084,92.0064249210266
2018-05-11 13:00:00,22998.4,592.08,17.7,26.89591576621466,0.162971996,104.33622365596672,76.51323068104226
2018-05-11 14:00:00,22934.4,364.41,16.67,15.992266922636365,0.173714959,75.85803632826283,55.62922664072607
2018-05-11 15:00:00,22816.800000000003,114.97,15.95,19.458031095425625,0.1851643456666666,40.028744727379326,29.354412800078165
2018-05-11 16:00:00,22768.0,5.25,15.36,11.958380684550278,0.190415181,29.840217312214445,21.88282602895725
2018-05-11 17:00:00,22844.0,0.0,14.27,17.827448894886928,0.1915003419999999,0.0,0.0
2018-05-11 18:00:00,22864.800000000003,0.0,13.28,7.31942734617769,0.192277888,0.0,0.0
2018-05-11 19:00:00,22774.4,0.0,11.89,18.911099709946395,0.193369594,0.0,0.0
2018-05-11 20:00:00,22929.6,0.0,11.29,45.05813770000273,0.193840834,0.0,0.0
2018-05-11 21:00:00,23556.0,0.0,10.76,35.71757577165437,0.194257096,0.0,0.0
2018-05-11 22:00:00,22770.4,0.0,10.01,91.7135168298526,0.1948461459999999,0.0,0.0
2018-05-11 23:00:00,21070.4,0.0,9.84,114.30457569200928,0.194979664,0.0,0.0
2018-05-12 00:00:00,19476.0,0.0,9.58,134.1436586708462,0.1951838679999999,0.0,0.0
2018-05-12 01:00:00,18204.0,0.0,9.25,105.64985593490984,0.19544305,0.0,0.0
2018-05-12 02:00:00,17518.4,0.0,9.14,135.78743958571644,0.1955294439999999,0.0,0.0
2018-05-12 03:00:00,17175.2,3.5,8.9,166.9023402991881,0.1955652233333333,15.40632611222022,11.297972482294824
2018-05-12 04:00:00,17116.0,21.33,9.64,160.17740289760977,0.194206045,15.40632611222022,11.297972482294824
2018-05-12 05:00:00,17546.4,89.01,10.28,161.90123075689434,0.1907502849999999,57.78394826450783,42.3748953939724
2018-05-12 06:00:00,18877.6,239.79,10.74,165.6004833684466,0.183809967,91.894377148399,67.38920990882593
2018-05-12 07:00:00,20902.4,388.66,11.37,91.01293937752912,0.1768194706666666,117.73761276389388,86.3409160268555
2018-05-12 08:00:00,22172.800000000003,380.01,12.37,136.28572363179475,0.176411499,135.31365511099233,99.23001374806104
2018-05-12 09:00:00,22420.0,141.85,13.61,141.25207706479975,0.1858293176666667,144.62250418969438,106.05650307244252
2018-05-12 10:00:00,22543.2,332.06,14.4,113.15248401210708,0.1769093553333333,145.66415999999998,106.82038399999998
2018-05-12 11:00:00,22644.0,165.03,13.82,84.23229158172757,0.1846529629999999,138.43862254190924,101.52165653073344
2018-05-12 12:00:00,22584.800000000003,177.07,14.39,78.27880160627932,0.1836799396666666,122.94589181542209,90.16032066464284
2018-05-12 13:00:00,22436.0,53.77,12.96,96.67430589098352,0.1901830516666666,99.1859678205386,72.73637640172828
2018-05-12 14:00:00,22308.800000000003,261.93,13.62,140.51827097781918,0.1805819729999999,67.15885055725857,49.249823741989616
2018-05-12 15:00:00,22074.4,28.74,13.61,114.61725944746514,0.190764684,26.864540025582308,19.70066268542702
2018-05-12 16:00:00,21919.2,34.11,12.63,121.03711409830504,0.191300065,15.40632611222022,11.297972482294824
2018-05-12 17:00:00,21950.4,0.0,11.42,62.29449482674115,0.1937387319999999,0.0,0.0
2018-05-12 18:00:00,22082.4,0.0,10.41,85.8947416309909,0.194531986,0.0,0.0
2018-05-12 19:00:00,21979.2,0.0,9.73,100.64690978621302,0.195066058,0.0,0.0
2018-05-12 20:00:00,22041.6,0.0,9.35,132.26039155471912,0.1953645099999999,0.0,0.0
2018-05-12 21:00:00,22517.6,0.0,8.88,104.8538840549636,0.195733648,0.0,0.0
2018-05-12 22:00:00,21928.0,0.0,9.0,112.70523701524633,0.1956394,0.0,0.0
2018-05-12 23:00:00,20614.4,0.0,9.05,130.30229030443027,0.1956001299999999,0.0,0.0
2018-05-13 00:00:00,19153.6,0.0,8.82,133.4471423613942,0.195780772,0.0,0.0
2018-05-13 01:00:00,17900.8,0.0,8.66,117.52714711299572,0.195906436,0.0,0.0
2018-05-13 02:00:00,17189.600000000002,0.0,8.52,74.17158597838673,0.196016392,0.0,0.0
2018-05-13 03:00:00,16801.600000000002,3.5,8.24,91.15976484584236,0.1960835873333333,15.04105924610254,11.030110113808528
2018-05-13 04:00:00,16686.4,65.82,8.35,70.14332018019218,0.1932779639999999,15.04105924610254,11.030110113808528
2018-05-13 05:00:00,16771.2,103.84,9.02,26.09097603421153,0.1910928066666666,57.53751602641276,42.19417841936935
2018-05-13 06:00:00,17248.8,379.11,10.18,3.55339204350898,0.178170795,91.74359681152534,67.27863766178524
2018-05-13 07:00:00,17891.2,607.4,11.46,4.121086021917368,0.1672044293333333,117.65930160144042,86.28348784105631
2018-05-13 08:00:00,19012.0,616.75,12.92,11.250994756510202,0.1656497736666666,135.2846303961579,99.20872895718246
2018-05-13 09:00:00,20348.800000000003,557.85,14.2,16.058749952930935,0.167214465,144.61958319567776,106.05436101016367
2018-05-13 10:00:00,21332.0,544.2,14.67,13.028710041781016,0.167440922,145.66415999999998,106.82038399999998
2018-05-13 11:00:00,21824.0,664.23,15.44,21.973833336561537,0.1615988549999999,138.41836080912466,101.5067979266914
2018-05-13 12:00:00,21852.0,636.04,15.97,26.981117937512376,0.1624126166666666,122.88218562305173,90.11360279023792
2018-05-13 13:00:00,21624.800000000003,451.38,16.32,17.73661870693858,0.1701950579999999,99.05563444178122,72.64079859063956
2018-05-13 14:00:00,21243.2,343.05,16.3,11.921809941459657,0.174937565,66.93870726531306,49.08838532789623
2018-05-13 15:00:00,20883.2,46.35,16.1,3.089370670284297,0.188040655,26.531404093647406,19.456363002008096
2018-05-13 16:00:00,20695.2,12.24,15.47,3.9298615030237936,0.19002379,15.04105924610254,11.030110113808528
2018-05-13 17:00:00,20753.6,0.0,13.84,9.040977631680176,0.1918380639999999,0.0,0.0
2018-05-13 18:00:00,20814.4,0.0,12.32,5.298044625146977,0.193031872,0.0,0.0
2018-05-13 19:00:00,20912.0,0.0,10.29,0.0,0.194626234,0.0,0.0
2018-05-13 20:00:00,21083.2,0.0,8.72,0.0,0.195859312,0.0,0.0
2018-05-13 21:00:00,21628.800000000003,0.0,7.75,3.3692995279450475,0.19662115,0.0,0.0
2018-05-13 22:00:00,21317.6,0.0,7.06,4.7740613487559,0.197163076,0.0,0.0
2018-05-13 23:00:00,20276.800000000003,0.0,6.56,5.8160062722527845,0.197555776,0.0,0.0
2018-05-14 00:00:00,18998.4,0.0,6.15,0.5425171656344866,0.19787779,0.0,0.0
2018-05-14 01:00:00,17848.8,0.0,5.74,0.0,0.198199804,0.0,0.0
2018-05-14 02:00:00,17114.4,0.0,5.29,0.0,0.198553234,0.0,0.0
2018-05-14 03:00:00,16710.4,14.87,4.91,0.0,0.1982028583333333,31.482639384429252,23.08726888191478
2018-05-14 04:00:00,16540.0,133.56,7.38,0.0,0.19108408,31.482639384429252,23.08726888191478
2018-05-14 05:00:00,16588.0,351.18,12.38,0.0,0.177661594,68.63005073773783,50.32870387434108
2018-05-14 06:00:00,16847.2,617.5,14.58,0.0,0.1643132846666666,98.53059892409432,72.25577254433585
2018-05-14 07:00:00,17095.2,812.45,15.82,0.0,0.1548330703333333,121.18428394349884,88.86847489189917
2018-05-14 08:00:00,17764.0,859.75,17.05,0.0,0.1518031716666666,136.5911057959513,100.16681091703096
2018-05-14 09:00:00,18496.8,844.55,17.98,0.0,0.1517359763333333,144.7510644814517,106.15078061973124
2018-05-14 10:00:00,18906.4,958.85,18.75,0.0,0.1461439283333333,145.66415999999998,106.82038399999998
2018-05-14 11:00:00,19043.2,884.11,19.34,0.0,0.1489416976666666,139.33039235159626,102.17562105783723
2018-05-14 12:00:00,18849.6,823.21,19.75,0.0,0.1512769536666666,125.74976153624044,92.21649179324298
2018-05-14 13:00:00,18696.0,626.44,19.76,0.0,0.1598548306666666,104.92226755393264,76.94299620621726
2018-05-14 14:00:00,18694.4,413.01,19.46,0.0,0.169403113,76.84791040467266,56.35513429675995
2018-05-14 15:00:00,18966.4,176.07,18.8,0.0,0.180259959,41.526690088460754,30.45290606487121
2018-05-14 16:00:00,18872.8,40.22,17.58,0.0,0.1871457353333333,31.482639384429252,23.08726888191478
2018-05-14 17:00:00,19180.0,0.0,15.75,0.0,0.1903379499999999,0.0,0.0
2018-05-14 18:00:00,19588.0,0.0,14.15,0.0,0.19159459,0.0,0.0
2018-05-14 19:00:00,19887.2,0.0,12.92,0.0,0.192560632,0.0,0.0
2018-05-14 20:00:00,20340.0,0.0,12.34,0.0,0.193016164,0.0,0.0
2018-05-14 21:00:00,21288.0,0.0,12.62,0.0,0.192796252,0.0,0.0
2018-05-14 22:00:00,20984.800000000003,0.0,13.47,0.0,0.1921286619999999,0.0,0.0
2018-05-14 23:00:00,19770.4,0.0,13.18,0.0,0.1923564279999999,0.0,0.0
2018-05-15 00:00:00,18193.6,0.0,12.59,0.0,0.192819814,0.0,0.0
2018-05-15 01:00:00,17038.4,0.0,11.92,0.0,0.1933460319999999,0.0,0.0
2018-05-15 02:00:00,16427.2,0.0,11.31,8.770466874984887,0.193825126,0.0,0.0
2018-05-15 03:00:00,16168.0,27.11,10.87,5.674380354863878,0.1929878023333333,31.15966888191443,22.85042384673724
2018-05-15 04:00:00,16149.6,139.08,11.23,5.0073194540426,0.1878194339999999,31.15966888191443,22.85042384673724
2018-05-15 05:00:00,16700.8,378.19,13.9,9.358491571054431,0.1752892496666666,68.412154314174,50.16891316372759
2018-05-15 06:00:00,18200.8,611.89,15.89,18.71226736725247,0.1635291936666666,98.3972783147354,72.15800409747261
2018-05-15 07:00:00,20203.2,821.89,17.17,19.20619023079941,0.1533608816666666,121.11504088359877,88.81769664797243
2018-05-15 08:00:00,21695.2,983.01,18.57,6.443248652200341,0.145231119,136.565442020764,100.14799081522692
2018-05-15 09:00:00,21953.6,1052.34,19.64,10.006371148568247,0.141365642,144.74848172623106,106.1488865992361
2018-05-15 10:00:00,21940.0,1096.64,20.51,2.999244363255261,0.1387493873333333,145.66415999999998,106.82038399999998
2018-05-15 11:00:00,22025.6,978.71,21.15,0.0,0.1433924103333333,139.31247684207082,102.16248301751858
2018-05-15 12:00:00,21999.2,872.65,21.56,0.0,0.1476981476666666,125.6934322524435,92.1751836517919
2018-05-15 13:00:00,21985.6,646.95,21.68,0.0,0.1574519429999999,104.80702623111812,76.85848590281994
2018-05-15 14:00:00,22101.6,417.28,21.47,0.0,0.1676381446666666,76.65325877809451,56.21238977060263
2018-05-15 15:00:00,22116.800000000003,177.05,20.88,0.0,0.1785835663333333,41.232129893372885,30.236895255140105
2018-05-15 16:00:00,22184.0,41.1,19.6,0.0,0.18552083,31.15966888191443,22.85042384673724
2018-05-15 17:00:00,22527.2,0.0,17.82,0.0,0.1887121719999999,0.0,0.0
2018-05-15 18:00:00,22895.2,0.0,16.18,0.0,0.1900002279999999,0.0,0.0
2018-05-15 19:00:00,22958.4,0.0,15.35,7.049809889378958,0.19065211,0.0,0.0
2018-05-15 20:00:00,22967.2,0.0,15.96,40.47841719115335,0.190173016,0.0,0.0
2018-05-15 21:00:00,23530.4,0.0,16.08,59.420108823593694,0.190078768,0.0,0.0
2018-05-15 22:00:00,22900.0,0.0,14.3,80.30343286276909,0.19147678,0.0,0.0
2018-05-15 23:00:00,20994.4,0.0,14.7,153.39278488004643,0.1911626199999999,0.0,0.0
2018-05-16 00:00:00,19123.2,0.0,14.6,170.34517113756942,0.19124116,0.0,0.0
2018-05-16 01:00:00,17744.0,0.0,14.17,148.61706270569815,0.1915788819999999,0.0,0.0
2018-05-16 02:00:00,16928.8,0.0,14.0,147.45777007395864,0.1917123999999999,0.0,0.0
2018-05-16 03:00:00,16523.2,26.23,13.79,138.63803456532733,0.1907328316666666,30.979363021047384,22.718199548768084
2018-05-16 04:00:00,16432.0,138.99,14.07,168.2560828761655,0.185592825,30.979363021047384,22.718199548768084
2018-05-16 05:00:00,16892.0,368.74,16.64,151.2562236768995,0.1735495886666666,68.29050852322834,50.07970625036745
2018-05-16 06:00:00,18184.8,600.1,19.13,141.28033534549454,0.1614989346666666,98.32284895646706,72.10342256807584
2018-05-16 07:00:00,20257.6,805.76,20.45,119.15567752717338,0.1514885753333333,121.07638432076364,88.78934850189333
2018-05-16 08:00:00,21686.4,964.02,21.63,43.72645864549016,0.143656392,136.551114616118,100.13748405181984
2018-05-16 09:00:00,22081.6,1037.11,22.56,87.34680629530284,0.1397368096666666,144.7470398425301,106.1478292178554
2018-05-16 10:00:00,22354.4,1083.48,23.31,45.253784773176,0.137124482,145.66415999999998,106.82038399999998
2018-05-16 11:00:00,22609.6,958.47,23.84,121.35807773609216,0.142162823,139.30247508852767,102.15514839825364
2018-05-16 12:00:00,22820.0,856.39,24.01,31.917912917962774,0.1464833956666666,125.66198510811316,92.15212241261632
2018-05-16 13:00:00,23076.0,634.85,23.86,9.152130202854597,0.1562677343333333,104.74269005875644,76.81130604308805
2018-05-16 14:00:00,23489.6,394.48,23.67,9.33500513323311,0.1669051046666666,76.54458994045743,56.13269928966879
2018-05-16 15:00:00,23832.800000000003,162.0,22.92,1.675421460822179,0.177638032,41.06768475321633,30.11630215235864
2018-05-16 16:00:00,24289.6,39.35,21.06,6.969637170763994,0.1844505043333333,30.979363021047384,22.718199548768084
2018-05-16 17:00:00,24924.800000000003,0.0,19.33,7.237863534594137,0.187526218,0.0,0.0
2018-05-16 18:00:00,25217.6,0.0,17.91,26.52965826259883,0.188641486,0.0,0.0
2018-05-16 19:00:00,25148.800000000003,0.0,17.12,38.57441097005,0.189261952,0.0,0.0
2018-05-16 20:00:00,24976.800000000003,0.0,15.43,62.67733330994543,0.1905892779999999,0.0,0.0
2018-05-16 21:00:00,25223.2,0.0,14.89,118.44953570297535,0.191013394,0.0,0.0
2018-05-16 22:00:00,24533.6,0.0,15.07,130.08142474630782,0.1908720219999999,0.0,0.0
2018-05-16 23:00:00,22358.4,0.0,14.96,144.3313325722822,0.190958416,0.0,0.0
2018-05-17 00:00:00,20244.800000000003,0.0,14.72,133.0155459181061,0.191146912,0.0,0.0
2018-05-17 01:00:00,18610.4,0.0,15.05,149.38592797233125,0.19088773,0.0,0.0
2018-05-17 02:00:00,17648.8,0.0,15.05,124.59782718528292,0.19088773,0.0,0.0
2018-05-17 03:00:00,17104.0,28.86,14.54,101.9957850531521,0.190029026,33.52498930475847,24.58499215682288
2018-05-17 04:00:00,16901.600000000002,137.82,15.14,111.56932929275608,0.184803498,33.52498930475847,24.58499215682288
2018-05-17 05:00:00,17215.2,361.36,18.34,83.81727308732437,0.1725364226666666,70.00794977136621,51.33916316566856
2018-05-17 06:00:00,18348.0,582.43,20.73,50.43497872547617,0.1610132956666666,99.37367076434694,72.87402522718774
2018-05-17 07:00:00,20411.2,793.65,22.21,18.60203309927944,0.150634671,121.62215228370071,89.18957834138052
2018-05-17 08:00:00,22244.800000000003,944.06,23.4,23.187889267638425,0.1431371553333333,136.75339432942752,100.28582250824682
2018-05-17 09:00:00,23209.6,820.79,24.17,19.018132039528744,0.1479110783333333,144.76739690152726,106.16275772778664
2018-05-17 10:00:00,23990.4,398.0,24.92,27.71113564494861,0.1657697653333333,145.66415999999998,106.82038399999998
2018-05-17 11:00:00,25119.2,216.94,25.47,28.811562919980982,0.1732380466666666,139.44368362484576,102.25870132488689
2018-05-17 12:00:00,26308.0,799.45,25.74,40.97852269011619,0.1476091356666667,126.10596777606447,92.47770970244729
2018-05-17 13:00:00,27621.6,641.75,25.87,88.83486965739435,0.1543880103333333,105.65101245365628,77.47740913268126
2018-05-17 14:00:00,28978.4,351.19,25.64,103.67988644918562,0.1672467536666666,78.07881765762096,57.25779961558871
2018-05-17 15:00:00,30276.0,122.17,25.04,21.36772443190052,0.1777108996666666,43.38938338795877,31.81888115116977
2018-05-17 16:00:00,31563.2,30.6,23.58,61.92456107961562,0.182853088,33.52498930475847,24.58499215682288
2018-05-17 17:00:00,32805.6,0.0,21.04,28.02821998208259,0.1861831839999999,0.0,0.0
2018-05-17 18:00:00,33559.200000000004,0.0,19.37,7.0125489035354045,0.187494802,0.0,0.0
2018-05-17 19:00:00,33304.8,0.0,18.34,35.49068820540892,0.188303764,0.0,0.0
2018-05-17 20:00:00,32658.4,0.0,16.36,51.28834910157039,0.189858856,0.0,0.0
2018-05-17 21:00:00,32588.0,0.0,15.36,36.71610472906253,0.1906442559999999,0.0,0.0
2018-05-17 22:00:00,31498.4,0.0,14.58,19.32672282972493,0.191256868,0.0,0.0
2018-05-17 23:00:00,28741.6,0.0,13.63,35.34430825053022,0.1920029979999999,0.0,0.0
2018-05-18 00:00:00,26109.6,0.0,12.87,36.14952074586055,0.192599902,0.0,0.0
2018-05-18 01:00:00,23914.4,0.0,12.49,89.75100287507082,0.192898354,0.0,0.0
2018-05-18 02:00:00,22392.800000000003,0.0,12.23,7.659306363028302,0.193102558,0.0,0.0
2018-05-18 03:00:00,21463.2,8.74,11.86,0.0,0.1930118006666666,20.98660486707736,15.390176902523397
2018-05-18 04:00:00,20816.0,107.42,14.25,0.0,0.1868289573333333,20.98660486707736,15.390176902523397
2018-05-18 05:00:00,20897.6,143.56,18.74,0.0,0.1817256026666666,61.54875890109804,45.13575652747189
2018-05-18 06:00:00,21897.6,242.33,20.52,0.0449841125269381,0.1760179263333333,94.19788833037192,69.07845144227274
2018-05-18 07:00:00,23891.2,310.29,21.11,0.0,0.172589219,118.93399315489911,87.21826164692601
2018-05-18 08:00:00,26126.4,613.16,22.58,0.0,0.1582194533333333,135.75707337467952,99.55518714143165
2018-05-18 09:00:00,27654.4,552.32,23.78,0.0,0.1599316253333333,144.66712898971315,106.08922792578964
2018-05-18 10:00:00,29091.2,727.89,24.03,0.0,0.152074571,145.66415999999998,106.82038399999998
2018-05-18 11:00:00,30717.6,456.2,23.27,0.0,0.1645262153333333,138.74816640554008,101.74865536406271
2018-05-18 12:00:00,32263.2,465.43,21.86,0.0,0.1652308936666666,123.9191482063334,90.87404201797784
2018-05-18 13:00:00,33536.8,487.25,22.98,0.0,0.1633991663333333,101.17710540238,74.19654396174533
2018-05-18 14:00:00,34788.0,71.38,23.16,8.839413109659041,0.1814035886666666,70.52203799367973,51.71616119536513
2018-05-18 15:00:00,35810.4,38.01,23.05,6.628968655616407,0.182946027,31.95394598023283,23.43289371883741
2018-05-18 16:00:00,36732.0,13.99,19.72,0.0,0.1866094816666666,20.98660486707736,15.390176902523397
2018-05-18 17:00:00,37478.4,0.0,17.68,0.0,0.1888221279999999,0.0,0.0
2018-05-18 18:00:00,37623.2,0.0,16.57,0.0,0.189693922,0.0,0.0
2018-05-18 19:00:00,36741.6,0.0,17.08,1.6773131881474987,0.189293368,0.0,0.0
2018-05-18 20:00:00,35696.8,0.0,15.98,13.964524648865046,0.1901573079999999,0.0,0.0
2018-05-18 21:00:00,35208.0,0.0,15.69,3.165739287580112,0.190385074,0.0,0.0
2018-05-18 22:00:00,33780.0,0.0,14.88,0.0,0.1910212479999999,0.0,0.0
2018-05-18 23:00:00,30808.800000000003,0.0,13.65,0.0,0.19198729,0.0,0.0
2018-05-19 00:00:00,27960.0,0.0,12.88,4.911759853071486,0.192592048,0.0,0.0
2018-05-19 01:00:00,25591.2,0.0,12.52,16.176776159950144,0.192874792,0.0,0.0
2018-05-19 02:00:00,23968.800000000003,0.0,12.41,0.4417279908312576,0.192961186,0.0,0.0
2018-05-19 03:00:00,22824.800000000003,31.48,12.21,4.955266361431351,0.1917446886666666,20.55648804065437,15.074757896479872
2018-05-19 04:00:00,22097.6,63.04,14.67,10.703746662501096,0.1884355366666666,20.55648804065437,15.074757896479872
2018-05-19 05:00:00,21972.0,232.57,18.48,0.1377102838082312,0.1780460036666666,61.2585747590094,44.92295482327356
2018-05-19 06:00:00,22936.0,347.66,20.37,0.0,0.1715398373333333,94.02033825397876,68.94824805291773
2018-05-19 07:00:00,25008.0,771.08,21.11,0.0,0.1524834153333333,118.84177852556256,87.15063758541251
2018-05-19 08:00:00,27451.2,900.19,22.61,0.9734767823212512,0.1456718156666666,135.7228955737607,99.53012342075785
2018-05-19 09:00:00,29285.6,996.27,23.67,5.127032626472747,0.140647001,144.66368939857318,106.08670555895364
2018-05-19 10:00:00,30968.800000000003,979.98,24.43,0.0,0.140760884,145.66415999999998,106.82038399999996
2018-05-19 11:00:00,32551.2,914.96,24.95,0.5860060580294721,0.1431895153333333,138.7243073780412,101.73115874389686
2018-05-19 12:00:00,33907.200000000004,829.03,24.98,0.2065484194397996,0.1469153656666666,123.84413153269676,90.81902979064428
2018-05-19 13:00:00,35022.4,361.11,24.97,0.0,0.1673401289999999,101.02363246396672,74.08399714024225
2018-05-19 14:00:00,36212.8,137.22,24.58,0.0,0.1774155019999999,70.26281017185093,51.526060792690686
2018-05-19 15:00:00,36994.4,142.98,23.75,0.608744575019328,0.177816056,31.56166465634965,23.145220747989743
2018-05-19 16:00:00,37558.4,41.98,22.22,9.000275281858796,0.1834246846666666,20.55648804065437,15.074757896479872
2018-05-19 17:00:00,37759.2,0.0,20.36,0.0,0.186717256,0.0,0.0
2018-05-19 18:00:00,37296.8,0.0,19.12,7.773274457879905,0.1876911519999999,0.0,0.0
2018-05-19 19:00:00,35897.6,0.0,17.29,1.0701501668783295,0.189128434,0.0,0.0
2018-05-19 20:00:00,33992.0,0.0,16.15,19.561328082777543,0.19002379,0.0,0.0
2018-05-19 21:00:00,32962.4,0.0,15.1,44.85193468606784,0.19084846,0.0,0.0
2018-05-19 22:00:00,31369.6,0.0,13.78,30.099072499713508,0.191885188,0.0,0.0
2018-05-19 23:00:00,28637.6,0.0,12.94,0.0,0.1925449239999999,0.0,0.0
2018-05-20 00:00:00,25740.0,0.0,12.15,0.0,0.19316539,0.0,0.0
2018-05-20 01:00:00,23214.4,0.0,11.66,3.971734840962217,0.193550236,0.0,0.0
2018-05-20 02:00:00,21482.4,0.0,11.44,0.0,0.193723024,0.0,0.0
2018-05-20 03:00:00,20185.6,18.36,11.48,7.240579802727223,0.1928905,30.7902400943375,22.57950940251417
2018-05-20 04:00:00,19326.4,133.18,13.81,16.781871294245203,0.1860505386666666,30.7902400943375,22.57950940251417
2018-05-20 05:00:00,18916.0,318.5,17.67,42.64393070612752,0.1749327653333333,68.16291417940087,49.98613706489397
2018-05-20 06:00:00,18878.4,507.22,20.21,47.24005641375447,0.1647033666666666,98.24477995748302,72.04617196882087
2018-05-20 07:00:00,19002.4,794.31,20.96,33.277553244214154,0.151587623,121.03583742858407,88.75961411429496
2018-05-20 08:00:00,19798.4,912.83,22.54,18.33039870921147,0.1451752683333333,136.53608659270392,100.12646350131618
2018-05-20 09:00:00,20880.0,897.0,23.64,20.61337926638415,0.145002044,144.74552744984257,106.14672012988451
2018-05-20 10:00:00,21652.0,392.77,24.66,21.76332672346464,0.1662021716666666,145.66415999999998,106.82038399999998
2018-05-20 11:00:00,21934.4,886.98,23.82,15.51225650412704,0.145297878,139.29198424317627,102.1474551116626
2018-05-20 12:00:00,21871.2,220.65,22.09,23.025910281149034,0.175730819,125.62900017937136,92.12793346487231
2018-05-20 13:00:00,21569.6,54.7,22.57,35.20044984107598,0.1825947786666666,104.67520780858533,76.76181905962923
2018-05-20 14:00:00,21276.800000000003,70.46,23.03,39.64685878912179,0.1815458333333333,76.430607130818,56.0491118959332
2018-05-20 15:00:00,21057.6,124.82,20.76,93.35367302317528,0.1809567833333333,40.89519814606961,29.98981197378438
2018-05-20 16:00:00,20854.4,36.73,17.43,35.23602120964286,0.1874158256666666,30.7902400943375,22.57950940251417
2018-05-20 17:00:00,20854.4,0.0,17.11,64.52335913980262,0.1892698059999999,0.0,0.0
2018-05-20 18:00:00,20900.0,0.0,16.72,72.3953208848055,0.189576112,0.0,0.0
2018-05-20 19:00:00,20860.800000000003,0.0,14.77,47.02008188250107,0.1911076419999999,0.0,0.0
2018-05-20 20:00:00,20864.0,0.0,13.78,35.365895952524035,0.191885188,0.0,0.0
2018-05-20 21:00:00,21399.2,0.0,13.15,54.5863426132237,0.1923799899999999,0.0,0.0
2018-05-20 22:00:00,21109.6,0.0,13.39,49.06790105250407,0.192191494,0.0,0.0
2018-05-20 23:00:00,19960.800000000003,0.0,13.05,43.26253065582124,0.19245853,0.0,0.0
2018-05-21 00:00:00,18560.8,0.0,12.03,53.83341884771225,0.1932596379999999,0.0,0.0
2018-05-21 01:00:00,17273.600000000002,0.0,11.06,70.92299899739582,0.1940214759999999,0.0,0.0
2018-05-21 02:00:00,16425.600000000002,0.0,10.51,90.16736094048116,0.1944534459999999,0.0,0.0
2018-05-21 03:00:00,15920.0,5.25,10.3,95.81696226242316,0.1943893049999999,30.267579217216323,22.196224759291965
2018-05-21 04:00:00,15633.6,132.94,12.57,67.29311919205423,0.1870349066666666,30.267579217216323,22.196224759291965
2018-05-21 05:00:00,15588.0,356.0,15.75,64.73319899809992,0.1748044833333333,67.81029394016952,49.72754888945763
2018-05-21 06:00:00,15668.0,586.06,17.39,57.67796339153794,0.1634781426666667,98.0290281594603,71.8879539836042
2018-05-21 07:00:00,15856.8,793.3,18.18,51.97920405663199,0.1538151046666666,120.9237818750888,88.67744004173177
2018-05-21 08:00:00,16662.4,912.91,19.56,73.6084933657728,0.1475122696666666,136.4945550870549,100.09600706384026
2018-05-21 09:00:00,17678.4,689.06,20.59,72.85080533414651,0.1564706293333333,144.74134779535865,106.14365504992966
2018-05-21 10:00:00,18456.8,639.7,21.28,79.3139081258615,0.1580824446666666,145.66415999999998,106.82038399999998
2018-05-21 11:00:00,18821.6,995.34,21.98,78.78384412146437,0.142014906,139.262991700979,102.12619391405126
2018-05-21 12:00:00,19125.6,787.03,22.8,107.50407678739724,0.1504601376666666,125.53784289829562,92.06108479208343
2018-05-21 13:00:00,19281.6,639.18,23.12,86.81400859622659,0.156659998,104.48871359194992,76.62505663409661
2018-05-21 14:00:00,19300.0,370.8,22.86,114.81200034025149,0.168574516,76.11560378194179,55.81810944009063
2018-05-21 15:00:00,19375.2,75.09,22.6,81.69437429616538,0.181681533,40.418513468271385,29.640243210065677
2018-05-21 16:00:00,19615.2,47.22,21.88,94.3864519623651,0.183463082,30.267579217216323,22.196224759291965
2018-05-21 17:00:00,20059.2,0.0,19.64,105.9224616654932,0.187282744,0.0,0.0
2018-05-21 18:00:00,20610.4,0.0,17.73,132.78087247422172,0.1887828579999999,0.0,0.0
2018-05-21 19:00:00,20919.2,0.0,15.63,83.38751325043934,0.190432198,0.0,0.0
2018-05-21 20:00:00,21244.0,0.0,14.86,80.73354426127607,0.1910369559999999,0.0,0.0
2018-05-21 21:00:00,21923.2,0.0,14.17,59.567982915364624,0.1915788819999999,0.0,0.0
2018-05-21 22:00:00,21352.800000000003,0.0,13.31,45.97914125842125,0.192254326,0.0,0.0
2018-05-21 23:00:00,19882.4,0.0,12.67,70.54964661656975,0.192756982,0.0,0.0
2018-05-22 00:00:00,18352.0,0.0,12.16,52.75213046613607,0.193157536,0.0,0.0
2018-05-22 01:00:00,17268.8,0.0,11.7,84.92046133336872,0.19351882,0.0,0.0
2018-05-22 02:00:00,16650.4,0.0,11.32,61.04328701515137,0.1938172719999999,0.0,0.0
2018-05-22 03:00:00,16332.0,32.36,11.16,56.30117534411836,0.1925309613333333,12.378419747137302,9.077507814567351
2018-05-22 04:00:00,16288.8,115.99,13.16,56.08522558729242,0.1873111056666666,12.378419747137302,9.077507814567351
2018-05-22 05:00:00,16752.8,36.16,16.46,59.52885653143347,0.1882025346666666,55.7411302278746,40.8768288337747
2018-05-22 06:00:00,18140.8,51.92,18.52,61.9845447659644,0.1858969493333333,90.64447253317444,66.4726131909946
2018-05-22 07:00:00,20236.800000000003,79.74,19.23,38.57239555213257,0.1841254359999999,117.08844666303698,85.86486088622712
2018-05-22 08:00:00,22012.0,675.23,20.48,32.78086334824819,0.1571604723333333,135.07305261746208,99.0535719194722
2018-05-22 09:00:00,22835.2,706.09,21.74,23.064606305163856,0.1548243436666666,144.59829039644976,106.03874629072982
2018-05-22 10:00:00,23349.6,863.94,22.88,30.288039902074747,0.147041466,145.66415999999998,106.82038399999998
2018-05-22 11:00:00,23749.6,956.88,23.5,42.258607045942334,0.142499236,138.27066142811285,101.39848504728276
2018-05-22 12:00:00,23954.4,852.09,23.83,28.14676595477525,0.146812391,122.41779468078826,89.77304943257805
2018-05-22 13:00:00,24020.800000000003,647.13,23.25,13.022692579713256,0.156211011,98.10555975802632,71.94407715588596
2018-05-22 14:00:00,24024.0,352.45,23.5,24.86164232610938,0.1688725316666666,65.33395665982688,47.911568217206366
2018-05-22 15:00:00,23905.6,178.52,22.63,34.32513413995876,0.1771449753333333,24.10298538619015,17.67552261653944
2018-05-22 16:00:00,23797.6,10.5,18.32,38.107782623442056,0.1878613219999999,12.378419747137302,9.077507814567351
2018-05-22 17:00:00,23935.2,0.0,16.15,46.76098702872386,0.19002379,0.0,0.0
2018-05-22 18:00:00,24116.0,0.0,15.07,2.059756543365339,0.1908720219999999,0.0,0.0
2018-05-22 19:00:00,23904.0,0.0,15.94,5.2063268198714905,0.190188724,0.0,0.0
2018-05-22 20:00:00,23804.800000000003,0.0,14.92,12.391610677097756,0.190989832,0.0,0.0
2018-05-22 21:00:00,24070.4,0.0,14.14,0.0,0.191602444,0.0,0.0
2018-05-22 22:00:00,23344.800000000003,0.0,13.39,0.0,0.192191494,0.0,0.0
2018-05-22 23:00:00,21424.800000000003,0.0,12.4,0.0,0.1929690399999999,0.0,0.0
2018-05-23 00:00:00,19700.800000000003,0.0,12.0,0.0,0.1932832,0.0,0.0
2018-05-23 01:00:00,18307.2,0.0,11.57,0.9569670242682472,0.193620922,0.0,0.0
2018-05-23 02:00:00,17468.8,0.0,11.26,6.132403397337459,0.193864396,0.0,0.0
2018-05-23 03:00:00,17076.8,30.6,10.93,0.0,0.192788398,31.2185780977904,22.89362393837963
2018-05-23 04:00:00,16908.8,140.05,13.14,0.0,0.1862769956666666,31.2185780977904,22.89362393837963
2018-05-23 05:00:00,17276.8,365.16,16.7,1.3031605121428596,0.173658672,68.45189821448184,50.198058690620016
2018-05-23 06:00:00,18529.6,594.12,18.63,0.0,0.162152562,98.42159574464398,72.17583687940558
2018-05-23 07:00:00,20455.2,799.15,19.83,0.0,0.1522639396666666,121.12767068827692,88.82695850473641
2018-05-23 08:00:00,22077.6,960.52,21.06,0.0,0.1442567866666667,136.57012304538057,100.1514235666124
2018-05-23 09:00:00,22753.6,1028.66,21.55,0.0,0.1408987653333333,144.74895281595494,106.1492320650336
2018-05-23 10:00:00,23071.2,1073.03,22.42,0.0,0.1382794563333333,145.66415999999998,106.82038399999998
2018-05-23 11:00:00,23368.800000000003,946.93,23.1,0.0,0.1432475476666666,139.31574459751582,102.16487937151156
2018-05-23 12:00:00,23448.800000000003,820.73,23.54,5.8445680021493205,0.1484084983333333,125.70370660850232,92.18271817956835
2018-05-23 13:00:00,23567.2,608.23,23.59,0.0,0.1576413116666666,104.82804603295962,76.87390042417039
2018-05-23 14:00:00,23655.2,189.28,23.65,5.65611733475791,0.1758743726666666,76.68876287088754,56.23842610531753
2018-05-23 15:00:00,23504.800000000003,143.6,23.15,29.27713355102024,0.1782602433333333,41.28585712228632,30.276295223009964
2018-05-23 16:00:00,23433.6,20.12,22.25,19.92860238746301,0.1843549473333333,31.2185780977904,22.89362393837963
2018-05-23 17:00:00,23461.6,0.0,20.57,17.873115537262816,0.186552322,0.0,0.0
2018-05-23 18:00:00,23524.0,0.0,18.29,0.0,0.188343034,0.0,0.0
2018-05-23 19:00:00,23344.800000000003,0.0,16.78,0.0,0.189528988,0.0,0.0
2018-05-23 20:00:00,23414.4,0.0,15.64,15.788324813613388,0.1904243439999999,0.0,0.0
2018-05-23 21:00:00,23868.800000000003,0.0,14.62,21.711794154202728,0.191225452,0.0,0.0
2018-05-23 22:00:00,23134.4,0.0,13.96,13.870403116768845,0.191743816,0.0,0.0
2018-05-23 23:00:00,21226.4,0.0,13.35,6.317914661040684,0.19222291,0.0,0.0
2018-05-24 00:00:00,19484.8,0.0,12.88,13.607882052531972,0.192592048,0.0,0.0
2018-05-24 01:00:00,18050.4,0.0,12.49,15.268113626734298,0.192898354,0.0,0.0
2018-05-24 02:00:00,17320.8,0.0,12.0,0.0,0.1932832,0.0,0.0
2018-05-24 03:00:00,16890.4,14.87,11.57,0.0,0.1929720943333333,32.13487825938115,23.56557739021285
2018-05-24 04:00:00,16772.0,141.71,14.09,1.976436249606176,0.1854584343333333,32.13487825938115,23.56557739021285
2018-05-24 05:00:00,17164.8,359.85,18.22,0.8460574776415309,0.172696557,69.07009252810167,50.65140118727456
2018-05-24 06:00:00,18467.2,585.71,20.28,0.0,0.1612236083333333,98.79983987204186,72.45321590616403
2018-05-24 07:00:00,20450.4,771.91,21.92,0.0,0.1518110256666666,121.32412029120184,88.97102154688135
2018-05-24 08:00:00,22050.4,867.68,23.09,0.0,0.1467133433333333,136.64293378558153,100.20481810942644
2018-05-24 09:00:00,22648.0,936.67,23.95,1.3229505333335714,0.1430276356666666,144.75628035518093,106.15460559379932
2018-05-24 10:00:00,22948.0,981.1,24.57,7.584942745606187,0.1406020586666666,145.66415999999998,106.82038399999998
2018-05-24 11:00:00,23154.4,686.84,25.08,12.180542626152398,0.1530410493333333,139.3665727200388,102.20215332802844
2018-05-24 12:00:00,23220.800000000003,289.85,25.24,22.503345752897182,0.1702373823333333,125.86351851529732,92.2999135778847
2018-05-24 13:00:00,23407.2,309.08,24.95,47.11711895149436,0.1696260793333333,105.1549973857756,77.11366474956876
2018-05-24 14:00:00,23617.6,387.08,24.85,73.95424209788882,0.1663012193333333,77.24100933147346,56.64340684308055
2018-05-24 15:00:00,23684.800000000003,24.1,23.49,62.124029870072974,0.1832073906666666,42.12155435239119,30.88913985842021
2018-05-24 16:00:00,23702.4,12.24,20.88,76.52622449231117,0.185774776,32.13487825938115,23.56557739021285
2018-05-24 17:00:00,23843.2,0.0,19.23,59.53903363424075,0.1876047579999999,0.0,0.0
2018-05-24 18:00:00,23791.2,0.0,17.73,21.105232159348205,0.1887828579999999,0.0,0.0
2018-05-24 19:00:00,23474.4,0.0,14.45,10.693929455750617,0.19135897,0.0,0.0
2018-05-24 20:00:00,23416.800000000003,0.0,13.96,67.8164307887523,0.191743816,0.0,0.0
2018-05-24 21:00:00,23910.4,0.0,13.71,0.5549299332748263,0.191940166,0.0,0.0
2018-05-24 22:00:00,23147.2,0.0,13.24,0.0,0.192309304,0.0,0.0
2018-05-24 23:00:00,21293.6,0.0,12.66,40.92533687202127,0.192764836,0.0,0.0
2018-05-25 00:00:00,19498.4,0.0,12.04,44.41848042145133,0.1932517839999999,0.0,0.0
2018-05-25 01:00:00,18100.0,0.0,11.29,24.239414624164283,0.193840834,0.0,0.0
2018-05-25 02:00:00,17341.600000000002,0.0,10.91,111.61943288525424,0.194139286,0.0,0.0
2018-05-25 03:00:00,16928.8,5.25,10.98,57.3262562960749,0.193855233,24.59974307584983,18.039811588956532
2018-05-25 04:00:00,16856.8,42.64,13.63,3.531297077494177,0.1901424726666666,24.59974307584983,18.039811588956532
2018-05-25 05:00:00,17198.4,345.19,15.29,0.0,0.1756374436666666,63.98641152696678,46.92336845310896
2018-05-25 06:00:00,18455.2,190.06,16.75,108.93796329130484,0.1812595986666666,95.6893737259136,70.1722073990033
2018-05-25 07:00:00,20610.4,645.97,18.28,121.50713986368808,0.1601650636666666,119.7086296726904,87.78632842663961
2018-05-25 08:00:00,22295.2,896.4,19.98,146.08693432847843,0.1479027879999999,136.04417936729706,99.76573153601782
2018-05-25 09:00:00,23084.800000000003,954.77,21.45,76.37438017877794,0.1442013723333333,144.6960228097336,106.11041672713796
2018-05-25 10:00:00,23513.6,944.8,22.51,50.26143457391458,0.1438038726666666,145.66415999999998,106.82038399999998
2018-05-25 11:00:00,23812.800000000003,568.82,23.03,55.475066147223245,0.1598007253333333,138.94859093809632,101.89563335460394
2018-05-25 12:00:00,23813.6,76.02,22.93,58.35104023907532,0.181381772,124.54931562402253,91.33616479094984
2018-05-25 13:00:00,23744.0,629.09,22.69,94.99413228686126,0.1574379803333333,102.46633405777864,75.14197830903767
2018-05-25 14:00:00,23763.2,59.34,22.74,123.0886580030758,0.182258802,72.69964623936457,53.31307390886735
2018-05-25 15:00:00,23583.2,119.61,21.36,155.1849369220835,0.180712873,35.249252168780515,25.84945159043904
2018-05-25 16:00:00,23628.0,51.6,19.18,144.31981589846825,0.1853925479999999,24.59974307584983,18.039811588956532
2018-05-25 17:00:00,23909.6,0.0,17.51,111.36693890399462,0.188955646,0.0,0.0
2018-05-25 18:00:00,24142.4,0.0,16.21,85.728349940009,0.189976666,0.0,0.0
2018-05-25 19:00:00,23927.2,0.0,15.9,124.7514111227024,0.1902201399999999,0.0,0.0
2018-05-25 20:00:00,23671.2,0.0,15.05,133.2094503366889,0.19088773,0.0,0.0
2018-05-25 21:00:00,23820.0,0.0,14.36,106.49776195235016,0.191429656,0.0,0.0
2018-05-25 22:00:00,23008.800000000003,0.0,13.64,60.659351417231264,0.191995144,0.0,0.0
2018-05-25 23:00:00,21301.6,0.0,13.02,85.30965823279963,0.192482092,0.0,0.0
2018-05-26 00:00:00,19590.4,0.0,12.66,90.06546868426395,0.192764836,0.0,0.0
2018-05-26 01:00:00,18257.6,0.0,12.46,104.50888087594149,0.192921916,0.0,0.0
2018-05-26 02:00:00,17411.2,0.0,12.36,134.6812691272955,0.193000456,0.0,0.0
2018-05-26 03:00:00,16996.0,6.12,12.43,87.7472713508497,0.1926784419999999,11.653132799999998,8.545630719999998
2018-05-26 04:00:00,16821.600000000002,20.4,13.74,67.6487480180214,0.191026484,11.653132799999998,8.545630719999998
2018-05-26 05:00:00,17185.600000000002,50.99,15.28,83.483841134782,0.1884822243333333,55.25180556630893,40.51799074862655
2018-05-26 06:00:00,18301.6,199.33,17.37,63.11434865133312,0.1803681696666666,90.34507770609424,66.25305698446911
2018-05-26 07:00:00,20144.0,741.0,18.97,79.64476398031404,0.155476662,116.93294921935608,85.75082942752778
2018-05-26 08:00:00,21734.4,779.81,20.05,89.46121911628313,0.1529350203333333,135.01542010609433,99.01130807780248
2018-05-26 09:00:00,22525.6,547.37,20.35,103.92171235364916,0.1628415323333333,144.59249036630897,106.03449293529324
2018-05-26 10:00:00,22988.0,619.05,20.14,103.70705367657172,0.159878829,145.66415999999998,106.82038399999996
2018-05-26 11:00:00,23480.0,571.91,20.52,138.33558246534406,0.1616372523333333,138.23042900716746,101.3689812719228
2018-05-26 12:00:00,23711.2,352.2,18.88,172.66207132982802,0.172511988,122.29129738781135,89.68028475106166
2018-05-26 13:00:00,23800.800000000003,307.94,18.03,175.4387292635532,0.1751107893333333,97.84676514193173,71.75429443741659
2018-05-26 14:00:00,23952.0,39.87,16.67,167.30891525326362,0.187875721,64.8968322695284,47.59101033098749
2018-05-26 15:00:00,23950.4,77.88,16.25,169.08636232126273,0.186547086,23.441498770601644,17.19043243177454
2018-05-26 16:00:00,23923.2,10.5,15.9,177.0326611650309,0.18976199,11.653132799999998,8.545630719999998
2018-05-26 17:00:00,24020.800000000003,0.0,15.13,134.48136391551466,0.190824898,0.0,0.0
2018-05-26 18:00:00,23956.800000000003,0.0,14.49,155.1399976485803,0.1913275539999999,0.0,0.0
2018-05-26 19:00:00,23491.2,0.0,13.95,175.5420156434424,0.1917516699999999,0.0,0.0
2018-05-26 20:00:00,23103.2,0.0,13.2,148.49515568267404,0.19234072,0.0,0.0
2018-05-26 21:00:00,23249.6,0.0,12.19,121.31249595341804,0.1931339739999999,0.0,0.0
2018-05-26 22:00:00,22880.0,0.0,11.61,67.97483354495195,0.193589506,0.0,0.0
2018-05-26 23:00:00,21410.4,0.0,11.39,135.70724716752807,0.193762294,0.0,0.0
2018-05-27 00:00:00,19699.2,0.0,10.44,125.45795299978003,0.1945084239999999,0.0,0.0
2018-05-27 01:00:00,18228.8,0.0,10.18,73.30753843338547,0.194712628,0.0,0.0
2018-05-27 02:00:00,17180.0,0.0,10.05,77.62186628630339,0.19481473,0.0,0.0
2018-05-27 03:00:00,16637.600000000002,26.23,9.87,72.53639407761868,0.1938115996666666,31.948778740932845,23.429104410017416
2018-05-27 04:00:00,16337.6,140.61,12.41,0.0,0.186825903,31.948778740932845,23.429104410017416
2018-05-27 05:00:00,16310.4,364.31,15.17,175.55616296801148,0.1748974223333333,68.94453796760436,50.559327842909866
2018-05-27 06:00:00,16367.2,595.23,17.23,115.90501754489571,0.1632036889999999,98.7230189208784,72.39688054197748
2018-05-27 07:00:00,16728.8,747.32,19.06,73.92295917496592,0.1551302133333333,121.28422160075502,88.94176250722035
2018-05-27 08:00:00,17735.2,967.48,20.01,77.14129973367733,0.1447777686666666,136.62814600723416,100.19397373863838
2018-05-27 09:00:00,18996.0,1016.94,20.7,63.48080315068563,0.1420777379999999,144.75479214031583,106.1535142362316
2018-05-27 10:00:00,20017.6,867.66,21.26,39.71821367551002,0.148151498,145.66415999999998,106.82038399999998
2018-05-27 11:00:00,20775.2,745.39,21.61,55.06059924088129,0.1532116556666666,139.3562495862867,102.19458302994356
2018-05-27 12:00:00,21220.0,650.76,21.84,83.97582131729851,0.157160036,125.83106089917597,92.27611132606236
2018-05-27 13:00:00,21411.2,178.0,22.2,28.12517522207776,0.1775053866666666,105.08859393866776,77.06496888835636
2018-05-27 14:00:00,21613.6,258.79,22.32,128.65861849489067,0.1738860016666666,77.12884870476202,56.56115571682548
2018-05-27 15:00:00,21506.4,161.94,21.93,100.06962135777134,0.178418196,41.95182519745892,30.76467181146987
2018-05-27 16:00:00,21410.4,47.22,20.78,130.14260859129644,0.1843270219999999,31.948778740932845,23.429104410017416
2018-05-27 17:00:00,21401.6,0.0,18.97,98.44724327197336,0.187808962,0.0,0.0
2018-05-27 18:00:00,21509.6,0.0,17.38,28.057099557022838,0.189057748,0.0,0.0
2018-05-27 19:00:00,21495.2,0.0,16.97,14.764575855904544,0.189379762,0.0,0.0
2018-05-27 20:00:00,21414.4,0.0,16.12,51.39510866782594,0.190047352,0.0,0.0
2018-05-27 21:00:00,21837.6,0.0,15.33,63.92064310786162,0.190667818,0.0,0.0
2018-05-27 22:00:00,21742.4,0.0,14.64,55.73779178395546,0.191209744,0.0,0.0
2018-05-27 23:00:00,20659.2,0.0,14.21,97.28923565857468,0.191547466,0.0,0.0
2018-05-28 00:00:00,19237.6,0.0,13.52,122.0766939364526,0.1920893919999999,0.0,0.0
2018-05-28 01:00:00,17838.4,0.0,12.66,116.98937905995768,0.192764836,0.0,0.0
2018-05-28 02:00:00,16931.2,0.0,11.58,71.57253940050175,0.193613068,0.0,0.0
2018-05-28 03:00:00,16358.4,27.98,11.11,74.67697399378606,0.1927613453333333,31.97653687694206,23.44946037642417
2018-05-28 04:00:00,16040.0,140.88,13.42,57.0842364265787,0.186020868,31.97653687694206,23.44946037642417
2018-05-28 05:00:00,15960.0,358.13,16.55,92.69102785755032,0.1740832243333333,68.96326536999595,50.57306127133036
2018-05-28 06:00:00,15880.8,579.94,18.72,69.46572152283126,0.1627005966666666,98.73447734069876,72.4052833831791
2018-05-28 07:00:00,16043.2,784.91,21.1,107.96983532206188,0.1518878203333333,121.29017278905066,88.94612671197048
2018-05-28 08:00:00,16912.8,943.24,22.11,62.08797661962808,0.1441861006666666,136.6303517150515,100.1955912577044
2018-05-28 09:00:00,18140.0,1015.22,22.79,60.797193879969406,0.1405113013333333,144.75501411870127,106.15367702038093
2018-05-28 10:00:00,19250.4,450.13,23.24,62.30546597390048,0.1648146316666666,145.66415999999998,106.82038399999998
2018-05-28 11:00:00,20092.0,410.96,22.8,90.5040236230986,0.1668693253333333,139.3577893589477,102.19571219656164
2018-05-28 12:00:00,20766.4,370.57,22.13,112.80226802283237,0.1691578936666666,125.8359021955444,92.27966161006589
2018-05-28 13:00:00,21228.800000000003,71.38,21.38,163.16559182226084,0.1828016006666666,105.09849850979008,77.07223224051272
2018-05-28 14:00:00,21263.2,46.35,17.62,164.77099190629428,0.1868468469999999,77.14557830168465,56.57342408790207
2018-05-28 15:00:00,21297.6,43.57,16.91,150.54029874136714,0.1875257816666666,41.9771415712283,30.783237152234083
2018-05-28 16:00:00,21419.2,8.74,17.16,100.77124743355247,0.1888491806666666,31.97653687694206,23.44946037642417
2018-05-28 17:00:00,21491.2,0.0,16.47,58.47314122713211,0.189772462,0.0,0.0
2018-05-28 18:00:00,21485.6,0.0,15.58,70.39214094864613,0.190471468,0.0,0.0
2018-05-28 19:00:00,21302.4,0.0,15.28,123.51499314485312,0.190707088,0.0,0.0
2018-05-28 20:00:00,21227.2,0.0,14.76,65.33884268975319,0.191115496,0.0,0.0
2018-05-28 21:00:00,21520.0,0.0,14.33,67.55911798871252,0.191453218,0.0,0.0
2018-05-28 22:00:00,21084.800000000003,0.0,13.74,35.278214665652776,0.191916604,0.0,0.0
2018-05-28 23:00:00,20096.800000000003,0.0,13.01,23.793581450549617,0.192489946,0.0,0.0
2018-05-29 00:00:00,18669.6,0.0,12.64,27.714075427474818,0.192780544,0.0,0.0
2018-05-29 01:00:00,17443.2,0.0,12.15,15.874887770843308,0.19316539,0.0,0.0
2018-05-29 02:00:00,16624.0,0.0,11.85,22.312908459272865,0.1934010099999999,0.0,0.0
2018-05-29 03:00:00,16138.4,12.24,11.95,31.473660256293865,0.192788398,30.69671128999584,22.51092161266361
2018-05-29 04:00:00,15940.0,142.19,13.43,13.354322778944606,0.1859558543333333,30.69671128999584,22.51092161266361
2018-05-29 05:00:00,15949.6,350.01,15.48,12.718837263947108,0.175277905,68.0998137048759,49.939863383575656
2018-05-29 06:00:00,16273.6,556.87,17.48,7.044358411215042,0.1646811136666666,98.20617173447084,72.01785927194527
2018-05-29 07:00:00,16578.4,726.47,17.64,36.36671309117683,0.1571552363333333,121.0157853787808,88.74490927777256
2018-05-29 08:00:00,17304.8,855.17,18.67,4.66218216638488,0.1507306643333333,136.52865463780563,100.12101340105744
2018-05-29 09:00:00,18556.8,676.45,19.8,25.88777341687555,0.1576413116666666,144.74477951154535,106.14617164179992
2018-05-29 10:00:00,19811.2,1002.05,21.24,28.949693299564636,0.1423033223333333,145.66415999999998,106.82038399999998
2018-05-29 11:00:00,20700.0,850.55,22.09,35.12786751971549,0.1482461823333333,139.28679610316956,102.14365047565768
2018-05-29 12:00:00,21179.2,741.84,21.78,106.67637950179702,0.153233036,125.61268782105404,92.11597106877296
2018-05-29 13:00:00,21393.6,585.23,21.6,83.98634998172773,0.1602078243333333,104.64183515365347,76.73734577934587
2018-05-29 14:00:00,21390.4,169.27,20.62,98.65390695286042,0.1791272376666667,76.37423810096773,56.00777460737633
2018-05-29 15:00:00,21458.4,24.1,18.35,163.8218361418077,0.1872443466666666,40.80989666299702,29.927257552864475
2018-05-29 16:00:00,21570.4,13.12,17.11,174.9025129307764,0.1886973366666666,30.69671128999584,22.51092161266361
2018-05-29 17:00:00,21874.4,0.0,16.48,142.7220653104104,0.1897646079999999,0.0,0.0
2018-05-29 18:00:00,22176.800000000003,0.0,15.7,106.18355072226213,0.1903772199999999,0.0,0.0
2018-05-29 19:00:00,22156.0,0.0,15.2,126.6408366286168,0.19076992,0.0,0.0
2018-05-29 20:00:00,22199.2,0.0,14.48,68.5315616799321,0.191335408,0.0,0.0
2018-05-29 21:00:00,22621.6,0.0,13.86,140.9441212070149,0.191822356,0.0,0.0
2018-05-29 22:00:00,22276.800000000003,0.0,13.14,98.7043075543147,0.192387844,0.0,0.0
2018-05-29 23:00:00,20659.2,0.0,12.24,37.3625447223496,0.1930947039999999,0.0,0.0
2018-05-30 00:00:00,18956.0,0.0,11.95,16.957541484406796,0.1933224699999999,0.0,0.0
2018-05-30 01:00:00,17684.0,0.0,11.31,31.088633605064967,0.193825126,0.0,0.0
2018-05-30 02:00:00,16950.4,0.0,11.03,45.40501385387116,0.194045038,0.0,0.0
2018-05-30 03:00:00,16548.0,6.12,10.89,42.72491716866854,0.193887958,14.766126736140771,10.828492939836568
2018-05-30 04:00:00,16381.6,77.88,12.99,116.16133021273548,0.1891074899999999,14.766126736140771,10.828492939836568
2018-05-30 05:00:00,16782.4,144.44,15.1,88.591510216891,0.1845460613333333,57.35202908511121,42.05815466241488
2018-05-30 06:00:00,18123.2,439.68,16.84,78.97079004450063,0.17029716,91.63010604541738,67.19541109997273
2018-05-30 07:00:00,20206.4,483.85,18.21,47.92102521355793,0.1672938776666666,117.60035761705942,86.24026225251022
2018-05-30 08:00:00,22058.4,848.65,19.49,78.54212126092428,0.1503711256666666,135.2627838000372,99.19270812002726
2018-05-30 09:00:00,22860.800000000003,864.91,19.98,94.01990048049676,0.1492768016666666,144.6173845943507,106.05274870252384
2018-05-30 10:00:00,23335.2,969.59,20.41,93.50636593372587,0.1443715423333333,145.66415999999998,106.82038399999998
2018-05-30 11:00:00,23743.2,812.18,20.47,121.46280673091144,0.1511927413333333,138.40311001698507,101.4956140124557
2018-05-30 12:00:00,23927.2,776.24,20.91,136.79335436788392,0.1524153473333333,122.83423464530593,90.078438739891
2018-05-30 13:00:00,24000.800000000003,470.65,21.19,161.10556194731137,0.1655293456666666,98.9575338849626,72.56885818230589
2018-05-30 14:00:00,23952.800000000003,98.28,21.22,177.14597311254522,0.181753528,66.7730077359549,48.96687233970025
2018-05-30 15:00:00,23780.800000000003,72.31,20.43,153.95687156345272,0.1835071516666666,26.28065619828313,19.272481212074293
2018-05-30 16:00:00,23784.0,36.73,19.34,144.5669031044426,0.1859157116666666,14.766126736140771,10.828492939836568
2018-05-30 17:00:00,23928.800000000003,0.0,17.83,131.63622420244724,0.188704318,0.0,0.0
2018-05-30 18:00:00,24079.2,0.0,16.33,94.79094179233958,0.189882418,0.0,0.0
2018-05-30 19:00:00,24021.6,0.0,15.32,91.95519119913448,0.1906756719999999,0.0,0.0
2018-05-30 20:00:00,23901.6,0.0,14.18,87.47128941641681,0.1915710279999999,0.0,0.0
2018-05-30 21:00:00,24032.800000000003,0.0,13.34,61.66794534141206,0.192230764,0.0,0.0
2018-05-30 22:00:00,23257.6,0.0,12.56,47.97859342910939,0.1928433759999999,0.0,0.0
2018-05-30 23:00:00,21435.2,0.0,11.91,11.088608140381908,0.193353886,0.0,0.0
2018-05-31 00:00:00,19712.800000000003,0.0,11.89,59.69266606291889,0.193369594,0.0,0.0
2018-05-31 01:00:00,18353.6,0.0,11.47,100.27027818405372,0.193699462,0.0,0.0
2018-05-31 02:00:00,17584.0,0.0,11.26,93.35834030677331,0.193864396,0.0,0.0
2018-05-31 03:00:00,17160.8,16.61,11.43,67.67858832601367,0.1930061283333333,32.184742291161555,23.6021443468518
2018-05-31 04:00:00,17064.8,142.82,12.33,67.38547685463459,0.1867923053333333,32.184742291161555,23.6021443468518
2018-05-31 05:00:00,17404.0,324.61,13.79,41.47261527306671,0.1777135176666666,69.10373397245903,50.676071579803285
2018-05-31 06:00:00,18760.0,561.12,15.35,36.94564416098876,0.1661685739999999,98.82042349516006,72.46831056311737
2018-05-31 07:00:00,20856.800000000003,567.51,16.74,15.611071080802413,0.164798051,121.33481085926472,88.97886129679412
2018-05-31 08:00:00,22522.4,621.49,17.73,26.774548208437626,0.1616651776666666,136.64689606477293,100.20772378083348
2018-05-31 09:00:00,23376.800000000003,784.64,18.67,45.73281475905937,0.1538081233333333,144.7566791116847,106.15489801523545
2018-05-31 10:00:00,23749.6,641.09,19.21,24.520288114264343,0.1596475723333333,145.66415999999998,106.82038399999998
2018-05-31 11:00:00,24261.6,888.53,19.42,10.035995518926883,0.1486860063333333,139.3693387297189,102.20418173512718
2018-05-31 12:00:00,24729.6,794.25,19.82,30.730152886977148,0.152485597,125.87221530084136,92.30629122061696
2018-05-31 13:00:00,25076.0,319.8,20.07,32.04787858195304,0.172991082,105.1727897133674,77.12671245646942
2018-05-31 14:00:00,25567.2,196.4,19.84,43.64550552068909,0.1785560773333333,77.27106196729693,56.665445442684415
2018-05-31 15:00:00,25935.2,171.91,19.63,47.02064559337721,0.1797895916666666,42.16703206263016,30.922490179262116
2018-05-31 16:00:00,26500.800000000003,36.73,18.58,109.03886147672922,0.1865126156666666,32.184742291161555,23.6021443468518
2018-05-31 17:00:00,27117.6,0.0,17.11,107.6036293404078,0.1892698059999999,0.0,0.0
2018-05-31 18:00:00,27548.0,0.0,15.72,96.91210702101948,0.1903615119999999,0.0,0.0
2018-05-31 19:00:00,27087.2,0.0,15.22,82.45568098793204,0.1907542119999999,0.0,0.0
2018-05-31 20:00:00,26578.4,0.0,14.55,107.21269281709016,0.19128043,0.0,0.0
2018-05-31 21:00:00,26433.6,0.0,13.83,80.9479604820627,0.191845918,0.0,0.0
2018-05-31 22:00:00,25897.6,0.0,13.41,50.77437207206938,0.192175786,0.0,0.0
2018-05-31 23:00:00,23661.6,0.0,13.12,22.91232405495545,0.1924035519999999,0.0,0.0
