DateTime,load_PJME_MW,solar_G_i__POA,solar_T2m,wind_Energy_scaled_MW,eta_eff,P_150MW_adj_MW,P_110MW_adj_MW
2018-01-01 00:00:00,22536.800000000003,0.0,-0.29,18.871291417697428,0.202935766,0.0,0.0
2018-01-01 01:00:00,21503.2,0.0,-1.11,22.22588331973862,0.2035797939999999,0.0,0.0
2018-01-01 02:00:00,20678.4,0.0,-1.55,35.284245765886894,0.20392537,0.0,0.0
2018-01-01 03:00:00,20031.2,0.0,-2.18,36.578283481249706,0.204420172,0.0,0.0
2018-01-01 04:00:00,19709.6,0.0,-2.17,74.17510765601075,0.2044123179999999,0.0,0.0
2018-01-01 05:00:00,19692.0,0.0,-1.85,57.84281548507339,0.2041609899999999,0.0,0.0
2018-01-01 15:00:00,20676.800000000003,0.0,0.67,80.28456370193618,0.202181782,0.0,0.0
2018-01-01 16:00:00,21000.0,0.0,0.39,139.643852364978,0.202401694,0.0,0.0
2018-01-01 17:00:00,22283.2,0.0,-0.11,105.18875256102896,0.202794394,0.0,0.0
2018-01-01 18:00:00,24694.4,0.0,-0.53,97.23119162255246,0.2031242619999999,0.0,0.0
2018-01-01 19:00:00,25153.6,0.0,-0.65,128.3416675087169,0.20321851,0.0,0.0
2018-01-01 20:00:00,25158.4,0.0,-1.07,159.34394727510283,0.203548378,0.0,0.0
2018-01-01 21:00:00,24996.800000000003,0.0,-1.02,178.96721990948114,0.203509108,0.0,0.0
2018-01-01 22:00:00,24420.800000000003,0.0,-1.2,172.77017046708974,0.20365048,0.0,0.0
2018-01-01 23:00:00,23367.2,0.0,-1.36,177.27245043665158,0.203776144,0.0,0.0
2018-01-02 00:00:00,22093.6,0.0,-1.01,167.71736924359325,0.203501254,0.0,0.0
2018-01-02 01:00:00,20972.800000000003,0.0,-0.94,172.19417917980422,0.2034462759999999,0.0,0.0
2018-01-02 02:00:00,20304.800000000003,0.0,-1.1,178.9655348382597,0.2035719399999999,0.0,0.0
2018-01-02 03:00:00,19969.6,0.0,-1.17,168.59045434683492,0.203626918,0.0,0.0
2018-01-02 04:00:00,19898.4,0.0,-1.85,174.48014194935374,0.2041609899999999,0.0,0.0
2018-01-02 05:00:00,20250.4,0.0,-2.97,176.53883831470367,0.2050406379999999,0.0,0.0
2018-01-02 15:00:00,25803.2,0.0,4.49,163.80018479503747,0.1991815539999999,0.0,0.0
2018-01-02 16:00:00,25942.4,0.0,3.08,173.49369640733954,0.2002889679999999,0.0,0.0
2018-01-02 17:00:00,26993.6,0.0,2.01,178.8891611066515,0.201129346,0.0,0.0
2018-01-02 18:00:00,28430.4,0.0,1.16,174.56778989848505,0.201796936,0.0,0.0
2018-01-02 19:00:00,28142.4,0.0,0.65,152.0306048241485,0.2021974899999999,0.0,0.0
2018-01-02 20:00:00,27680.0,0.0,0.38,115.03326595125354,0.202409548,0.0,0.0
2018-01-02 21:00:00,26939.2,0.0,-0.11,178.31589745263747,0.202794394,0.0,0.0
2018-01-02 22:00:00,25628.0,0.0,0.11,80.72699188001678,0.2026216059999999,0.0,0.0
2018-01-02 23:00:00,23896.0,0.0,0.41,64.7063348410771,0.202385986,0.0,0.0
2018-01-03 00:00:00,22216.800000000003,0.0,0.0,138.16855432659838,0.202708,0.0,0.0
2018-01-03 01:00:00,20994.4,0.0,0.21,63.50319398914259,0.202543066,0.0,0.0
2018-01-03 02:00:00,20272.0,0.0,0.34,36.61805540505505,0.202440964,0.0,0.0
2018-01-03 03:00:00,20017.6,0.0,0.17,22.07681361538357,0.202574482,0.0,0.0
2018-01-03 04:00:00,20098.4,0.0,0.34,60.287484081186825,0.202440964,0.0,0.0
2018-01-03 05:00:00,20740.0,0.0,0.01,57.25917470181225,0.202700146,0.0,0.0
2018-01-03 15:00:00,26622.4,0.0,6.34,24.497595720795434,0.197728564,0.0,0.0
2018-01-03 16:00:00,26620.800000000003,0.0,5.4,0.0,0.19846684,0.0,0.0
2018-01-03 17:00:00,27587.2,0.0,5.13,0.0,0.198678898,0.0,0.0
2018-01-03 18:00:00,29084.800000000003,0.0,4.88,13.049441569997914,0.1988752479999999,0.0,0.0
2018-01-03 19:00:00,28884.800000000003,0.0,4.49,57.3602183610116,0.1991815539999999,0.0,0.0
2018-01-03 20:00:00,28244.800000000003,0.0,4.32,79.66790037186539,0.1993150719999999,0.0,0.0
2018-01-03 21:00:00,27457.6,0.0,4.36,87.4138878895655,0.199283656,0.0,0.0
2018-01-03 22:00:00,26064.0,0.0,4.03,84.05055240753678,0.199542838,0.0,0.0
2018-01-03 23:00:00,24117.6,0.0,3.8,49.38605219731766,0.1997234799999999,0.0,0.0
2018-01-04 00:00:00,22311.2,0.0,3.46,55.67160121656168,0.199990516,0.0,0.0
2018-01-04 01:00:00,20977.6,0.0,3.13,55.439218984625306,0.200249698,0.0,0.0
2018-01-04 02:00:00,20230.4,0.0,2.77,66.64894313438256,0.2005324419999999,0.0,0.0
2018-01-04 03:00:00,19914.4,0.0,2.4,55.72959676132575,0.20082304,0.0,0.0
2018-01-04 04:00:00,19927.2,0.0,1.98,66.2885439808939,0.201152908,0.0,0.0
2018-01-04 05:00:00,20402.4,0.0,1.25,14.065254630237895,0.20172625,0.0,0.0
2018-01-04 15:00:00,24356.800000000003,0.0,3.59,0.0,0.199888414,0.0,0.0
2018-01-04 16:00:00,24770.4,0.0,2.34,16.815686370055445,0.2008701639999999,0.0,0.0
2018-01-04 17:00:00,26051.2,0.0,1.37,50.28447701365342,0.201632002,0.0,0.0
2018-01-04 18:00:00,28659.2,0.0,0.86,43.27493229509666,0.2020325559999999,0.0,0.0
2018-01-04 19:00:00,29128.800000000003,0.0,0.13,59.13002805584988,0.2026058979999999,0.0,0.0
2018-01-04 20:00:00,29062.4,0.0,-0.14,22.97886163791548,0.202817956,0.0,0.0
2018-01-04 21:00:00,28681.6,0.0,-0.54,34.94335525169803,0.2031321159999999,0.0,0.0
2018-01-04 22:00:00,27620.800000000003,0.0,-0.7,23.3478088910076,0.20325778,0.0,0.0
2018-01-04 23:00:00,25993.6,0.0,0.08,34.20417572717245,0.202645168,0.0,0.0
2018-01-05 00:00:00,24445.6,0.0,0.87,41.96869599760194,0.202024702,0.0,0.0
2018-01-05 01:00:00,23445.6,0.0,1.14,46.34917501876663,0.201812644,0.0,0.0
2018-01-05 02:00:00,22998.4,0.0,1.05,35.907512999178884,0.20188333,0.0,0.0
2018-01-05 03:00:00,22823.2,0.0,1.25,6.493246927746938,0.20172625,0.0,0.0
2018-01-05 04:00:00,23077.6,0.0,1.29,9.120142641336423,0.201694834,0.0,0.0
2018-01-05 05:00:00,23948.800000000003,0.0,1.37,21.601256815866225,0.201632002,0.0,0.0
2018-01-05 15:00:00,28588.800000000003,0.0,4.33,0.0,0.199307218,0.0,0.0
2018-01-05 16:00:00,28851.2,0.0,3.65,0.0,0.1998412899999999,0.0,0.0
2018-01-05 17:00:00,29900.800000000003,0.0,2.57,0.0,0.2006895219999999,0.0,0.0
2018-01-05 18:00:00,31796.0,0.0,1.65,0.0,0.20141209,0.0,0.0
2018-01-05 19:00:00,31803.2,0.0,2.23,0.0,0.200956558,0.0,0.0
2018-01-05 20:00:00,31348.0,0.0,1.67,0.0,0.2013963819999999,0.0,0.0
2018-01-05 21:00:00,30637.6,0.0,0.38,0.0,0.202409548,0.0,0.0
2018-01-05 22:00:00,29292.0,0.0,0.49,0.0,0.202323154,0.0,0.0
2018-01-05 23:00:00,27426.4,0.0,1.19,0.0,0.201773374,0.0,0.0
2018-01-06 00:00:00,25713.6,0.0,0.53,0.0,0.202291738,0.0,0.0
2018-01-06 01:00:00,24522.4,0.0,-0.02,0.0,0.202723708,0.0,0.0
2018-01-06 02:00:00,23873.6,0.0,-0.18,0.0,0.202849372,0.0,0.0
2018-01-06 03:00:00,23593.6,0.0,-0.07,0.0,0.202762978,0.0,0.0
2018-01-06 04:00:00,23633.6,0.0,-0.2,0.0,0.20286508,0.0,0.0
2018-01-06 05:00:00,24288.800000000003,0.0,0.03,0.0,0.202684438,0.0,0.0
2018-01-06 15:00:00,28508.800000000003,0.0,4.79,6.998894068306823,0.198945934,0.0,0.0
2018-01-06 16:00:00,28975.2,0.0,3.71,0.0,0.199794166,0.0,0.0
2018-01-06 17:00:00,30071.2,0.0,3.49,0.0,0.199966954,0.0,0.0
2018-01-06 18:00:00,31843.2,0.0,2.0,17.159612133934978,0.2011372,0.0,0.0
2018-01-06 19:00:00,31686.4,0.0,1.69,28.77342151473143,0.201380674,0.0,0.0
2018-01-06 20:00:00,31155.2,0.0,0.86,75.45501623102643,0.2020325559999999,0.0,0.0
2018-01-06 21:00:00,30600.800000000003,0.0,0.21,153.97876536651373,0.202543066,0.0,0.0
2018-01-06 22:00:00,29676.800000000003,0.0,-0.32,178.8403546553095,0.202959328,0.0,0.0
2018-01-06 23:00:00,28283.2,0.0,-0.82,167.89255603652478,0.203352028,0.0,0.0
2018-01-07 00:00:00,26875.2,0.0,-1.06,156.2781359689461,0.203540524,0.0,0.0
2018-01-07 01:00:00,25767.2,0.0,-1.16,137.59160533696385,0.203619064,0.0,0.0
2018-01-07 02:00:00,25047.2,0.0,-1.37,154.79008472966936,0.203783998,0.0,0.0
2018-01-07 03:00:00,24744.0,0.0,-1.62,177.68855392295632,0.2039803479999999,0.0,0.0
2018-01-07 04:00:00,24673.6,0.0,-1.91,178.61873748268602,0.204208114,0.0,0.0
2018-01-07 05:00:00,24950.4,0.0,-2.18,171.07644355631066,0.204420172,0.0,0.0
2018-01-07 15:00:00,30954.4,0.0,4.56,177.40313437740338,0.199126576,0.0,0.0
2018-01-07 16:00:00,30806.4,0.0,3.09,178.01453640596338,0.2002811139999999,0.0,0.0
2018-01-07 17:00:00,31428.0,0.0,1.04,176.66844332496157,0.2018911839999999,0.0,0.0
2018-01-07 18:00:00,33059.200000000004,0.0,-0.15,168.55858346740644,0.20282581,0.0,0.0
2018-01-07 19:00:00,33153.6,0.0,-1.47,155.08011094474784,0.2038625379999999,0.0,0.0
2018-01-07 20:00:00,32730.4,0.0,-1.58,173.97117770366506,0.203948932,0.0,0.0
2018-01-07 21:00:00,32251.2,0.0,-1.58,178.97328131675164,0.203948932,0.0,0.0
2018-01-07 22:00:00,31413.6,0.0,-1.46,178.9710507188761,0.203854684,0.0,0.0
2018-01-07 23:00:00,30123.2,0.0,-0.95,152.3527564977606,0.20345413,0.0,0.0
2018-01-08 00:00:00,28843.2,0.0,-0.33,121.92464959647955,0.2029671819999999,0.0,0.0
2018-01-08 01:00:00,27884.800000000003,0.0,-0.17,84.38825765220473,0.202841518,0.0,0.0
2018-01-08 02:00:00,27332.0,0.0,0.64,57.82464338607671,0.202205344,0.0,0.0
2018-01-08 03:00:00,27096.0,0.0,0.63,41.4848653771604,0.2022131979999999,0.0,0.0
2018-01-08 04:00:00,27108.800000000003,0.0,0.58,63.60637732510829,0.202252468,0.0,0.0
2018-01-08 05:00:00,27449.6,0.0,0.41,55.3641363327656,0.202385986,0.0,0.0
2018-01-08 15:00:00,29728.800000000003,0.0,4.95,0.0,0.19882027,0.0,0.0
2018-01-08 16:00:00,30297.6,0.0,3.97,0.0,0.199589962,0.0,0.0
2018-01-08 17:00:00,31685.6,0.0,2.96,24.74439197922079,0.200383216,0.0,0.0
2018-01-08 18:00:00,34085.6,0.0,0.7,33.24826452428314,0.20215822,0.0,0.0
2018-01-08 19:00:00,34480.0,0.0,-2.36,31.273315592485943,0.204561544,0.0,0.0
2018-01-08 20:00:00,34176.0,0.0,-2.47,31.123119981730444,0.204647938,0.0,0.0
2018-01-08 21:00:00,33714.4,0.0,-2.56,51.1784679105709,0.204718624,0.0,0.0
2018-01-08 22:00:00,32595.2,0.0,-2.6,49.66711359104308,0.20475004,0.0,0.0
2018-01-08 23:00:00,31107.2,0.0,-2.63,21.3008686250588,0.204773602,0.0,0.0
2018-01-09 00:00:00,29572.0,0.0,-2.19,12.361440780084823,0.204428026,0.0,0.0
2018-01-09 01:00:00,28665.6,0.0,-2.11,13.365301502863254,0.204365194,0.0,0.0
2018-01-09 02:00:00,28369.6,0.0,-2.24,24.19252509287157,0.2044672959999999,0.0,0.0
2018-01-09 03:00:00,28364.0,0.0,-2.37,18.16681041909176,0.204569398,0.0,0.0
2018-01-09 04:00:00,28732.0,0.0,-2.01,6.297411950948207,0.2042866539999999,0.0,0.0
2018-01-09 05:00:00,29568.800000000003,0.0,-1.46,1.020529403353328,0.203854684,0.0,0.0
2018-01-09 07:00:00,33969.6,0.0,0.6,0.0,0.20223676,0.0,0.0
2018-01-09 15:00:00,31904.0,0.0,4.13,18.000406605294963,0.1994642979999999,0.0,0.0
2018-01-09 16:00:00,31984.800000000003,0.0,3.4,27.47143123302973,0.20003764,0.0,0.0
2018-01-09 17:00:00,32976.8,0.0,2.68,61.20208376282398,0.200603128,0.0,0.0
2018-01-09 18:00:00,35279.200000000004,0.0,2.22,64.07417855402294,0.2009644119999999,0.0,0.0
2018-01-09 19:00:00,35532.8,0.0,-1.74,39.97945426746098,0.2040745959999999,0.0,0.0
2018-01-09 20:00:00,35297.6,0.0,-1.29,32.40139803818998,0.2037211659999999,0.0,0.0
2018-01-09 21:00:00,34707.200000000004,0.0,-1.95,43.68645638820853,0.2042395299999999,0.0,0.0
2018-01-09 22:00:00,33496.0,0.0,-2.66,32.48729120991647,0.204797164,0.0,0.0
2018-01-09 23:00:00,31607.2,0.0,-2.56,12.674038918162738,0.204718624,0.0,0.0
2018-01-10 00:00:00,29865.6,0.0,-2.45,23.462804394391565,0.20463223,0.0,0.0
2018-01-10 01:00:00,28776.0,0.0,-3.34,13.996457657717812,0.205331236,0.0,0.0
2018-01-10 02:00:00,28261.6,0.0,-3.71,0.0,0.205621834,0.0,0.0
2018-01-10 03:00:00,28086.4,0.0,-3.92,0.0,0.205786768,0.0,0.0
2018-01-10 04:00:00,28189.6,0.0,-3.29,0.0,0.205291966,0.0,0.0
2018-01-10 05:00:00,28894.4,0.0,-2.64,0.0,0.204781456,0.0,0.0
2018-01-10 07:00:00,33185.6,0.0,-0.67,0.0,0.203234218,0.0,0.0
2018-01-10 15:00:00,30760.0,0.0,3.79,0.0,0.1997313339999999,0.0,0.0
2018-01-10 16:00:00,30787.2,0.0,2.48,2.475191380680552,0.200760208,0.0,0.0
2018-01-10 17:00:00,31548.0,0.0,1.5,52.91455193535617,0.2015299,0.0,0.0
2018-01-10 18:00:00,33038.4,0.0,0.73,46.706895030242,0.202134658,0.0,0.0
2018-01-10 19:00:00,32788.8,0.0,-0.1,44.34940765490042,0.20278654,0.0,0.0
2018-01-10 20:00:00,32136.0,0.0,-0.46,1.257030456239243,0.203069284,0.0,0.0
2018-01-10 21:00:00,31156.0,0.0,-1.11,0.4646956574287827,0.2035797939999999,0.0,0.0
2018-01-10 22:00:00,29500.800000000003,0.0,-1.3,0.0,0.20372902,0.0,0.0
2018-01-10 23:00:00,27418.4,0.0,-1.09,39.75647933960866,0.203564086,0.0,0.0
2018-01-11 00:00:00,25354.4,0.0,-1.5,48.090868875980746,0.2038861,0.0,0.0
2018-01-11 01:00:00,23924.800000000003,0.0,-1.42,45.5703508599884,0.2038232679999999,0.0,0.0
2018-01-11 02:00:00,23191.2,0.0,-1.04,37.31834190982954,0.203524816,0.0,0.0
2018-01-11 03:00:00,22809.6,0.0,-0.9,12.645199500045642,0.2034148599999999,0.0,0.0
2018-01-11 04:00:00,22728.800000000003,0.0,-0.79,33.01969491752012,0.2033284659999999,0.0,0.0
2018-01-11 05:00:00,23176.0,0.0,-0.86,53.079258555117626,0.203383444,0.0,0.0
2018-01-11 15:00:00,25365.6,0.0,7.1,54.85780273783256,0.19713166,0.0,0.0
2018-01-11 16:00:00,25657.6,0.0,5.5,46.30258704248563,0.1983883,0.0,0.0
2018-01-11 17:00:00,26811.2,0.0,3.22,100.87522481387076,0.200179012,0.0,0.0
2018-01-11 18:00:00,28535.2,0.0,1.77,95.0530673497519,0.2013178419999999,0.0,0.0
2018-01-11 19:00:00,28517.6,0.0,1.71,88.95106077336229,0.201364966,0.0,0.0
2018-01-11 20:00:00,28051.2,0.0,1.82,121.02752495200286,0.201278572,0.0,0.0
2018-01-11 21:00:00,27308.0,0.0,1.57,49.77720086988951,0.201474922,0.0,0.0
2018-01-11 22:00:00,25988.0,0.0,1.03,103.86718393384382,0.201899038,0.0,0.0
2018-01-11 23:00:00,24144.0,0.0,0.57,56.63446182288625,0.202260322,0.0,0.0
2018-01-12 00:00:00,22323.2,0.0,0.27,36.17727896045579,0.202495942,0.0,0.0
2018-01-12 01:00:00,21033.6,0.0,0.13,0.0,0.2026058979999999,0.0,0.0
2018-01-12 02:00:00,20278.4,0.0,0.22,0.0,0.202535212,0.0,0.0
2018-01-12 03:00:00,19841.6,0.0,0.38,1.9947693547337344,0.202409548,0.0,0.0
2018-01-12 04:00:00,19761.6,0.0,0.59,0.0,0.202244614,0.0,0.0
2018-01-12 05:00:00,20196.0,0.0,0.73,0.7869262713996454,0.202134658,0.0,0.0
2018-01-12 15:00:00,23981.6,0.0,4.97,0.0,0.198804562,0.0,0.0
2018-01-12 16:00:00,24024.800000000003,0.0,3.94,0.0,0.199613524,0.0,0.0
2018-01-12 17:00:00,24756.0,0.0,2.88,0.0,0.200446048,0.0,0.0
2018-01-12 18:00:00,26316.0,0.0,2.36,1.947867700626483,0.200854456,0.0,0.0
2018-01-12 19:00:00,26346.4,0.0,2.36,20.438430383687724,0.200854456,0.0,0.0
2018-01-12 20:00:00,25889.6,0.0,2.26,10.79730675674888,0.200932996,0.0,0.0
2018-01-12 21:00:00,25146.4,0.0,1.72,12.846182884644714,0.201357112,0.0,0.0
2018-01-12 22:00:00,23854.4,0.0,1.82,14.973703498847438,0.201278572,0.0,0.0
2018-01-12 23:00:00,22173.6,0.0,1.66,33.280908233138376,0.201404236,0.0,0.0
2018-01-13 00:00:00,20432.800000000003,0.0,2.18,38.59647146181096,0.200995828,0.0,0.0
2018-01-13 01:00:00,19160.8,0.0,3.29,42.47479016694808,0.2001240339999999,0.0,0.0
2018-01-13 02:00:00,18493.6,0.0,3.11,47.23721967515189,0.2002654059999999,0.0,0.0
2018-01-13 03:00:00,18155.2,0.0,2.93,52.65545708157911,0.2004067779999999,0.0,0.0
2018-01-13 04:00:00,18168.8,0.0,2.33,95.77361713903176,0.200878018,0.0,0.0
2018-01-13 05:00:00,18651.2,0.0,-0.34,129.68891225709984,0.202975036,0.0,0.0
2018-01-13 15:00:00,23655.2,0.0,5.41,166.90238879044625,0.1984589859999999,0.0,0.0
2018-01-13 16:00:00,24021.6,0.0,4.06,175.54305820549294,0.199519276,0.0,0.0
2018-01-13 17:00:00,25190.4,0.0,3.11,178.1648471834568,0.2002654059999999,0.0,0.0
2018-01-13 18:00:00,27118.4,0.0,2.89,176.2381319000148,0.200438194,0.0,0.0
2018-01-13 19:00:00,27265.6,0.0,3.22,174.32670348570875,0.200179012,0.0,0.0
2018-01-13 20:00:00,26902.4,0.0,3.06,173.24011137277125,0.200304676,0.0,0.0
2018-01-13 21:00:00,26451.2,0.0,2.51,101.9988642480455,0.200736646,0.0,0.0
2018-01-13 22:00:00,25660.800000000003,0.0,1.98,48.71071444486852,0.201152908,0.0,0.0
2018-01-13 23:00:00,24412.0,0.0,1.72,17.9190079670595,0.201357112,0.0,0.0
2018-01-14 00:00:00,23081.6,0.0,1.7,19.39584257218219,0.2013728199999999,0.0,0.0
2018-01-14 01:00:00,21988.0,0.0,1.68,60.47409056541594,0.2013885279999999,0.0,0.0
2018-01-14 02:00:00,21360.0,0.0,1.54,21.581260233280844,0.201498484,0.0,0.0
2018-01-14 03:00:00,21096.800000000003,0.0,1.28,61.66630876144928,0.201702688,0.0,0.0
2018-01-14 04:00:00,21064.0,0.0,0.95,39.154754347756,0.20196187,0.0,0.0
2018-01-14 05:00:00,21355.2,0.0,0.79,27.420509350550347,0.2020875339999999,0.0,0.0
2018-01-14 15:00:00,26750.4,0.0,0.6,0.0,0.20223676,0.0,0.0
2018-01-14 16:00:00,26917.6,0.0,0.04,0.0,0.2026765839999999,0.0,0.0
2018-01-14 17:00:00,27678.4,0.0,-0.36,0.0,0.202990744,0.0,0.0
2018-01-14 18:00:00,28921.6,0.0,-0.79,0.0,0.2033284659999999,0.0,0.0
2018-01-14 19:00:00,28759.2,0.0,-0.46,0.0,0.203069284,0.0,0.0
2018-01-14 20:00:00,28150.4,0.0,-0.6,0.0,0.2031792399999999,0.0,0.0
2018-01-14 21:00:00,27511.2,0.0,-0.86,0.0,0.203383444,0.0,0.0
2018-01-14 22:00:00,26540.800000000003,0.0,-1.18,0.0,0.203634772,0.0,0.0
2018-01-14 23:00:00,25262.4,0.0,-1.39,0.0,0.203799706,0.0,0.0
2018-01-15 00:00:00,23938.4,0.0,-1.78,0.0,0.204106012,0.0,0.0
2018-01-15 01:00:00,22790.4,0.0,-2.27,0.0,0.204490858,0.0,0.0
2018-01-15 02:00:00,22083.2,0.0,-2.72,0.0,0.2048442879999999,0.0,0.0
2018-01-15 03:00:00,21698.4,0.0,-3.11,0.0,0.205150594,0.0,0.0
2018-01-15 04:00:00,21618.4,0.0,-3.69,0.0,0.205606126,0.0,0.0
2018-01-15 05:00:00,21830.4,0.0,-4.28,0.0,0.206069512,0.0,0.0
2018-01-15 15:00:00,22988.0,0.0,0.56,0.0,0.202268176,0.0,0.0
2018-01-15 16:00:00,23483.2,0.0,-0.92,0.0,0.203430568,0.0,0.0
2018-01-15 17:00:00,24736.800000000003,0.0,-0.67,0.677301790469017,0.203234218,0.0,0.0
2018-01-15 18:00:00,26902.4,0.0,-1.58,38.41534145905044,0.203948932,0.0,0.0
2018-01-15 19:00:00,27480.0,0.0,-2.45,59.663965299492986,0.20463223,0.0,0.0
2018-01-15 20:00:00,27186.4,0.0,-3.47,105.95011380546094,0.2054333379999999,0.0,0.0
2018-01-15 21:00:00,27016.0,0.0,-4.21,129.2421138043773,0.206014534,0.0,0.0
2018-01-15 22:00:00,26286.4,0.0,-4.6,97.97323516201324,0.20632084,0.0,0.0
2018-01-15 23:00:00,25183.2,0.0,-4.6,122.54602870140656,0.20632084,0.0,0.0
2018-01-16 00:00:00,24048.0,0.0,-4.5,36.539132851689615,0.2062423,0.0,0.0
2018-01-16 01:00:00,23118.4,0.0,-4.4,178.92303225047905,0.2061637599999999,0.0,0.0
2018-01-16 02:00:00,22723.2,0.0,-4.28,0.0,0.206069512,0.0,0.0
2018-01-16 03:00:00,22636.0,0.0,-4.07,0.0,0.205904578,0.0,0.0
2018-01-16 04:00:00,22876.800000000003,0.0,-3.61,0.0,0.205543294,0.0,0.0
2018-01-16 05:00:00,23583.2,0.0,-2.83,0.0,0.2049306819999999,0.0,0.0
2018-01-16 15:00:00,26474.4,0.0,1.53,141.6571124214283,0.201506338,0.0,0.0
2018-01-16 16:00:00,26710.4,0.0,1.4,148.7809267898489,0.20160844,0.0,0.0
2018-01-16 17:00:00,27649.6,0.0,1.14,159.96726603035637,0.201812644,0.0,0.0
2018-01-16 18:00:00,29422.4,0.0,1.25,177.54236490240632,0.20172625,0.0,0.0
2018-01-16 19:00:00,29446.4,0.0,0.78,171.96690065278983,0.202095388,0.0,0.0
2018-01-16 20:00:00,28930.4,0.0,1.02,174.36235668327353,0.2019068919999999,0.0,0.0
2018-01-16 21:00:00,28101.6,0.0,1.14,165.9716960725058,0.201812644,0.0,0.0
2018-01-16 22:00:00,26674.4,0.0,0.86,174.0982975369418,0.2020325559999999,0.0,0.0
2018-01-16 23:00:00,24780.0,0.0,0.57,169.68857525640067,0.202260322,0.0,0.0
2018-01-17 00:00:00,23088.0,0.0,0.07,178.72187838880072,0.202653022,0.0,0.0
2018-01-17 01:00:00,21964.0,0.0,0.2,170.19218121806222,0.20255092,0.0,0.0
2018-01-17 02:00:00,21265.6,0.0,-0.24,174.19651658035286,0.2028964959999999,0.0,0.0
2018-01-17 03:00:00,20984.0,0.0,-0.55,178.68473408504715,0.20313997,0.0,0.0
2018-01-17 04:00:00,21077.6,0.0,-0.3,178.58487846167282,0.2029436199999999,0.0,0.0
2018-01-17 05:00:00,21691.2,0.0,-0.18,178.94824770472425,0.202849372,0.0,0.0
2018-01-17 15:00:00,27019.2,0.0,3.73,174.2753633661274,0.199778458,0.0,0.0
2018-01-17 16:00:00,27109.6,0.0,2.59,176.4979238156281,0.2006738139999999,0.0,0.0
2018-01-17 17:00:00,27908.0,0.0,2.04,172.8678439838467,0.2011057839999999,0.0,0.0
2018-01-17 18:00:00,29110.4,0.0,1.7,175.95126973953126,0.2013728199999999,0.0,0.0
2018-01-17 19:00:00,28924.800000000003,0.0,1.8,171.80969199382236,0.20129428,0.0,0.0
2018-01-17 20:00:00,28320.0,0.0,2.15,171.84401168178763,0.20101939,0.0,0.0
2018-01-17 21:00:00,27448.800000000003,0.0,3.34,171.82027521091638,0.200084764,0.0,0.0
2018-01-17 22:00:00,26001.6,0.0,3.72,171.84018087239266,0.199786312,0.0,0.0
2018-01-17 23:00:00,24149.6,0.0,2.84,171.83373153505687,0.200477464,0.0,0.0
2018-01-18 00:00:00,22452.0,0.0,3.14,171.83496806214006,0.200241844,0.0,0.0
2018-01-18 01:00:00,21169.6,0.0,3.41,171.8393443981896,0.200029786,0.0,0.0
2018-01-18 02:00:00,20512.800000000003,0.0,3.22,171.81952359641485,0.200179012,0.0,0.0
2018-01-18 03:00:00,20201.6,0.0,3.25,178.01727616204963,0.2001554499999999,0.0,0.0
2018-01-18 04:00:00,20216.800000000003,0.0,3.27,157.04541314687404,0.2001397419999999,0.0,0.0
2018-01-18 05:00:00,20737.6,0.0,3.51,68.01018367215346,0.199951246,0.0,0.0
2018-01-18 15:00:00,25504.0,0.0,-0.84,33.21300531819065,0.203367736,0.0,0.0
2018-01-18 16:00:00,25596.0,0.0,-1.71,95.08792650296462,0.204051034,0.0,0.0
2018-01-18 17:00:00,26456.800000000003,0.0,-2.28,143.64923028931918,0.204498712,0.0,0.0
2018-01-18 18:00:00,27982.4,0.0,-2.71,137.80666406692092,0.204836434,0.0,0.0
2018-01-18 19:00:00,28064.800000000003,0.0,-2.72,172.1933790740445,0.2048442879999999,0.0,0.0
2018-01-18 20:00:00,27600.800000000003,0.0,-2.87,164.89840268712,0.204962098,0.0,0.0
2018-01-18 21:00:00,26927.2,0.0,-2.93,170.19869116947098,0.205009222,0.0,0.0
2018-01-18 22:00:00,25651.2,0.0,-3.08,130.54302515558513,0.2051270319999999,0.0,0.0
2018-01-18 23:00:00,23846.4,0.0,-3.2,97.66696437544982,0.20522128,0.0,0.0
2018-01-19 00:00:00,22138.4,0.0,-3.34,107.74941830807768,0.205331236,0.0,0.0
2018-01-19 01:00:00,21007.2,0.0,-3.41,95.29349913054348,0.205386214,0.0,0.0
2018-01-19 02:00:00,20361.6,0.0,-3.56,119.5432923993068,0.2055040239999999,0.0,0.0
2018-01-19 03:00:00,20040.800000000003,0.0,-3.49,85.86147662789044,0.205449046,0.0,0.0
2018-01-19 04:00:00,20081.6,0.0,-3.64,64.98962077127081,0.205566856,0.0,0.0
2018-01-19 05:00:00,20669.6,0.0,-3.87,77.9846960641079,0.205747498,0.0,0.0
2018-01-19 15:00:00,24877.6,0.0,-1.16,150.07454020670252,0.203619064,0.0,0.0
2018-01-19 16:00:00,24876.800000000003,0.0,-2.32,141.90453906620982,0.204530128,0.0,0.0
2018-01-19 17:00:00,25657.6,0.0,-2.77,147.6388121863137,0.204883558,0.0,0.0
2018-01-19 18:00:00,27451.2,0.0,-3.02,166.1515016577777,0.205079908,0.0,0.0
2018-01-19 19:00:00,27947.2,0.0,-3.62,178.93573696011796,0.205551148,0.0,0.0
2018-01-19 20:00:00,27693.6,0.0,-4.15,175.84207954896084,0.20596741,0.0,0.0
2018-01-19 21:00:00,27242.4,0.0,-4.77,178.881911663556,0.2064543579999999,0.0,0.0
2018-01-19 22:00:00,26184.800000000003,0.0,-5.21,178.02938685377583,0.206799934,0.0,0.0
2018-01-19 23:00:00,24628.0,0.0,-5.37,178.96707443570668,0.206925598,0.0,0.0
2018-01-20 00:00:00,23141.6,0.0,-5.38,178.96612885617247,0.206933452,0.0,0.0
2018-01-20 01:00:00,22144.0,0.0,-5.29,178.95982499261115,0.206862766,0.0,0.0
2018-01-20 02:00:00,21638.4,0.0,-5.23,178.96989905149445,0.206815642,0.0,0.0
2018-01-20 03:00:00,21434.4,0.0,-5.1,178.97908814491657,0.20671354,0.0,0.0
2018-01-20 04:00:00,21510.4,0.0,-4.92,178.9636921704495,0.206572168,0.0,0.0
2018-01-20 05:00:00,22164.800000000003,0.0,-4.77,178.9309726940036,0.2064543579999999,0.0,0.0
2018-01-20 15:00:00,26772.0,0.0,3.48,171.86550543196907,0.1999748079999999,0.0,0.0
2018-01-20 16:00:00,26638.4,0.0,1.52,171.87926482647282,0.2015141919999999,0.0,0.0
2018-01-20 17:00:00,26984.800000000003,0.0,0.35,171.8607411658542,0.20243311,0.0,0.0
2018-01-20 18:00:00,28032.0,0.0,0.16,171.85735890059752,0.202582336,0.0,0.0
2018-01-20 19:00:00,27766.4,0.0,0.79,171.8685361356043,0.2020875339999999,0.0,0.0
2018-01-20 20:00:00,27020.0,0.0,0.62,171.88030738852336,0.2022210519999999,0.0,0.0
2018-01-20 21:00:00,26248.0,0.0,0.52,171.85820749761538,0.2022995919999999,0.0,0.0
2018-01-20 22:00:00,25169.6,0.0,0.5,171.85458277606736,0.2023153,0.0,0.0
2018-01-20 23:00:00,23686.4,0.0,0.8,171.86614794113947,0.2020796799999999,0.0,0.0
2018-01-21 00:00:00,22157.6,0.0,0.97,171.82717309239047,0.2019461619999999,0.0,0.0
2018-01-21 01:00:00,20856.0,0.0,1.24,99.26401790167192,0.201734104,0.0,0.0
2018-01-21 02:00:00,20042.4,0.0,1.46,178.17155109989818,0.201561316,0.0,0.0
2018-01-21 03:00:00,19592.0,0.0,1.57,152.32415877825866,0.201474922,0.0,0.0
2018-01-21 04:00:00,19379.2,0.0,1.28,175.02520793674546,0.201702688,0.0,0.0
2018-01-21 05:00:00,19518.4,0.0,1.23,177.05927074294812,0.201741958,0.0,0.0
2018-01-21 15:00:00,23023.2,0.0,6.51,172.15147050417607,0.197595046,0.0,0.0
2018-01-21 16:00:00,23041.6,0.0,5.21,172.90607934090897,0.1986160659999999,0.0,0.0
2018-01-21 17:00:00,23676.0,0.0,4.65,178.45924973458483,0.19905589,0.0,0.0
2018-01-21 18:00:00,24950.4,0.0,4.17,172.15485276943326,0.199432882,0.0,0.0
2018-01-21 19:00:00,24964.800000000003,0.0,4.21,165.4553854012053,0.1994014659999999,0.0,0.0
2018-01-21 20:00:00,24536.0,0.0,3.95,127.58154279136812,0.1996056699999999,0.0,0.0
2018-01-21 21:00:00,23922.4,0.0,3.65,80.69069617328108,0.1998412899999999,0.0,0.0
2018-01-21 22:00:00,23134.4,0.0,3.53,155.10221083565582,0.199935538,0.0,0.0
2018-01-21 23:00:00,21996.800000000003,0.0,3.35,169.26233709713964,0.20007691,0.0,0.0
2018-01-22 00:00:00,20755.2,0.0,3.36,93.29165876539076,0.2000690559999999,0.0,0.0
2018-01-22 01:00:00,19641.6,0.0,3.43,29.8166412279449,0.2000140779999999,0.0,0.0
2018-01-22 02:00:00,18937.6,0.0,3.36,2.241459159693902,0.2000690559999999,0.0,0.0
2018-01-22 03:00:00,18529.6,0.0,3.16,0.0,0.200226136,0.0,0.0
2018-01-22 04:00:00,18377.6,0.0,2.78,3.930255494496377,0.200524588,0.0,0.0
2018-01-22 05:00:00,18440.8,0.0,2.58,11.581493745609665,0.200681668,0.0,0.0
2018-01-22 15:00:00,22959.2,0.0,5.66,37.437006079963936,0.198262636,0.0,0.0
2018-01-22 16:00:00,23197.6,0.0,4.78,127.90550076434658,0.198953788,0.0,0.0
2018-01-22 17:00:00,23867.2,0.0,4.05,154.7956369787291,0.19952713,0.0,0.0
2018-01-22 18:00:00,25216.800000000003,0.0,2.59,148.12790713896945,0.2006738139999999,0.0,0.0
2018-01-22 19:00:00,25410.4,0.0,2.46,176.04050577736768,0.200775916,0.0,0.0
2018-01-22 20:00:00,24943.2,0.0,2.62,107.65427845956005,0.200650252,0.0,0.0
2018-01-22 21:00:00,24379.2,0.0,2.55,105.5299855447286,0.20070523,0.0,0.0
2018-01-22 22:00:00,23312.0,0.0,2.52,0.0,0.2007287919999999,0.0,0.0
2018-01-22 23:00:00,21899.2,0.0,2.06,0.0,0.2010900759999999,0.0,0.0
2018-01-23 00:00:00,20454.4,0.0,1.88,0.0,0.2012314479999999,0.0,0.0
2018-01-23 01:00:00,19521.6,0.0,1.77,37.55520655244221,0.2013178419999999,0.0,0.0
2018-01-23 02:00:00,19041.6,0.0,1.37,61.88285253618749,0.201632002,0.0,0.0
2018-01-23 03:00:00,18874.4,0.0,1.34,79.55860713737101,0.2016555639999999,0.0,0.0
2018-01-23 04:00:00,19050.4,0.0,1.39,6.20099200898263,0.201616294,0.0,0.0
2018-01-23 05:00:00,19788.0,0.0,1.34,0.0,0.2016555639999999,0.0,0.0
2018-01-23 15:00:00,28257.6,0.0,0.93,16.78689771622428,0.2019775779999999,0.0,0.0
2018-01-23 16:00:00,28397.6,0.0,0.13,5.10601356024847,0.2026058979999999,0.0,0.0
2018-01-23 17:00:00,29089.6,0.0,-0.5,16.712971277801497,0.2031007,0.0,0.0
2018-01-23 18:00:00,30332.800000000003,0.0,-1.23,10.4610426116592,0.203674042,0.0,0.0
2018-01-23 19:00:00,30300.800000000003,0.0,-1.94,25.673629959416317,0.2042316759999999,0.0,0.0
2018-01-23 20:00:00,29725.6,0.0,-2.51,35.93209503636437,0.2046793539999999,0.0,0.0
2018-01-23 21:00:00,28812.0,0.0,-2.85,26.77899121996687,0.2049463899999999,0.0,0.0
2018-01-23 22:00:00,27336.800000000003,0.0,-3.05,31.405551253499,0.20510347,0.0,0.0
2018-01-23 23:00:00,25406.4,0.0,-3.26,25.00595988716436,0.2052684039999999,0.0,0.0
2018-01-24 00:00:00,23681.6,0.0,-3.4,39.846948873824346,0.2053783599999999,0.0,0.0
2018-01-24 01:00:00,22455.2,0.0,-3.57,0.0,0.2055118779999999,0.0,0.0
2018-01-24 02:00:00,21788.800000000003,0.0,-3.65,0.0,0.2055747099999999,0.0,0.0
2018-01-24 03:00:00,21476.800000000003,0.0,-3.72,0.0,0.2056296879999999,0.0,0.0
2018-01-24 04:00:00,21540.0,0.0,-3.76,4.550879575380471,0.2056611039999999,0.0,0.0
2018-01-24 05:00:00,22183.2,0.0,-3.82,0.0,0.205708228,0.0,0.0
2018-01-24 15:00:00,26921.6,0.0,-1.21,0.0,0.2036583339999999,0.0,0.0
2018-01-24 16:00:00,27104.800000000003,0.0,-1.89,0.0,0.204192406,0.0,0.0
2018-01-24 17:00:00,27770.4,0.0,-2.34,0.0,0.2045458359999999,0.0,0.0
2018-01-24 18:00:00,29249.6,0.0,-2.87,0.0,0.204962098,0.0,0.0
2018-01-24 19:00:00,29474.4,0.0,-3.78,0.0,0.205676812,0.0,0.0
2018-01-24 20:00:00,29031.2,0.0,-4.15,0.0,0.20596741,0.0,0.0
2018-01-24 21:00:00,28265.6,0.0,-4.42,0.0,0.206179468,0.0,0.0
2018-01-24 22:00:00,26908.800000000003,0.0,-4.67,0.0,0.206375818,0.0,0.0
2018-01-24 23:00:00,25010.4,0.0,-4.91,0.0,0.206564314,0.0,0.0
2018-01-25 00:00:00,23305.6,0.0,-5.08,0.0,0.2066978319999999,0.0,0.0
2018-01-25 01:00:00,22090.4,0.0,-5.21,0.0,0.206799934,0.0,0.0
2018-01-25 02:00:00,21353.6,0.0,-5.34,0.0,0.2069020359999999,0.0,0.0
2018-01-25 03:00:00,21068.0,0.0,-5.44,0.0,0.206980576,0.0,0.0
2018-01-25 04:00:00,21073.6,0.0,-5.45,0.0,0.2069884299999999,0.0,0.0
2018-01-25 05:00:00,21626.4,0.0,-5.51,0.0,0.207035554,0.0,0.0
2018-01-25 15:00:00,23568.800000000003,0.0,-2.41,0.0,0.204600814,0.0,0.0
2018-01-25 16:00:00,23720.0,0.0,-3.15,0.0,0.2051820099999999,0.0,0.0
2018-01-25 17:00:00,24418.4,0.0,-3.87,0.0,0.205747498,0.0,0.0
2018-01-25 18:00:00,26288.800000000003,0.0,-4.51,0.0,0.206250154,0.0,0.0
2018-01-25 19:00:00,27060.0,0.0,-4.38,0.0,0.2061480519999999,0.0,0.0
2018-01-25 20:00:00,26871.2,0.0,-4.88,0.0,0.2065407519999999,0.0,0.0
2018-01-25 21:00:00,26328.0,0.0,-5.13,0.0,0.2067371019999999,0.0,0.0
2018-01-25 22:00:00,25136.0,0.0,-5.17,0.0,0.206768518,0.0,0.0
2018-01-25 23:00:00,23419.2,0.0,-5.25,0.0,0.20683135,0.0,0.0
2018-01-26 00:00:00,21745.6,0.0,-5.29,0.0,0.206862766,0.0,0.0
2018-01-26 01:00:00,20475.2,0.0,-5.36,0.0,0.206917744,0.0,0.0
2018-01-26 02:00:00,19834.4,0.0,-5.44,0.0,0.206980576,0.0,0.0
2018-01-26 03:00:00,19571.2,0.0,-5.51,0.5719839394040758,0.207035554,0.0,0.0
2018-01-26 04:00:00,19599.2,0.0,-5.37,140.32239054046596,0.206925598,0.0,0.0
2018-01-26 05:00:00,20145.6,0.0,-5.42,124.98170823053772,0.206964868,0.0,0.0
2018-01-26 15:00:00,24345.6,0.0,0.08,178.87515925585691,0.202645168,0.0,0.0
2018-01-26 16:00:00,24770.4,0.0,-1.05,178.86399414366443,0.20353267,0.0,0.0
2018-01-26 17:00:00,25731.2,0.0,-2.26,178.90604818730736,0.204483004,0.0,0.0
2018-01-26 18:00:00,27584.0,0.0,-2.99,178.18714103939791,0.2050563459999999,0.0,0.0
2018-01-26 19:00:00,28174.4,0.0,-3.05,178.91007296173495,0.20510347,0.0,0.0
2018-01-26 20:00:00,27803.2,0.0,-3.65,178.912158085836,0.2055747099999999,0.0,0.0
2018-01-26 21:00:00,27220.800000000003,0.0,-4.05,178.8914523186,0.20588887,0.0,0.0
2018-01-26 22:00:00,25977.6,0.0,-4.7,178.91434019245338,0.2063993799999999,0.0,0.0
2018-01-26 23:00:00,24206.4,0.0,-4.85,178.8879245795683,0.20651719,0.0,0.0
2018-01-27 00:00:00,22632.800000000003,0.0,-4.84,178.8753653437039,0.206509336,0.0,0.0
2018-01-27 01:00:00,21463.2,0.0,-5.14,178.8971136729904,0.206744956,0.0,0.0
2018-01-27 02:00:00,20880.800000000003,0.0,-5.05,178.89358593395923,0.20667427,0.0,0.0
2018-01-27 03:00:00,20603.2,0.0,-5.31,178.8742621675809,0.2068784739999999,0.0,0.0
2018-01-27 04:00:00,20648.800000000003,0.0,-5.35,178.90102934208738,0.20690989,0.0,0.0
2018-01-27 05:00:00,21290.4,0.0,-5.11,178.89179175740716,0.206721394,0.0,0.0
2018-01-27 15:00:00,26521.6,0.0,1.83,178.88633649086373,0.201270718,0.0,0.0
2018-01-27 16:00:00,26604.800000000003,0.0,0.25,178.8746622204605,0.20251165,0.0,0.0
2018-01-27 17:00:00,27340.0,0.0,-1.24,178.8695463927242,0.203681896,0.0,0.0
2018-01-27 18:00:00,28684.0,0.0,-2.49,178.87942648657537,0.2046636459999999,0.0,0.0
2018-01-27 19:00:00,28870.4,0.0,-2.31,178.86667328567822,0.2045222739999999,0.0,0.0
2018-01-27 20:00:00,28312.800000000003,0.0,-2.19,178.84800415128512,0.204428026,0.0,0.0
2018-01-27 21:00:00,27715.2,0.0,-2.47,178.86021182552764,0.204647938,0.0,0.0
2018-01-27 22:00:00,26737.6,0.0,-2.72,178.89010668618573,0.2048442879999999,0.0,0.0
2018-01-27 23:00:00,25336.800000000003,0.0,-2.84,178.838124057434,0.204938536,0.0,0.0
2018-01-28 00:00:00,23932.0,0.0,-3.02,178.83971214613908,0.205079908,0.0,0.0
2018-01-28 01:00:00,22808.800000000003,0.0,-3.21,178.82664375206392,0.205229134,0.0,0.0
2018-01-28 02:00:00,22118.4,0.0,-3.42,178.84125174358556,0.205394068,0.0,0.0
2018-01-28 03:00:00,21763.2,0.0,-3.62,178.8343417392972,0.205551148,0.0,0.0
2018-01-28 04:00:00,21668.0,0.0,-3.88,178.84343385020293,0.205755352,0.0,0.0
2018-01-28 05:00:00,21841.6,0.0,-3.87,178.8450704301662,0.205747498,0.0,0.0
2018-01-28 15:00:00,24790.4,0.0,3.13,178.8523198732617,0.200249698,0.0,0.0
2018-01-28 16:00:00,24523.2,0.0,2.06,106.3589314802268,0.2010900759999999,0.0,0.0
2018-01-28 17:00:00,24939.2,0.0,1.66,0.268607356425452,0.201404236,0.0,0.0
2018-01-28 18:00:00,26356.800000000003,0.0,0.35,67.54839535925115,0.20243311,0.0,0.0
2018-01-28 19:00:00,26972.0,0.0,-0.69,124.84276865308324,0.2032499259999999,0.0,0.0
2018-01-28 20:00:00,26712.800000000003,0.0,-1.32,51.3001688457481,0.203744728,0.0,0.0
2018-01-28 21:00:00,26300.800000000003,0.0,-1.82,33.01677938062304,0.204137428,0.0,0.0
2018-01-28 22:00:00,25599.2,0.0,-2.27,19.087842769194843,0.204490858,0.0,0.0
2018-01-28 23:00:00,24584.800000000003,0.0,-2.69,0.0,0.204820726,0.0,0.0
2018-01-29 00:00:00,23412.800000000003,0.0,-2.92,4.515438527069904,0.205001368,0.0,0.0
2018-01-29 01:00:00,22421.6,0.0,-3.16,9.386760459212194,0.205189864,0.0,0.0
2018-01-29 02:00:00,21831.2,0.0,-3.79,20.60367646869588,0.205684666,0.0,0.0
2018-01-29 03:00:00,21477.6,0.0,-4.34,22.866477085713303,0.206116636,0.0,0.0
2018-01-29 04:00:00,21290.4,0.0,-4.5,18.96853154383433,0.2062423,0.0,0.0
2018-01-29 05:00:00,21397.6,0.0,-4.95,21.645206564632726,0.2065957299999999,0.0,0.0
2018-01-29 15:00:00,23388.0,0.0,2.48,0.0,0.200760208,0.0,0.0
2018-01-29 16:00:00,23658.4,0.0,0.41,0.0,0.202385986,0.0,0.0
2018-01-29 17:00:00,24560.0,0.0,0.72,0.0,0.2021425119999999,0.0,0.0
2018-01-29 18:00:00,26491.2,0.0,0.88,0.0,0.202016848,0.0,0.0
2018-01-29 19:00:00,27328.800000000003,0.0,-1.26,0.0,0.2036976039999999,0.0,0.0
2018-01-29 20:00:00,27184.800000000003,0.0,-2.12,0.0,0.204373048,0.0,0.0
2018-01-29 21:00:00,26715.2,0.0,-2.53,0.0,0.204695062,0.0,0.0
2018-01-29 22:00:00,25763.2,0.0,-2.46,62.12879413618783,0.204640084,0.0,0.0
2018-01-29 23:00:00,24339.2,0.0,-2.47,68.40509041723341,0.204647938,0.0,0.0
2018-01-30 00:00:00,23005.6,0.0,-2.47,66.55285770633073,0.204647938,0.0,0.0
2018-01-30 01:00:00,22028.800000000003,0.0,-2.43,14.456277528609151,0.204616522,0.0,0.0
2018-01-30 02:00:00,21585.6,0.0,-2.3,4.350476570527551,0.20451442,0.0,0.0
2018-01-30 03:00:00,21543.2,0.0,-2.31,0.0,0.2045222739999999,0.0,0.0
2018-01-30 04:00:00,21824.0,0.0,-2.54,0.0,0.204702916,0.0,0.0
2018-01-30 05:00:00,22698.4,0.0,-2.81,0.0,0.2049149739999999,0.0,0.0
2018-01-30 15:00:00,27177.6,0.0,3.99,0.0,0.199574254,0.0,0.0
2018-01-30 16:00:00,27369.6,0.0,1.63,0.0,0.201427798,0.0,0.0
2018-01-30 17:00:00,28263.2,0.0,1.05,0.0,0.20188333,0.0,0.0
2018-01-30 18:00:00,30256.800000000003,0.0,0.54,0.0,0.2022838839999999,0.0,0.0
2018-01-30 19:00:00,31120.800000000003,0.0,-1.82,0.0,0.204137428,0.0,0.0
2018-01-30 20:00:00,30919.2,0.0,-2.02,0.0,0.2042945079999999,0.0,0.0
2018-01-30 21:00:00,30268.800000000003,0.0,-1.75,0.0,0.20408245,0.0,0.0
2018-01-30 22:00:00,28970.4,0.0,-1.23,62.12879413618783,0.203674042,0.0,0.0
2018-01-30 23:00:00,27149.6,0.0,-0.7,68.40509041723341,0.20325778,0.0,0.0
2018-01-31 00:00:00,25576.0,0.0,-0.15,66.55285770633073,0.20282581,0.0,0.0
2018-01-31 01:00:00,24588.0,0.0,-0.24,14.456277528609151,0.2028964959999999,0.0,0.0
2018-01-31 02:00:00,24203.2,0.0,-0.69,4.350476570527551,0.2032499259999999,0.0,0.0
2018-01-31 03:00:00,24074.4,0.0,-0.52,0.0,0.203116408,0.0,0.0
2018-01-31 04:00:00,24108.800000000003,0.0,-0.05,0.0,0.2027472699999999,0.0,0.0
2018-01-31 05:00:00,24677.6,0.0,-0.04,0.0,0.202739416,0.0,0.0
2018-01-31 15:00:00,27404.0,0.0,3.39,0.0,0.2000454939999999,0.0,0.0
2018-01-31 16:00:00,27135.2,0.0,2.13,0.0,0.2010350979999999,0.0,0.0
2018-01-31 17:00:00,27676.0,0.0,2.09,1.0222927046121146,0.2010665139999999,0.0,0.0
2018-01-31 18:00:00,29282.4,0.0,1.76,12.099297038450583,0.201325696,0.0,0.0
2018-01-31 19:00:00,29900.800000000003,0.0,2.37,15.199013583850688,0.200846602,0.0,0.0
2018-01-31 20:00:00,29545.6,0.0,1.79,7.354915370394635,0.201302134,0.0,0.0
2018-01-31 21:00:00,28860.800000000003,0.0,1.14,6.179863837427485,0.201812644,0.0,0.0
2018-01-31 22:00:00,27585.6,0.0,0.48,53.084422874112086,0.202331008,0.0,0.0
2018-01-31 23:00:00,25772.800000000003,0.0,-0.08,50.95059536564428,0.2027708319999999,0.0,0.0
2018-02-01 00:00:00,24148.0,0.0,-0.29,52.0861575879202,0.202935766,0.0,0.0
2018-02-01 01:00:00,23045.6,0.0,-0.29,81.83082263523156,0.202935766,0.0,0.0
2018-02-01 02:00:00,22519.2,0.0,-0.61,162.77078812110437,0.2031870939999999,0.0,0.0
2018-02-01 03:00:00,22209.6,0.0,-1.28,178.91677687817588,0.2037133119999999,0.0,0.0
2018-02-01 04:00:00,22279.2,0.0,-2.06,178.93523992472203,0.204325924,0.0,0.0
2018-02-01 05:00:00,22845.6,0.0,-2.68,178.94021027868385,0.204812872,0.0,0.0
2018-02-01 15:00:00,26452.0,0.0,5.6,178.82197646846538,0.19830976,0.0,0.0
2018-02-01 16:00:00,26331.2,0.0,2.93,178.89358593395923,0.2004067779999999,0.0,0.0
2018-02-01 17:00:00,26746.4,0.0,1.33,178.89368291647554,0.201663418,0.0,0.0
2018-02-01 18:00:00,28368.800000000003,0.0,0.52,178.86245454621798,0.2022995919999999,0.0,0.0
2018-02-01 19:00:00,28893.6,0.0,0.62,178.9057451169436,0.2022210519999999,0.0,0.0
2018-02-01 20:00:00,28488.800000000003,0.0,0.38,173.60229257999768,0.202409548,0.0,0.0
2018-02-01 21:00:00,27864.0,0.0,0.09,178.92248672382493,0.202637314,0.0,0.0
2018-02-01 22:00:00,26583.2,0.0,-0.32,178.88762150920508,0.202959328,0.0,0.0
2018-02-01 23:00:00,24811.2,0.0,-0.64,178.86845533941553,0.203210656,0.0,0.0
2018-02-02 00:00:00,23202.4,0.0,-0.95,178.89894421798633,0.20345413,0.0,0.0
2018-02-02 01:00:00,22124.800000000003,0.0,-1.15,178.81915185267758,0.20361121,0.0,0.0
2018-02-02 02:00:00,21608.800000000003,0.0,-1.34,178.8212854680368,0.203760436,0.0,0.0
2018-02-02 03:00:00,21383.2,0.0,-1.44,178.83389319515942,0.2038389759999999,0.0,0.0
2018-02-02 04:00:00,21446.4,0.0,-1.54,178.81190240958207,0.203917516,0.0,0.0
2018-02-02 15:00:00,25712.800000000003,0.0,6.0,178.87515925585691,0.1979956,0.0,0.0
2018-02-02 16:00:00,25737.6,0.0,4.75,178.86399414366443,0.19897735,0.0,0.0
2018-02-02 17:00:00,26604.800000000003,0.0,4.23,178.90604818730736,0.1993857579999999,0.0,0.0
2018-02-02 18:00:00,28391.2,0.0,4.17,178.18714103939791,0.199432882,0.0,0.0
2018-02-02 19:00:00,29421.6,0.0,3.96,178.91007296173495,0.199597816,0.0,0.0
2018-02-02 20:00:00,29298.4,0.0,3.98,178.912158085836,0.1995821079999999,0.0,0.0
2018-02-02 21:00:00,28863.2,0.0,3.69,178.8914523186,0.199809874,0.0,0.0
2018-02-02 22:00:00,27824.0,0.0,3.0,178.91434019245338,0.2003517999999999,0.0,0.0
2018-02-02 23:00:00,26147.2,0.0,3.02,178.8879245795683,0.200336092,0.0,0.0
2018-02-03 00:00:00,24630.4,0.0,3.0,178.8753653437039,0.2003517999999999,0.0,0.0
2018-02-03 01:00:00,23629.6,0.0,2.85,178.8971136729904,0.20046961,0.0,0.0
2018-02-03 02:00:00,23225.6,0.0,3.03,178.89358593395923,0.200328238,0.0,0.0
2018-02-03 03:00:00,23122.4,0.0,2.9,178.8742621675809,0.2004303399999999,0.0,0.0
2018-02-03 04:00:00,23277.6,0.0,1.94,178.90102934208738,0.201184324,0.0,0.0
2018-02-03 15:00:00,27703.2,0.0,7.8,178.88633649086373,0.19658188,0.0,0.0
2018-02-03 16:00:00,28064.800000000003,0.0,6.67,178.8746622204605,0.197469382,0.0,0.0
2018-02-03 17:00:00,28801.6,0.0,6.1,178.8695463927242,0.19791706,0.0,0.0
2018-02-03 18:00:00,30230.4,0.0,5.57,178.87942648657537,0.1983333219999999,0.0,0.0
2018-02-03 19:00:00,30591.2,0.0,4.65,178.86667328567822,0.19905589,0.0,0.0
2018-02-03 20:00:00,30093.6,0.0,4.39,178.84800415128512,0.199260094,0.0,0.0
2018-02-03 21:00:00,29613.6,0.0,4.42,178.86021182552764,0.199236532,0.0,0.0
2018-02-03 22:00:00,28750.4,0.0,4.86,178.89010668618573,0.198890956,0.0,0.0
2018-02-03 23:00:00,27470.4,0.0,5.17,178.838124057434,0.198647482,0.0,0.0
2018-02-04 00:00:00,26206.4,0.0,5.28,178.83971214613908,0.198561088,0.0,0.0
2018-02-04 01:00:00,25250.4,0.0,5.47,178.82664375206392,0.198411862,0.0,0.0
2018-02-04 02:00:00,24772.0,0.0,5.81,178.84125174358556,0.198144826,0.0,0.0
2018-02-04 03:00:00,24611.2,0.0,5.51,178.8343417392972,0.198380446,0.0,0.0
2018-02-04 04:00:00,24637.6,0.0,5.14,178.84343385020293,0.198671044,0.0,0.0
2018-02-04 05:00:00,24928.0,0.93,4.8,178.8450704301662,0.198897501,0.0,0.0
2018-02-04 15:00:00,24527.2,0.0,9.59,178.8523198732617,0.195176014,0.0,0.0
2018-02-04 16:00:00,24574.4,0.0,9.05,106.3589314802268,0.1956001299999999,0.0,0.0
2018-02-04 17:00:00,25541.6,0.0,8.89,0.268607356425452,0.1957257939999999,0.0,0.0
2018-02-04 18:00:00,27498.4,0.0,8.72,67.54839535925115,0.195859312,0.0,0.0
2018-02-04 19:00:00,28558.4,0.0,7.6,124.84276865308324,0.19673896,0.0,0.0
2018-02-04 20:00:00,28324.800000000003,0.0,6.72,51.3001688457481,0.197430112,0.0,0.0
2018-02-04 21:00:00,27931.2,0.0,5.94,33.01677938062304,0.1980427239999999,0.0,0.0
2018-02-04 22:00:00,27193.6,0.0,5.27,19.087842769194843,0.198568942,0.0,0.0
2018-02-04 23:00:00,26049.6,0.0,4.72,0.0,0.199000912,0.0,0.0
2018-02-05 00:00:00,24791.2,0.0,4.13,4.515438527069904,0.1994642979999999,0.0,0.0
2018-02-05 01:00:00,23721.6,0.0,3.28,9.386760459212194,0.200131888,0.0,0.0
2018-02-05 02:00:00,23145.6,0.0,2.48,20.60367646869588,0.200760208,0.0,0.0
2018-02-05 03:00:00,22857.6,0.0,1.48,22.866477085713303,0.201545608,0.0,0.0
2018-02-05 04:00:00,22769.6,0.0,1.35,18.96853154383433,0.20164771,0.0,0.0
2018-02-05 15:00:00,24677.6,0.0,6.38,47.58800240600618,0.197697148,0.0,0.0
2018-02-05 16:00:00,24592.0,0.0,5.29,83.74557270072184,0.198553234,0.0,0.0
2018-02-05 17:00:00,25004.0,0.0,4.46,75.16940272044084,0.199205116,0.0,0.0
2018-02-05 18:00:00,26440.800000000003,0.0,3.37,68.66682198317326,0.200061202,0.0,0.0
2018-02-05 19:00:00,26999.2,0.0,2.93,79.82838825216609,0.2004067779999999,0.0,0.0
2018-02-05 20:00:00,26332.800000000003,0.0,2.72,120.03949132128358,0.2005717119999999,0.0,0.0
2018-02-05 21:00:00,25889.6,0.0,2.7,145.5665988827503,0.20058742,0.0,0.0
2018-02-05 22:00:00,25288.0,0.0,2.2,137.89202080410425,0.2009801199999999,0.0,0.0
2018-02-05 23:00:00,24209.6,0.0,1.41,125.7214181281995,0.201600586,0.0,0.0
2018-02-06 00:00:00,23080.0,0.0,0.5,93.76725496405552,0.2023153,0.0,0.0
2018-02-06 01:00:00,21884.0,0.0,0.47,98.95486188524777,0.2023388619999999,0.0,0.0
2018-02-06 02:00:00,21299.2,0.0,0.58,100.71066972929144,0.202252468,0.0,0.0
2018-02-06 03:00:00,21125.6,0.0,-0.25,84.71608280302202,0.20290435,0.0,0.0
2018-02-06 04:00:00,21335.2,0.0,-0.44,57.78283786013224,0.2030535759999999,0.0,0.0
2018-02-06 15:00:00,23719.2,0.0,8.1,15.94287554549277,0.19634626,0.0,0.0
2018-02-06 16:00:00,23780.0,0.0,6.21,20.29488262135612,0.1978306659999999,0.0,0.0
2018-02-06 17:00:00,24395.2,0.0,5.39,18.37592745457192,0.1984746939999999,0.0,0.0
2018-02-06 18:00:00,26191.2,0.0,3.62,26.743395605770925,0.199864852,0.0,0.0
2018-02-06 19:00:00,27461.6,0.0,2.64,16.265548500130144,0.200634544,0.0,0.0
2018-02-06 20:00:00,27339.2,0.0,1.84,1.4613396592400398,0.2012628639999999,0.0,0.0
2018-02-06 21:00:00,26797.6,0.0,1.32,0.0,0.201671272,0.0,0.0
2018-02-06 22:00:00,25542.4,0.0,0.71,3.724940097888677,0.202150366,0.0,0.0
2018-02-06 23:00:00,23848.0,0.0,0.65,4.258178006667951,0.2021974899999999,0.0,0.0
2018-02-07 00:00:00,22176.800000000003,0.0,0.28,0.0,0.202488088,0.0,0.0
2018-02-07 01:00:00,21126.4,0.0,-0.04,0.0,0.202739416,0.0,0.0
2018-02-07 02:00:00,20506.4,0.0,-0.47,6.915523199680757,0.203077138,0.0,0.0
2018-02-07 03:00:00,20240.800000000003,0.0,-0.78,14.381681304682992,0.2033206119999999,0.0,0.0
2018-02-07 04:00:00,20224.800000000003,0.0,-1.35,21.38591774582291,0.20376829,0.0,0.0
2018-02-07 15:00:00,25188.0,0.0,10.57,100.26734446293482,0.194406322,0.0,0.0
2018-02-07 16:00:00,25011.2,0.0,8.11,169.51582514919164,0.196338406,0.0,0.0
2018-02-07 17:00:00,25460.800000000003,0.0,6.38,125.43362251099654,0.197697148,0.0,0.0
2018-02-07 18:00:00,26831.2,0.0,5.24,94.42215365118857,0.198592504,0.0,0.0
2018-02-07 19:00:00,27531.2,0.0,4.4,92.19909616629197,0.19925224,0.0,0.0
2018-02-07 20:00:00,27153.6,0.0,3.9,127.58120335256098,0.19964494,0.0,0.0
2018-02-07 21:00:00,26370.4,0.0,3.77,120.79026934862152,0.1997470419999999,0.0,0.0
2018-02-07 22:00:00,24961.6,0.0,3.37,163.6124387662415,0.200061202,0.0,0.0
2018-02-07 23:00:00,23100.0,0.0,2.78,178.86603077650733,0.200524588,0.0,0.0
2018-02-08 00:00:00,21286.4,0.0,2.5,172.0197803698176,0.2007445,0.0,0.0
2018-02-08 01:00:00,19999.2,0.0,2.59,176.7706265287273,0.2006738139999999,0.0,0.0
2018-02-08 02:00:00,19324.0,0.0,2.68,172.05722774393448,0.200603128,0.0,0.0
2018-02-08 03:00:00,18973.6,0.0,2.42,174.38212899379013,0.200807332,0.0,0.0
2018-02-08 04:00:00,18900.0,0.0,2.01,129.6127324905243,0.201129346,0.0,0.0
2018-02-08 15:00:00,22985.6,0.0,12.73,124.59996080064214,0.192709858,0.0,0.0
2018-02-08 16:00:00,23075.2,0.0,10.73,89.97966340294286,0.194280658,0.0,0.0
2018-02-08 17:00:00,23542.4,0.0,9.94,92.73442753360705,0.1949011239999999,0.0,0.0
2018-02-08 18:00:00,24903.2,0.0,9.38,63.15198392907598,0.195340948,0.0,0.0
2018-02-08 19:00:00,25872.0,0.0,8.38,121.17246532265489,0.196126348,0.0,0.0
2018-02-08 20:00:00,25625.6,0.0,7.98,136.10825774972903,0.1964405079999999,0.0,0.0
2018-02-08 21:00:00,25026.4,0.0,7.21,139.2322585656825,0.197045266,0.0,0.0
2018-02-08 22:00:00,23908.0,0.0,6.64,148.1427575867824,0.1974929439999999,0.0,0.0
2018-02-08 23:00:00,22544.0,0.0,5.91,159.29538328005162,0.198066286,0.0,0.0
2018-02-09 00:00:00,21004.0,0.0,5.02,178.9773545824374,0.1987652919999999,0.0,0.0
2018-02-09 01:00:00,19920.800000000003,0.0,3.95,128.09765949763596,0.1996056699999999,0.0,0.0
2018-02-09 02:00:00,19458.4,0.0,3.09,114.37315445386788,0.2002811139999999,0.0,0.0
2018-02-09 03:00:00,19271.2,0.0,3.12,89.31309650681425,0.200257552,0.0,0.0
2018-02-09 04:00:00,19577.6,0.0,3.22,93.43481102089784,0.200179012,0.0,0.0
2018-02-09 15:00:00,28270.4,0.0,8.07,11.67094723643168,0.196369822,0.0,0.0
2018-02-09 16:00:00,28328.0,0.0,6.16,22.44890825420092,0.197869936,0.0,0.0
2018-02-09 17:00:00,29196.0,0.0,4.17,12.032818554211447,0.199432882,0.0,0.0
2018-02-09 18:00:00,31306.4,0.0,3.24,0.0,0.200163304,0.0,0.0
2018-02-09 19:00:00,32668.0,0.0,3.03,0.0,0.200328238,0.0,0.0
2018-02-09 20:00:00,32467.2,0.0,2.54,0.0,0.2007130839999999,0.0,0.0
2018-02-09 21:00:00,31860.0,0.0,1.76,0.0,0.201325696,0.0,0.0
2018-02-09 22:00:00,30584.800000000003,0.0,1.33,0.0,0.201663418,0.0,0.0
2018-02-09 23:00:00,28804.800000000003,0.0,1.04,0.0,0.2018911839999999,0.0,0.0
2018-02-10 00:00:00,27227.2,0.0,0.69,4.21192454430069,0.202166074,0.0,0.0
2018-02-10 01:00:00,26190.4,0.0,0.73,8.321714376093558,0.202134658,0.0,0.0
2018-02-10 02:00:00,25740.800000000003,0.0,0.68,24.689016477749387,0.202173928,0.0,0.0
2018-02-10 03:00:00,25660.0,0.0,1.12,24.401458770781808,0.201828352,0.0,0.0
2018-02-10 04:00:00,25748.800000000003,0.0,1.59,51.324796343488224,0.201459214,0.0,0.0
2018-02-10 15:00:00,27827.2,0.0,7.93,35.47349199298257,0.196479778,0.0,0.0
2018-02-10 16:00:00,28122.4,0.0,6.81,77.67027874617293,0.197359426,0.0,0.0
2018-02-10 17:00:00,28849.6,0.0,6.55,52.27335809006208,0.19756363,0.0,0.0
2018-02-10 18:00:00,30167.2,0.0,6.45,29.90235558815696,0.19764217,0.0,0.0
2018-02-10 19:00:00,30622.4,0.0,5.88,9.234185746102993,0.198089848,0.0,0.0
2018-02-10 20:00:00,29987.2,0.0,5.21,27.91309264309048,0.1986160659999999,0.0,0.0
2018-02-10 21:00:00,29196.800000000003,0.0,4.8,42.47878766504293,0.1989380799999999,0.0,0.0
2018-02-10 22:00:00,28066.4,0.0,4.62,112.57946281438385,0.1990794519999999,0.0,0.0
2018-02-10 23:00:00,26498.4,0.0,4.59,116.93768737875492,0.1991030139999999,0.0,0.0
2018-02-11 00:00:00,24856.800000000003,0.0,4.46,37.55344874433376,0.199205116,0.0,0.0
2018-02-11 01:00:00,23584.800000000003,0.0,4.25,24.077176512514104,0.19937005,0.0,0.0
2018-02-11 02:00:00,22835.2,0.0,4.01,174.679065213157,0.199558546,0.0,0.0
2018-02-11 03:00:00,22429.6,0.0,3.64,162.64897808059655,0.199849144,0.0,0.0
2018-02-11 04:00:00,22316.0,0.0,3.15,166.67015203228485,0.20023399,0.0,0.0
2018-02-11 15:00:00,23280.800000000003,0.0,9.98,70.84116999924417,0.194869708,0.0,0.0
2018-02-11 16:00:00,22852.800000000003,0.0,8.68,96.51253299234098,0.195890728,0.0,0.0
2018-02-11 17:00:00,23328.800000000003,0.0,7.76,76.68964003232364,0.1966132959999999,0.0,0.0
2018-02-11 18:00:00,24701.6,0.0,6.8,75.4349044817027,0.1973672799999999,0.0,0.0
2018-02-11 19:00:00,25501.6,0.0,6.66,0.1085360558102464,0.197477236,0.0,0.0
2018-02-11 20:00:00,25225.6,0.0,6.07,0.0,0.1979406219999999,0.0,0.0
2018-02-11 21:00:00,24711.2,0.0,5.51,0.523145713028648,0.198380446,0.0,0.0
2018-02-11 22:00:00,23949.6,0.0,4.89,1.5849539155057075,0.1988673939999999,0.0,0.0
2018-02-11 23:00:00,22861.6,0.0,4.51,0.0,0.199165846,0.0,0.0
2018-02-12 00:00:00,21679.2,0.0,4.11,0.0,0.199480006,0.0,0.0
2018-02-12 01:00:00,20603.2,0.0,3.59,0.1423512381686785,0.199888414,0.0,0.0
2018-02-12 02:00:00,19989.6,0.0,3.22,0.0,0.200179012,0.0,0.0
2018-02-12 03:00:00,19589.6,0.0,3.15,0.0,0.20023399,0.0,0.0
2018-02-12 04:00:00,19442.4,0.0,2.65,0.0,0.20062669,0.0,0.0
2018-02-12 15:00:00,24888.800000000003,0.0,5.67,0.0,0.198254782,0.0,0.0
2018-02-12 16:00:00,24876.0,0.0,4.17,0.0,0.199432882,0.0,0.0
2018-02-12 17:00:00,25412.0,0.0,3.39,3.8464114572652495,0.2000454939999999,0.0,0.0
2018-02-12 18:00:00,26482.4,0.0,2.52,0.0,0.2007287919999999,0.0,0.0
2018-02-12 19:00:00,27166.4,0.0,2.54,0.0,0.2007130839999999,0.0,0.0
2018-02-12 20:00:00,26924.0,0.0,2.4,0.0,0.20082304,0.0,0.0
2018-02-12 21:00:00,26292.0,0.0,1.99,0.0,0.201145054,0.0,0.0
2018-02-12 22:00:00,25052.0,0.0,1.59,0.0,0.201459214,0.0,0.0
2018-02-12 23:00:00,23660.800000000003,0.0,1.27,0.0,0.201710542,0.0,0.0
2018-02-13 00:00:00,22265.6,0.0,0.87,0.0,0.202024702,0.0,0.0
2018-02-13 01:00:00,21644.0,0.0,0.58,0.0,0.202252468,0.0,0.0
2018-02-13 02:00:00,21319.2,0.0,0.08,0.0,0.202645168,0.0,0.0
2018-02-13 03:00:00,21348.0,0.0,-0.49,1.4069256484969217,0.203092846,0.0,0.0
2018-02-13 04:00:00,21703.2,0.0,-1.16,0.7495504029464357,0.203619064,0.0,0.0
2018-02-13 15:00:00,26646.4,0.0,4.09,20.37704651225948,0.199495714,0.0,0.0
2018-02-13 16:00:00,26783.2,0.0,2.68,52.4094124376553,0.200603128,0.0,0.0
2018-02-13 17:00:00,27487.2,0.0,2.01,122.67860380122676,0.201129346,0.0,0.0
2018-02-13 18:00:00,29060.800000000003,0.0,1.83,127.19434009492907,0.201270718,0.0,0.0
2018-02-13 19:00:00,30310.4,0.0,1.44,139.2126438517552,0.201577024,0.0,0.0
2018-02-13 20:00:00,30084.800000000003,0.0,-0.17,178.88250568146876,0.202841518,0.0,0.0
2018-02-13 21:00:00,29510.4,0.0,-1.54,171.80656430767078,0.203917516,0.0,0.0
2018-02-13 22:00:00,28262.4,0.0,-1.97,171.8324828851594,0.204255238,0.0,0.0
2018-02-13 23:00:00,26522.4,0.0,-2.04,171.8389443453095,0.204310216,0.0,0.0
2018-02-14 00:00:00,24920.800000000003,0.0,-2.1,178.94393198274767,0.2043573399999999,0.0,0.0
2018-02-14 01:00:00,23868.800000000003,0.0,-2.14,172.43028311580443,0.204388756,0.0,0.0
2018-02-14 02:00:00,23392.800000000003,0.0,-1.77,178.1917113404796,0.204098158,0.0,0.0
2018-02-14 03:00:00,23276.800000000003,0.0,-1.01,171.86377186948943,0.203501254,0.0,0.0
2018-02-14 04:00:00,23440.800000000003,0.0,-0.85,175.45090056935237,0.20337559,0.0,0.0
2018-02-14 15:00:00,25537.6,0.88,7.53,171.87702210578297,0.1967555406666666,0.0,0.0
2018-02-14 16:00:00,25369.6,0.0,5.28,171.88914492032396,0.198561088,0.0,0.0
2018-02-14 17:00:00,25967.2,0.0,4.32,172.2423431219753,0.1993150719999999,0.0,0.0
2018-02-14 18:00:00,27495.2,0.0,3.66,174.74167955026093,0.1998334359999999,0.0,0.0
2018-02-14 19:00:00,28840.800000000003,0.0,2.12,178.76781173309627,0.201042952,0.0,0.0
2018-02-14 20:00:00,28660.800000000003,0.0,1.81,163.4665528160553,0.201286426,0.0,0.0
2018-02-14 21:00:00,28083.2,0.0,1.43,175.92868493604163,0.2015848779999999,0.0,0.0
2018-02-14 22:00:00,26964.0,0.0,1.07,172.55392370130767,0.201867622,0.0,0.0
2018-02-14 23:00:00,25233.6,0.0,0.62,149.3374609597964,0.2022210519999999,0.0,0.0
2018-02-15 00:00:00,23689.6,0.0,0.47,43.086101274399,0.2023388619999999,0.0,0.0
2018-02-15 01:00:00,22655.2,0.0,-0.09,56.98790854223604,0.202778686,0.0,0.0
2018-02-15 02:00:00,22137.6,0.0,-0.29,106.84887502990044,0.202935766,0.0,0.0
2018-02-15 03:00:00,21906.4,0.0,0.1,152.00845644198236,0.20262946,0.0,0.0
2018-02-15 04:00:00,22019.2,0.0,0.17,106.84560186997436,0.202574482,0.0,0.0
2018-02-15 16:00:00,25776.800000000003,0.0,6.45,101.66518377780469,0.19764217,0.0,0.0
2018-02-15 17:00:00,26600.0,0.0,4.98,101.52441365535476,0.1987967079999999,0.0,0.0
2018-02-15 18:00:00,28204.0,0.0,4.6,131.97666920320194,0.19909516,0.0,0.0
2018-02-15 19:00:00,29494.4,0.0,4.69,122.08279171216648,0.199024474,0.0,0.0
2018-02-15 20:00:00,29368.0,0.0,4.3,131.68374563544788,0.1993307799999999,0.0,0.0
2018-02-15 21:00:00,28862.4,0.0,3.9,142.19398338619035,0.19964494,0.0,0.0
2018-02-15 22:00:00,27624.0,0.0,3.43,130.24296125006668,0.2000140779999999,0.0,0.0
2018-02-15 23:00:00,25899.2,0.0,2.82,150.28100386115028,0.200493172,0.0,0.0
2018-02-16 00:00:00,24295.2,0.0,2.41,130.5494260016628,0.200815186,0.0,0.0
2018-02-16 01:00:00,23215.2,0.0,1.76,135.61826570879725,0.201325696,0.0,0.0
2018-02-16 02:00:00,22723.2,0.0,1.13,142.4602852532124,0.201820498,0.0,0.0
2018-02-16 03:00:00,22642.4,0.0,0.95,133.1389925385767,0.20196187,0.0,0.0
2018-02-16 04:00:00,22828.0,0.0,0.75,114.01673158354814,0.20211895,0.0,0.0
2018-02-16 16:00:00,27236.0,0.0,7.57,110.41847413993708,0.196762522,0.0,0.0
2018-02-16 17:00:00,27981.6,0.0,6.2,109.0072815448502,0.19783852,0.0,0.0
2018-02-16 18:00:00,29575.2,0.0,5.03,83.3922775165537,0.1987574379999999,0.0,0.0
2018-02-16 19:00:00,30913.6,0.0,3.9,91.94610514963593,0.19964494,0.0,0.0
2018-02-16 20:00:00,30740.800000000003,0.0,2.56,102.63445129161452,0.2006973759999999,0.0,0.0
2018-02-16 21:00:00,30186.4,0.0,1.5,87.89971574370283,0.2015299,0.0,0.0
2018-02-16 22:00:00,29000.0,0.0,0.81,58.87763105710659,0.2020718259999999,0.0,0.0
2018-02-16 23:00:00,27248.0,0.0,0.33,63.55757087376629,0.2024488179999999,0.0,0.0
2018-02-17 00:00:00,25656.800000000003,0.0,-0.06,71.61931528040802,0.2027551239999999,0.0,0.0
2018-02-17 01:00:00,24591.2,0.0,-0.41,67.59000692016295,0.203030014,0.0,0.0
2018-02-17 02:00:00,24147.2,0.0,-0.67,44.48544078756842,0.203234218,0.0,0.0
2018-02-17 03:00:00,24027.2,0.0,-1.09,81.7996912474903,0.203564086,0.0,0.0
2018-02-17 04:00:00,24165.6,0.0,-1.42,65.25443153210408,0.2038232679999999,0.0,0.0
2018-02-17 16:00:00,24550.4,0.0,6.44,99.75222788886644,0.1976500239999999,0.0,0.0
2018-02-17 17:00:00,25035.2,0.0,4.71,81.24171446261218,0.1990087659999999,0.0,0.0
2018-02-17 18:00:00,26284.0,0.0,3.38,64.14513338753157,0.200053348,0.0,0.0
2018-02-17 19:00:00,27632.800000000003,0.0,2.65,56.35530371104412,0.20062669,0.0,0.0
2018-02-17 20:00:00,27515.2,0.0,1.85,62.3919137643925,0.2012550099999999,0.0,0.0
2018-02-17 21:00:00,27066.4,0.0,1.06,33.79122720335197,0.201875476,0.0,0.0
2018-02-17 22:00:00,26256.0,0.0,0.34,6.50457266723184,0.202440964,0.0,0.0
2018-02-17 23:00:00,25042.4,0.0,-0.03,0.0,0.2027315619999999,0.0,0.0
2018-02-18 00:00:00,23716.0,0.0,-0.95,0.7781934409389131,0.20345413,0.0,0.0
2018-02-18 01:00:00,22676.800000000003,0.0,-1.55,0.0,0.20392537,0.0,0.0
2018-02-18 02:00:00,22124.800000000003,0.0,-2.13,0.0,0.2043809019999999,0.0,0.0
2018-02-18 03:00:00,21874.4,0.0,-2.7,1.96307008889883,0.2048285799999999,0.0,0.0
2018-02-18 04:00:00,21879.2,0.0,-2.62,0.0,0.204765748,0.0,0.0
2018-02-18 16:00:00,20439.2,0.0,4.4,0.0,0.19925224,0.0,0.0
2018-02-18 17:00:00,20838.4,0.0,4.17,0.0,0.199432882,0.0,0.0
2018-02-18 18:00:00,21884.0,0.0,3.63,0.0,0.199856998,0.0,0.0
2018-02-18 19:00:00,23195.2,0.0,3.05,0.0,0.20031253,0.0,0.0
2018-02-18 20:00:00,23036.0,0.0,2.44,1.3971158290865644,0.200791624,0.0,0.0
2018-02-18 21:00:00,22589.6,0.0,1.15,0.0,0.2018047899999999,0.0,0.0
2018-02-18 22:00:00,21819.2,0.0,-0.42,4.353684949163416,0.2030378679999999,0.0,0.0
2018-02-18 23:00:00,20827.2,0.0,-1.44,5.223154801806189,0.2038389759999999,0.0,0.0
2018-02-19 00:00:00,19661.6,0.0,-1.95,36.73594068435521,0.2042395299999999,0.0,0.0
2018-02-19 01:00:00,18624.0,0.0,-2.3,76.17337785228129,0.20451442,0.0,0.0
2018-02-19 02:00:00,17988.8,0.0,-2.63,78.49693346972265,0.204773602,0.0,0.0
2018-02-19 03:00:00,17572.0,0.0,-2.96,91.17441526721502,0.205032784,0.0,0.0
2018-02-19 04:00:00,17404.0,0.0,-3.24,145.8047515744082,0.2052526959999999,0.0,0.0
2018-02-19 16:00:00,19245.6,0.0,5.44,172.36096486225907,0.198435424,0.0,0.0
2018-02-19 17:00:00,19852.0,0.0,4.14,133.79507926153477,0.1994564439999999,0.0,0.0
2018-02-19 18:00:00,20965.6,0.0,2.96,82.60380359740094,0.200383216,0.0,0.0
2018-02-19 19:00:00,22548.0,0.0,2.47,159.90548816745547,0.200768062,0.0,0.0
2018-02-19 20:00:00,22514.4,0.0,1.65,121.00761929052658,0.20141209,0.0,0.0
2018-02-19 21:00:00,22056.0,0.0,0.88,146.93345834506107,0.202016848,0.0,0.0
2018-02-19 22:00:00,21216.800000000003,0.0,0.5,162.07765407690903,0.2023153,0.0,0.0
2018-02-19 23:00:00,20203.2,0.0,0.35,116.98009298401928,0.20243311,0.0,0.0
2018-02-20 00:00:00,19140.8,0.0,0.06,99.11351315914584,0.202660876,0.0,0.0
2018-02-20 01:00:00,18229.6,0.0,-0.1,97.34181836664634,0.20278654,0.0,0.0
2018-02-20 02:00:00,17773.600000000002,0.0,-0.56,100.12225255710116,0.203147824,0.0,0.0
2018-02-20 03:00:00,17606.4,0.0,-0.71,73.80140371356323,0.2032656339999999,0.0,0.0
2018-02-20 04:00:00,17730.4,0.0,-0.47,92.40580833843718,0.203077138,0.0,0.0
2018-02-20 16:00:00,21895.2,0.0,6.59,10.1622432672326,0.1975322139999999,0.0,0.0
2018-02-20 17:00:00,22503.2,0.0,5.1,3.8293345787944992,0.19870246,0.0,0.0
2018-02-20 18:00:00,23784.800000000003,0.0,4.48,0.0,0.1991894079999999,0.0,0.0
2018-02-20 19:00:00,25373.6,0.0,2.99,0.0,0.200359654,0.0,0.0
2018-02-20 20:00:00,25404.0,0.0,2.22,0.0,0.2009644119999999,0.0,0.0
2018-02-20 21:00:00,24904.0,0.0,1.92,0.0,0.201200032,0.0,0.0
2018-02-20 22:00:00,23805.6,0.0,1.39,0.0,0.201616294,0.0,0.0
2018-02-20 23:00:00,22337.6,0.0,1.8,0.0,0.20129428,0.0,0.0
2018-02-21 00:00:00,20974.4,0.0,2.26,0.0,0.200932996,0.0,0.0
2018-02-21 01:00:00,20032.800000000003,0.0,2.13,0.0,0.2010350979999999,0.0,0.0
2018-02-21 02:00:00,19667.2,0.0,2.29,0.1528912203814116,0.200909434,0.0,0.0
2018-02-21 03:00:00,19693.6,0.0,1.84,0.0,0.2012628639999999,0.0,0.0
2018-02-21 04:00:00,19858.4,0.0,1.18,0.0,0.201781228,0.0,0.0
2018-02-21 16:00:00,23739.2,0.0,6.47,0.0,0.197626462,0.0,0.0
2018-02-21 17:00:00,24417.6,0.0,4.5,10.230136332393451,0.1991736999999999,0.0,0.0
2018-02-21 18:00:00,25740.800000000003,0.0,2.76,23.015616496251926,0.200540296,0.0,0.0
2018-02-21 19:00:00,26991.2,0.0,1.93,8.589786931714247,0.201192178,0.0,0.0
2018-02-21 20:00:00,26772.800000000003,0.0,1.45,24.19148707687648,0.20156917,0.0,0.0
2018-02-21 21:00:00,26108.0,0.0,0.91,69.39695485734765,0.201993286,0.0,0.0
2018-02-21 22:00:00,24805.6,0.0,0.46,66.27374808574625,0.202346716,0.0,0.0
2018-02-21 23:00:00,23112.800000000003,0.0,0.32,43.70706517292821,0.202456672,0.0,0.0
2018-02-22 00:00:00,21522.4,0.0,-0.22,39.16841372904005,0.202880788,0.0,0.0
2018-02-22 01:00:00,20270.4,0.0,-0.3,20.90113548443982,0.2029436199999999,0.0,0.0
2018-02-22 02:00:00,19691.2,0.0,-0.55,10.377041356677005,0.20313997,0.0,0.0
2018-02-22 03:00:00,19442.4,0.0,-1.1,38.85382972240514,0.2035719399999999,0.0,0.0
2018-02-22 04:00:00,19433.6,0.0,-1.66,9.92590975543202,0.204011764,0.0,0.0
2018-02-22 16:00:00,22790.4,0.0,8.15,0.0,0.19630699,0.0,0.0
2018-02-22 17:00:00,23249.6,0.0,5.8,0.0,0.19815268,0.0,0.0
2018-02-22 18:00:00,24271.2,0.0,4.43,0.0,0.199228678,0.0,0.0
2018-02-22 19:00:00,25538.4,0.0,5.96,0.0,0.1980270159999999,0.0,0.0
2018-02-22 20:00:00,25402.4,0.0,5.04,0.0,0.198749584,0.0,0.0
2018-02-22 21:00:00,24771.2,0.0,5.1,0.0,0.19870246,0.0,0.0
2018-02-22 22:00:00,23592.800000000003,0.0,5.17,0.0,0.198647482,0.0,0.0
2018-02-22 23:00:00,21943.2,0.0,4.92,0.0,0.198843832,0.0,0.0
2018-02-23 00:00:00,20377.6,0.0,4.74,0.0,0.198985204,0.0,0.0
2018-02-23 01:00:00,19277.6,0.0,4.55,0.0,0.1991344299999999,0.0,0.0
2018-02-23 02:00:00,18743.2,0.0,4.32,7.758164127230449,0.1993150719999999,0.0,0.0
2018-02-23 03:00:00,18456.8,0.0,4.25,10.59677494699145,0.19937005,0.0,0.0
2018-02-23 04:00:00,18472.0,0.0,4.09,52.1786667856822,0.199495714,0.0,0.0
2018-02-23 16:00:00,22618.4,0.0,7.2,129.89184817251592,0.19705312,0.0,0.0
2018-02-23 17:00:00,22950.4,0.0,5.45,102.60227734182274,0.19842757,0.0,0.0
2018-02-23 18:00:00,23696.0,0.0,4.35,115.89393729240528,0.19929151,0.0,0.0
2018-02-23 19:00:00,24876.800000000003,0.0,3.72,90.5007444017654,0.199786312,0.0,0.0
2018-02-23 20:00:00,24598.4,0.0,3.36,81.9688651244095,0.2000690559999999,0.0,0.0
2018-02-23 21:00:00,23894.4,0.0,2.62,56.95910473488666,0.200650252,0.0,0.0
2018-02-23 22:00:00,22659.2,0.0,2.18,78.96483168115361,0.200995828,0.0,0.0
2018-02-23 23:00:00,20900.800000000003,0.0,1.16,103.3367744292319,0.201796936,0.0,0.0
2018-02-24 00:00:00,19292.8,0.0,0.54,47.76717457421831,0.2022838839999999,0.0,0.0
2018-02-24 01:00:00,18035.2,0.0,0.19,79.75688183059621,0.202558774,0.0,0.0
2018-02-24 02:00:00,17400.0,0.0,0.0,66.63399570405379,0.202708,0.0,0.0
2018-02-24 03:00:00,17055.2,0.0,0.05,31.005395329722944,0.20266873,0.0,0.0
2018-02-24 04:00:00,17060.8,0.0,-0.09,39.6840212770972,0.202778686,0.0,0.0
2018-02-24 16:00:00,22545.6,0.0,7.81,23.7011298361564,0.196574026,0.0,0.0
2018-02-24 17:00:00,22671.2,0.0,5.8,26.4534875881342,0.19815268,0.0,0.0
2018-02-24 18:00:00,23061.6,0.0,4.37,69.88590433622892,0.199275802,0.0,0.0
2018-02-24 19:00:00,23932.0,0.0,4.48,47.70506939532484,0.1991894079999999,0.0,0.0
2018-02-24 20:00:00,23509.6,0.0,4.31,44.689537462476814,0.1993229259999999,0.0,0.0
2018-02-24 21:00:00,22773.6,0.0,4.1,56.85850355841842,0.19948786,0.0,0.0
2018-02-24 22:00:00,21709.6,0.0,4.26,17.007852680103692,0.199362196,0.0,0.0
2018-02-24 23:00:00,20364.800000000003,0.0,3.96,82.83688289117305,0.199597816,0.0,0.0
2018-02-25 00:00:00,18935.2,0.0,2.4,81.42370215450144,0.20082304,0.0,0.0
2018-02-25 01:00:00,17677.600000000002,0.0,1.34,84.07150669247075,0.2016555639999999,0.0,0.0
2018-02-25 02:00:00,16954.4,0.0,1.69,47.44533506308058,0.201380674,0.0,0.0
2018-02-25 03:00:00,16522.4,0.0,2.33,33.95185752672369,0.200878018,0.0,0.0
2018-02-25 04:00:00,16304.0,0.0,2.5,18.07775925417736,0.2007445,0.0,0.0
2018-02-25 16:00:00,20445.6,0.0,2.01,9.49272901181856,0.201129346,0.0,0.0
2018-02-25 17:00:00,20882.4,0.0,1.03,2.308271968427788,0.201899038,0.0,0.0
2018-02-25 18:00:00,21625.6,0.0,0.21,0.8368678159625331,0.202543066,0.0,0.0
2018-02-25 19:00:00,22225.6,0.0,-0.36,0.0,0.202990744,0.0,0.0
2018-02-25 20:00:00,21990.4,0.0,-1.22,0.0,0.203666188,0.0,0.0
2018-02-25 21:00:00,21578.4,0.0,-1.78,0.0,0.204106012,0.0,0.0
2018-02-25 22:00:00,20936.0,0.0,-2.31,0.0,0.2045222739999999,0.0,0.0
2018-02-25 23:00:00,20064.0,0.0,-2.84,0.0,0.204938536,0.0,0.0
2018-02-26 00:00:00,19130.4,0.0,-2.83,0.0,0.2049306819999999,0.0,0.0
2018-02-26 01:00:00,18296.0,0.0,-2.64,0.0,0.204781456,0.0,0.0
2018-02-26 02:00:00,17935.2,0.0,-2.27,0.0,0.204490858,0.0,0.0
2018-02-26 03:00:00,17772.0,0.0,-2.14,0.0,0.204388756,0.0,0.0
2018-02-26 04:00:00,17881.600000000002,0.0,-1.59,0.0,0.203956786,0.0,0.0
2018-02-26 16:00:00,21260.800000000003,0.0,5.07,124.43202345080564,0.1987260219999999,0.0,0.0
2018-02-26 17:00:00,22036.800000000003,0.0,4.05,69.3492333979067,0.19952713,0.0,0.0
2018-02-26 18:00:00,23527.2,0.0,3.5,153.14247300540418,0.1999590999999999,0.0,0.0
2018-02-26 19:00:00,25468.800000000003,0.0,3.24,176.04283335775955,0.200163304,0.0,0.0
2018-02-26 20:00:00,25835.2,0.0,3.7,178.8668672507109,0.19980202,0.0,0.0
2018-02-26 21:00:00,25516.0,0.0,3.53,175.88076345016088,0.199935538,0.0,0.0
2018-02-26 22:00:00,24692.0,0.0,2.96,173.96001259147306,0.200383216,0.0,0.0
2018-02-26 23:00:00,23474.4,0.0,2.83,177.27969987974708,0.200485318,0.0,0.0
2018-02-27 00:00:00,22284.0,0.0,3.35,161.58596484194152,0.20007691,0.0,0.0
2018-02-27 01:00:00,21456.800000000003,0.0,3.6,171.8392352928585,0.19988056,0.0,0.0
2018-02-27 02:00:00,21088.0,0.0,3.28,127.12079097910868,0.200131888,0.0,0.0
2018-02-27 03:00:00,21054.4,0.0,2.77,21.155290291291557,0.2005324419999999,0.0,0.0
2018-02-27 04:00:00,21282.4,0.0,1.89,12.264201411623825,0.201223594,0.0,0.0
2018-02-27 16:00:00,24433.6,0.0,7.06,5.175262486448172,0.197163076,0.0,0.0
2018-02-27 17:00:00,24871.2,0.0,6.1,0.0,0.19791706,0.0,0.0
2018-02-27 18:00:00,25841.6,0.0,5.35,0.0,0.19850611,0.0,0.0
2018-02-27 19:00:00,26998.4,0.0,4.54,15.715753099715622,0.199142284,0.0,0.0
2018-02-27 20:00:00,26748.800000000003,0.0,4.04,54.00498091909626,0.199534984,0.0,0.0
2018-02-27 21:00:00,26012.800000000003,0.0,3.75,150.11952797146438,0.1997627499999999,0.0,0.0
2018-02-27 22:00:00,24765.6,0.0,2.7,178.95167846123962,0.20058742,0.0,0.0
2018-02-27 23:00:00,22972.0,0.0,1.78,174.4861063741079,0.201309988,0.0,0.0
2018-02-28 00:00:00,21358.4,0.0,1.09,171.825488021169,0.201851914,0.0,0.0
2018-02-28 01:00:00,20333.6,0.0,0.65,171.83978081951307,0.2021974899999999,0.0,0.0
2018-02-28 02:00:00,19560.0,0.0,0.49,171.8615291487996,0.202323154,0.0,0.0
2018-02-28 03:00:00,19272.8,0.0,0.47,171.8612382012506,0.2023388619999999,0.0,0.0
2018-02-28 04:00:00,19292.8,0.0,0.56,171.85835297138988,0.202268176,0.0,0.0
2018-02-28 16:00:00,22980.800000000003,0.0,6.64,0.0,0.1974929439999999,0.0,0.0
2018-02-28 17:00:00,23516.800000000003,0.0,5.96,0.0,0.1980270159999999,0.0,0.0
2018-02-28 18:00:00,24596.800000000003,0.0,5.2,0.0,0.1986239199999999,0.0,0.0
2018-02-28 19:00:00,25423.2,0.0,2.86,0.0,0.200461756,0.0,0.0
2018-02-28 20:00:00,25128.800000000003,0.0,1.01,0.0,0.2019147459999999,0.0,0.0
2018-02-28 21:00:00,24403.2,0.0,0.25,0.0,0.20251165,0.0,0.0
2018-02-28 22:00:00,23033.6,0.0,-0.3,0.0,0.2029436199999999,0.0,0.0
2018-02-28 23:00:00,21366.4,0.0,-0.79,0.0,0.2033284659999999,0.0,0.0
2018-12-01 00:00:00,21091.2,0.0,3.2,2.8505483825422497,0.20019472,0.0,0.0
2018-12-01 01:00:00,19843.2,0.0,3.09,0.0,0.2002811139999999,0.0,0.0
2018-12-01 02:00:00,19202.4,0.0,2.91,0.0,0.2004224859999999,0.0,0.0
2018-12-01 03:00:00,19024.0,0.0,2.75,0.0,0.2005481499999999,0.0,0.0
2018-12-01 04:00:00,19112.8,0.0,2.61,0.0,0.2006581059999999,0.0,0.0
2018-12-01 15:00:00,22924.0,0.0,4.72,0.0,0.199000912,0.0,0.0
2018-12-01 16:00:00,23274.4,0.0,4.41,0.0,0.1992443859999999,0.0,0.0
2018-12-01 17:00:00,24485.6,0.0,4.14,0.0,0.1994564439999999,0.0,0.0
2018-12-01 18:00:00,26465.6,0.0,3.52,0.0,0.199943392,0.0,0.0
2018-12-01 19:00:00,26381.6,0.0,3.29,0.0,0.2001240339999999,0.0,0.0
2018-12-01 20:00:00,26068.0,0.0,3.31,0.0,0.200108326,0.0,0.0
2018-12-01 21:00:00,25703.2,0.0,2.99,0.0,0.200359654,0.0,0.0
2018-12-01 22:00:00,25007.2,0.0,2.62,0.0,0.200650252,0.0,0.0
2018-12-01 23:00:00,23827.2,0.0,1.81,0.8580163500577459,0.201286426,0.0,0.0
2018-12-02 00:00:00,22477.6,0.0,1.16,2.0859609540905613,0.201796936,0.0,0.0
2018-12-02 01:00:00,21410.4,0.0,1.02,18.35781445429588,0.2019068919999999,0.0,0.0
2018-12-02 02:00:00,20959.2,0.0,0.85,1.6829948103687031,0.20204041,0.0,0.0
2018-12-02 03:00:00,20741.6,0.0,0.7,47.36634886493883,0.20215822,0.0,0.0
2018-12-02 04:00:00,20800.0,0.0,0.26,48.717551712269625,0.2025037959999999,0.0,0.0
2018-12-02 15:00:00,22160.0,0.0,6.11,6.444455629923099,0.1979092059999999,0.0,0.0
2018-12-02 16:00:00,22427.2,0.0,4.59,5.535246812377003,0.1991030139999999,0.0,0.0
2018-12-02 17:00:00,23709.6,0.0,3.22,0.0,0.200179012,0.0,0.0
2018-12-02 18:00:00,25343.2,0.0,2.01,3.174652397552394,0.201129346,0.0,0.0
2018-12-02 19:00:00,25400.0,0.0,1.03,0.0,0.201899038,0.0,0.0
2018-12-02 20:00:00,25197.6,0.0,0.75,0.0,0.20211895,0.0,0.0
2018-12-02 21:00:00,24922.4,0.0,0.46,0.0,0.202346716,0.0,0.0
2018-12-02 22:00:00,24344.0,0.0,0.3,0.0,0.20247238,0.0,0.0
2018-12-02 23:00:00,23288.800000000003,0.0,0.47,0.0,0.2023388619999999,0.0,0.0
2018-12-03 00:00:00,22021.6,0.0,0.28,0.5842993930448732,0.202488088,0.0,0.0
2018-12-03 01:00:00,21011.2,0.0,-0.07,8.232826869175438,0.202762978,0.0,0.0
2018-12-03 02:00:00,20360.800000000003,0.0,-0.45,0.0,0.20306143,0.0,0.0
2018-12-03 03:00:00,19998.4,0.0,-0.53,0.0,0.2031242619999999,0.0,0.0
2018-12-03 04:00:00,19815.2,0.0,-0.7,0.0,0.20325778,0.0,0.0
2018-12-03 05:00:00,19884.800000000003,0.93,-0.37,0.0,0.202958019,0.0,0.0
2018-12-03 15:00:00,21788.800000000003,0.0,7.2,3.834698166552974,0.19705312,0.0,0.0
2018-12-03 16:00:00,22002.4,0.0,6.08,32.81386771083605,0.197932768,0.0,0.0
2018-12-03 17:00:00,23453.6,0.0,4.97,56.0042391247515,0.198804562,0.0,0.0
2018-12-03 18:00:00,25705.6,0.0,4.06,31.90640230555613,0.199519276,0.0,0.0
2018-12-03 19:00:00,26100.800000000003,0.0,3.18,20.50680002699525,0.2002104279999999,0.0,0.0
2018-12-03 20:00:00,26108.800000000003,0.0,3.02,59.16637225384376,0.200336092,0.0,0.0
2018-12-03 21:00:00,25812.0,0.0,2.71,38.17045757461894,0.200579566,0.0,0.0
2018-12-03 22:00:00,24924.0,0.0,2.46,16.287010427923125,0.200775916,0.0,0.0
2018-12-03 23:00:00,23577.6,0.0,2.24,3.0469578670988007,0.2009487039999999,0.0,0.0
2018-12-04 00:00:00,22187.2,0.0,2.05,37.8535914481467,0.20109793,0.0,0.0
2018-12-04 01:00:00,21177.6,0.0,1.68,49.34688338353574,0.2013885279999999,0.0,0.0
2018-12-04 02:00:00,20826.4,0.0,1.25,76.89362457119738,0.20172625,0.0,0.0
2018-12-04 03:00:00,20826.4,0.0,0.98,61.92113638450791,0.201938308,0.0,0.0
2018-12-04 04:00:00,21112.0,0.0,0.65,76.49394749859592,0.2021974899999999,0.0,0.0
2018-12-04 14:00:00,24463.2,0.88,9.28,178.78534132292253,0.1953810906666666,0.0,0.0
2018-12-04 15:00:00,24444.0,0.0,7.67,0.0,0.1966839819999999,0.0,0.0
2018-12-04 16:00:00,24809.6,0.0,6.68,73.44622343173434,0.197461528,0.0,0.0
2018-12-04 17:00:00,26353.6,0.0,5.69,29.12865028781864,0.198239074,0.0,0.0
2018-12-04 18:00:00,28327.2,0.0,5.11,44.59750408518528,0.198694606,0.0,0.0
2018-12-04 19:00:00,28344.0,0.0,4.5,28.435619287546903,0.1991736999999999,0.0,0.0
2018-12-04 20:00:00,27998.4,0.0,4.16,18.49482650423808,0.1994407359999999,0.0,0.0
2018-12-04 21:00:00,27277.6,0.0,4.14,0.0,0.1994564439999999,0.0,0.0
2018-12-04 22:00:00,25916.0,0.0,4.21,0.0,0.1994014659999999,0.0,0.0
2018-12-04 23:00:00,23908.0,0.0,4.15,0.0,0.19944859,0.0,0.0
2018-12-05 00:00:00,21995.2,0.0,3.88,0.0,0.199660648,0.0,0.0
2018-12-05 01:00:00,20582.4,0.0,3.91,0.0,0.199637086,0.0,0.0
2018-12-05 02:00:00,19880.800000000003,0.0,4.1,0.0,0.19948786,0.0,0.0
2018-12-05 03:00:00,19544.0,0.0,4.3,0.0,0.1993307799999999,0.0,0.0
2018-12-05 04:00:00,19484.8,0.0,4.49,0.0,0.1991815539999999,0.0,0.0
2018-12-05 15:00:00,24626.4,0.0,7.35,163.3751346716015,0.1969353099999999,0.0,0.0
2018-12-05 16:00:00,24822.4,0.0,6.42,175.3418073612978,0.197665732,0.0,0.0
2018-12-05 17:00:00,26089.6,0.0,5.15,172.17654048464684,0.19866319,0.0,0.0
2018-12-05 18:00:00,27312.0,0.0,4.58,175.09770236770055,0.199110868,0.0,0.0
2018-12-05 19:00:00,27076.800000000003,0.0,3.92,166.2183347343424,0.199629232,0.0,0.0
2018-12-05 20:00:00,26561.6,0.0,3.66,174.71401528747842,0.1998334359999999,0.0,0.0
2018-12-05 21:00:00,25786.4,0.0,3.47,176.15237510995186,0.1999826619999999,0.0,0.0
2018-12-05 22:00:00,24445.6,0.0,3.43,178.4868533832944,0.2000140779999999,0.0,0.0
2018-12-05 23:00:00,22420.0,0.0,3.47,178.84556746556214,0.1999826619999999,0.0,0.0
2018-12-06 00:00:00,20492.800000000003,0.0,3.49,178.8105082859096,0.199966954,0.0,0.0
2018-12-06 01:00:00,19197.6,0.0,3.51,178.40904915957037,0.199951246,0.0,0.0
2018-12-06 02:00:00,18612.8,0.0,3.57,178.81334502451222,0.1999041219999999,0.0,0.0
2018-12-06 03:00:00,18398.4,0.0,3.88,178.830814000266,0.199660648,0.0,0.0
2018-12-06 04:00:00,18508.0,0.0,3.89,178.79084508072415,0.1996527939999999,0.0,0.0
2018-12-06 05:00:00,19180.8,0.93,4.16,178.7934757314798,0.199400157,0.0,0.0
2018-12-06 14:00:00,24657.6,0.88,1.54,148.20766313583482,0.2014600866666666,0.0,0.0
2018-12-06 15:00:00,25140.0,0.0,1.29,171.3389146139378,0.201694834,0.0,0.0
2018-12-06 16:00:00,25677.6,0.0,1.19,153.98388119425005,0.201773374,0.0,0.0
2018-12-06 17:00:00,27333.6,0.0,1.03,151.62104765769587,0.201899038,0.0,0.0
2018-12-06 18:00:00,29065.6,0.0,0.93,173.51042589140613,0.2019775779999999,0.0,0.0
2018-12-06 19:00:00,29064.0,0.0,1.15,176.25948017642122,0.2018047899999999,0.0,0.0
2018-12-06 20:00:00,28739.2,0.0,1.13,144.34528593181912,0.201820498,0.0,0.0
2018-12-06 21:00:00,28164.0,0.0,1.01,94.66759821579248,0.2019147459999999,0.0,0.0
2018-12-06 22:00:00,26981.6,0.0,0.85,138.0269356071306,0.20204041,0.0,0.0
2018-12-06 23:00:00,25019.2,0.0,0.67,114.27260783006496,0.202181782,0.0,0.0
2018-12-07 00:00:00,23130.4,0.0,0.53,133.48151054061768,0.202291738,0.0,0.0
2018-12-07 01:00:00,21880.0,0.0,0.4,141.80682918100948,0.20239384,0.0,0.0
2018-12-07 02:00:00,21303.2,0.0,0.29,131.46263762103513,0.2024802339999999,0.0,0.0
2018-12-07 03:00:00,21027.2,0.0,0.25,111.2284478706784,0.20251165,0.0,0.0
2018-12-07 04:00:00,21053.6,0.0,0.32,102.55470741756392,0.202456672,0.0,0.0
2018-12-07 05:00:00,21733.6,0.93,0.28,109.645838677982,0.202447509,0.0,0.0
2018-12-07 14:00:00,24870.4,0.88,3.33,12.93110774655974,0.2000542206666666,0.0,0.0
2018-12-07 15:00:00,24971.2,0.0,2.52,25.10356218238564,0.2007287919999999,0.0,0.0
2018-12-07 16:00:00,25464.0,0.0,1.97,17.31319152529927,0.201160762,0.0,0.0
2018-12-07 17:00:00,27028.0,0.0,1.27,2.6932198213622,0.201710542,0.0,0.0
2018-12-07 18:00:00,29085.6,0.0,0.27,0.0,0.202495942,0.0,0.0
2018-12-07 19:00:00,29175.2,0.0,-1.06,0.0,0.203540524,0.0,0.0
2018-12-07 20:00:00,28879.2,0.0,-2.05,0.0,0.20431807,0.0,0.0
2018-12-07 21:00:00,28353.6,0.0,-2.28,0.0,0.204498712,0.0,0.0
2018-12-07 22:00:00,27184.800000000003,0.0,-2.49,0.0,0.2046636459999999,0.0,0.0
2018-12-07 23:00:00,25299.2,0.0,-2.28,0.0,0.204498712,0.0,0.0
2018-12-08 00:00:00,23448.800000000003,0.0,-2.35,0.0,0.2045536899999999,0.0,0.0
2018-12-08 01:00:00,22194.4,0.0,-2.66,0.0,0.204797164,0.0,0.0
2018-12-08 02:00:00,21599.2,0.0,-2.88,0.0,0.2049699519999999,0.0,0.0
2018-12-08 03:00:00,21366.4,0.0,-3.04,0.0,0.2050956159999999,0.0,0.0
2018-12-08 04:00:00,21497.6,0.0,-3.4,0.0,0.2053783599999999,0.0,0.0
2018-12-08 05:00:00,22170.4,0.0,-3.33,1.3450926646737051,0.2053233819999999,0.0,0.0
2018-12-08 15:00:00,27104.0,0.0,1.85,178.89636205848888,0.2012550099999999,0.0,0.0
2018-12-08 16:00:00,27484.0,0.0,-0.07,178.8097203029647,0.202762978,0.0,0.0
2018-12-08 17:00:00,28889.6,0.0,-1.39,178.88354824351927,0.203799706,0.0,0.0
2018-12-08 18:00:00,30026.4,0.0,-2.21,178.8805781539565,0.204443734,0.0,0.0
2018-12-08 19:00:00,29631.2,0.0,-2.78,178.88534242007137,0.204891412,0.0,0.0
2018-12-08 20:00:00,29040.800000000003,0.0,-3.17,178.86542463578027,0.2051977179999999,0.0,0.0
2018-12-08 21:00:00,28375.2,0.0,-3.22,124.76615246518423,0.2052369879999999,0.0,0.0
2018-12-08 22:00:00,27350.4,0.0,-3.12,178.86999493686247,0.205158448,0.0,0.0
2018-12-08 23:00:00,25829.6,0.0,-2.92,178.8699464456043,0.205001368,0.0,0.0
2018-12-09 00:00:00,24165.6,0.0,-2.84,174.57662743028567,0.204938536,0.0,0.0
2018-12-09 01:00:00,22796.800000000003,0.0,-2.6,178.85976328138986,0.20475004,0.0,0.0
2018-12-09 02:00:00,22069.6,0.0,-2.69,178.86354559952665,0.204820726,0.0,0.0
2018-12-09 03:00:00,21579.2,0.0,-2.84,178.86364258204298,0.204938536,0.0,0.0
2018-12-09 04:00:00,21479.2,0.0,-3.04,178.8706374460329,0.2050956159999999,0.0,0.0
2018-12-09 05:00:00,21686.4,0.0,-2.83,178.84988318753872,0.2049306819999999,0.0,0.0
2018-12-09 15:00:00,27744.800000000003,0.0,5.1,178.8741166938064,0.19870246,0.0,0.0
2018-12-09 16:00:00,27836.800000000003,0.0,3.77,178.87174062215638,0.1997470419999999,0.0,0.0
2018-12-09 17:00:00,28920.800000000003,0.0,3.18,177.23137834098674,0.2002104279999999,0.0,0.0
2018-12-09 18:00:00,30191.2,0.0,3.45,175.85211723940077,0.1999983699999999,0.0,0.0
2018-12-09 19:00:00,29951.2,0.0,3.15,166.6395661711977,0.20023399,0.0,0.0
2018-12-09 20:00:00,29382.4,0.0,3.51,178.24245744214818,0.199951246,0.0,0.0
2018-12-09 21:00:00,28726.4,0.0,3.77,172.79191879637625,0.1997470419999999,0.0,0.0
2018-12-09 22:00:00,27788.0,0.0,3.59,177.26911666265255,0.199888414,0.0,0.0
2018-12-09 23:00:00,26375.2,0.0,3.68,172.67334554735115,0.1998177279999999,0.0,0.0
2018-12-10 00:00:00,24920.800000000003,0.0,3.86,161.0267515299802,0.1996763559999999,0.0,0.0
2018-12-10 01:00:00,23703.2,0.0,4.06,128.00083457789688,0.199519276,0.0,0.0
2018-12-10 02:00:00,23050.4,0.0,4.18,129.70345963454903,0.199425028,0.0,0.0
2018-12-10 03:00:00,22649.6,0.0,4.31,158.5493089047556,0.1993229259999999,0.0,0.0
2018-12-10 04:00:00,22576.0,0.0,4.4,158.65448644371318,0.19925224,0.0,0.0
2018-12-10 05:00:00,22730.4,0.0,4.36,176.11181217249774,0.199283656,0.0,0.0
2018-12-10 14:00:00,25072.800000000003,0.88,7.56,16.61867548024629,0.1967319786666666,0.0,0.0
2018-12-10 15:00:00,25118.4,0.0,6.59,28.310742174960225,0.1975322139999999,0.0,0.0
2018-12-10 16:00:00,25488.800000000003,0.0,5.99,22.65348681098727,0.198003454,0.0,0.0
2018-12-10 17:00:00,27072.0,0.0,6.17,9.859873753923656,0.197862082,0.0,0.0
2018-12-10 18:00:00,29088.0,0.0,6.38,16.16814016994153,0.197697148,0.0,0.0
2018-12-10 19:00:00,29264.800000000003,0.0,6.82,37.70138648088102,0.197351572,0.0,0.0
2018-12-10 20:00:00,29056.800000000003,0.0,6.53,15.232739253903704,0.1975793379999999,0.0,0.0
2018-12-10 21:00:00,28662.4,0.0,6.17,106.00547869946986,0.197862082,0.0,0.0
2018-12-10 22:00:00,27431.2,0.0,5.95,146.54337041876127,0.19803487,0.0,0.0
2018-12-10 23:00:00,25666.4,0.0,5.88,176.73110615332368,0.198089848,0.0,0.0
2018-12-11 00:00:00,23915.2,0.0,5.82,137.85731318607316,0.198136972,0.0,0.0
2018-12-11 01:00:00,22756.0,0.0,4.92,84.60932323676697,0.198843832,0.0,0.0
2018-12-11 02:00:00,22115.2,0.0,4.11,122.5358940284503,0.199480006,0.0,0.0
2018-12-11 03:00:00,21905.6,0.0,3.8,94.03782406179548,0.1997234799999999,0.0,0.0
2018-12-11 04:00:00,22003.2,0.0,3.18,78.96175854766786,0.2002104279999999,0.0,0.0
2018-12-11 05:00:00,22808.0,0.0,2.57,116.83361301592032,0.2006895219999999,0.0,0.0
2018-12-11 14:00:00,25913.6,0.88,2.76,0.0,0.2005018986666666,0.0,0.0
2018-12-11 15:00:00,25905.6,0.0,1.57,0.0,0.201474922,0.0,0.0
2018-12-11 16:00:00,26399.2,0.0,0.39,0.0,0.202401694,0.0,0.0
2018-12-11 17:00:00,27954.4,0.0,0.82,0.0,0.202063972,0.0,0.0
2018-12-11 18:00:00,30272.800000000003,0.0,0.25,0.0,0.20251165,0.0,0.0
2018-12-11 19:00:00,30334.4,0.0,-0.9,0.0,0.2034148599999999,0.0,0.0
2018-12-11 20:00:00,30008.800000000003,0.0,-1.21,0.6805661424126404,0.2036583339999999,0.0,0.0
2018-12-11 21:00:00,29358.4,0.0,-1.44,0.0,0.2038389759999999,0.0,0.0
2018-12-11 22:00:00,28074.4,0.0,-1.58,3.106612911522141,0.203948932,0.0,0.0
2018-12-11 23:00:00,26006.4,0.0,-1.31,31.72158696717521,0.203736874,0.0,0.0
2018-12-12 00:00:00,24050.4,0.0,-0.84,38.27783540441573,0.203367736,0.0,0.0
2018-12-12 01:00:00,22719.2,0.0,-1.26,33.10491527303962,0.2036976039999999,0.0,0.0
2018-12-12 02:00:00,21938.4,0.0,-1.25,40.33766525292523,0.20368975,0.0,0.0
2018-12-12 03:00:00,21611.2,0.0,-1.4,31.95204470230294,0.20380756,0.0,0.0
2018-12-12 04:00:00,21524.800000000003,0.0,-1.41,12.985872561248614,0.203815414,0.0,0.0
2018-12-12 05:00:00,22057.6,0.0,-1.42,4.680683854402149,0.2038232679999999,0.0,0.0
2018-12-12 15:00:00,26617.6,0.0,1.12,5.892241728007623,0.201828352,0.0,0.0
2018-12-12 16:00:00,27075.2,0.0,0.08,14.322303759061253,0.202645168,0.0,0.0
2018-12-12 17:00:00,28678.4,0.0,-0.78,13.617534843610269,0.2033206119999999,0.0,0.0
2018-12-12 18:00:00,30539.2,0.0,-0.96,4.594937671801951,0.203461984,0.0,0.0
2018-12-12 19:00:00,30826.4,0.0,-1.32,1.0186013075843847,0.203744728,0.0,0.0
2018-12-12 20:00:00,30964.0,0.0,-1.95,12.825824132974915,0.2042395299999999,0.0,0.0
2018-12-12 21:00:00,30829.6,0.0,-2.75,18.891477419259974,0.20486785,0.0,0.0
2018-12-12 22:00:00,30124.0,0.0,-3.5,18.60646095729057,0.2054569,0.0,0.0
2018-12-12 23:00:00,28616.800000000003,0.0,-4.09,18.94753179834568,0.205920286,0.0,0.0
2018-12-13 00:00:00,27166.4,0.0,-4.42,18.56764067442667,0.206179468,0.0,0.0
2018-12-13 01:00:00,26157.6,0.0,-4.69,18.89094553077204,0.206391526,0.0,0.0
2018-12-13 02:00:00,25761.6,0.0,-4.87,33.60379030632658,0.206532898,0.0,0.0
2018-12-13 03:00:00,25751.2,0.0,-4.88,42.33780236263497,0.2065407519999999,0.0,0.0
2018-12-13 04:00:00,26028.800000000003,0.0,-5.07,61.79416808641279,0.206689978,0.0,0.0
2018-12-13 05:00:00,26849.6,0.0,-5.19,104.00294733388807,0.206784226,0.0,0.0
2018-12-13 15:00:00,29155.2,0.0,-1.59,178.88693050877598,0.203956786,0.0,0.0
2018-12-13 16:00:00,29645.6,0.0,-2.44,178.86895237481193,0.204624376,0.0,0.0
2018-12-13 17:00:00,31512.800000000003,0.0,-2.28,175.27005242202998,0.204498712,0.0,0.0
2018-12-13 18:00:00,33614.4,0.0,-1.69,39.6037106614668,0.204035326,0.0,0.0
2018-12-13 19:00:00,33528.8,0.0,-1.42,0.0,0.2038232679999999,0.0,0.0
2018-12-13 20:00:00,32980.0,0.0,-1.39,89.93269355800395,0.203799706,0.0,0.0
2018-12-13 21:00:00,32313.6,0.0,-1.48,49.51115661267699,0.203870392,0.0,0.0
2018-12-13 22:00:00,30904.0,0.0,-1.55,93.35432159375286,0.20392537,0.0,0.0
2018-12-13 23:00:00,28830.4,0.0,-1.64,102.17896078086636,0.203996056,0.0,0.0
2018-12-14 00:00:00,26938.4,0.0,-1.59,48.2886465338096,0.203956786,0.0,0.0
2018-12-14 01:00:00,25535.2,0.0,-1.65,41.5588418221931,0.2040039099999999,0.0,0.0
2018-12-14 02:00:00,24736.800000000003,0.0,-1.53,66.18680325985832,0.2039096619999999,0.0,0.0
2018-12-14 03:00:00,24398.4,0.0,-1.37,62.10580321841048,0.203783998,0.0,0.0
2018-12-14 04:00:00,24332.800000000003,0.0,-1.26,25.088402602802116,0.2036976039999999,0.0,0.0
2018-12-14 05:00:00,24904.0,0.0,-1.09,30.84651978375605,0.203564086,0.0,0.0
2018-12-14 15:00:00,27868.0,0.0,3.42,71.010495411345,0.200021932,0.0,0.0
2018-12-14 16:00:00,28346.4,0.0,2.91,108.67135835391952,0.2004224859999999,0.0,0.0
2018-12-14 17:00:00,30170.4,0.0,2.88,111.3551191598169,0.200446048,0.0,0.0
2018-12-14 18:00:00,32452.800000000003,0.0,3.02,89.15305717065132,0.200336092,0.0,0.0
2018-12-14 19:00:00,32572.0,0.0,2.77,103.9590506224354,0.2005324419999999,0.0,0.0
2018-12-14 20:00:00,32300.800000000003,0.0,2.81,110.16831986188365,0.200501026,0.0,0.0
2018-12-14 21:00:00,31860.0,0.0,2.19,159.0361853823506,0.200987974,0.0,0.0
2018-12-14 22:00:00,30768.0,0.0,1.98,166.09196651556718,0.201152908,0.0,0.0
2018-12-14 23:00:00,28902.4,0.0,2.12,137.93179575861296,0.201042952,0.0,0.0
2018-12-15 00:00:00,27127.2,0.0,1.76,178.85926624599347,0.201325696,0.0,0.0
2018-12-15 01:00:00,25925.6,0.0,1.44,178.873328710861,0.201577024,0.0,0.0
2018-12-15 02:00:00,25348.0,0.0,0.94,178.85137429372753,0.201969724,0.0,0.0
2018-12-15 03:00:00,25200.0,0.0,1.2,178.8534109265704,0.2017655199999999,0.0,0.0
2018-12-15 04:00:00,25396.800000000003,0.0,1.19,178.85281690865764,0.201773374,0.0,0.0
2018-12-15 05:00:00,26146.4,0.0,1.55,178.86607926776549,0.20149063,0.0,0.0
2018-12-15 14:00:00,31008.0,0.88,8.07,104.65526386152412,0.1963314246666666,0.0,0.0
2018-12-15 15:00:00,31079.2,0.0,6.56,71.25742502073057,0.197555776,0.0,0.0
2018-12-15 16:00:00,31289.6,0.0,5.04,89.64101864014786,0.198749584,0.0,0.0
2018-12-15 17:00:00,32395.2,0.0,4.08,76.29056303904159,0.199503568,0.0,0.0
2018-12-15 18:00:00,33741.6,0.0,3.76,54.24992844830374,0.199754896,0.0,0.0
2018-12-15 19:00:00,33491.200000000004,0.0,3.23,57.4485573105715,0.200171158,0.0,0.0
2018-12-15 20:00:00,32948.0,0.0,3.12,54.86987099970823,0.200257552,0.0,0.0
2018-12-15 21:00:00,32308.0,0.0,3.0,105.10742059827376,0.2003517999999999,0.0,0.0
2018-12-15 22:00:00,31327.2,0.0,2.8,69.6470667055496,0.20050888,0.0,0.0
2018-12-15 23:00:00,29784.0,0.0,2.76,65.37146518368273,0.200540296,0.0,0.0
2018-12-16 00:00:00,28199.2,0.0,2.64,29.107198967488348,0.200634544,0.0,0.0
2018-12-16 01:00:00,26913.6,0.0,2.52,7.255645430498045,0.2007287919999999,0.0,0.0
2018-12-16 02:00:00,26124.0,0.0,2.38,0.5911950014909662,0.2008387479999999,0.0,0.0
2018-12-16 03:00:00,25652.0,0.0,2.45,0.0,0.2007837699999999,0.0,0.0
2018-12-16 04:00:00,25340.800000000003,0.0,2.43,22.7180392830662,0.2007994779999999,0.0,0.0
2018-12-16 05:00:00,25494.4,0.0,2.39,32.00014196899427,0.200830894,0.0,0.0
2018-12-16 15:00:00,25917.6,0.0,6.46,15.007761030948496,0.1976343159999999,0.0,0.0
2018-12-16 16:00:00,26073.6,0.0,5.92,14.665499123364702,0.198058432,0.0,0.0
2018-12-16 17:00:00,27283.2,0.0,5.16,8.424118063548969,0.1986553359999999,0.0,0.0
2018-12-16 18:00:00,28936.800000000003,0.0,4.52,0.0,0.1991579919999999,0.0,0.0
2018-12-16 19:00:00,28800.0,0.0,3.19,0.0,0.200202574,0.0,0.0
2018-12-16 20:00:00,28418.4,0.0,2.88,0.0,0.200446048,0.0,0.0
2018-12-16 21:00:00,27999.2,0.0,2.71,2.967450198512777,0.200579566,0.0,0.0
2018-12-16 22:00:00,27297.6,0.0,2.71,0.0,0.200579566,0.0,0.0
2018-12-16 23:00:00,26108.0,0.0,2.76,0.0,0.200540296,0.0,0.0
2018-12-17 00:00:00,24742.4,0.0,2.87,0.0,0.200453902,0.0,0.0
2018-12-17 01:00:00,23560.0,0.0,2.86,0.0,0.200461756,0.0,0.0
2018-12-17 02:00:00,22872.0,0.0,2.69,0.0,0.200595274,0.0,0.0
2018-12-17 03:00:00,22527.2,0.0,2.26,0.0,0.200932996,0.0,0.0
2018-12-17 04:00:00,22492.800000000003,0.0,1.83,0.0,0.201270718,0.0,0.0
2018-12-17 05:00:00,22740.0,0.0,1.94,0.0,0.201184324,0.0,0.0
2018-12-17 14:00:00,24526.4,0.88,7.41,0.0,0.1968497886666666,0.0,0.0
2018-12-17 15:00:00,24581.6,0.0,5.88,0.0,0.198089848,0.0,0.0
2018-12-17 16:00:00,24927.2,0.0,5.22,0.0,0.198608212,0.0,0.0
2018-12-17 17:00:00,26520.0,0.0,4.52,0.0,0.1991579919999999,0.0,0.0
2018-12-17 18:00:00,28276.800000000003,0.0,3.71,0.0,0.199794166,0.0,0.0
2018-12-17 19:00:00,28320.0,0.0,3.71,0.0,0.199794166,0.0,0.0
2018-12-17 20:00:00,28141.6,0.0,3.98,0.0,0.1995821079999999,0.0,0.0
2018-12-17 21:00:00,27775.2,0.0,4.31,0.0,0.1993229259999999,0.0,0.0
2018-12-17 22:00:00,26696.800000000003,0.0,3.96,0.0,0.199597816,0.0,0.0
2018-12-17 23:00:00,25022.4,0.0,3.77,0.0,0.1997470419999999,0.0,0.0
2018-12-18 00:00:00,23323.2,0.0,3.31,0.0,0.200108326,0.0,0.0
2018-12-18 01:00:00,22180.0,0.0,2.89,0.0,0.200438194,0.0,0.0
2018-12-18 02:00:00,21444.800000000003,0.0,2.82,0.0,0.200493172,0.0,0.0
2018-12-18 03:00:00,21151.2,0.0,1.64,3.178501580588136,0.201419944,0.0,0.0
2018-12-18 04:00:00,21255.2,0.0,1.14,0.0,0.201812644,0.0,0.0
2018-12-18 05:00:00,21959.2,0.0,0.5,10.32022551330299,0.2023153,0.0,0.0
2018-12-18 15:00:00,25068.800000000003,0.0,6.62,69.25866385047125,0.1975086519999999,0.0,0.0
2018-12-18 16:00:00,25500.0,0.0,6.26,123.18955618850016,0.197791396,0.0,0.0
2018-12-18 17:00:00,27030.4,0.0,6.12,160.095319320353,0.1979013519999999,0.0,0.0
2018-12-18 18:00:00,28861.6,0.0,5.83,163.04578204615203,0.198129118,0.0,0.0
2018-12-18 19:00:00,28951.2,0.0,5.73,176.3235371284558,0.1982076579999999,0.0,0.0
2018-12-18 20:00:00,28527.2,0.0,5.72,177.17248570794663,0.1982155119999999,0.0,0.0
2018-12-18 21:00:00,27874.4,0.0,5.91,170.64234981322713,0.198066286,0.0,0.0
2018-12-18 22:00:00,26639.2,0.0,6.11,178.8164242194056,0.1979092059999999,0.0,0.0
2018-12-18 23:00:00,24688.800000000003,0.0,6.12,178.81984285310617,0.1979013519999999,0.0,0.0
2018-12-19 00:00:00,22668.800000000003,0.0,5.94,178.51183850406363,0.1980427239999999,0.0,0.0
2018-12-19 01:00:00,21226.4,0.0,5.69,178.78965704489912,0.198239074,0.0,0.0
2018-12-19 02:00:00,20572.800000000003,0.0,5.42,178.82640129577308,0.198451132,0.0,0.0
2018-12-19 03:00:00,20291.2,0.0,5.1,178.78111046064797,0.19870246,0.0,0.0
2018-12-19 04:00:00,20313.6,0.0,4.65,170.42804269777162,0.19905589,0.0,0.0
2018-12-19 05:00:00,20928.800000000003,0.0,4.02,119.83168203442204,0.1995506919999999,0.0,0.0
2018-12-19 15:00:00,23876.800000000003,0.0,5.08,18.994545588487423,0.198718168,0.0,0.0
2018-12-19 16:00:00,24189.6,0.0,4.02,15.429348575481246,0.1995506919999999,0.0,0.0
2018-12-19 17:00:00,25572.800000000003,0.0,3.26,13.162262543523608,0.2001475959999999,0.0,0.0
2018-12-19 18:00:00,27704.800000000003,0.0,2.54,3.1955678515961607,0.2007130839999999,0.0,0.0
2018-12-19 19:00:00,27788.800000000003,0.0,3.27,0.0,0.2001397419999999,0.0,0.0
2018-12-19 20:00:00,27468.0,0.0,2.97,0.0,0.200375362,0.0,0.0
2018-12-19 21:00:00,26988.0,0.0,2.52,0.0,0.2007287919999999,0.0,0.0
2018-12-19 22:00:00,25867.2,0.0,1.95,0.0,0.2011764699999999,0.0,0.0
2018-12-19 23:00:00,24015.2,0.0,1.02,0.0,0.2019068919999999,0.0,0.0
2018-12-20 00:00:00,22160.0,0.0,0.51,0.0,0.2023074459999999,0.0,0.0
2018-12-20 01:00:00,20844.0,0.0,0.18,0.0,0.202566628,0.0,0.0
2018-12-20 02:00:00,20084.0,0.0,0.15,0.0,0.2025901899999999,0.0,0.0
2018-12-20 03:00:00,19680.800000000003,0.0,0.0,0.0,0.202708,0.0,0.0
2018-12-20 04:00:00,19672.800000000003,0.0,-0.29,0.0,0.202935766,0.0,0.0
2018-12-20 05:00:00,20316.0,0.0,-0.65,0.0,0.20321851,0.0,0.0
2018-12-20 15:00:00,25187.2,0.0,3.66,0.0,0.1998334359999999,0.0,0.0
2018-12-20 16:00:00,25451.2,0.0,2.72,0.0,0.2005717119999999,0.0,0.0
2018-12-20 17:00:00,26853.6,0.0,1.6,0.0,0.20145136,0.0,0.0
2018-12-20 18:00:00,29151.2,0.0,0.47,0.0,0.2023388619999999,0.0,0.0
2018-12-20 19:00:00,29370.4,0.0,1.19,0.0,0.201773374,0.0,0.0
2018-12-20 20:00:00,29284.0,0.0,1.06,0.0,0.201875476,0.0,0.0
2018-12-20 21:00:00,29004.800000000003,0.0,1.05,0.0,0.20188333,0.0,0.0
2018-12-20 22:00:00,28014.4,0.0,1.2,0.0,0.2017655199999999,0.0,0.0
2018-12-20 23:00:00,26367.2,0.0,1.4,0.0,0.20160844,0.0,0.0
2018-12-21 00:00:00,24653.6,0.0,1.39,0.0,0.201616294,0.0,0.0
2018-12-21 01:00:00,23438.4,0.0,1.35,0.0,0.20164771,0.0,0.0
2018-12-21 02:00:00,22837.6,0.0,1.46,0.0,0.201561316,0.0,0.0
2018-12-21 03:00:00,22624.800000000003,0.0,0.85,0.0,0.20204041,0.0,0.0
2018-12-21 04:00:00,22781.6,0.0,-0.51,0.0,0.2031085539999999,0.0,0.0
2018-12-21 05:00:00,23520.800000000003,0.0,-1.03,21.106151977901508,0.203516962,0.0,0.0
2018-12-21 15:00:00,25251.2,0.0,5.72,15.499977608348832,0.1982155119999999,0.0,0.0
2018-12-21 16:00:00,25719.2,0.0,3.82,53.21114265450875,0.1997077719999999,0.0,0.0
2018-12-21 17:00:00,27340.0,0.0,2.11,93.22769879587251,0.201050806,0.0,0.0
2018-12-21 18:00:00,29693.6,0.0,1.14,40.50306287311517,0.201812644,0.0,0.0
2018-12-21 19:00:00,29915.2,0.0,0.75,70.35092337920678,0.20211895,0.0,0.0
2018-12-21 20:00:00,29740.800000000003,0.0,-0.18,44.391043461441456,0.202849372,0.0,0.0
2018-12-21 21:00:00,29349.6,0.0,-0.43,102.94340122019176,0.203045722,0.0,0.0
2018-12-21 22:00:00,28407.2,0.0,0.0,57.36419464418105,0.202708,0.0,0.0
2018-12-21 23:00:00,26743.2,0.0,0.22,76.44955981315398,0.202535212,0.0,0.0
2018-12-22 00:00:00,25034.4,0.0,0.56,141.47701588860747,0.202268176,0.0,0.0
2018-12-22 01:00:00,23600.800000000003,0.0,0.75,139.71971693837548,0.20211895,0.0,0.0
2018-12-22 02:00:00,22807.2,0.0,0.59,171.47681162934123,0.202244614,0.0,0.0
2018-12-22 03:00:00,22383.2,0.0,0.89,138.6258268910843,0.202008994,0.0,0.0
2018-12-22 04:00:00,22302.4,0.0,0.77,170.2711856004261,0.202103242,0.0,0.0
2018-12-22 05:00:00,22710.4,0.0,0.41,173.56391174916092,0.202385986,0.0,0.0
2018-12-22 15:00:00,25306.4,0.0,4.23,178.87719588869982,0.1993857579999999,0.0,0.0
2018-12-22 16:00:00,25529.6,0.0,2.43,178.73801385495452,0.2007994779999999,0.0,0.0
2018-12-22 17:00:00,26726.4,0.0,1.7,178.81195090084023,0.2013728199999999,0.0,0.0
2018-12-22 18:00:00,28041.6,0.0,0.21,176.9322115237443,0.202543066,0.0,0.0
2018-12-22 19:00:00,27642.4,0.0,-1.03,166.85243067172308,0.203516962,0.0,0.0
2018-12-22 20:00:00,27029.6,0.0,-1.44,144.56496345411605,0.2038389759999999,0.0,0.0
2018-12-22 21:00:00,26352.0,0.0,-1.46,116.02503340885146,0.203854684,0.0,0.0
2018-12-22 22:00:00,25404.800000000003,0.0,-1.23,142.12724729214247,0.203674042,0.0,0.0
2018-12-22 23:00:00,23947.2,0.0,-0.96,173.79475438365037,0.203461984,0.0,0.0
2018-12-23 00:00:00,22288.800000000003,0.0,-1.04,178.136588902762,0.203524816,0.0,0.0
2018-12-23 01:00:00,20832.0,0.0,-1.51,177.49500106599496,0.203893954,0.0,0.0
2018-12-23 02:00:00,19901.6,0.0,-1.73,178.8566355952383,0.204066742,0.0,0.0
2018-12-23 03:00:00,19386.4,0.0,-2.01,178.32071021001047,0.2042866539999999,0.0,0.0
2018-12-23 04:00:00,19193.6,0.0,-2.27,178.85267143488315,0.204490858,0.0,0.0
2018-12-23 05:00:00,19294.4,0.0,-2.31,178.84571293933664,0.2045222739999999,0.0,0.0
2018-12-23 15:00:00,23512.800000000003,0.0,3.51,133.17702180779202,0.199951246,0.0,0.0
2018-12-23 16:00:00,23452.800000000003,0.0,3.04,57.27798930997986,0.200320384,0.0,0.0
2018-12-23 17:00:00,24309.6,0.0,2.85,88.99326635218685,0.20046961,0.0,0.0
2018-12-23 18:00:00,25330.4,0.0,2.47,70.10056301330637,0.200768062,0.0,0.0
2018-12-23 19:00:00,25134.4,0.0,1.94,82.25582426740938,0.201184324,0.0,0.0
2018-12-23 20:00:00,24856.800000000003,0.0,1.75,80.64724800596619,0.2013335499999999,0.0,0.0
2018-12-23 21:00:00,24447.2,0.0,1.49,48.93890824438076,0.2015377539999999,0.0,0.0
2018-12-23 22:00:00,23817.6,0.0,0.8,32.79956885108493,0.2020796799999999,0.0,0.0
2018-12-23 23:00:00,22864.800000000003,0.0,0.28,24.12143993910686,0.202488088,0.0,0.0
2018-12-24 00:00:00,21635.2,0.0,-0.12,23.21873576923793,0.2028022479999999,0.0,0.0
2018-12-24 01:00:00,20385.6,0.0,-0.21,43.24391607409353,0.2028729339999999,0.0,0.0
2018-12-24 02:00:00,19624.8,0.0,-0.49,48.780732790953614,0.203092846,0.0,0.0
2018-12-24 03:00:00,19200.0,0.0,-0.54,88.95672212775268,0.2031321159999999,0.0,0.0
2018-12-24 04:00:00,19107.2,0.0,-0.43,83.9518908813946,0.203045722,0.0,0.0
2018-12-24 05:00:00,19268.0,0.0,-0.26,158.4056656752597,0.2029122039999999,0.0,0.0
2018-12-24 15:00:00,23616.800000000003,0.0,3.21,178.78275916342557,0.200186866,0.0,0.0
2018-12-24 16:00:00,23792.800000000003,0.0,2.58,178.75921665758696,0.200681668,0.0,0.0
2018-12-24 17:00:00,24892.800000000003,0.0,2.32,178.785486796697,0.200885872,0.0,0.0
2018-12-24 18:00:00,25991.2,0.0,2.23,178.7653265561156,0.200956558,0.0,0.0
2018-12-24 19:00:00,25551.2,0.0,2.19,178.74029294408822,0.200987974,0.0,0.0
2018-12-24 20:00:00,25090.4,0.0,2.14,178.7103617149868,0.201027244,0.0,0.0
2018-12-24 21:00:00,24790.4,0.0,2.03,178.77297605209074,0.2011136379999999,0.0,0.0
2018-12-24 22:00:00,24459.2,0.0,1.99,178.80088277116408,0.201145054,0.0,0.0
2018-12-24 23:00:00,23676.0,0.0,2.26,178.76309595824006,0.200932996,0.0,0.0
2018-12-25 00:00:00,22523.2,0.0,3.05,178.78593534083527,0.20031253,0.0,0.0
2018-12-25 01:00:00,21368.0,0.0,3.33,151.2091507880371,0.200092618,0.0,0.0
2018-12-25 02:00:00,20532.800000000003,0.0,3.35,108.1565387888073,0.20007691,0.0,0.0
2018-12-25 03:00:00,20068.0,0.0,3.12,162.4239422742725,0.200257552,0.0,0.0
2018-12-25 04:00:00,19938.4,0.0,3.3,100.89419095722,0.20011618,0.0,0.0
2018-12-25 05:00:00,20207.2,0.0,3.35,54.61210965553019,0.20007691,0.0,0.0
2018-12-25 15:00:00,24185.6,0.0,1.94,26.313902470805687,0.201184324,0.0,0.0
2018-12-25 16:00:00,24530.4,0.0,0.94,24.42724551266229,0.201969724,0.0,0.0
2018-12-25 17:00:00,25757.6,0.0,0.41,29.599939856617567,0.202385986,0.0,0.0
2018-12-25 18:00:00,27372.0,0.0,-0.18,31.199524020374973,0.202849372,0.0,0.0
2018-12-25 19:00:00,27537.6,0.0,-1.18,9.984736470668029,0.203634772,0.0,0.0
2018-12-25 20:00:00,27524.0,0.0,-1.81,11.842589621462045,0.2041295739999999,0.0,0.0
2018-12-25 21:00:00,27444.0,0.0,-2.29,8.38019786414289,0.204506566,0.0,0.0
2018-12-25 22:00:00,26921.6,0.0,-2.76,11.066118804056572,0.2048757039999999,0.0,0.0
2018-12-25 23:00:00,26043.2,0.0,-3.11,9.10476485109116,0.205150594,0.0,0.0
2018-12-26 00:00:00,25017.6,0.0,-3.59,19.588116472209496,0.205527586,0.0,0.0
2018-12-26 01:00:00,23867.2,0.0,-3.97,17.01342311338525,0.205826038,0.0,0.0
2018-12-26 02:00:00,23300.800000000003,0.0,-4.29,12.544225547030113,0.2060773659999999,0.0,0.0
2018-12-26 03:00:00,23104.800000000003,0.0,-4.59,9.752196642142868,0.2063129859999999,0.0,0.0
2018-12-26 04:00:00,23240.0,0.0,-4.99,9.244766690169554,0.2066271459999999,0.0,0.0
2018-12-26 05:00:00,23810.4,0.0,-6.02,0.0,0.2074361079999999,0.0,0.0
2018-12-26 15:00:00,27221.6,0.0,-5.45,0.0,0.2069884299999999,0.0,0.0
2018-12-26 16:00:00,27638.4,0.0,-6.56,0.0,0.207860224,0.0,0.0
2018-12-26 17:00:00,29306.4,0.0,-7.82,0.0,0.208849828,0.0,0.0
2018-12-26 18:00:00,31640.0,0.0,-9.29,0.0,0.210004366,0.0,0.0
2018-12-26 19:00:00,31731.2,0.0,-10.81,0.0,0.211198174,0.0,0.0
2018-12-26 20:00:00,31388.0,0.0,-11.68,0.0,0.211881472,0.0,0.0
2018-12-26 21:00:00,30861.6,0.0,-12.29,0.0,0.212360566,0.0,0.0
2018-12-26 22:00:00,29850.4,0.0,-13.18,0.0,0.2130595719999999,0.0,0.0
2018-12-26 23:00:00,28284.0,0.0,-13.86,0.0,0.213593644,0.0,0.0
2018-12-27 00:00:00,26756.0,0.0,-13.92,0.0,0.2136407679999999,0.0,0.0
2018-12-27 01:00:00,25654.4,0.0,-13.78,0.0,0.213530812,0.0,0.0
2018-12-27 02:00:00,24904.0,0.0,-13.11,0.0,0.213004594,0.0,0.0
2018-12-27 03:00:00,24624.0,0.0,-12.55,0.0,0.2125647699999999,0.0,0.0
2018-12-27 04:00:00,24742.4,0.0,-13.02,0.0,0.212933908,0.0,0.0
2018-12-27 05:00:00,25267.2,0.0,-13.12,0.0,0.2130124479999999,0.0,0.0
2018-12-27 15:00:00,29572.0,0.0,-6.41,0.0,0.207742414,0.0,0.0
2018-12-27 16:00:00,29914.4,0.0,-5.7,0.0,0.2071847799999999,0.0,0.0
2018-12-27 17:00:00,31577.6,0.0,-5.44,0.0,0.206980576,0.0,0.0
2018-12-27 18:00:00,34097.6,0.0,-6.01,0.0,0.207428254,0.0,0.0
2018-12-27 19:00:00,34281.6,0.0,-6.77,0.0,0.208025158,0.0,0.0
2018-12-27 20:00:00,34108.8,0.0,-7.15,0.0,0.20832361,0.0,0.0
2018-12-27 21:00:00,33676.0,0.0,-7.49,0.0,0.208590646,0.0,0.0
2018-12-27 22:00:00,32660.0,0.0,-7.61,0.0,0.2086848939999999,0.0,0.0
2018-12-27 23:00:00,31170.4,0.0,-7.65,0.0,0.20871631,0.0,0.0
2018-12-28 00:00:00,29796.0,0.0,-7.77,0.0,0.2088105579999999,0.0,0.0
2018-12-28 01:00:00,28620.800000000003,0.0,-7.79,0.0,0.208826266,0.0,0.0
2018-12-28 02:00:00,28184.800000000003,0.0,-8.31,0.0,0.209234674,0.0,0.0
2018-12-28 03:00:00,28087.2,0.0,-9.18,0.0,0.2099179719999999,0.0,0.0
2018-12-28 04:00:00,28307.2,0.0,-10.49,0.0,0.210946846,0.0,0.0
2018-12-28 05:00:00,28970.4,0.0,-11.0,0.0,0.2113473999999999,0.0,0.0
2018-12-28 15:00:00,31218.4,0.0,-5.11,0.0,0.206721394,0.0,0.0
2018-12-28 16:00:00,31696.0,0.0,-6.55,10.207499249265906,0.20785237,0.0,0.0
2018-12-28 17:00:00,33244.8,0.0,-8.21,27.25015349921314,0.209156134,0.0,0.0
2018-12-28 18:00:00,35702.4,0.0,-9.89,27.847741580603717,0.2104756059999999,0.0,0.0
2018-12-28 19:00:00,35772.0,0.0,-9.85,43.57215946201252,0.21044419,0.0,0.0
2018-12-28 20:00:00,35528.8,0.0,-10.42,38.420572453524905,0.210891868,0.0,0.0
2018-12-28 21:00:00,34948.8,0.0,-11.07,8.024628136896766,0.211402378,0.0,0.0
2018-12-28 22:00:00,34381.6,0.0,-12.21,10.30411808115755,0.212297734,0.0,0.0
2018-12-28 23:00:00,32577.6,0.0,-12.53,14.29105568923008,0.2125490619999999,0.0,0.0
2018-12-29 00:00:00,31068.0,0.0,-12.9,22.052145203144484,0.2128396599999999,0.0,0.0
2018-12-29 01:00:00,29810.4,0.0,-13.47,25.225876835048684,0.213287338,0.0,0.0
2018-12-29 02:00:00,29114.4,0.0,-13.29,40.94207847890237,0.213145966,0.0,0.0
2018-12-29 03:00:00,28902.4,0.0,-12.73,24.94776431596034,0.212706142,0.0,0.0
2018-12-29 04:00:00,28931.2,0.0,-12.62,9.516047245588169,0.2126197479999999,0.0,0.0
2018-12-29 05:00:00,29126.4,0.0,-12.6,29.49529269079617,0.2126040399999999,0.0,0.0
2018-12-29 15:00:00,30220.800000000003,0.0,-5.1,0.0316930949197849,0.20671354,0.0,0.0
2018-12-29 16:00:00,30745.6,0.0,-5.46,0.0,0.206996284,0.0,0.0
2018-12-29 17:00:00,32107.2,0.0,-5.74,0.0,0.207216196,0.0,0.0
2018-12-29 18:00:00,34385.6,0.0,-6.56,0.0,0.207860224,0.0,0.0
2018-12-29 19:00:00,34305.6,0.0,-8.16,0.0,0.2091168639999999,0.0,0.0
2018-12-29 20:00:00,34044.0,0.0,-7.98,3.2969903487496675,0.2089754919999999,0.0,0.0
2018-12-29 21:00:00,33492.0,0.0,-7.3,6.651050362302836,0.20844142,0.0,0.0
2018-12-29 22:00:00,32615.2,0.0,-7.53,1.3910777203502698,0.208622062,0.0,0.0
2018-12-29 23:00:00,31270.4,0.0,-7.64,0.0,0.208708456,0.0,0.0
2018-12-30 00:00:00,29828.800000000003,0.0,-7.43,0.086197887667397,0.2085435219999999,0.0,0.0
2018-12-30 01:00:00,28525.6,0.0,-7.19,0.0,0.208355026,0.0,0.0
2018-12-30 02:00:00,27632.0,0.0,-6.78,0.0,0.208033012,0.0,0.0
2018-12-30 03:00:00,27049.6,0.0,-6.55,0.0,0.20785237,0.0,0.0
2018-12-30 04:00:00,26908.0,0.0,-6.3,0.0,0.20765602,0.0,0.0
2018-12-30 05:00:00,27180.0,0.0,-6.07,0.0,0.207475378,0.0,0.0
2018-12-30 15:00:00,29603.2,0.0,-2.14,0.0,0.204388756,0.0,0.0
2018-12-30 16:00:00,29585.6,0.0,-2.71,0.0,0.204836434,0.0,0.0
2018-12-30 17:00:00,30531.2,0.0,-3.68,0.0,0.205598272,0.0,0.0
2018-12-30 18:00:00,32357.6,0.0,-3.45,0.0,0.20541763,0.0,0.0
2018-12-30 19:00:00,32625.6,0.0,-4.48,0.0,0.206226592,0.0,0.0
2018-12-30 20:00:00,32404.800000000003,0.0,-4.35,0.0,0.20612449,0.0,0.0
2018-12-30 21:00:00,32306.4,0.0,-4.59,0.0,0.2063129859999999,0.0,0.0
2018-12-30 22:00:00,31550.4,0.0,-4.78,0.0,0.206462212,0.0,0.0
2018-12-30 23:00:00,30299.2,0.0,-4.93,0.0,0.206580022,0.0,0.0
2018-12-31 00:00:00,28924.800000000003,0.0,-4.94,0.0,0.206587876,0.0,0.0
2018-12-31 01:00:00,28193.6,0.0,-4.8,0.0,0.2064779199999999,0.0,0.0
2018-12-31 02:00:00,27528.0,0.0,-5.1,0.0,0.20671354,0.0,0.0
2018-12-31 03:00:00,27320.0,0.0,-5.65,0.0,0.20714551,0.0,0.0
2018-12-31 04:00:00,27376.0,0.0,-6.02,0.0,0.2074361079999999,0.0,0.0
2018-12-31 05:00:00,27701.6,0.0,-6.15,0.0,0.20753821,0.0,0.0
2018-12-31 15:00:00,32168.0,0.0,-4.11,24.907627192366952,0.2059359939999999,0.0,0.0
2018-12-31 16:00:00,32483.2,0.0,-5.36,56.60784618356189,0.206917744,0.0,0.0
2018-12-31 17:00:00,33610.4,0.0,-6.09,23.659334917674567,0.207491086,0.0,0.0
2018-12-31 18:00:00,35684.0,0.0,-5.9,16.07459598688781,0.2073418599999999,0.0,0.0
2018-12-31 19:00:00,35720.0,0.0,-6.03,26.314141896392837,0.2074439619999999,0.0,0.0
2018-12-31 20:00:00,35158.4,0.0,-6.38,85.98034688587218,0.2077188519999999,0.0,0.0
2018-12-31 21:00:00,34473.6,0.0,-6.85,114.69695483025755,0.20808799,0.0,0.0
2018-12-31 22:00:00,33672.0,0.0,-8.32,133.1385924856971,0.2092425279999999,0.0,0.0
2018-12-31 23:00:00,32777.6,0.0,-9.78,174.50119927821166,0.210389212,0.0,0.0
