DateTime,load_PJME_MW,solar_G_i__POA,solar_T2m,wind_Energy_scaled_MW,eta_eff,P_150MW_adj_MW,P_110MW_adj_MW
2018-06-01 03:00:00,17932.8,6.12,11.91,41.205125370219896,0.19308685,22.190399959776556,16.272959970502804
2018-06-01 04:00:00,17649.600000000002,68.61,12.75,77.42726480588436,0.1897004669999999,22.190399959776556,16.272959970502804
2018-06-01 05:00:00,17873.600000000002,129.79,14.32,74.02599703715666,0.1857979016666666,62.36091556358095,45.73133807995935
2018-06-01 06:00:00,18916.0,358.66,15.68,96.84924416621706,0.1747433966666667,94.6948089285451,69.44285988093307
2018-06-01 07:00:00,20910.4,418.56,17.26,80.53194791686664,0.170888828,119.19208005466916,87.40752537342402
2018-06-01 08:00:00,22669.6,458.1,18.19,48.82933921585571,0.1684331439999999,135.85272894195296,99.62533455743218
2018-06-01 09:00:00,23612.0,286.63,19.14,55.25807382834678,0.1751688216666666,144.6767555903966,106.0962874329575
2018-06-01 10:00:00,24365.6,145.56,19.92,54.20767437822152,0.180711564,145.66415999999998,106.82038399999996
2018-06-01 11:00:00,25092.0,197.47,20.66,35.19934060354545,0.1778653616666666,138.8149421707632,101.79762425855968
2018-06-01 12:00:00,25624.800000000003,511.62,21.05,34.522872398640374,0.163851644,124.12910210268625,91.02800820863656
2018-06-01 13:00:00,26080.0,188.2,20.83,32.82509040639737,0.1781363246666666,101.60663979576913,74.51153585023067
2018-06-01 14:00:00,26485.6,209.75,20.85,98.64804557203024,0.1771803183333333,71.24755525001167,52.24820718334189
2018-06-01 15:00:00,26878.4,36.16,19.26,101.83719439332695,0.1860034146666666,33.05184846541418,24.2380222079704
2018-06-01 16:00:00,27392.800000000003,45.47,19.03,98.6515733110614,0.1857778303333333,22.190399959776556,16.272959970502804
2018-06-02 03:00:00,17658.4,37.6,9.16,51.26247901533993,0.1938731226666666,36.69160299729944,26.907175531352927
2018-06-02 04:00:00,17311.2,141.28,11.64,46.732083208154535,0.1874014266666666,36.69160299729944,26.907175531352927
2018-06-02 05:00:00,17468.0,367.27,15.98,28.533995927546997,0.1741320936666666,72.14434858500499,52.90585562900365
2018-06-02 06:00:00,18496.8,596.02,17.8,18.11619312232771,0.1627215406666666,100.68083307114163,73.83261091883722
2018-06-02 07:00:00,20294.4,754.19,19.08,17.4025003000227,0.1548147443333333,122.30105645570956,89.68744140085366
2018-06-02 08:00:00,22036.800000000003,746.12,20.23,27.61781118790849,0.1542636553333333,137.00501873870857,100.47034707505291
2018-06-02 09:00:00,23024.0,874.21,21.19,48.08090392242806,0.1479206776666666,144.79271992013872,106.18132794143504
2018-06-02 10:00:00,23714.4,655.09,21.96,53.59090800422676,0.1568768556666666,145.66415999999998,106.82038399999996
2018-06-02 11:00:00,24329.6,865.01,22.55,60.68988878706025,0.1472539603333333,139.61933897829243,102.38751525074775
2018-06-02 12:00:00,24768.800000000003,761.75,22.96,38.34109528139421,0.1514375243333333,126.658256855016,92.8827216936784
2018-06-02 13:00:00,25136.800000000003,647.91,23.21,27.619111359767995,0.156208393,106.78091363017076,78.30600332879189
2018-06-02 14:00:00,25612.0,423.57,23.04,47.71382509812705,0.166130613,79.9873093037566,58.657360156088174
2018-06-02 15:00:00,25791.2,191.66,22.74,57.12385984590578,0.1764852393333333,46.27744387577368,33.93679217556737
2018-06-02 16:00:00,25987.2,47.22,21.74,42.75918230396865,0.183573038,36.69160299729944,26.907175531352927
2018-06-03 03:00:00,16831.2,41.1,9.62,72.87379625192335,0.193359122,36.15554933560004,26.514069512773357
2018-06-03 04:00:00,16508.8,141.07,12.12,34.33649927859091,0.1870335976666666,36.15554933560004,26.514069512773357
2018-06-03 05:00:00,16443.2,363.77,15.07,16.525646516810585,0.1749995243333333,71.78269272227726,52.64064132966999
2018-06-03 06:00:00,16683.2,590.8,16.84,7.338479864580683,0.1637032906666666,100.45955279857692,73.67033871895637
2018-06-03 07:00:00,17211.2,787.1,18.67,2.059954107358559,0.1537007853333333,122.18612956449904,89.60316168063262
2018-06-03 08:00:00,18250.4,860.46,20.06,8.762239272291136,0.149408138,136.96242302004362,100.43911021469864
2018-06-03 09:00:00,19564.0,894.53,21.09,2.069029549394302,0.1471125883333333,144.7884331652106,106.17818432115442
2018-06-03 10:00:00,20460.0,866.22,21.54,0.0,0.147994418,145.66415999999998,106.82038399999996
2018-06-03 11:00:00,20865.6,846.97,22.02,2.7841933994762624,0.1484573676666666,139.58960352441184,102.36570925123532
2018-06-03 12:00:00,20989.6,746.05,22.26,11.846870490346822,0.1526723476666666,126.56476373844612,92.81416007486048
2018-06-03 13:00:00,20956.0,555.92,22.53,8.14959541291657,0.1607562953333333,106.58964064210286,78.16573647087543
2018-06-03 14:00:00,21052.0,414.87,22.32,2.8172030657954568,0.167075711,79.66423423538197,58.4204384392801
2018-06-03 15:00:00,21264.800000000003,194.1,22.11,11.607488090689207,0.176873576,45.78854451828361,33.57826598007464
2018-06-03 16:00:00,21714.4,45.47,21.55,24.144736957951007,0.1837986223333333,36.15554933560004,26.514069512773357
2018-06-04 03:00:00,16401.600000000002,41.1,11.78,1.0778839542985457,0.191662658,34.36055800990838,25.197742540599474
2018-06-04 04:00:00,16033.6,141.82,13.7,0.0,0.1857599406666666,34.36055800990838,25.197742540599474
2018-06-04 05:00:00,15946.4,362.5,16.19,6.810189579485957,0.1741752906666666,70.57167751453895,51.75256351066188
2018-06-04 06:00:00,15831.2,591.83,18.14,0.3879110050269126,0.1626373283333333,99.71858934999004,73.12696552332599
2018-06-04 07:00:00,16063.2,786.21,19.79,0.0,0.152859971,121.80129351626172,89.32094857859191
2018-06-04 08:00:00,16904.8,939.35,21.13,0.4549654886983366,0.1451255263333333,136.81979001335395,100.33451267645955
2018-06-04 09:00:00,18185.6,956.73,21.85,0.0,0.143801691,144.77407884126671,106.16765781692892
2018-06-04 10:00:00,19446.4,907.35,22.32,0.0,0.145587167,145.66415999999998,106.82038399999998
2018-06-04 11:00:00,20508.800000000003,961.24,22.73,0.0,0.1429137526666666,139.49003348955387,102.2926912256728
2018-06-04 12:00:00,21236.800000000003,832.18,23.17,0.5663684717606636,0.1481994946666666,126.25169930992826,92.58457949394736
2018-06-04 13:00:00,22067.2,644.06,23.44,0.0,0.1561957393333333,105.94915746112324,77.69604880482369
2018-06-04 14:00:00,22590.4,426.18,23.4,0.0,0.165733986,78.58240794313866,57.62709915830169
2018-06-04 15:00:00,22997.6,193.8,23.02,0.0,0.176171952,44.15145075597477,32.37773055438149
2018-06-04 16:00:00,23402.4,55.09,22.16,0.0,0.1828997756666666,34.36055800990838,25.197742540599474
2018-06-05 03:00:00,18036.8,38.48,13.43,5.950080055020636,0.1904810673333333,32.377926511446326,23.74381277506063
2018-06-05 04:00:00,17827.2,138.52,14.29,5.734031042650744,0.1854405446666666,32.377926511446326,23.74381277506063
2018-06-05 05:00:00,18206.4,362.82,17.22,8.751196145920206,0.173352366,69.23406832299958,50.77165010353301
2018-06-05 06:00:00,19490.4,586.58,19.02,19.10935318824603,0.1621752513333333,98.90016897583509,72.52679058227903
2018-06-05 07:00:00,21504.0,719.06,20.55,0.0,0.1551930453333333,121.3762284699529,89.0092342112988
2018-06-05 08:00:00,23314.4,938.59,21.77,0.4549654886983366,0.1446560316666666,136.66224680535302,100.2189809905922
2018-06-05 09:00:00,24356.800000000003,1027.67,22.8,0.0,0.1399602123333333,144.75822398203536,106.15603092015928
2018-06-05 10:00:00,25044.800000000003,1025.82,23.6,0.0,0.139412614,145.66415999999998,106.82038399999998
2018-06-05 11:00:00,25672.0,966.4,24.09,0.0,0.1416204606666666,139.38005485924688,102.21204023011438
2018-06-05 12:00:00,26036.800000000003,802.42,24.08,0.5663684717606636,0.1487833086666666,125.90590855977608,92.33099961050245
2018-06-05 13:00:00,26237.6,139.06,24.47,0.0,0.1774216106666666,105.24172110158756,77.17726214116419
2018-06-05 14:00:00,26340.800000000003,337.71,24.19,5.801144838139422,0.168973761,77.38749248468122,56.75082782209955
2018-06-05 15:00:00,26134.4,100.59,22.14,10.07862918463981,0.180930167,42.34322270905729,31.051696653308667
2018-06-05 16:00:00,25919.2,14.87,20.5,3.311582429077469,0.1859584723333333,32.377926511446326,23.74381277506063
2018-06-06 03:00:00,18000.8,39.35,13.33,37.15310794763593,0.1905216463333333,32.62161344953858,23.922516529661625
2018-06-06 04:00:00,17754.4,141.67,15.44,22.16932584384945,0.1843998896666666,32.62161344953858,23.922516529661625
2018-06-06 05:00:00,18057.6,336.95,18.14,7.888488929601514,0.1737585923333333,69.39847501607548,50.89221501178869
2018-06-06 06:00:00,19211.2,575.92,19.7,16.000480129487908,0.1621063106666666,99.00076172602834,72.60055859908746
2018-06-06 07:00:00,21212.0,766.85,20.33,4.141865283716526,0.1532805963333333,121.42847357939728,89.04754729155802
2018-06-06 08:00:00,22880.0,887.37,21.35,2.699434658004223,0.1472207989999999,136.6816105761822,100.23318108920029
2018-06-06 09:00:00,23678.4,956.78,22.38,0.4696142526550652,0.1433832473333333,144.76017271638312,106.15745999201428
2018-06-06 10:00:00,24219.2,893.37,23.28,0.0,0.1454431769999999,145.66415999999998,106.82038399999998
2018-06-06 11:00:00,24704.0,924.59,23.82,0.0,0.1436568283333333,139.39357242703286,102.22195311315744
2018-06-06 12:00:00,24980.0,752.49,24.13,0.0,0.150922651,125.94840999748176,92.3621673314866
2018-06-06 13:00:00,25064.800000000003,379.59,24.32,0.0,0.1670442949999999,105.32867271134666,77.24102665498755
2018-06-06 14:00:00,25108.800000000003,261.24,24.12,0.0,0.17236538,77.53436056862748,56.85853108366014
2018-06-06 15:00:00,25130.4,185.7,22.12,0.0,0.1772322419999999,42.5654735693244,31.214680617504555
2018-06-06 16:00:00,25251.2,53.34,21.02,0.0,0.18387149,32.62161344953858,23.922516529661625
2018-06-07 03:00:00,17216.8,41.1,13.09,0.0,0.1906337839999999,33.66137042893577,24.68500498121957
2018-06-07 04:00:00,17035.2,142.0,15.71,0.0,0.1841734326666666,33.66137042893577,24.68500498121957
2018-06-07 05:00:00,17414.4,349.71,19.28,0.0,0.172306475,70.09996114382426,51.40663817213779
2018-06-07 06:00:00,18546.4,575.06,21.14,0.0,0.1610128593333333,99.42996821082826,72.91531002127405
2018-06-07 07:00:00,20460.0,769.31,22.03,0.0,0.1518380783333333,121.6513916299479,89.21102052862845
2018-06-07 08:00:00,21992.800000000003,915.11,23.32,0.0,0.1444631723333333,136.76423140118305,100.2937696942009
2018-06-07 09:00:00,22594.4,959.91,24.45,0.0,0.141620897,144.76848752453378,106.16355751799142
2018-06-07 10:00:00,22838.4,743.98,25.22,0.0,0.1504378846666666,145.66415999999998,106.82038399999998
2018-06-07 11:00:00,23090.4,863.14,25.65,0.0,0.1449008146666666,139.4512488275818,102.26424914022664
2018-06-07 12:00:00,23303.2,792.36,25.7,0.0,0.147949912,126.12975400727912,92.49515293867135
2018-06-07 13:00:00,23388.0,328.73,25.53,6.083612478351599,0.1683131523333333,105.69967553909208,77.51309539533419
2018-06-07 14:00:00,23480.800000000003,135.36,25.07,19.148834164502397,0.177111814,78.16101342302048,57.31807651021501
2018-06-07 15:00:00,23433.6,89.93,23.84,27.212769769872367,0.1800601183333333,43.51376765906453,31.910096283314
2018-06-07 16:00:00,23420.0,22.74,20.5,51.096735894935584,0.185615078,33.66137042893577,24.68500498121957
2018-06-08 03:00:00,16856.0,41.98,12.53,36.78578060563681,0.1910352106666666,32.22329496218182,23.6304163056
2018-06-08 04:00:00,16712.8,139.59,15.02,28.71027680449106,0.184820515,32.22329496218182,23.6304163056
2018-06-08 05:00:00,17088.8,353.7,18.8,20.988324281970392,0.17250937,69.12974405408798,50.6951456396645
2018-06-08 06:00:00,18119.2,582.0,20.49,12.512630461632684,0.161220554,98.83633784508618,72.47998108639652
2018-06-08 07:00:00,19997.6,767.74,21.53,3.494587300874303,0.1522992826666666,121.34307633517652,88.9849226457961
2018-06-08 08:00:00,21621.6,931.35,22.83,22.56847254331497,0.144139413,136.64995952435896,100.20997031786322
2018-06-08 09:00:00,22380.800000000003,1026.25,23.79,0.8411406345407902,0.1392446256666666,144.75698741263344,106.15512410259784
2018-06-08 10:00:00,22829.6,1019.67,24.68,1.3495372862642792,0.138832727,145.66415999999998,106.82038399999996
2018-06-08 11:00:00,23341.6,912.14,25.21,14.908878263441313,0.1431083573333333,139.37147728645863,102.20575001006966
2018-06-08 12:00:00,23651.2,776.04,25.61,9.194491105240374,0.148732694,125.87893927200936,92.31122213280683
2018-06-08 13:00:00,23841.6,606.41,25.78,9.370682576427228,0.1560006983333333,105.1865459566522,77.1368003682116
2018-06-08 14:00:00,23924.800000000003,408.88,25.73,14.895914428641564,0.1646588606666666,77.29429734038703,56.68248471628382
2018-06-08 15:00:00,23824.0,192.95,25.33,14.672490956651227,0.1743947663333333,42.202193423214055,30.948275177023643
2018-06-08 16:00:00,23546.4,48.97,24.38,22.406467795844748,0.1814232236666666,32.22329496218182,23.6304163056
2018-06-09 03:00:00,16900.8,43.72,13.18,0.0,0.1904487786666666,33.27571386027182,24.40219016419933
2018-06-09 04:00:00,16733.600000000002,143.03,15.72,0.0,0.1841206363333333,33.27571386027182,24.40219016419933
2018-06-09 05:00:00,17037.600000000002,350.91,19.4,0.0,0.172159867,69.83977271676528,51.21583332562786
2018-06-09 06:00:00,18029.6,576.33,21.31,0.0,0.160823927,99.2707711066432,72.798565478205
2018-06-09 07:00:00,19818.4,767.17,22.89,0.0,0.1512560096666666,121.56870902990568,89.15038662193082
2018-06-09 08:00:00,21433.6,917.41,24.16,0.0,0.1437030796666666,136.73358648655264,100.27129675680526
2018-06-09 09:00:00,22403.2,994.22,25.2,0.0,0.1395347873333333,144.76540347658408,106.16129588282833
2018-06-09 10:00:00,22997.6,992.44,26.17,0.0,0.1388506166666666,145.66415999999998,106.82038399999998
2018-06-09 11:00:00,23613.6,946.53,26.9,0.0,0.140280481,139.42985605680042,102.24856110832027
2018-06-09 12:00:00,24178.4,834.02,27.3,0.0,0.1448755073333333,126.06249164698532,92.44582720778922
2018-06-09 13:00:00,24651.2,637.2,27.43,0.0,0.153361318,105.56206677055476,77.41218229840682
2018-06-09 14:00:00,25294.4,418.9,27.23,0.0,0.1630435546666666,77.92858142750862,57.14762638017298
2018-06-09 15:00:00,25866.4,195.45,26.76,6.684756332782205,0.173162561,43.16203561784707,31.65215945308784
2018-06-09 16:00:00,26392.800000000003,51.6,25.79,24.01252554256704,0.180201054,33.27571386027182,24.40219016419933
2018-06-10 03:00:00,17776.0,42.85,13.78,0.0,0.1900154996666666,32.38633908360334,23.74998199464245
2018-06-10 04:00:00,17357.600000000002,140.04,16.26,0.0,0.183826984,32.38633908360334,23.74998199464245
2018-06-10 05:00:00,17185.600000000002,344.67,21.21,0.0,0.171010565,69.23974397873815,50.77581225107464
2018-06-10 06:00:00,17252.0,567.44,23.41,0.0,0.1595624873333333,98.90364164357877,72.52933720529109
2018-06-10 07:00:00,17711.2,763.19,25.51,18.25841949787435,0.1493719223333333,121.37803207812532,89.0105568572919
2018-06-10 08:00:00,19012.8,917.04,26.94,13.88453528781996,0.141535812,136.66291528237772,100.21947120707698
2018-06-10 09:00:00,20780.800000000003,1020.38,27.75,4.806947513901953,0.1363905693333333,144.75829125633595,106.15608025464634
2018-06-10 10:00:00,22314.4,897.15,28.47,13.364904480687024,0.1412020169999999,145.66415999999998,106.82038399999998
2018-06-10 11:00:00,23653.6,129.79,28.98,40.08985370878205,0.1742839376666666,139.38052151336993,102.21238244313793
2018-06-10 12:00:00,24821.6,70.46,29.38,59.21066295676936,0.1765585433333333,125.9073757964457,92.33207558406016
2018-06-10 13:00:00,25798.4,243.85,29.21,101.85511191321852,0.1691264776666666,105.24472284922734,77.17946342276672
2018-06-10 14:00:00,26707.2,95.49,28.69,121.99247674383614,0.176008327,77.39256267171478,56.7545459592575
2018-06-10 15:00:00,27572.800000000003,46.35,26.32,124.1251101550718,0.180013867,42.35089526390816,31.057323193532653
2018-06-10 16:00:00,28450.4,11.37,23.85,98.4013584189355,0.183480099,32.38633908360334,23.74998199464245
2018-06-11 03:00:00,19548.8,41.98,14.9,164.94463910177933,0.1891738126666666,28.35829047412605,20.79607968102577
2018-06-11 04:00:00,18900.8,139.6,17.01,176.87684662973538,0.1832571326666666,28.35829047412605,20.79607968102577
2018-06-11 05:00:00,18478.4,278.12,18.95,168.50405504760107,0.1756893673333333,66.52216643183462,48.78292205001205
2018-06-11 06:00:00,18218.4,576.07,20.89,176.50497929369095,0.1611651396666666,97.24088330818466,71.30998109266874
2018-06-11 07:00:00,18485.6,776.31,22.68,119.86192845670205,0.151022135,120.51444110317628,88.37725680899592
2018-06-11 08:00:00,20113.6,934.21,24.38,129.79879344809933,0.1427972516666666,136.34283981680937,99.98474919899353
2018-06-11 09:00:00,22440.800000000003,1023.39,25.74,113.66547303222336,0.137837887,144.72607944908395,106.13245826266154
2018-06-11 10:00:00,24942.4,1014.25,26.44,133.81827020575193,0.1376869156666666,145.66415999999998,106.82038399999996
2018-06-11 11:00:00,27091.2,970.62,26.84,128.80038268813297,0.139276478,139.15708146955757,102.04852641100884
2018-06-11 12:00:00,28880.0,796.39,27.31,152.16228283569265,0.1465095756666666,125.2048438577566,91.81688549568818
2018-06-11 13:00:00,30274.4,631.01,27.15,148.62291802512172,0.1538513203333333,103.8074471645972,76.12546125403794
2018-06-11 14:00:00,31452.0,395.73,26.75,163.54704830460744,0.164431531,74.96489139007922,54.97425368605808
2018-06-11 15:00:00,32588.0,191.65,25.68,167.41239559818547,0.1741765996666666,38.67717653420283,28.36326279174873
2018-06-11 16:00:00,33743.200000000004,48.09,25.09,178.22518243142753,0.180903987,28.35829047412605,20.79607968102577
2018-06-12 03:00:00,22214.4,39.35,13.44,178.8719830784472,0.1904352523333333,32.37336686843561,23.74046903685277
2018-06-12 04:00:00,21641.6,136.02,14.48,178.89581653183475,0.185400402,32.37336686843561,23.74046903685277
2018-06-12 05:00:00,21630.4,365.52,16.26,159.4415601777868,0.17398854,69.23099209809041,50.769394205266295
2018-06-12 06:00:00,22504.800000000003,595.85,18.14,123.06785525332346,0.1624619223333333,98.89828677798756,72.52541030385753
2018-06-12 07:00:00,24540.800000000003,796.16,19.66,116.44049438598528,0.1525279213333333,121.37525090812711,89.00851733262655
2018-06-12 08:00:00,27198.4,942.85,21.27,131.09681956944638,0.1448628536666666,136.6618844885091,100.2187152915733
2018-06-12 09:00:00,29492.800000000003,1033.19,22.7,96.02158931046785,0.1397978963333333,144.75818751913334,106.15600418069778
2018-06-12 10:00:00,31670.4,1044.6,24.0,84.18487319265088,0.13827902,145.66415999999998,106.82038399999998
2018-06-12 11:00:00,33804.0,989.93,24.97,75.44851234102482,0.1399026163333333,139.379801931109,102.21185474947994
2018-06-12 12:00:00,35589.6,855.63,25.7,54.53390537892654,0.145189231,125.9051133124604,92.33041642913764
2018-06-12 13:00:00,37020.8,657.96,26.07,78.52136700243013,0.153523634,105.2400941440542,77.17606903897308
2018-06-12 14:00:00,38357.6,432.63,26.0,126.48342188180187,0.1634105109999999,77.38474442589029,56.7488125789862
2018-06-12 15:00:00,39284.0,200.58,25.61,95.04830308363752,0.1738419319999999,42.33906415796884,31.04864704917714
2018-06-12 16:00:00,40043.2,50.72,24.67,123.19114427720528,0.1811190993333333,32.37336686843561,23.74046903685277
2018-06-13 03:00:00,24077.6,34.97,11.01,37.81618347317684,0.1925348883333333,32.01873580979866,23.48040626051901
2018-06-13 04:00:00,23358.4,135.28,13.48,53.24788690538272,0.1862180906666666,32.01873580979866,23.48040626051901
2018-06-13 05:00:00,23300.800000000003,367.06,17.29,49.64171023317248,0.1731123826666666,68.99173545155469,50.5939393311401
2018-06-13 06:00:00,24052.0,599.89,19.32,37.65383171014036,0.1613588716666666,98.75189684928836,72.41805768947812
2018-06-13 08:00:00,28709.6,955.48,23.1,21.570758845184727,0.1428744826666666,136.63370491268887,100.19805026930516
2018-06-13 09:00:00,31024.0,1051.96,24.43,15.927894777423736,0.1376201566666667,144.7553515783556,106.1539244907941
2018-06-13 10:00:00,33384.0,1052.79,25.52,7.587733265978331,0.136727855,145.66415999999998,106.82038399999998
2018-06-13 11:00:00,35861.6,1003.76,26.37,13.294334546540332,0.1381996073333333,139.36013017762207,102.19742879692284
2018-06-13 12:00:00,37832.8,858.94,27.01,20.014192488825984,0.1440159306666666,125.8432621112218,92.28505888156266
2018-06-13 13:00:00,39339.2,663.47,27.29,17.141955254556056,0.1523250263333333,105.11355580079928,77.08327425391947
2018-06-13 14:00:00,40392.0,436.45,27.25,18.58904804955424,0.1622620816666666,77.17101124635434,56.59207491399317
2018-06-13 15:00:00,41128.0,201.79,26.96,57.25247078537133,0.1727288456666666,42.01562844788717,30.81146086178392
2018-06-13 16:00:00,41924.8,49.84,26.19,69.46333938977408,0.1799636886666666,32.01873580979866,23.48040626051901
2018-06-14 03:00:00,25765.6,39.35,12.0,0.0,0.1915662283333333,32.7245283014545,23.99798742106663
2018-06-14 04:00:00,24949.6,134.29,15.16,0.0,0.1849418156666666,32.7245283014545,23.99798742106663
2018-06-14 05:00:00,24742.4,356.09,20.4,0.0,0.1711484463333333,69.4679079147132,50.94313247078968
2018-06-14 06:00:00,25472.800000000003,582.4,22.91,0.0,0.1593024326666667,99.0432444625714,72.6317126058857
2018-06-14 07:00:00,27208.800000000003,774.03,24.97,0.0,0.1493230529999999,121.45053794502928,89.06372782635478
2018-06-14 08:00:00,29016.0,927.01,26.51,0.0,0.1414385096666666,136.68978836208663,100.23917813219686
2018-06-14 09:00:00,30215.2,1011.22,27.58,0.0,0.1369237686666666,144.76099571374357,106.15806352341193
2018-06-14 10:00:00,31100.0,936.34,28.31,0.0,0.1396176906666666,145.66415999999998,106.82038399999998
2018-06-14 11:00:00,32611.2,843.45,28.98,0.0,0.143144573,139.399281220856,102.22613956196106
2018-06-14 12:00:00,33674.4,626.51,29.33,0.0,0.1523354983333333,125.96635937631156,92.37533020929511
2018-06-14 13:00:00,34644.8,553.3,29.51,0.0,0.1553885226666666,105.36539446636672,77.26795594200225
2018-06-14 14:00:00,35498.4,425.79,29.27,0.0,0.161140705,77.59638649102132,56.904016760082285
2018-06-14 15:00:00,36075.2,197.22,28.69,0.0,0.1715695079999999,42.659335450275584,31.283512663535426
2018-06-14 16:00:00,36699.2,65.59,27.23,3.5004888385280357,0.1784596476666666,32.7245283014545,23.99798742106663
2018-06-15 03:00:00,20945.6,6.99,14.91,47.416503979398506,0.190692689,29.18635928649864,21.403330143432328
2018-06-15 04:00:00,20455.2,137.12,17.19,53.60818907635505,0.1832239713333333,29.18635928649864,21.403330143432328
2018-06-15 05:00:00,20500.800000000003,318.78,20.83,41.11924735201156,0.172438684,67.08083427077285,49.192611798566745
2018-06-15 06:00:00,21336.0,567.93,22.75,52.354944631922905,0.160059471,97.58270597557078,71.56065104875188
2018-06-15 07:00:00,23085.6,766.05,23.39,36.62661714282461,0.150912179,120.69197440089248,88.50744789398782
2018-06-15 08:00:00,24924.800000000003,921.33,24.69,44.469890247216014,0.143115775,136.40863954673796,100.03300233427449
2018-06-15 09:00:00,26109.6,963.59,25.57,36.01113578717159,0.1405806783333333,144.73270141310712,106.13731436961189
2018-06-15 10:00:00,27200.0,938.16,26.44,9.613441179934531,0.141006976,145.66415999999998,106.82038399999998
2018-06-15 11:00:00,28340.800000000003,439.44,27.08,0.0,0.162265136,139.20301530741665,102.08221122543884
2018-06-15 12:00:00,29265.6,781.5,27.36,0.0,0.147120006,125.34926733535698,91.92279604592844
2018-06-15 13:00:00,30105.6,589.41,27.66,0.0,0.155265913,104.10291608382111,76.34213846146882
2018-06-15 14:00:00,30990.4,356.87,27.44,80.75152239524058,0.1655851963333333,75.46396155280891,55.340238472059866
2018-06-15 15:00:00,31740.800000000003,181.21,26.66,17.702336902768486,0.1738624396666666,39.43240374232055,28.91709607770173
2018-06-15 16:00:00,32296.0,49.84,23.15,0.0,0.1823513046666666,29.18635928649864,21.403330143432328
2018-06-16 03:00:00,19919.2,6.99,15.19,10.109539331015649,0.1904727769999999,31.219933578865483,22.894617957834686
2018-06-16 04:00:00,19610.4,132.81,16.71,0.9722502944438586,0.183789023,31.219933578865483,22.894617957834686
2018-06-16 05:00:00,19830.4,348.04,20.78,0.0,0.1712012426666666,68.45281270814665,50.19872931930754
2018-06-16 06:00:00,20840.0,572.94,22.78,15.174572474384252,0.159817306,98.42215528045762,72.17624720566891
2018-06-16 07:00:00,22558.4,758.39,23.33,70.24173318863589,0.1512935343333333,121.12796129579849,88.82717161691889
2018-06-16 08:00:00,24334.4,908.52,25.0,44.611978725747214,0.1434312439999999,136.5702307541692,100.15150255305738
2018-06-16 09:00:00,25520.0,940.02,26.13,24.62818874043821,0.141169292,144.7489636555697,106.14924001408444
2018-06-16 10:00:00,26423.2,95.49,23.97,33.120596133648405,0.179715415,145.66415999999998,106.82038399999998
2018-06-16 11:00:00,27250.4,478.81,22.94,10.05077247217644,0.1637988476666666,139.31581978746016,102.1649345108041
2018-06-16 12:00:00,27836.800000000003,697.11,24.83,17.209153530908544,0.152789285,125.70394301795014,92.18289154649676
2018-06-16 13:00:00,28337.6,239.2,22.22,24.12068529390169,0.1748193186666666,104.82852969147,76.874255107078
2018-06-16 14:00:00,29040.800000000003,84.37,20.75,3.887370659219687,0.1827296056666666,76.6895798080196,56.2390251925477
2018-06-16 15:00:00,29476.800000000003,49.14,19.92,178.91677687817588,0.18491869,41.28709336759914,30.27720180290603
2018-06-16 16:00:00,29820.800000000003,27.11,18.42,57.0221191248707,0.1870580323333333,31.219933578865483,22.894617957834686
2018-06-17 03:00:00,20184.0,6.99,11.29,8.180033527201264,0.193535837,24.857240391192253,18.228642953540984
2018-06-17 04:00:00,19735.2,54.7,13.94,0.5042619195796157,0.1893727806666666,24.857240391192253,18.228642953540984
2018-06-17 05:00:00,19612.8,263.97,16.62,2.2662052337136407,0.1781367609999999,64.16013557809072,47.05076609059985
2018-06-17 06:00:00,19844.800000000003,551.1,18.33,0.0,0.1642652879999999,95.79566733081694,70.25015604259909
2018-06-17 07:00:00,20311.2,566.72,18.28,0.0,0.1636230053333333,119.76383564937105,87.82681280953875
2018-06-17 08:00:00,21546.4,638.47,19.3,0.0,0.1596912056666666,136.06464053375294,99.7807363914188
2018-06-17 09:00:00,23192.0,743.41,20.3,0.0,0.1543269236666666,144.69808198396257,106.1119267882392
2018-06-17 10:00:00,24738.4,681.72,20.78,3.202603630085381,0.156641672,145.66415999999998,106.82038399999998
2018-06-17 11:00:00,25894.4,432.49,21.35,6.141296618317179,0.1670687296666666,138.96287458186524,101.90610802670116
2018-06-17 12:00:00,26672.800000000003,506.72,21.85,0.0,0.1634371273333333,124.59422572955826,91.36909886834272
2018-06-17 13:00:00,27271.2,515.3,21.71,0.0,0.1631727093333333,102.55821344307913,75.20935652492469
2018-06-17 14:00:00,27767.2,416.8,20.49,0.0,0.1684287806666666,72.85483772242769,53.42688099644696
2018-06-17 15:00:00,28225.6,175.64,19.22,0.0,0.1799488533333333,35.48409856760416,26.021672282909712
2018-06-17 16:00:00,28907.2,62.08,18.77,0.0,0.1852572846666666,24.857240391192253,18.228642953540984
2018-06-18 03:00:00,21200.0,36.73,12.31,0.0,0.1914370736666666,33.287573623133895,24.41088732363152
2018-06-18 04:00:00,20708.800000000003,137.58,14.42,0.0,0.185379458,33.287573623133895,24.41088732363152
2018-06-18 05:00:00,20533.6,321.13,16.05,0.0,0.1760903576666666,69.84777406639887,51.22170098202584
2018-06-18 06:00:00,20561.6,510.28,17.67,0.0,0.1665647646666666,99.27566675748224,72.80215562215363
2018-06-18 07:00:00,20905.6,723.31,18.94,0.0,0.1562720976666666,121.5712516963841,89.15225124401499
2018-06-18 08:00:00,22181.6,751.65,20.08,0.0,0.154140173,136.73452888310433,100.27198784760984
2018-06-18 09:00:00,24123.2,627.52,21.09,0.0,0.1587631246666666,144.76549831764297,106.16136543293815
2018-06-18 10:00:00,26275.2,804.22,21.96,0.0,0.1503698166666666,145.66415999999998,106.82038399999998
2018-06-18 11:00:00,28317.6,888.79,22.57,0.0,0.1462006516666666,139.43051393017544,102.24904354879531
2018-06-18 12:00:00,30141.6,579.84,23.09,5.074577207953909,0.1592727619999999,126.0645601081693,92.44734407932414
2018-06-18 13:00:00,31636.0,505.32,23.02,1.3175624158175487,0.1625792959999999,105.5662985339816,77.41528559158651
2018-06-18 14:00:00,32872.0,301.0,23.26,13.288605001317933,0.1713059626666666,77.93572920761224,57.1528680855823
2018-06-18 15:00:00,33856.8,199.74,22.13,21.075514594852823,0.176611776,43.17285212906139,31.66009156131168
2018-06-18 16:00:00,34620.0,56.84,20.97,10.365014766976444,0.1837580433333333,33.287573623133895,24.41088732363152
2018-06-19 03:00:00,24792.800000000003,37.6,13.69,21.11257706960823,0.1903152606666666,35.90323904107851,26.329041963457577
2018-06-19 04:00:00,24329.6,135.93,15.68,9.418718471369946,0.184461849,35.90323904107851,26.329041963457577
2018-06-19 05:00:00,24535.2,338.73,17.74,23.847631019180568,0.173995085,71.61246816499883,52.51580998766581
2018-06-19 06:00:00,25445.6,520.01,19.21,19.82439012761328,0.1649306963333333,100.35540036994574,73.59396027129354
2018-06-19 07:00:00,27572.800000000003,632.08,20.62,24.463944302981474,0.1589332946666666,122.13203565591938,89.56349281434086
2018-06-19 08:00:00,30179.2,285.77,21.7,13.62997739738475,0.1731957223333333,136.94237402291964,100.42440761680773
2018-06-19 09:00:00,31860.0,241.97,22.64,26.40389921525428,0.1743685863333333,144.7864154709465,106.17670467869408
2018-06-19 10:00:00,33499.200000000004,171.52,23.27,34.06622718980696,0.1769477526666666,145.66415999999998,106.82038399999996
2018-06-19 11:00:00,35199.200000000004,742.97,24.02,37.992179463979234,0.1514244343333333,139.5756076100801,102.35544558072542
2018-06-19 12:00:00,36497.6,837.51,24.13,83.71374425114436,0.147212945,126.5207583011869,92.7818894208704
2018-06-19 13:00:00,37423.2,624.11,24.66,77.30362422038111,0.1561080363333333,106.49961207332036,78.09971552043491
2018-06-19 14:00:00,38242.4,351.94,24.67,113.54223249959972,0.1679758666666666,79.51216892648034,58.30892387941891
2018-06-19 15:00:00,38545.6,38.01,23.92,127.6061763505154,0.1822627289999999,45.55842886066708,33.40951449782253
2018-06-19 16:00:00,38242.4,31.48,21.73,149.9464263026334,0.1842676806666666,35.90323904107851,26.329041963457577
2018-06-20 03:00:00,21754.4,36.73,14.35,80.5783237438933,0.1898348576666666,14.255432065621932,10.453983514789416
2018-06-20 04:00:00,21329.6,21.33,15.79,74.80185716777964,0.189375835,14.255432065621932,10.453983514789416
2018-06-20 05:00:00,21455.2,153.44,17.09,21.601956908405928,0.1825904153333333,57.0074820092244,41.80548680676456
2018-06-20 06:00:00,22372.0,216.81,18.48,20.78237130108547,0.1787336649999999,91.41929383767771,67.04081548096366
2018-06-20 07:00:00,24166.4,460.48,19.25,15.477354921063544,0.1674967726666666,117.490867550982,86.15996953738679
2018-06-20 08:00:00,26330.4,754.86,20.87,38.35946740683104,0.1533796439999999,135.22220314913716,99.16294897603387
2018-06-20 09:00:00,27805.6,662.1,21.75,20.964778745428177,0.15673592,144.61330063214314,106.04975379690497
2018-06-20 10:00:00,28850.4,797.84,22.16,34.21623186623347,0.1504911173333333,145.66415999999998,106.82038399999998
2018-06-20 11:00:00,29916.800000000003,915.87,22.41,50.79776001202252,0.145144725,138.37478125270775,101.474839585319
2018-06-20 12:00:00,30785.6,335.98,22.73,73.79882155406625,0.1701959306666666,122.74516439026638,90.013120552862
2018-06-20 13:00:00,31582.4,57.48,22.77,87.92608286532922,0.182316398,98.77530941267594,72.43522690262901
2018-06-20 14:00:00,32487.2,60.27,21.39,129.80386078457747,0.183278513,66.46521631993626,48.74115863461992
2018-06-20 15:00:00,33269.6,64.9,19.47,133.61150348094088,0.1845844586666666,25.814885112047595,18.930915748834902
2018-06-20 16:00:00,33972.0,50.72,18.87,100.77263549581733,0.1856744193333333,14.255432065621932,10.453983514789416
2018-06-21 03:00:00,21276.0,41.1,14.2,24.648270182725327,0.18976199,32.27103465875467,23.665425416420085
2018-06-21 04:00:00,20733.6,136.53,16.2,6.801455849285059,0.1840272609999999,32.27103465875467,23.665425416420085
2018-06-21 05:00:00,20834.4,312.43,18.07,0.0,0.1748834596666666,69.16195228692735,50.71876501041338
2018-06-21 06:00:00,21687.2,540.46,19.12,0.0,0.1641090806666666,98.85604455324729,72.49443267238132
2018-06-21 07:00:00,23517.6,745.63,20.81,33.574931946311736,0.1538295036666666,121.35331145771455,88.99242840232401
2018-06-21 08:00:00,25743.2,880.42,21.86,27.9200299237116,0.1471234966666666,136.65375300032912,100.21275220024134
2018-06-21 09:00:00,27467.2,906.25,22.65,7.91900205380117,0.1453759816666666,144.75736918109092,106.15540406613331
2018-06-21 10:00:00,28992.800000000003,510.07,23.4,56.49016396140516,0.1620735856666666,145.66415999999998,106.82038399999996
2018-06-21 11:00:00,30530.4,123.31,23.72,29.00620076884378,0.1786978856666666,139.37412545705638,102.20769200184132
2018-06-21 12:00:00,31816.0,93.64,23.37,0.0,0.1802673766666666,125.88726555226002,92.31732807165731
2018-06-21 13:00:00,32732.800000000003,58.41,23.48,0.0,0.181718185,105.20358028561098,77.14929220944805
2018-06-21 14:00:00,33335.200000000004,171.22,22.44,5.901899822817258,0.1776127246666666,77.32306965710913,56.70358441521336
2018-06-21 15:00:00,34232.8,194.35,22.41,0.0,0.1766270476666666,42.24573366675469,30.98020468895343
2018-06-21 16:00:00,35122.4,49.84,21.77,0.0,0.1834351566666666,32.27103465875467,23.665425416420085
2018-06-22 03:00:00,20868.0,6.99,14.44,0.0,0.191061827,27.614464385288425,20.25060721587818
2018-06-22 04:00:00,20380.800000000003,113.66,15.2,0.0,0.1858105553333333,27.614464385288425,20.25060721587818
2018-06-22 05:00:00,20502.4,318.58,16.24,10.79171056248638,0.1760523966666666,66.0203340872422,48.41491166397762
2018-06-22 06:00:00,21341.6,560.13,17.51,0.0,0.164515307,96.93383561606188,71.08481278511205
2018-06-22 07:00:00,23072.0,763.02,19.86,0.0,0.15381685,120.35496897174755,88.26031057928154
2018-06-22 08:00:00,25291.2,883.32,21.18,0.0,0.1475310319999999,136.28373415429914,99.94140504648604
2018-06-22 09:00:00,27215.2,935.94,22.29,0.0,0.144363252,144.72013116371662,106.12809618672551
2018-06-22 10:00:00,28876.800000000003,973.49,23.39,0.0,0.1418608803333333,145.66415999999998,106.82038399999998
2018-06-22 11:00:00,30567.2,882.75,23.53,0.0,0.145710213,139.1158206631493,102.01826848630948
2018-06-22 12:00:00,32066.4,409.47,23.97,0.0,0.166015421,125.07511315316454,91.721749645654
2018-06-22 13:00:00,33253.6,462.25,22.58,0.0,0.1648041596666666,103.54203747004574,75.93082747803354
2018-06-22 14:00:00,34353.6,287.03,21.65,0.0,0.1731800143333333,74.51659361379275,54.645501983448014
2018-06-22 15:00:00,35366.4,145.04,21.89,2.306938269409301,0.1791870153333333,37.99878158440582,27.8657731618976
2018-06-22 16:00:00,36672.0,11.37,21.71,1.561387637585479,0.1851608549999999,27.614464385288425,20.25060721587818
2018-06-23 03:00:00,24072.0,37.6,12.99,54.588924772720674,0.1908650406666666,31.3011525800147,22.954178558677444
2018-06-23 04:00:00,23512.0,133.77,14.99,37.851482078416566,0.185098023,31.3011525800147,22.954178558677444
2018-06-23 05:00:00,23576.0,337.38,16.95,12.919280425623176,0.174674456,68.50760820723416,50.23891268530504
2018-06-23 06:00:00,24462.4,538.34,18.51,0.0,0.1646806773333333,98.45568207823148,72.20083352403641
2018-06-23 07:00:00,26189.6,770.11,19.96,0.0,0.1534289496666666,121.1453741930068,88.83994107487163
2018-06-23 08:00:00,28134.4,924.68,21.16,1.836004808287504,0.1457420653333333,136.57668455156,100.15623533781064
2018-06-23 09:00:00,29512.800000000003,991.09,21.95,0.2297937742579038,0.1422239096666666,144.74961315389106,106.14971631285344
2018-06-23 10:00:00,30530.4,788.35,22.35,0.0,0.1507559716666666,145.66415999999998,106.82038399999998
2018-06-23 11:00:00,31442.4,826.12,22.78,25.94417784223108,0.1487702186666666,139.32032508988686,102.16823839925036
2018-06-23 12:00:00,32396.800000000003,638.88,23.2,55.18756147756927,0.156610256,125.71810842355164,92.19327951060453
2018-06-23 13:00:00,33339.200000000004,558.45,23.28,91.20217045110672,0.1600568529999999,104.85751000099434,76.8955073340625
2018-06-23 14:00:00,34194.4,357.05,23.28,70.34725016640061,0.1688446063333333,76.73852982221484,56.27492186962422
2018-06-23 15:00:00,34998.4,35.23,22.75,115.03028373887646,0.1833029476666666,41.36116788721338,30.33152311728981
2018-06-23 16:00:00,35868.8,42.85,22.32,103.77497780644512,0.1833081836666666,31.3011525800147,22.954178558677444
2018-06-24 03:00:00,24196.800000000003,18.36,14.07,78.27135213674401,0.1908563139999999,31.08425929376635,22.79512348209532
2018-06-24 04:00:00,23304.0,137.0,15.18,85.593138128026,0.1848078613333333,31.08425929376635,22.79512348209532
2018-06-24 05:00:00,22939.2,331.51,17.18,63.1171308372704,0.1747499416666666,68.36127821424554,50.131604023780056
2018-06-24 06:00:00,22928.0,548.97,19.11,113.41004532984483,0.163745615,98.36614961361524,72.13517638331786
2018-06-24 07:00:00,23053.6,712.49,20.67,133.36467085407165,0.1553854683333333,121.09887349187562,88.80584056070877
2018-06-24 08:00:00,24113.6,854.77,21.92,149.2480309569273,0.1481955676666666,136.55944984902652,100.14359655595278
2018-06-24 09:00:00,25856.0,944.18,22.9,104.85840586478714,0.1435246193333333,144.74787868506797,106.14844436904986
2018-06-24 10:00:00,27949.6,874.9,23.46,98.08580155643368,0.1461077126666666,145.66415999999998,106.82038399999998
2018-06-24 11:00:00,29584.800000000003,503.4,23.51,133.33591553798044,0.162278226,139.3082937938226,102.15941544880322
2018-06-24 12:00:00,30549.6,207.67,23.97,125.49777644554744,0.1748206276666666,125.68028006653572,92.16553871545952
2018-06-24 13:00:00,30997.6,455.0,24.35,137.3260065931857,0.1637303433333333,104.78011881813948,76.83875379996894
2018-06-24 14:00:00,31368.0,419.92,24.13,131.00015224629658,0.1654337886666666,76.60781004863371,56.17906070233138
2018-06-24 15:00:00,31904.0,104.32,23.85,145.06175639400556,0.1794243806666666,41.16335375801862,30.186459422546985
2018-06-24 16:00:00,32448.0,56.84,23.36,141.20704080877974,0.1818809373333333,31.08425929376635,22.79512348209532
2018-06-25 03:00:00,20521.6,39.35,14.81,127.03026992293138,0.1893592543333333,33.372272119033454,24.472999553957877
2018-06-25 04:00:00,19770.4,131.65,15.76,155.16591622606893,0.1845857676666666,33.372272119033454,24.472999553957877
2018-06-25 05:00:00,19298.4,335.02,17.37,159.45820480215136,0.1744475626666666,69.90491705374308,51.26360583941158
2018-06-25 06:00:00,18979.2,560.4,19.04,109.59857182408646,0.163301864,99.3106298732999,72.82779524041992
2018-06-25 07:00:00,19155.2,753.19,21.43,115.62595035416224,0.1530126876666666,121.58941057770409,89.16556775698298
2018-06-25 08:00:00,20392.0,900.18,23.17,76.95976058592585,0.145232428,136.74125916695547,100.27692338910067
2018-06-25 09:00:00,22267.2,913.79,24.48,74.87136938635764,0.1436097043333333,144.76617564105413,106.161862136773
2018-06-25 10:00:00,24185.6,842.45,25.47,83.72595798679454,0.1459449603333333,145.66415999999998,106.82038399999998
2018-06-25 11:00:00,25895.2,692.74,26.19,126.7056815635963,0.1519118186666666,139.43521224379316,102.25248897878164
2018-06-25 12:00:00,27323.2,824.97,26.62,97.96598571891774,0.145804461,126.07933237243354,92.45817707311792
2018-06-25 13:00:00,28409.6,306.14,26.6,85.07508783283873,0.1684584513333333,105.59652038592122,77.43744828300889
2018-06-25 14:00:00,29159.2,320.17,26.6,113.31103830348836,0.1678462756666666,77.98677628425608,57.19030260845446
2018-06-25 15:00:00,29722.4,40.8,26.15,90.8060271789436,0.1803895499999999,43.2501000674383,31.71674004945476
2018-06-25 16:00:00,30158.4,23.61,24.12,117.88084235004348,0.182733969,33.372272119033454,24.472999553957877
2018-06-26 03:00:00,19300.8,40.22,15.26,108.00811917038229,0.1889678633333333,32.31169685823092,23.695244362702667
2018-06-26 04:00:00,18904.8,124.83,16.44,117.75500753510808,0.1843492749999999,32.31169685823092,23.695244362702667
2018-06-26 05:00:00,19016.0,344.3,18.12,77.54206785958748,0.1734535953333333,69.1893855904988,50.738882766365776
2018-06-26 06:00:00,19800.0,570.09,19.96,61.88543469568448,0.162156489,98.87282970597744,72.50674178438345
2018-06-26 07:00:00,21404.800000000003,775.11,22.2,29.66800339885789,0.151451487,121.36202920466692,88.99882141675575
2018-06-26 08:00:00,23437.6,933.3,23.82,24.01031615961696,0.143276782,136.6569840865672,100.2151216634826
2018-06-26 09:00:00,24963.2,959.41,24.65,37.40964185684132,0.1414856336666666,144.7576943516782,106.15564252456402
2018-06-26 10:00:00,26117.6,720.23,25.18,36.15818552755373,0.1515055923333333,145.66415999999998,106.82038399999998
2018-06-26 11:00:00,27152.0,522.23,25.43,6.28320098160255,0.1599486423333333,139.37638103153256,102.20934608979054
2018-06-26 12:00:00,28002.4,498.77,25.91,62.267479134536686,0.1605952883333333,125.89435744627592,92.32252879393567
2018-06-26 13:00:00,28693.6,508.04,26.17,10.23933754863006,0.1599866033333333,105.21808924423011,77.15993211243541
2018-06-26 14:00:00,29371.2,130.72,26.41,0.0,0.1762618366666666,77.34757642539499,56.72155604528965
2018-06-26 15:00:00,29986.4,194.73,26.26,0.0,0.173586677,42.28281898977076,31.007400592498552
2018-06-26 16:00:00,30509.6,69.08,25.71,0.0,0.1795011753333333,32.31169685823092,23.695244362702667
2018-06-27 03:00:00,19288.8,37.6,17.08,13.027468968642404,0.1876527546666666,31.16162395137037,22.851857564338264
2018-06-27 04:00:00,18907.2,123.51,18.16,72.07514522996333,0.183055983,31.16162395137037,22.851857564338264
2018-06-27 05:00:00,19097.6,344.93,20.96,178.95580021818355,0.1711955703333333,68.41347332826027,50.16988044072419
2018-06-27 06:00:00,20057.6,572.99,23.03,74.48808235901559,0.1596187743333333,98.39808535763616,72.15859592893317
2018-06-27 07:00:00,21671.2,766.94,24.62,10.836871835031076,0.1499073033333333,121.11546003949812,88.81800402896528
2018-06-27 08:00:00,23256.800000000003,917.92,26.08,0.0,0.1421728586666666,136.5655973738461,100.14810474082046
2018-06-27 09:00:00,24467.2,1005.72,27.22,20.320201119524988,0.137446496,144.74849736068006,106.1488980644987
2018-06-27 10:00:00,25358.4,957.69,27.84,7.8511332342693505,0.139055257,145.66415999999998,106.82038399999998
2018-06-27 11:00:00,26069.6,627.85,28.44,0.0,0.1529760356666666,139.312585291806,102.16256254732436
2018-06-27 12:00:00,26898.4,549.01,28.92,98.65256738185376,0.1560390956666666,125.69377323609795,92.17543370647182
2018-06-27 13:00:00,27596.800000000003,169.66,28.89,40.59369303462356,0.1726149626666666,104.807723832876,76.85899747744239
2018-06-27 14:00:00,28366.4,43.57,28.63,0.0,0.1783208936666666,76.65443708213995,56.21325386023595
2018-06-27 15:00:00,28993.6,47.28,28.08,23.78263303366725,0.1785909839999999,41.23391298389003,30.23820285485268
2018-06-27 16:00:00,29336.800000000003,56.84,26.86,35.381873822089055,0.1791320373333333,31.16162395137037,22.851857564338264
2018-06-28 03:00:00,18358.4,40.22,16.38,41.28574814832473,0.1880882153333333,31.341212353622478,22.9835557259898
2018-06-28 04:00:00,17983.2,127.97,18.61,80.8176644713762,0.1825079483333333,31.341212353622478,22.9835557259898
2018-06-28 05:00:00,18140.8,343.81,22.54,60.947250078357705,0.1700035076666666,68.5346350760347,50.258732389092096
2018-06-28 06:00:00,18941.6,570.58,24.12,33.83814249562558,0.1588678446666666,98.47221855257382,72.21296027188745
2018-06-28 07:00:00,20544.800000000003,763.31,25.93,7.810465737539832,0.1490368183333333,121.15396278324,88.84623937437597
2018-06-28 08:00:00,22331.2,918.62,27.19,28.73021277300374,0.1412705213333333,136.57986776803307,100.15856969655756
2018-06-28 09:00:00,23549.6,1016.15,28.16,20.320201119524988,0.1362531243333333,144.74993350695308,106.14995123843224
2018-06-28 10:00:00,24422.4,1020.58,28.95,7.8511332342693505,0.1354393626666666,145.66415999999998,106.82038399999998
2018-06-28 11:00:00,25200.0,978.02,29.47,0.0,0.1368879893333333,139.3225472471739,102.16986798126084
2018-06-28 12:00:00,25955.2,849.06,29.7,98.65256738185376,0.142334302,125.72509524847472,92.19840318221478
2018-06-28 13:00:00,26557.6,648.2,29.69,40.59369303462356,0.1511063473333333,104.87180400390253,76.90598960286185
2018-06-28 14:00:00,27346.4,433.18,29.36,178.43849547609068,0.1607475686666666,76.7626735134572,56.292627243201935
2018-06-28 15:00:00,28091.2,210.61,28.57,115.6038504632538,0.1710795056666666,41.39770377713893,30.358316103235204
2018-06-28 16:00:00,28941.6,56.84,27.11,98.41357215458568,0.1789356873333333,31.341212353622478,22.9835557259898
2018-06-29 03:00:00,19140.0,40.22,15.04,65.89403728869354,0.1891406513333333,30.70762881000495,22.51892779400363
2018-06-29 04:00:00,18819.2,128.15,16.47,89.07996266037632,0.1841808503333333,30.70762881000495,22.51892779400363
2018-06-29 05:00:00,19010.4,316.04,18.2,31.300237332877845,0.1746238413333333,68.1071793576078,49.94526486224572
2018-06-29 06:00:00,19948.0,504.01,19.71,44.119762148346936,0.1652361296666666,98.21067843216916,72.0211641835907
2018-06-29 07:00:00,21526.4,721.6,21.0,98.9412115960746,0.1547287866666666,121.0181260336891,88.74662575803866
2018-06-29 08:00:00,23461.6,907.48,22.13,131.86310267658197,0.1457307206666666,136.52952216216755,100.12164958558954
2018-06-29 09:00:00,25116.0,958.84,23.42,70.70278200985145,0.1424765466666666,144.74486681760453,106.1462356662433
2018-06-29 10:00:00,26508.800000000003,924.31,24.38,130.47053072463007,0.1432292216666666,145.66415999999998,106.82038399999998
2018-06-29 11:00:00,27889.6,813.58,25.11,122.1787316664438,0.1474873986666666,139.287401709354,102.1440945868596
2018-06-29 12:00:00,29288.0,818.68,25.47,146.38045191414474,0.1469821246666666,125.61459194566656,92.11736742682211
2018-06-29 13:00:00,30606.4,411.43,25.63,51.02577500002031,0.1646261356666666,104.64573070893763,76.7402025198876
2018-06-29 14:00:00,32081.6,445.5,25.72,31.47114477227664,0.1630688619999999,76.38081799916718,56.01259986605593
2018-06-29 15:00:00,33361.6,209.9,25.45,36.16350744313722,0.1735609333333333,40.81985381635536,29.93455946532726
2018-06-29 16:00:00,34481.6,54.22,24.79,37.85316108823052,0.1808721346666666,30.70762881000495,22.51892779400363
2018-06-30 03:00:00,22256.0,6.12,16.48,163.4535450360526,0.189497572,22.21430734081692,16.290492049932407
2018-06-30 04:00:00,21678.4,86.47,17.32,151.17673438195453,0.1853318976666666,22.21430734081692,16.290492049932407
2018-06-30 05:00:00,21740.0,232.48,19.87,151.5937349565353,0.1769582246666666,62.37704500198139,45.743166334786345
2018-06-30 06:00:00,22562.4,510.19,21.39,63.49063475327812,0.1636470036666666,94.7046777759589,69.45009703570318
2018-06-30 07:00:00,24052.800000000003,414.2,22.56,72.70869564068994,0.1669164493333333,119.19720566274958,87.41128415268302
2018-06-30 08:00:00,26320.0,873.91,23.81,82.85769170233301,0.1458760196666666,135.85462866235332,99.62672768572575
2018-06-30 09:00:00,28460.800000000003,654.33,24.06,73.71614395889675,0.1552606769999999,144.67694677477013,106.0964276348314
2018-06-30 10:00:00,30417.6,675.36,24.5,106.72080961708949,0.153997492,145.66415999999998,106.82038399999998
2018-06-30 11:00:00,32201.6,553.85,25.14,81.80048529184288,0.1587967223333333,138.81626833804296,101.7985967812315
2018-06-30 12:00:00,33901.6,687.76,25.25,35.861949400726566,0.1528673886666666,124.133271788899,91.03106597852592
2018-06-30 13:00:00,35540.8,379.47,25.32,106.89381430340411,0.166264131,101.61517035256816,74.51779159188331
2018-06-30 14:00:00,36923.2,336.81,24.95,44.14031334969753,0.168416127,71.2619640290503,52.25877362130355
2018-06-30 15:00:00,38200.8,211.16,24.62,21.56261534451681,0.1741578373333333,33.07365281834566,24.254012066786814
2018-06-30 16:00:00,39119.2,60.34,23.84,57.87484396109066,0.1813512286666666,22.21430734081692,16.290492049932407
2018-07-01 03:00:00,23930.4,38.48,16.05,39.90499594055025,0.1884233193333333,30.555726395227005,22.40753268983314
2018-07-01 04:00:00,23183.2,120.95,16.85,47.6254588722342,0.1841965583333333,30.555726395227005,22.40753268983314
2018-07-01 05:00:00,22827.2,348.88,19.42,12.617437497070885,0.1722327346666666,68.00469633623868,49.87011064657503
2018-07-01 06:00:00,22849.6,578.35,21.04,0.0,0.1609478456666666,98.14797387449715,71.97518084129791
2018-07-01 07:00:00,23206.4,764.94,22.5,0.0,0.151659618,120.98555901000262,88.72274327400191
2018-07-01 08:00:00,24529.6,940.55,23.97,0.0,0.1428426303333333,136.5174517427549,100.11279794468692
2018-07-01 09:00:00,26416.0,1026.43,25.25,0.0,0.1380900876666666,144.74365207275403,106.14534485335297
2018-07-01 10:00:00,28438.4,1042.84,26.29,0.0,0.1365572486666666,145.66415999999998,106.82038399999998
2018-07-01 11:00:00,30324.0,863.27,27.04,2.618834041919742,0.1438034363333333,139.27897552449286,102.13791538462807
2018-07-01 12:00:00,31712.800000000003,675.74,27.43,0.0,0.1516796893333333,125.58809864623257,92.09793900723722
2018-07-01 13:00:00,32770.4,415.48,27.49,0.0,0.1629885766666666,104.5915293652192,76.7004548678274
2018-07-01 14:00:00,33461.6,443.36,27.35,12.51472543552056,0.1618820353333333,76.28926768145257,55.94546296639856
2018-07-01 15:00:00,34027.200000000004,214.56,26.82,8.94851995587971,0.1722816039999999,40.68131359493295,29.83296330295083
2018-07-01 16:00:00,34344.0,64.71,25.61,27.04970579148159,0.179770393,30.555726395227005,22.40753268983314
2018-07-02 03:00:00,21580.0,36.73,15.74,50.39778896116825,0.1887431516666666,32.15871301356718,23.58305620994927
2018-07-02 04:00:00,20902.4,124.42,17.25,75.71402016369431,0.1837309906666666,32.15871301356718,23.58305620994927
2018-07-02 05:00:00,20563.2,339.2,19.51,85.87081119508699,0.1725844193333333,69.08617296781124,50.66319350972824
2018-07-02 06:00:00,20312.0,567.83,21.55,51.590649666372016,0.1610063143333333,98.80967873945316,72.46043107559896
2018-07-02 07:00:00,20520.800000000003,726.12,23.72,51.738869258357234,0.152395276,121.32923032849304,88.97476890756155
2018-07-02 08:00:00,22136.800000000003,824.35,25.35,49.306662915592426,0.1468289716666666,136.64482773493083,100.20620700561592
2018-07-02 09:00:00,24496.0,951.44,26.76,37.85260040805796,0.1401761973333333,144.75647095876647,106.15474536976204
2018-07-02 10:00:00,26832.800000000003,800.25,27.79,32.32535768398164,0.1459641589999999,145.66415999999998,106.82038399999996
2018-07-02 11:00:00,28916.800000000003,690.34,28.34,17.12179046791897,0.1503279286666666,139.36789485863142,102.20312289632967
2018-07-02 12:00:00,30601.6,490.97,28.55,0.0,0.1588621723333333,125.86767553466076,92.3029620587512
2018-07-02 13:00:00,31866.4,600.15,28.91,37.99663762902669,0.153815541,105.16350202808802,77.11990148726454
2018-07-02 14:00:00,32896.8,427.23,28.9,53.25950662312013,0.1613684709999999,77.25537433891309,56.65394118186959
2018-07-02 15:00:00,33719.200000000004,213.79,28.22,45.23860397866707,0.1712156416666666,42.14329246713616,30.90508114256652
2018-07-02 16:00:00,34571.200000000004,64.71,27.06,76.66550956997993,0.178631563,32.15871301356718,23.58305620994927
2018-07-03 03:00:00,22582.4,37.6,16.35,18.55981994369592,0.1882260966666666,30.84527853149212,22.61987092309422
2018-07-03 04:00:00,21872.0,119.73,17.62,3.521713234923618,0.183645033,30.84527853149212,22.61987092309422
2018-07-03 05:00:00,21763.2,344.53,19.55,9.440397852148754,0.1723204376666666,68.20004660642176,50.01336751137596
2018-07-03 06:00:00,22195.2,574.58,21.57,5.91850921525224,0.1606960813333333,98.26749954928005,72.06283300280535
2018-07-03 07:00:00,23312.0,780.24,23.86,1.5531522687136283,0.1499238839999999,121.04763736006706,88.76826739738252
2018-07-03 08:00:00,25465.6,902.51,25.48,1.406390824014794,0.1433164883333333,136.54046003878273,100.12967069510734
2018-07-03 09:00:00,27732.800000000003,1005.6,26.8,9.325794067209682,0.1377815999999999,144.74596758542705,106.14704289597984
2018-07-03 10:00:00,30004.0,1022.02,27.89,2.900882687354369,0.1362090546666666,145.66415999999998,106.82038399999998
2018-07-03 11:00:00,31948.800000000003,985.52,28.69,0.0,0.1371733513333333,139.29503728250165,102.14969400716784
2018-07-03 12:00:00,33471.200000000004,873.78,29.34,1.0630410832449269,0.14153843,125.63859943293193,92.13497291748342
2018-07-03 13:00:00,34644.8,680.27,29.65,3.6804902830223423,0.1497384423333333,104.69484645129094,76.77622073094668
2018-07-03 14:00:00,35776.8,447.93,29.61,2.2266049235016525,0.159907627,76.46377833757852,56.07343744755757
2018-07-03 15:00:00,36671.2,214.9,29.25,11.259033697902684,0.1703582466666666,40.94539509179487,30.02662306731624
2018-07-03 16:00:00,37295.2,64.71,28.46,25.39093501643148,0.177532003,30.84527853149212,22.61987092309422
2018-07-04 03:00:00,22387.2,34.11,15.94,103.2197892689114,0.188700391,30.102170918029632,22.07492533988839
2018-07-04 04:00:00,21639.2,118.96,17.24,111.5058784814486,0.1839770826666666,30.102170918029632,22.07492533988839
2018-07-04 05:00:00,21333.6,351.64,19.5,100.64735833035076,0.1720494746666666,67.69869899097162,49.64571259337917
2018-07-04 06:00:00,21232.0,585.36,21.37,76.31717867836643,0.160382794,97.96074844020146,71.83788218948106
2018-07-04 07:00:00,21355.2,790.9,23.31,50.505639580732,0.1498907226666666,120.88831926571928,88.65143412819413
2018-07-04 08:00:00,22476.800000000003,945.06,24.94,41.990259453966736,0.141884006,136.481411467525,100.08636840951831
2018-07-04 09:00:00,24185.6,1047.66,26.38,31.51740543256504,0.13627625,144.74002504561855,106.1426850334536
2018-07-04 10:00:00,26170.4,1064.28,27.57,33.55818124731977,0.134616438,145.66415999999998,106.82038399999998
2018-07-04 11:00:00,28058.4,1014.45,28.48,21.183012137443164,0.136075973,139.25381633066937,102.11946530915752
2018-07-04 12:00:00,29832.0,885.05,29.07,25.41183020264465,0.1412587403333333,125.5089940376266,92.03992896092616
2018-07-04 13:00:00,31202.4,690.62,29.31,21.022889456930407,0.1495538733333333,104.42969312087178,76.58177495530596
2018-07-04 14:00:00,32360.800000000003,458.07,29.11,25.990386980557687,0.159857885,76.01591358040476,55.745003292296815
2018-07-04 15:00:00,33259.200000000004,218.54,28.46,25.331071042876285,0.1708198873333333,40.26765541622575,29.52961397189888
2018-07-04 16:00:00,33816.0,64.71,27.22,26.338660288802,0.178505899,30.102170918029632,22.07492533988839
2018-07-05 03:00:00,21448.800000000003,35.85,13.58,16.327017231260186,0.190478013,30.018480895814665,22.013552656930745
2018-07-05 04:00:00,20972.800000000003,118.38,15.63,23.79199790790018,0.185266884,30.018480895814665,22.013552656930745
2018-07-05 05:00:00,21168.800000000003,349.23,18.74,0.0,0.172751535,67.64223638405666,49.604306681641546
2018-07-05 06:00:00,22129.6,582.77,20.39,16.858146527985266,0.1612654963333333,97.92620161728084,71.81254785267261
2018-07-05 07:00:00,23784.800000000003,788.13,22.17,14.891707811995843,0.150906943,120.87037659548731,88.63827617002403
2018-07-05 08:00:00,25793.6,945.87,23.74,0.0,0.142791143,136.47476131867603,100.08149163369572
2018-07-05 09:00:00,27318.4,1048.59,25.12,18.07652878850142,0.1372252749999999,144.7393557868469,106.14219424368773
2018-07-05 10:00:00,28720.800000000003,1061.45,26.27,23.257630304340843,0.1357609403333333,145.66415999999998,106.82038399999998
2018-07-05 11:00:00,30123.2,1011.72,27.18,11.368186004677897,0.137216112,139.24917395813532,102.11606090263255
2018-07-05 12:00:00,31401.6,876.18,27.75,9.05901259133758,0.142682496,125.49439766125286,92.02922495158542
2018-07-05 13:00:00,32512.800000000003,682.66,27.95,13.387428670104176,0.1509693386666666,104.39983110935268,76.55987614685861
2018-07-05 14:00:00,33548.0,452.05,27.72,7.918420916379109,0.1612122636666666,75.9654743024346,55.70801448845204
2018-07-05 15:00:00,34180.0,218.64,27.03,24.09165569913148,0.171938646,40.19132724049887,29.47363997636583
2018-07-05 16:00:00,34560.8,64.71,25.8,42.78596160128969,0.179621167,30.018480895814665,22.013552656930745
2018-07-06 03:00:00,21703.2,35.85,13.01,0.0,0.190925691,30.15368361756966,22.11270131955109
2018-07-06 04:00:00,21299.2,118.55,15.18,3.1886131444291794,0.1856128963333333,30.15368361756966,22.11270131955109
2018-07-06 05:00:00,21518.4,344.36,18.06,7.781844530084475,0.1734981013333333,67.7334527313612,49.67119866966488
2018-07-06 06:00:00,22573.6,573.88,19.97,1.2952266035732252,0.1619832646666666,97.98201262513145,71.85347592509638
2018-07-06 07:00:00,24255.2,771.79,21.93,0.0,0.1518084076666666,120.89936329888047,88.6595330858457
2018-07-06 08:00:00,25959.2,937.19,23.58,0.0,0.1432955443333333,136.48550475260828,100.08937015191272
2018-07-06 09:00:00,27212.0,1033.9,25.09,0.0,0.1378898106666666,144.7404369863148,106.14298712329747
2018-07-06 10:00:00,28189.6,1045.7,26.3,0.0,0.1364246033333333,145.66415999999998,106.82038399999998
2018-07-06 11:00:00,28891.2,998.31,27.25,4.649682029241309,0.137746257,139.256673793664,102.12156078202024
2018-07-06 12:00:00,29434.4,880.66,27.87,6.8541893348624345,0.1423927706666667,125.51797836730668,92.04651746935822
2018-07-06 13:00:00,29735.2,680.16,28.18,10.398402513574124,0.15089778,104.44807372092818,76.59525406201399
2018-07-06 14:00:00,30078.4,456.54,28.11,6.042641911258556,0.160710044,76.04695985452831,55.76777055998743
2018-07-06 15:00:00,30235.2,215.52,27.76,8.910280810437918,0.17150144,40.31463676810731,29.564066963278695
2018-07-06 16:00:00,30286.4,65.59,27.14,11.684239902575897,0.1785303336666666,30.15368361756966,22.11270131955109
2018-07-07 03:00:00,21323.2,33.23,15.59,32.73102342696659,0.1890136783333333,31.59554178020913,23.170063972153358
2018-07-07 04:00:00,20989.6,118.58,16.75,40.53760077174243,0.1843785093333333,31.59554178020913,23.170063972153358
2018-07-07 05:00:00,21242.4,338.08,18.8,33.53723302379295,0.1731909226666666,68.70622186810631,50.38456270327795
2018-07-07 06:00:00,22324.800000000003,569.49,20.92,23.78859139701416,0.161428685,98.57720446883064,72.28994994380912
2018-07-07 07:00:00,23949.6,774.05,23.03,35.43109244912545,0.1508458563333333,121.20848958238224,88.88622569374697
2018-07-07 08:00:00,25780.800000000003,911.22,24.53,17.51068884304188,0.143682572,136.60007720876098,100.1733899530914
2018-07-07 09:00:00,27223.2,943.1,25.83,28.99299599310503,0.1412705213333333,144.7519673479669,106.1514427218424
2018-07-07 10:00:00,28381.6,806.94,26.95,27.557378957421683,0.146331988,145.66415999999998,106.82038399999998
2018-07-07 11:00:00,29256.800000000003,787.05,28.08,32.40467725952329,0.146312353,139.33665516486028,102.1802137875642
2018-07-07 12:00:00,30015.2,637.61,28.94,30.535063463272703,0.1521574743333333,125.76945284254774,92.230932084535
2018-07-07 13:00:00,30797.6,425.15,29.26,31.864915003493262,0.1611764843333333,104.96255303306243,76.97253889091243
2018-07-07 14:00:00,31782.4,399.47,29.36,38.21331475472494,0.1622184483333333,76.9159557364042,56.40503420669641
2018-07-07 15:00:00,32794.4,176.08,29.15,60.23837455948104,0.1721306326666666,41.62966095257328,30.528418031887064
2018-07-07 16:00:00,33917.6,60.34,28.31,60.97957556333161,0.1778404906666666,31.59554178020913,23.170063972153358
2018-07-08 03:00:00,21324.800000000003,27.11,15.4,110.09974110002554,0.1894299403333333,31.82396918416183,23.33757740171868
2018-07-08 04:00:00,20589.6,121.06,17.36,69.04067746080241,0.1837912046666666,31.82396918416183,23.33757740171868
2018-07-08 05:00:00,20288.800000000003,334.08,20.99,61.8494359979054,0.17164543,68.8603335098126,50.49757790719591
2018-07-08 06:00:00,20281.6,529.13,23.55,60.27680994298312,0.1611241243333333,98.67149815959225,72.35909865036764
2018-07-08 07:00:00,20682.4,762.23,25.61,51.3246993609719,0.1493352703333333,121.25746313350086,88.92213963123396
2018-07-08 08:00:00,22184.800000000003,916.87,27.64,28.56624261422601,0.1409934496666666,136.61822843153837,100.1867008497948
2018-07-08 09:00:00,24277.6,706.28,29.32,26.631811159328453,0.1488627213333333,144.75379405370475,106.15278230605011
2018-07-08 10:00:00,26266.4,802.34,30.08,38.612246274232405,0.1440743993333333,145.66415999999998,106.82038399999998
2018-07-08 11:00:00,28184.0,902.94,30.61,26.42646583452235,0.139268624,139.34932627042417,102.18950593164438
2018-07-08 12:00:00,29764.800000000003,774.38,30.72,19.88928052314749,0.1447917313333333,125.80929286497722,92.26014810098329
2018-07-08 13:00:00,30905.6,516.25,30.65,23.99818122226143,0.1561097816666666,105.04405978365922,77.03231050801675
2018-07-08 14:00:00,31745.6,408.68,30.45,28.106484872759182,0.1609604993333333,77.05362702647001,56.50599315274468
2018-07-08 15:00:00,32440.800000000003,189.27,29.86,30.153873682846,0.170997475,41.83799459340983,30.68119603516721
2018-07-08 16:00:00,33035.200000000004,50.72,29.11,31.089970145368092,0.1776319233333333,31.82396918416183,23.33757740171868
2018-07-09 03:00:00,20115.2,29.73,17.1,4.52332858514631,0.1879804409999999,31.749503069280426,23.28296891747231
2018-07-09 04:00:00,19362.4,125.68,18.7,3.881206586863555,0.1825371826666666,31.749503069280426,23.28296891747231
2018-07-09 05:00:00,18943.2,322.03,21.59,7.451722863587545,0.1716999716666666,68.81009393690113,50.46073555372749
2018-07-09 06:00:00,18626.4,551.7,24.02,7.916459293451186,0.159770182,98.64075891952147,72.33655654098241
2018-07-09 07:00:00,18696.0,757.56,26.79,0.0,0.148612266,121.2414980171416,88.91043187923717
2018-07-09 08:00:00,19900.800000000003,907.18,27.78,0.0,0.1413063006666666,136.6123112297614,100.18236156849169
2018-07-09 09:00:00,21694.4,661.79,28.3,0.8391990900244584,0.1516050763333333,144.75319855738087,106.15234560874596
2018-07-09 10:00:00,23332.0,243.83,29.02,0.0,0.1692765763333333,145.66415999999998,106.82038399999998
2018-07-09 11:00:00,24787.2,439.19,29.76,15.23451070017855,0.1601711723333333,139.34519555761884,102.1864767422538
2018-07-09 12:00:00,25977.6,242.9,30.25,8.80474867915498,0.1683511133333333,125.79630523023737,92.25062383550738
2018-07-09 13:00:00,26864.0,385.39,30.24,9.37175014178274,0.1621416536666666,105.01748901785562,77.01282527976079
2018-07-09 14:00:00,27652.0,124.23,30.2,14.537350366203771,0.173568351,77.00874692047347,56.47308107501388
2018-07-09 15:00:00,28468.0,101.98,29.62,12.013959243165209,0.1749947246666666,41.77007893809113,30.63139122126683
2018-07-09 16:00:00,29421.6,66.45,28.69,11.268786502200934,0.177275439,31.749503069280426,23.28296891747231
2018-07-10 03:00:00,19651.2,31.48,17.16,0.0,0.1878569586666666,31.28621403579126,22.94322362624692
2018-07-10 04:00:00,19293.6,117.29,18.96,0.0,0.1826990623333333,31.28621403579126,22.94322362624692
2018-07-10 05:00:00,19563.2,331.51,22.27,0.0,0.1707522556666666,68.49752971605866,50.23152179177635
2018-07-10 06:00:00,20568.800000000003,557.79,24.94,0.0,0.1587818869999999,98.449515521833,72.19631138267752
2018-07-10 07:00:00,22159.2,759.47,27.35,0.0,0.1480891023333333,121.14217145311436,88.83759239895052
2018-07-10 08:00:00,24372.800000000003,914.12,29.0,0.0,0.1400452973333333,136.57549750990262,100.15536484059524
2018-07-10 09:00:00,26085.6,947.25,30.35,0.0,0.137539435,144.74949369219786,106.14962870761175
2018-07-10 10:00:00,27683.2,782.15,31.45,0.0,0.1438793583333333,145.66415999999998,106.82038399999998
2018-07-10 11:00:00,29477.6,532.24,32.4,0.0,0.1540376346666666,139.3194964333091,102.16763071776
2018-07-10 12:00:00,30945.6,810.95,32.57,0.0,0.1417430703333333,125.71550299212517,92.19136886089176
2018-07-10 13:00:00,32432.800000000003,227.18,33.01,5.5907958216315095,0.1668693253333333,104.8521796764482,76.89159842939534
2018-07-10 14:00:00,33903.200000000004,398.37,32.77,10.473476073322816,0.159588231,76.7295264862781,56.2683194232706
2018-07-10 15:00:00,35006.4,214.69,32.45,6.570321509570748,0.1678541296666666,41.34754342161506,30.321531842517704
2018-07-10 16:00:00,35949.6,68.21,31.45,10.317877475661568,0.1750309403333333,31.28621403579126,22.94322362624692
2018-07-11 08:00:00,27887.2,903.53,29.39,23.51402934723452,0.1402010683333333,144.65947673099927,106.08361626939946
2018-07-11 09:00:00,29540.800000000003,1003.8,30.91,33.89802616875443,0.134632146,145.56305052023123,106.74623704816956
2018-07-11 10:00:00,31190.4,747.54,31.9,51.9461330185642,0.145036078,145.66415999999998,106.82038399999998
2018-07-11 11:00:00,32964.0,609.74,32.81,31.38603352208801,0.1503340373333333,144.96280517030553,106.3060571248907
2018-07-11 12:00:00,34715.200000000004,394.66,33.19,46.52040068204711,0.1594202426666666,143.45898603114784,105.20325642284176
2018-07-11 13:00:00,36030.4,468.83,33.25,51.71170809237828,0.1561368343333333,141.15270258252698,103.5119818938531
2018-07-11 14:00:00,37099.2,220.13,33.0,84.41864954825922,0.1671847943333333,138.0439548244429,101.23223353792476
2018-07-11 15:00:00,37625.6,213.32,32.86,135.95294024982996,0.1675918933333333,134.1327427568956,98.36401135505676
2018-07-11 16:00:00,38144.8,11.37,32.01,123.48207970337413,0.177071235,133.02053847943935,97.54839488492216
2018-07-12 03:00:00,24700.800000000003,4.37,19.62,86.62159528383208,0.1871077743333333,24.351990875692863,17.858126642174767
2018-07-12 04:00:00,24164.800000000003,80.89,20.42,118.4450138931518,0.1831406316666666,24.351990875692863,17.858126642174767
2018-07-12 05:00:00,24221.6,306.36,22.14,115.56194189338586,0.171951736,63.81926214978242,46.80079224317376
2018-07-12 06:00:00,25194.4,538.28,24.23,88.06884112936385,0.1601908073333333,95.58710285585656,70.09720876096148
2018-07-12 07:00:00,26899.2,732.57,25.88,94.43123970068666,0.150417377,119.65551299391548,87.74737619553801
2018-07-12 08:00:00,29214.4,896.0,27.63,74.40148303334196,0.1419119313333333,136.02449256395903,99.75129454690328
2018-07-12 09:00:00,31184.0,1001.1,29.25,79.49271964034101,0.13605372,144.6940415659872,106.10896381505728
2018-07-12 10:00:00,33153.6,1002.8,30.35,79.44534368111485,0.1351156033333333,145.66415999999998,106.82038399999998
2018-07-12 11:00:00,35116.0,846.19,31.13,77.46112988830473,0.1413364076666666,138.93484786599748,101.88555510173148
2018-07-12 12:00:00,36829.6,739.31,31.45,78.29597963448414,0.1457486103333333,124.50610516397958,91.30447712025168
2018-07-12 13:00:00,38124.0,651.35,31.6,41.02277096319079,0.1494687883333333,102.3779318939464,75.0771500555607
2018-07-12 14:00:00,39278.4,440.97,31.37,56.63049160112445,0.158829011,72.55032805589778,53.20357390765837
2018-07-12 15:00:00,39927.2,213.72,29.88,90.77350166753035,0.169914932,35.02329364983393,25.68374867654488
2018-07-12 16:00:00,40156.8,45.47,27.74,80.12924620203708,0.1789369963333333,24.351990875692863,17.858126642174767
2018-07-13 03:00:00,26011.2,28.86,17.12,104.51781539025843,0.188002694,29.79581095226796,21.850261364996506
2018-07-13 04:00:00,25338.4,116.86,18.72,106.95270693644422,0.1829063206666666,29.79581095226796,21.850261364996506
2018-07-13 05:00:00,25335.2,326.8,21.07,82.18650601386403,0.1719002486666666,67.4920090909875,49.494140000057484
2018-07-13 06:00:00,26253.6,554.12,23.05,52.744335496386455,0.1604264273333333,97.8342845774013,71.74514202342762
2018-07-13 07:00:00,27912.0,755.72,25.39,28.322549796323145,0.1497921113333333,120.82263741150952,88.60326743510697
2018-07-13 08:00:00,30632.800000000003,915.12,27.04,51.97855548605442,0.141541048,136.45706759331205,100.0685162350955
2018-07-13 09:00:00,33121.6,983.8,28.44,40.49221295410099,0.1374447506666666,144.7375751228089,106.14088842339316
2018-07-13 10:00:00,35486.4,959.88,29.59,47.281968014326274,0.13758525,145.66415999999998,106.82038399999996
2018-07-13 11:00:00,37869.6,854.33,30.42,70.26939139001126,0.1415388663333333,139.23682222488546,102.10700296491598
2018-07-13 12:00:00,39852.0,822.47,31.01,69.01863212255977,0.1424656383333333,125.45556179746522,92.00074531814116
2018-07-13 13:00:00,41051.2,647.07,31.3,77.07972795862342,0.149891159,104.32037871773936,76.50161105967553
2018-07-13 14:00:00,41660.0,407.73,31.23,85.79737118459771,0.160389339,75.83127298570773,55.609600189518986
2018-07-13 15:00:00,41768.0,208.98,31.02,88.65904035529192,0.169226398,39.98824460137052,29.324712707671715
2018-07-13 16:00:00,41512.8,57.71,30.2,101.98978425995406,0.1764708403333333,29.79581095226796,21.850261364996506
2018-07-14 03:00:00,24953.6,5.25,17.66,47.8401357335332,0.1886087609999999,31.95241757947441,23.43177289161456
2018-07-14 04:00:00,24296.800000000003,123.04,18.44,16.450891180943632,0.1828565786666666,31.95241757947441,23.43177289161456
2018-07-14 05:00:00,24296.0,308.19,20.07,15.295964277790423,0.173497665,68.94699295930782,50.56112817015905
2018-07-14 06:00:00,25201.6,508.57,21.89,16.359680639689078,0.1633249896666666,98.72452101524289,72.39798207784476
2018-07-14 07:00:00,26694.4,655.19,23.34,8.108267222794543,0.1557886403333333,121.28500174727968,88.94233461467175
2018-07-14 08:00:00,28412.800000000003,742.07,24.55,21.477784434414488,0.1510474423333333,136.62843515541812,100.19418578063994
2018-07-14 09:00:00,29884.800000000003,790.14,25.75,25.16206991606405,0.148007508,144.7548212396582,106.15353557574936
2018-07-14 10:00:00,31109.6,791.55,26.41,22.876308688306047,0.147427621,145.66415999999998,106.82038399999998
2018-07-14 11:00:00,32182.4,432.59,26.92,46.51633650847226,0.1626896883333333,139.35645143644345,102.19473105339183
2018-07-14 12:00:00,33068.8,142.78,27.12,80.03485190661382,0.1751779846666666,125.83169554898856,92.27657673592492
2018-07-14 13:00:00,33718.4,300.28,26.7,70.69001668613954,0.1686356026666666,105.0898923376354,77.06592104759928
2018-07-14 14:00:00,34307.200000000004,391.68,26.58,73.3288867097919,0.1647417639999999,77.1310418023838,56.56276398841478
2018-07-14 15:00:00,34311.200000000004,113.24,24.57,88.96575968599312,0.1784696833333333,41.955143943234,30.76710555837159
2018-07-14 16:00:00,34325.6,63.84,22.44,52.098177358537214,0.1822980719999999,31.95241757947441,23.43177289161456
2018-07-15 03:00:00,22095.2,28.86,15.64,5.036163797053108,0.189165086,29.226005456451823,21.432404001397995
2018-07-15 04:00:00,21572.800000000003,116.01,16.46,4.717844448187766,0.1847184129999999,29.226005456451823,21.432404001397995
2018-07-15 05:00:00,21433.6,314.14,18.07,0.0,0.1748088466666666,67.10758209626633,49.21222687059529
2018-07-15 06:00:00,21681.6,559.09,19.8,0.0,0.1627621196666666,97.59907171639152,71.57265259202043
2018-07-15 07:00:00,22099.2,756.41,21.97,0.1493422309084801,0.1524480723333333,120.70047431682757,88.51368116567353
2018-07-15 08:00:00,23402.4,848.21,23.57,0.0,0.1471858923333333,136.41178989757432,100.03531259155449
2018-07-15 09:00:00,25376.800000000003,833.1,24.98,0.0,0.146737778,144.7330184586318,106.1375468696633
2018-07-15 10:00:00,27216.0,972.21,26.1,10.4111837484799,0.1397882969999999,145.66415999999998,106.82038399999998
2018-07-15 11:00:00,28927.2,930.15,26.89,8.988854832885282,0.141003049,139.20521452167895,102.08382398256455
2018-07-15 12:00:00,30394.4,583.29,27.62,31.44020128816075,0.155564365,125.35618202366868,91.927866817357
2018-07-15 13:00:00,31456.0,493.1,27.96,42.31463263334346,0.1592326193333333,104.11706250596916,76.35251250437737
2018-07-15 14:00:00,32123.2,430.17,27.34,55.47074436383901,0.162465413,75.4878559685803,55.35776104362554
2018-07-15 15:00:00,32603.2,213.7,26.94,33.94816309899232,0.1722248806666666,39.46856241150231,28.94361243510168
2018-07-15 16:00:00,33096.0,41.98,25.74,25.397807136924406,0.1806600766666666,29.226005456451823,21.432404001397995
2018-07-16 03:00:00,20728.800000000003,24.49,13.82,0.0,0.1907851916666666,28.845206101494128,21.15315114109569
2018-07-16 04:00:00,19913.6,112.02,15.56,4.218201889205193,0.1855993699999999,28.845206101494128,21.15315114109569
2018-07-16 05:00:00,19442.4,330.6,18.27,0.0,0.173933562,66.8506706542163,49.02382514642528
2018-07-16 06:00:00,19205.6,539.85,20.21,0.0,0.163279611,97.44187964574996,71.4573784068833
2018-07-16 07:00:00,19248.8,707.99,21.8,4.207650494499082,0.1546943163333333,120.6188330760952,88.45381092246981
2018-07-16 08:00:00,20568.800000000003,830.6,23.44,1.2202127108023682,0.1480563773333333,136.381530945252,100.01312269318476
2018-07-16 09:00:00,22597.6,999.46,24.66,0.6935548858079122,0.1397302646666667,144.72997325322024,106.13531371902816
2018-07-16 10:00:00,24692.0,989.52,25.67,0.9327964051012516,0.139370726,145.66415999999998,106.82038399999998
2018-07-16 11:00:00,26548.0,835.63,26.49,5.541573027377607,0.1454414316666666,139.18409118559129,102.06833353610028
2018-07-16 12:00:00,28217.6,840.08,27.06,3.909556546343552,0.1447995853333333,125.28976680999408,91.879162327329
2018-07-16 13:00:00,29620.0,641.63,26.96,1.947917896655442,0.1535371603333333,103.98118687320849,76.2528703736862
2018-07-16 14:00:00,30788.0,405.07,26.98,0.9088115112414014,0.1638433536666666,75.25835137523427,55.18945767517179
2018-07-16 15:00:00,31840.800000000003,208.3,26.56,7.768129838459092,0.1727589526666666,39.1212603160717,28.688924231785908
2018-07-16 16:00:00,32922.4,63.84,25.26,7.6867902989445245,0.1800832439999999,28.845206101494128,21.15315114109569
2018-07-17 03:00:00,22230.4,27.98,15.33,8.846399639214177,0.1894469573333333,28.819167512045112,21.13405617549975
2018-07-17 04:00:00,21790.4,109.62,16.03,13.967349264653096,0.185334952,28.819167512045112,21.13405617549975
2018-07-17 05:00:00,21956.0,332.9,18.07,22.618927697434557,0.1739902853333333,66.83310336719966,49.01094246927974
2018-07-17 06:00:00,23047.2,560.75,20.0,28.885033237506644,0.1625326083333333,97.431131046156,71.4494961005144
2018-07-17 08:00:00,27000.0,918.36,23.11,8.733429403534464,0.144486298,136.37946187547436,100.01160537534786
2018-07-17 09:00:00,29238.4,1010.29,24.59,9.422303793770457,0.1393126936666666,144.7297650258363,106.1351610189466
2018-07-17 10:00:00,31396.800000000003,1019.15,25.93,5.425638384704719,0.1378736663333333,145.66415999999998,106.82038399999998
2018-07-17 11:00:00,33617.6,984.79,26.88,12.33001389873911,0.1386267776666666,139.18264679796556,102.06727431850808
2018-07-17 12:00:00,35434.4,858.94,27.46,8.787866144554872,0.1436625006666666,125.285225419733,91.87583197447086
2018-07-17 13:00:00,36763.2,667.77,27.63,17.75804123558431,0.151870367,103.97189586530229,76.24605696788834
2018-07-17 14:00:00,37728.0,445.62,27.45,7.817725788098071,0.161704884,75.24265813467332,55.17794929876044
2018-07-17 15:00:00,38260.0,218.12,26.98,0.0,0.1720006053333333,39.09751222784632,28.671508967087306
2018-07-17 16:00:00,38462.4,62.08,26.31,5.282011066402667,0.1793353686666666,28.819167512045112,21.13405617549975
2018-07-18 03:00:00,23000.0,20.98,19.04,15.570155066374776,0.1868385566666666,30.106819308706918,22.0783341597184
2018-07-18 04:00:00,22459.2,114.41,19.49,0.0,0.1824084643333333,30.106819308706918,22.0783341597184
2018-07-18 05:00:00,22604.800000000003,318.02,22.29,5.772617961334697,0.1713251613333333,67.70183509069595,49.648012399843694
2018-07-18 06:00:00,23663.2,542.19,24.48,0.0,0.159823851,97.96266727264222,71.83928933327095
2018-07-18 07:00:00,25398.4,695.78,25.72,0.0,0.1521483113333333,120.8893158545458,88.65216496000025
2018-07-18 08:00:00,27612.0,790.43,27.21,0.0,0.1468481703333333,136.48178083640664,100.08663928003152
2018-07-18 09:00:00,29518.4,907.54,28.31,0.0,0.1408743306666666,144.7400622182247,106.14271229336477
2018-07-18 10:00:00,31276.0,889.8,28.9,0.0,0.141185,145.66415999999998,106.82038399999996
2018-07-18 11:00:00,33284.8,392.22,29.23,0.0,0.1626368919999999,139.25407418173253,102.1196543999372
2018-07-18 12:00:00,35356.0,809.21,29.35,0.0,0.1443479803333333,125.50980476342237,92.04052349317638
2018-07-18 13:00:00,37075.2,114.03,29.37,3.0537095171222184,0.174665293,104.43135174506946,76.58299127971759
2018-07-18 14:00:00,38591.2,42.64,29.47,3.355281008280216,0.1777017366666666,76.01871512667371,55.74705775956072
2018-07-18 15:00:00,39738.4,58.41,27.67,1.0885622597193785,0.178427359,40.27189490823534,29.53272293270592
2018-07-18 16:00:00,40240.8,48.97,25.14,0.3553280049538708,0.1808263196666666,30.106819308706918,22.0783341597184
2018-07-19 03:00:00,24756.800000000003,8.74,15.09,18.826314260398565,0.1904749586666666,25.773643299372484,18.90067175287316
2018-07-19 04:00:00,24089.6,84.12,16.46,10.755908860443231,0.18610988,25.773643299372484,18.90067175287316
2018-07-19 05:00:00,24051.2,318.72,18.82,16.236352216660023,0.174019956,64.77839921108864,47.504159421465005
2018-07-19 06:00:00,24999.2,528.73,20.55,56.97792540446141,0.1634977776666666,96.17395387149348,70.52756617242855
2018-07-19 07:00:00,26684.0,754.35,21.8,44.50162474498064,0.152671475,119.96030728058707,87.97089200576386
2018-07-19 08:00:00,29103.2,910.5,23.4,31.229146117705888,0.14460149,136.13745943836938,99.83413692147089
2018-07-19 09:00:00,31484.0,974.69,24.83,50.988188213535615,0.1406775443333333,144.70541034484037,106.1173009195496
2018-07-19 10:00:00,33768.8,950.58,25.76,52.23954149889988,0.140999122,145.66415999999998,106.82038399999998
2018-07-19 11:00:00,35964.0,910.36,26.29,50.12448616874866,0.1423377926666666,139.01370840384837,101.94338616282212
2018-07-19 12:00:00,37821.6,807.84,26.56,25.221452007741227,0.146599024,124.75405555638542,91.486307408016
2018-07-19 13:00:00,39362.4,459.82,26.64,38.061949292366215,0.1617214646666666,102.88520145761125,75.44914773558156
2018-07-19 14:00:00,40836.8,402.26,26.16,14.210485948438889,0.1646099913333333,73.40714610752563,53.8319071455188
2018-07-19 15:00:00,41850.4,216.1,25.59,1.1211857007440518,0.1731804506666666,36.31988950612886,26.63458563782784
2018-07-19 16:00:00,42457.600000000006,60.34,24.79,5.493745114471874,0.1806050986666666,25.773643299372484,18.90067175287316
2018-07-20 03:00:00,26665.6,15.74,14.73,8.681087636401978,0.1904522693333333,27.723481420814764,20.33055304193082
2018-07-20 04:00:00,25836.800000000003,110.16,15.75,13.90902488854456,0.1855313019999999,27.723481420814764,20.33055304193082
2018-07-20 05:00:00,25704.800000000003,327.82,18.5,15.64231308922634,0.1738742206666666,66.09388390669557,48.4688481982434
2018-07-20 06:00:00,26536.800000000003,557.85,20.13,3.144422265304676,0.1625570429999999,96.978837303503,71.11781402256887
2018-07-20 07:00:00,28100.0,757.73,21.45,1.3645902229636169,0.1527988843333333,120.37834161123725,88.27745051490729
2018-07-20 08:00:00,30572.0,915.22,23.13,1.6850386411327225,0.1446075986666666,136.29239682989817,99.94775767525864
2018-07-20 09:00:00,32990.4,1007.34,24.58,0.3145981420260778,0.139449266,144.72100295948576,106.12873550362286
2018-07-20 10:00:00,35452.8,1022.32,25.85,4.54455525456962,0.1377981806666666,145.66415999999998,106.82038399999996
2018-07-20 11:00:00,38019.2,976.99,26.63,0.6343298224628187,0.1391634676666666,139.12186795144095,102.02270316439004
2018-07-20 12:00:00,40233.600000000006,803.47,26.68,0.0,0.1466954536666666,125.0941268138086,91.73569299679298
2018-07-20 13:00:00,41789.600000000006,608.87,26.51,18.3206428742096,0.1553200183333333,103.580936587103,75.95935349720887
2018-07-20 14:00:00,42916.0,439.01,25.94,5.69856726406293,0.1631792543333333,74.58229727132401,54.6936846656376
2018-07-20 15:00:00,43492.0,218.64,25.49,25.23729198029085,0.173148162,38.098208866471815,27.938686502079324
2018-07-20 16:00:00,43939.2,55.09,24.96,15.254895212829188,0.1807006556666666,27.723481420814764,20.33055304193082
2018-07-21 03:00:00,26840.0,3.5,15.03,0.3916598433594791,0.1907507213333333,30.66346087752956,22.486537976855008
2018-07-21 04:00:00,26060.800000000003,115.85,16.45,0.0,0.1847332483333333,30.66346087752956,22.486537976855008
2018-07-21 05:00:00,25868.800000000003,318.41,18.78,0.0,0.1740648983333333,68.07738086378976,49.92341263344582
2018-07-21 06:00:00,26614.4,529.06,20.81,0.0,0.1632791746666666,98.1924461303772,72.00779382894328
2018-07-21 07:00:00,28039.2,624.48,22.94,0.0,0.15744278,121.00865667729202,88.73968156334747
2018-07-21 08:00:00,30380.0,688.16,24.33,0.0,0.1535725033333333,136.5260125045341,100.11907583665833
2018-07-21 09:00:00,32575.2,759.95,25.88,0.0,0.1492226963333333,144.7445136121034,106.14597664887584
2018-07-21 10:00:00,34709.6,823.84,27.04,0.0,0.1455238986666666,145.66415999999998,106.82038399999998
2018-07-21 11:00:00,36891.2,854.54,27.79,0.0,0.1435953053333333,139.28495166822387,102.14229789003085
2018-07-21 12:00:00,38672.8,747.15,28.35,0.0,0.147841265,125.60688861677502,92.11171831896834
2018-07-21 13:00:00,40092.8,631.0,28.71,0.0,0.1526265326666666,104.6299708456535,76.72864528681257
2018-07-21 14:00:00,40957.600000000006,385.29,28.81,13.92372683187915,0.163269139,76.35419835485915,55.99307879356337
2018-07-21 15:00:00,41532.8,206.82,28.64,11.188603176123191,0.171189898,40.77957114439221,29.905018839220947
2018-07-21 16:00:00,42008.0,50.72,28.19,9.1337633811491,0.1783544913333333,30.66346087752956,22.486537976855008
2018-07-22 03:00:00,27100.0,19.24,16.22,0.0,0.1891293066666666,28.935957423351045,21.21970211045744
2018-07-22 04:00:00,26107.2,107.96,17.44,0.0,0.1842999693333333,28.935957423351045,21.21970211045744
2018-07-22 05:00:00,25494.4,320.94,19.87,0.0,0.17309842,66.91189726256704,49.06872465921582
2018-07-22 06:00:00,25311.2,509.91,21.78,0.0,0.163352915,97.47934133787318,71.48485031444034
2018-07-22 07:00:00,25408.0,640.13,23.39,0.0,0.1564064883333333,120.6382896492696,88.46807907613105
2018-07-22 08:00:00,26885.6,859.85,24.66,0.0,0.1458219143333333,136.38874219675623,100.0184109442879
2018-07-22 09:00:00,29272.0,929.39,26.06,0.0,0.1416880923333333,144.73069898033302,106.13584591891087
2018-07-22 10:00:00,31712.0,947.97,27.18,0.6377893233077048,0.1399977369999999,145.66415999999998,106.82038399999998
2018-07-22 11:00:00,33925.6,949.3,28.16,12.68386597469999,0.1391700126666666,139.1891252557572,102.07202518755524
2018-07-22 12:00:00,35722.4,565.02,28.61,5.533603413330769,0.155584,125.30559474760456,91.89076948157668
2018-07-22 13:00:00,37091.2,639.8,28.8,0.0,0.1521718733333333,104.0135684755422,76.27661688206427
2018-07-22 14:00:00,38030.4,440.86,28.41,0.0,0.1611585946666666,75.31304643956992,55.22956738901794
2018-07-22 15:00:00,38255.2,215.48,27.88,0.0,0.1714089373333333,39.20402863968796,28.74962100243784
2018-07-22 16:00:00,37750.4,57.71,26.44,0.0,0.1794239443333333,28.935957423351045,21.21970211045744
2018-07-23 03:00:00,23710.4,18.36,16.96,1.609791763019902,0.1885865079999999,28.198443750468744,20.678858750343736
2018-07-23 04:00:00,23016.0,108.89,17.65,0.0,0.1840944563333333,28.198443750468744,20.678858750343736
2018-07-23 05:00:00,22675.2,321.05,20.03,18.572621635851203,0.1729679563333333,66.41432367488896,48.70383736158523
2018-07-23 06:00:00,22664.800000000003,549.95,22.06,0.0,0.1613859243333333,97.1748993795098,71.26159287830717
2018-07-23 07:00:00,22706.4,746.16,23.85,0.0,0.1514187619999999,120.48017086433138,88.35212530050967
2018-07-23 08:00:00,23678.4,872.11,25.47,0.0,0.1446507956666666,136.33013812935363,99.97543462819264
2018-07-23 09:00:00,25519.2,981.13,26.97,0.0,0.1387157896666666,144.7248011745765,106.13152086135608
2018-07-23 10:00:00,27442.4,927.02,28.11,0.0,0.1401814333333333,145.66415999999998,106.82038399999998
2018-07-23 11:00:00,29312.800000000003,932.32,28.93,0.0,0.1393061486666666,139.1482146056242,102.0420240441244
2018-07-23 12:00:00,30928.0,849.25,29.43,0.0,0.1425380696666666,125.17696499144904,91.79644099372928
2018-07-23 13:00:00,32089.6,662.66,29.59,0.0,0.1505539493333333,103.7504111574746,76.08363484881468
2018-07-23 14:00:00,32710.4,436.11,29.31,0.0,0.160658993,74.8685531037007,54.903605609380506
2018-07-23 15:00:00,32990.4,213.25,28.92,0.0,0.1706894236666666,38.5313908301276,28.256353275426896
2018-07-23 16:00:00,33352.0,59.46,28.04,0.0,0.178090946,28.198443750468744,20.678858750343736
2018-07-24 03:00:00,22702.4,6.99,19.62,17.94452952237194,0.186993455,26.84362731739825,19.685326699425385
2018-07-24 04:00:00,22405.6,110.45,20.2,19.168924698900422,0.1820236183333333,26.84362731739825,19.685326699425385
2018-07-24 05:00:00,22620.0,311.85,23.22,7.130276586246575,0.1708639569999999,65.5002784198179,48.033537507866455
2018-07-24 06:00:00,23790.4,534.07,25.55,150.7419011471837,0.1593377756666666,96.61563792677644,70.85146781296937
2018-07-24 07:00:00,25456.800000000003,740.07,26.9,135.91733554352334,0.149289019,120.18970583827398,88.13911761473425
2018-07-24 08:00:00,27276.800000000003,888.52,28.19,97.96752531636469,0.1417984846666666,136.2224821543104,99.89648691316096
2018-07-24 09:00:00,28744.0,990.57,29.4,39.166040688093645,0.136395369,144.71396687488576,106.12357570824956
2018-07-24 10:00:00,30077.6,878.16,30.21,28.62153174064381,0.140664018,145.66415999999998,106.82038399999998
2018-07-24 11:00:00,31241.6,305.54,30.07,36.59773756788436,0.1657592933333333,139.07306152965316,101.98691178841231
2018-07-24 12:00:00,32199.2,639.61,30.51,13.03795065716487,0.1508371296666666,124.94067146384526,91.62315907348652
2018-07-24 13:00:00,33152.8,660.43,29.26,0.9530343074635612,0.1509104336666666,103.26698980257632,75.72912585522263
2018-07-24 14:00:00,34076.8,435.78,28.32,0.0,0.161450938,74.0520165458462,54.304812133620544
2018-07-24 15:00:00,34776.8,54.7,27.69,0.0,0.1785735306666666,37.295751693655134,27.350217908680428
2018-07-24 16:00:00,35563.200000000004,56.84,27.09,0.0,0.1789513953333333,26.84362731739825,19.685326699425385
2018-07-25 03:00:00,21560.800000000003,19.24,18.67,17.029178226233093,0.1872050766666666,21.91314047346862,16.069636347210317
2018-07-25 04:00:00,21044.800000000003,108.86,18.99,4.617598621720641,0.1830433293333333,21.91314047346862,16.069636347210317
2018-07-25 05:00:00,21080.800000000003,222.39,21.24,5.152550393405613,0.176322487,62.17385869617283,45.594163043860064
2018-07-25 06:00:00,21973.6,484.57,23.21,13.562695776682288,0.1633354616666666,94.58035759823072,69.3589289053692
2018-07-25 07:00:00,23452.800000000003,627.17,24.19,4.81918928356062,0.1563436563333333,119.13263717964249,87.3639339317378
2018-07-25 08:00:00,25057.6,836.33,25.34,8.694331053612071,0.1463140983333333,135.83069744040793,99.6091781229658
2018-07-25 09:00:00,26356.800000000003,992.71,26.16,6.574238694019348,0.1388466896666666,144.6745383805271,106.0946614790532
2018-07-25 10:00:00,27244.0,1011.76,26.94,0.8773237316945454,0.1374028626666666,145.66415999999998,106.82038399999998
2018-07-25 11:00:00,28044.0,957.47,27.55,0.0,0.1392926223333333,138.79956229882666,101.7863456858062
2018-07-25 12:00:00,28741.6,703.79,27.89,0.0,0.1500944903333333,124.08074527700704,90.99254653647182
2018-07-25 13:00:00,29179.2,407.56,27.82,0.0,0.1630749706666666,101.5077089345412,74.43898655199688
2018-07-25 14:00:00,29558.4,177.81,27.39,0.0,0.173437451,71.08045327142902,52.12566573238127
2018-07-25 15:00:00,29854.4,95.49,26.44,0.0,0.177775477,32.79897828767069,24.05258407762517
2018-07-25 16:00:00,30111.2,56.84,24.79,0.0,0.1807578153333333,21.91314047346862,16.069636347210317
2018-07-26 03:00:00,19998.4,20.12,17.38,0.0,0.1881798453333333,20.77187614861471,15.232709175650784
2018-07-26 04:00:00,19643.2,94.93,18.34,0.0,0.1841616516666666,20.77187614861471,15.232709175650784
2018-07-26 05:00:00,19840.800000000003,199.22,20.66,0.0,0.1777890033333333,61.40388926308113,45.02951879292616
2018-07-26 06:00:00,20971.2,471.22,22.67,0.0,0.1643420826666666,94.10924938851996,69.0134495515813
2018-07-26 07:00:00,22446.4,721.41,23.56,0.0,0.1527264529999999,118.88795652493134,87.18450145161631
2018-07-26 08:00:00,24203.2,886.35,25.33,0.0,0.144139413,135.74001067231512,99.54267449303109
2018-07-26 09:00:00,25452.0,939.64,26.34,0.0,0.1410209386666666,144.66541183067136,106.08796867582564
2018-07-26 10:00:00,26574.4,583.19,27.4,0.0,0.1557415163333333,145.66415999999998,106.82038399999998
2018-07-26 11:00:00,27652.800000000003,765.86,27.94,0.0,0.1473468993333333,138.7362551803011,101.73992046555414
2018-07-26 12:00:00,28584.800000000003,754.07,28.48,0.0,0.1474372203333333,123.88169737157465,90.84657807248809
2018-07-26 13:00:00,29299.2,566.54,28.9,0.0,0.1552899113333333,101.10048657382067,74.14035682080183
2018-07-26 14:00:00,30093.6,88.08,29.07,8.891193438943112,0.176033198,70.39262278703907,51.62125671049531
2018-07-26 15:00:00,30785.6,49.14,28.86,4.311435046298311,0.177897214,31.75810601123001,23.289277741568675
2018-07-26 16:00:00,31415.2,50.72,27.62,0.0,0.1788021693333333,20.77187614861471,15.232709175650784
2018-07-27 03:00:00,20451.2,2.62,17.99,0.0,0.1884643346666666,26.109528711244955,19.14698772157963
2018-07-27 04:00:00,20090.4,109.34,18.56,0.0,0.1833601073333333,26.109528711244955,19.14698772157963
2018-07-27 05:00:00,20387.2,314.42,20.91,0.0,0.1725660933333333,65.00500885315935,47.67033982565019
2018-07-27 06:00:00,21508.0,542.97,23.05,0.0,0.1609129389999999,96.31260569089162,70.62924417332052
2018-07-27 07:00:00,23132.800000000003,751.33,24.5,0.0,0.1506826676666666,120.03231922444188,88.02370076459071
2018-07-27 08:00:00,24812.800000000003,908.07,25.66,0.0,0.142932515,136.16414945381004,99.85370959946069
2018-07-27 09:00:00,26130.4,1006.66,26.23,0.0,0.1381830266666666,144.70809637899606,106.11927067793044
2018-07-27 10:00:00,27355.2,977.17,26.9,0.0,0.1389435556666666,145.66415999999998,106.82038399999998
2018-07-27 11:00:00,28718.4,512.23,27.8,0.0,0.1585235776666666,139.03234031682183,101.95704956566934
2018-07-27 12:00:00,29912.0,90.85,28.49,0.0,0.1763678656666666,124.81263732946158,91.52926737493848
2018-07-27 13:00:00,30936.800000000003,577.85,28.36,0.0,0.1552205343333333,103.00505103791927,75.53703742780746
2018-07-27 14:00:00,31744.800000000003,300.47,28.04,42.51189507155436,0.1675748763333333,73.60958144219478,53.98035972427617
2018-07-27 15:00:00,32176.800000000003,211.95,26.93,37.67121582619213,0.172309093,36.62622854228832,26.85923426434476
2018-07-27 16:00:00,32488.0,57.71,26.21,0.0,0.1796045863333333,26.109528711244955,19.14698772157963
2018-07-28 03:00:00,22188.800000000003,2.62,17.15,0.0,0.1891240706666666,15.934952308898325,11.685631693192102
2018-07-28 04:00:00,21693.6,58.41,17.77,0.0,0.186202819,15.934952308898325,11.685631693192102
2018-07-28 05:00:00,21810.4,162.72,20.2,0.0,0.179742904,58.14059308736756,42.63643493073621
2018-07-28 06:00:00,22873.6,393.01,21.55,0.0,0.1686342936666666,92.1125914005225,67.5492336937165
2018-07-28 07:00:00,24323.2,713.16,20.89,0.0,0.155183446,117.8509472483633,86.42402798213307
2018-07-28 08:00:00,26236.0,831.22,22.33,0.0,0.1489011186666666,135.35566063088982,99.26081779598584
2018-07-28 09:00:00,27980.0,599.39,23.63,0.0,0.1579956143333333,144.62673154810204,106.0596031352748
2018-07-28 10:00:00,29456.800000000003,694.23,25.44,0.0,0.1524358549999999,145.66415999999998,106.82038399999998
2018-07-28 11:00:00,30951.2,607.9,26.66,0.0,0.1552445326666666,138.46794598658371,101.5431603901614
2018-07-28 12:00:00,32306.4,420.97,27.19,0.0,0.1629846496666666,123.0380895078532,90.227932305759
2018-07-28 13:00:00,33320.8,118.66,27.35,0.0,0.1760497786666666,99.37459056380844,72.87469974679284
2018-07-28 14:00:00,34028.0,437.83,26.8,0.0,0.1625552976666666,67.47744915444935,49.48346271326284
2018-07-28 15:00:00,34301.6,213.15,25.71,0.0,0.173214921,27.346665279776115,20.05422120516915
2018-07-28 16:00:00,34131.200000000004,55.97,25.17,0.0,0.1804973243333333,15.934952308898325,11.685631693192102
2018-07-29 03:00:00,21451.2,2.62,16.16,0.0,0.1899016166666666,25.88472352003918,18.982130581362064
2018-07-29 04:00:00,20757.6,107.7,17.15,0.0,0.18453908,25.88472352003918,18.982130581362064
2018-07-29 05:00:00,20420.0,309.64,20.28,4.584590470753268,0.1732694626666666,64.85334098633899,47.559116723315256
2018-07-29 06:00:00,20479.2,541.29,22.28,1.4624886747557535,0.1615910009999999,96.21980723144956,70.56119196972966
2018-07-29 07:00:00,20637.6,740.94,23.91,0.0,0.151599404,119.984122255371,87.98835632060539
2018-07-29 08:00:00,21236.800000000003,872.62,25.08,0.0,0.1449348486666666,136.1462860581032,99.84060977594235
2018-07-29 09:00:00,22450.4,939.09,26.45,0.0,0.140958543,144.7062986396462,106.11795233574055
2018-07-29 10:00:00,23440.0,1014.61,27.48,0.0,0.1368543916666666,145.66415999999998,106.82038399999998
2018-07-29 11:00:00,24182.4,932.09,28.37,0.0,0.1397560083333333,139.01987013916457,101.94790476872068
2018-07-29 12:00:00,24468.800000000003,658.3,28.97,5.700925909167033,0.1512311386666666,124.77342905713994,91.50051464190264
2018-07-29 13:00:00,24562.4,621.15,29.24,0.0,0.152640059,102.92483675392616,75.47821361954584
2018-07-29 14:00:00,24636.0,441.11,29.23,17.537736357634675,0.1605036583333333,73.47409322952308,53.88100170165025
2018-07-29 15:00:00,24544.0,211.01,28.89,28.2681486660705,0.1708107243333333,36.421198483930894,26.708878888215988
2018-07-29 16:00:00,24584.0,53.34,28.4,22.57392932521028,0.178075238,25.88472352003918,18.982130581362064
2018-07-30 03:00:00,17663.2,2.62,17.46,3.12259494830466,0.1888805966666666,26.10724489471168,19.14531292278856
2018-07-30 04:00:00,17188.8,107.02,18.51,10.484479800546502,0.1835006066666666,26.10724489471168,19.14531292278856
2018-07-30 05:00:00,16964.0,308.03,21.75,12.346812331313386,0.1721851743333333,65.00346804540507,47.66920989996372
2018-07-30 06:00:00,16994.4,537.89,23.96,15.439806018374632,0.1604198823333333,96.31166294284031,70.62855282474955
2018-07-30 07:00:00,16986.4,745.0,26.04,11.535453569010777,0.1497493506666666,120.03182958701748,88.02334169714614
2018-07-30 08:00:00,17843.2,901.52,27.63,8.29377810765979,0.1416710753333333,136.1639679779365,99.8535765171534
2018-07-30 09:00:00,19224.8,993.68,28.52,8.885363880500712,0.1369508213333333,144.70807811559732,106.11925728477136
2018-07-30 10:00:00,20535.2,821.93,28.95,4.521194969787097,0.1441071243333333,145.66415999999998,106.82038399999998
2018-07-30 11:00:00,21656.0,325.68,29.75,14.294224289880708,0.165131846,139.03221363114454,101.95695666283932
2018-07-30 12:00:00,22608.0,89.93,30.59,28.67696331013244,0.1747586683333333,124.81223900903096,91.52897527328936
2018-07-30 13:00:00,23530.4,668.03,30.91,29.88167406655004,0.1492829103333333,103.00423613365928,75.53643983135011
2018-07-30 14:00:00,24428.800000000003,435.68,30.78,26.04965845155218,0.1595232173333333,73.60820500502933,53.9793503370215
2018-07-30 15:00:00,25338.4,209.47,30.36,73.71147667529821,0.1697233816666666,36.62414562314137,26.857706790303663
2018-07-30 16:00:00,26459.2,48.97,29.64,36.50693768697239,0.1772920196666666,26.10724489471168,19.14531292278856
2018-07-31 03:00:00,18815.2,1.75,19.06,94.09060679630691,0.1876619176666666,26.25384429896617,19.25281915257519
2018-07-31 04:00:00,18521.6,105.29,19.88,103.15642331730594,0.1825000943333333,26.25384429896617,19.25281915257519
2018-07-31 05:00:00,18756.0,299.87,22.73,103.14644624093846,0.1717715303333333,65.10237331890502,47.74174043386368
2018-07-31 06:00:00,19794.4,522.83,24.99,110.39066440338009,0.1602680383333333,96.37217844427056,70.67293085913174
2018-07-31 07:00:00,21190.4,731.12,27.6,95.840201697898,0.1491297573333333,120.0632596750629,88.04639042837944
2018-07-31 08:00:00,23014.4,719.71,29.32,34.525193917625,0.1482767256666666,136.1756170112819,99.86211914160673
2018-07-31 09:00:00,24725.6,958.99,30.35,34.38381765444804,0.1370271796666666,144.7092504529276,106.12011699881356
2018-07-31 10:00:00,26227.2,849.58,31.38,41.541933526612056,0.1409921406666666,145.66415999999998,106.82038399999998
2018-07-31 11:00:00,27911.2,705.92,31.42,12.780275688040817,0.1472290893333333,139.0403456524991,101.962920145166
2018-07-31 12:00:00,29464.0,732.3,32.03,11.845177084690611,0.145598948,124.83780741042492,91.5477254343116
2018-07-31 13:00:00,31022.4,500.29,32.49,26.993531699602343,0.1553610336666666,103.0565452737775,75.57479986743684
2018-07-31 14:00:00,32552.0,40.8,32.24,60.20783718965255,0.175606464,73.69655924255669,54.04414344454156
2018-07-31 15:00:00,33966.4,63.97,29.8,133.39610531217667,0.1765118556666666,36.757849316762695,26.95575616562597
2018-07-31 16:00:00,35206.4,22.74,27.16,59.09238671669987,0.180384314,26.25384429896617,19.25281915257519
2018-08-01 03:00:00,21702.4,2.62,17.15,51.49084253425583,0.1891240706666666,27.46975501483153,20.14448701087645
2018-08-01 04:00:00,21127.2,106.08,18.05,51.550880773269945,0.183902906,27.46975501483153,20.14448701087645
2018-08-01 05:00:00,21137.6,310.96,19.61,9.224041223359905,0.1737380846666666,65.92270395064085,48.34331623046995
2018-08-01 06:00:00,22089.6,550.18,21.94,30.867128568475728,0.1614701366666666,96.87410031113764,71.04100689483425
2018-08-01 07:00:00,23509.6,775.12,24.04,41.7520461482364,0.1500059146666666,120.323944096322,88.23755900396945
2018-08-01 08:00:00,25640.800000000003,921.13,26.05,47.23106128536507,0.1420563576666666,136.27223530619383,99.93297255787547
2018-08-01 09:00:00,27648.800000000003,873.92,27.61,30.849744452423955,0.1428910633333333,144.7189739407532,106.12724755655232
2018-08-01 10:00:00,29588.0,461.79,28.52,10.004673196856606,0.160158955,145.66415999999998,106.82038399999998
2018-08-01 11:00:00,31704.800000000003,721.05,28.7,27.51844956922696,0.148705205,139.10779348393433,102.0123818882185
2018-08-01 12:00:00,33584.8,528.22,29.06,26.49832684841768,0.1568362766666666,125.04987439255616,91.70324122120785
2018-08-01 13:00:00,35251.200000000004,625.47,29.45,17.244776421437255,0.1522866289999999,103.49040272586552,75.89296199896805
2018-08-01 14:00:00,36724.8,165.89,29.43,41.26957631372706,0.1723553443333333,74.4293784838623,54.581544221499016
2018-08-01 15:00:00,37882.4,209.19,29.13,52.74860878851203,0.170701641,37.86680166654669,27.7689878888009
2018-08-01 16:00:00,38688.8,48.09,28.22,53.07548835979513,0.178445685,27.46975501483153,20.14448701087645
2018-08-02 03:00:00,23172.800000000003,2.62,17.88,45.45857244851323,0.1885507286666666,29.27250349387626,21.46650256217593
2018-08-02 04:00:00,22594.4,104.67,18.64,38.65933128590959,0.1835010429999999,29.27250349387626,21.46650256217593
2018-08-02 05:00:00,22669.6,305.97,20.48,36.80562868374408,0.173272517,67.13895262694523,49.23523192642649
2018-08-02 06:00:00,23708.0,447.96,22.55,34.14058247279406,0.165451242,97.61826587386147,71.5867283074984
2018-08-02 07:00:00,25278.4,573.17,24.52,42.71889212984166,0.1584406743333333,120.71044323462516,88.52099170539176
2018-08-02 08:00:00,27176.800000000003,643.96,25.86,32.24688367475422,0.1542994346666666,136.41548470923613,100.03802212010646
2018-08-02 09:00:00,28997.6,828.48,26.7,58.46866790856624,0.145588476,144.7333902976944,106.13781955164254
2018-08-02 10:00:00,30936.0,598.5,27.59,76.84267844308901,0.154924264,145.66415999999998,106.82038399999996
2018-08-02 11:00:00,33078.4,699.61,28.27,75.19119954098554,0.1499784256666666,139.20779381615293,102.0857154651788
2018-08-02 12:00:00,35085.6,511.24,28.72,0.0,0.1578442066666666,125.3642917461532,91.933813947179
2018-08-02 13:00:00,36361.6,163.17,29.31,119.58866809413348,0.172568275,104.13365379000082,76.3646794460006
2018-08-02 14:00:00,36628.8,329.56,27.76,159.31365236156464,0.1665254946666666,75.51587994769568,55.37831196164349
2018-08-02 15:00:00,36056.8,71.38,24.69,0.0,0.1802019266666666,39.51097021923798,28.97471149410785
2018-08-02 16:00:00,35266.4,17.49,24.71,79.20437243507631,0.182537619,29.27250349387626,21.46650256217593
2018-08-03 03:00:00,21235.2,1.75,18.43,82.61418072664802,0.1881567196666666,11.653132799999998,8.545630719999998
2018-08-03 04:00:00,20809.6,14.83,19.05,75.2625059361156,0.1870990476666666,11.653132799999998,8.545630719999998
2018-08-03 05:00:00,20949.6,62.11,20.8,92.03135884289526,0.1836616136666666,55.25180556630893,40.51799074862655
2018-08-03 06:00:00,22003.2,227.66,22.4,79.79591123201104,0.1751814753333333,90.34507770609424,66.25305698446911
2018-08-03 07:00:00,23529.6,598.08,24.2,63.64704936789304,0.157605096,116.93294921935608,85.75082942752778
2018-08-03 08:00:00,25468.800000000003,817.25,25.71,30.323474888978044,0.1468560243333333,135.01542010609433,99.01130807780248
2018-08-03 09:00:00,27173.6,827.23,26.55,51.539261055532535,0.1457608276666666,144.59249036630897,106.03449293529324
2018-08-03 10:00:00,28929.6,830.39,27.39,33.31052729976563,0.1449632103333333,145.66415999999998,106.82038399999996
2018-08-03 11:00:00,30808.0,246.61,28.11,30.00940610196109,0.1698699896666666,138.23042900716746,101.3689812719228
2018-08-03 12:00:00,32645.6,121.45,28.39,61.12040023844683,0.1751112256666666,122.29129738781135,89.68028475106166
2018-08-03 13:00:00,34295.200000000004,210.56,28.55,143.28376379935236,0.1710973953333333,97.84676514193173,71.75429443741659
2018-08-03 14:00:00,35912.0,60.27,28.52,177.4678823298665,0.177678611,64.8968322695284,47.59101033098749
2018-08-03 15:00:00,37169.6,195.23,28.09,0.0,0.1721275783333333,23.441498770601644,17.19043243177454
2018-08-03 16:00:00,37854.4,44.6,27.2,156.63431638297448,0.1793990733333333,11.653132799999998,8.545630719999998
2018-08-04 03:00:00,22307.2,1.75,17.75,175.02252879473215,0.1886907916666666,20.377588161342672,14.943564651651297
2018-08-04 04:00:00,21778.4,30.6,18.02,178.29142149007944,0.187219912,20.377588161342672,14.943564651651297
2018-08-04 05:00:00,21968.0,310.04,19.6,68.84066920509811,0.1737860813333333,61.1378775325615,44.83444352387843
2018-08-04 06:00:00,22944.0,551.15,21.3,177.77321965971055,0.1619304683333333,93.94648927786992,68.8940921371046
2018-08-04 07:00:00,24407.2,769.85,22.7,157.648523170288,0.1512882983333333,118.80342339726803,87.12251049132989
2018-08-04 08:00:00,26376.800000000003,932.36,24.18,0.0,0.1430350533333333,135.70867989075575,99.5196985865542
2018-08-04 09:00:00,28405.6,1040.57,25.53,0.0,0.1372532003333333,144.66225875833308,106.08565642277756
2018-08-04 10:00:00,30330.4,1032.54,26.75,112.17790670552829,0.136645388,145.66415999999998,106.82038399999998
2018-08-04 11:00:00,32382.4,916.79,27.66,135.68803250648037,0.1409812323333333,138.71438361575656,101.72388131822146
2018-08-04 12:00:00,34327.200000000004,848.99,28.23,163.43636700784828,0.1434918943333333,123.81292960560272,90.796148377442
2018-08-04 13:00:00,35846.4,680.03,28.49,172.88646462698165,0.1506599783333333,100.95979796953856,74.03718517766161
2018-08-04 14:00:00,37144.0,440.99,28.43,151.34839343585486,0.1611372143333333,70.15498870756393,51.44699171888021
2018-08-04 15:00:00,37810.4,208.98,28.01,164.04602335111434,0.1715904519999999,31.39850181967904,23.02556800109797
2018-08-04 16:00:00,38224.0,45.47,27.22,150.22971223282713,0.1793454043333333,20.377588161342672,14.943564651651297
2018-08-05 03:00:00,22997.6,1.75,16.88,177.79551351565115,0.1893740896666666,14.718586920086803,10.793630408063654
2018-08-05 04:00:00,22211.2,14.83,17.41,178.71755054400936,0.1883871036666667,14.718586920086803,10.793630408063654
2018-08-05 05:00:00,21824.800000000003,228.9,19.15,177.51907697567336,0.17767992,57.3199557043709,42.03463418320533
2018-08-05 06:00:00,21835.2,244.91,21.19,154.42496980132398,0.1753791343333333,91.61048184693554,67.18102002108606
2018-08-05 07:00:00,22055.2,178.0,22.94,140.35669810561694,0.1769241906666666,117.59016534778084,86.23278792170593
2018-08-05 08:00:00,22735.2,960.57,24.69,178.59163086937238,0.141403603,135.25900620690666,99.18993788506488
2018-08-05 09:00:00,24143.2,1040.28,26.13,163.7516207999863,0.1367946139999999,144.61700442431305,106.0524699111629
2018-08-05 10:00:00,25470.4,1072.57,27.0,150.76335852892123,0.1347023956666666,145.66415999999998,106.82038399999998
2018-08-05 11:00:00,26378.4,893.47,28.02,90.56609243354843,0.1417160176666666,138.4004729339675,101.49368015157616
2018-08-05 12:00:00,26816.800000000003,843.13,28.55,107.50159161041609,0.1434962576666666,122.8259432262156,90.07235836589145
2018-08-05 13:00:00,27064.0,518.71,28.77,98.62843085810292,0.1574789956666666,98.9405708767443,72.55641864294581
2018-08-05 14:00:00,26970.4,305.87,28.9,113.56367775852247,0.1666638123333333,66.74435588555346,48.945860982739205
2018-08-05 15:00:00,27147.2,212.08,28.46,164.85893080297458,0.1711017586666667,26.23729825264332,19.240685385271767
2018-08-05 16:00:00,27680.800000000003,44.6,27.91,129.1426461110688,0.1788414393333333,14.718586920086803,10.793630408063654
2018-08-06 04:00:00,17735.2,90.19,17.6,103.86475937093562,0.1849496696666666,53.75149790277997,39.417765128705305
2018-08-06 05:00:00,17531.2,305.26,20.22,94.7345828275388,0.1735077006666666,83.6540377279282,61.346294333814
2018-08-06 06:00:00,17588.0,544.46,22.39,45.70127119562373,0.1613662893333333,107.72307242949844,78.99691978163217
2018-08-06 07:00:00,17548.8,764.89,24.51,43.73792985874955,0.1500831456666666,125.95860200749078,92.36964147215988
2018-08-06 08:00:00,18316.0,927.33,26.14,40.53387906767835,0.141715145,138.36062646190516,101.4644594053971
2018-08-06 09:00:00,19688.0,1040.04,27.34,30.298398847099996,0.135854752,144.92914579274156,106.2813735813438
2018-08-06 10:00:00,20964.800000000003,1060.38,28.35,46.232426253329706,0.134173996,145.66415999999998,106.82038399999996
2018-08-06 11:00:00,21933.6,506.91,29.14,59.333758015618514,0.157703271,140.56566908368046,103.08149066136566
2018-08-06 12:00:00,22856.800000000003,588.52,29.64,47.23077033781608,0.1537496546666666,129.633673043783,95.06469356544083
2018-08-06 13:00:00,23668.800000000003,411.03,29.22,54.49607007474388,0.161824003,112.8681718803076,82.76999271222556
2018-08-06 14:00:00,24330.4,259.79,29.16,80.52415294711703,0.1684702323333333,90.26916559325416,66.19738810171971
2018-08-06 15:00:00,24921.6,182.37,28.53,79.82972782317324,0.1723431269999999,61.83665418262287,45.34687973392342
2018-08-06 16:00:00,25362.4,41.1,27.77,107.75567368038082,0.1791041119999999,53.75149790277997,39.417765128705305
2018-08-07 04:00:00,19049.6,14.83,18.55,118.188846699086,0.1874917476666666,31.155065549218453,22.84704806942686
2018-08-07 05:00:00,19421.6,54.7,20.32,57.940288975390544,0.1843619286666666,68.40904861342698,50.16663564984644
2018-08-07 07:00:00,22472.800000000003,483.88,23.29,67.06435562025872,0.1633027366666666,121.1140539549501,88.81697290029673
2018-08-07 08:00:00,24032.800000000003,826.47,25.1,68.75153621118565,0.146932819,136.56507623226474,100.14772257032746
2018-08-07 09:00:00,25259.2,1022.21,26.2,45.06410515546053,0.1375280903333333,144.74844491394802,106.14885960356187
2018-08-07 10:00:00,26161.6,1059.07,27.1,56.10519186284167,0.1352129056666667,145.66415999999998,106.82038399999998
2018-08-07 11:00:00,26950.4,1005.92,27.7,78.935142908343,0.1370607773333333,139.31222149042068,102.16229575964182
2018-08-07 12:00:00,27288.0,835.56,28.21,108.16101210737315,0.144093598,125.69262938521004,92.17459488248736
2018-08-07 13:00:00,27429.6,689.08,28.81,94.61923424718108,0.1500137686666666,104.80538368436817,76.85728136853663
2018-08-07 14:00:00,27421.6,442.39,28.6,129.98232073743554,0.1609426096666666,76.65048438789486,56.21035521778956
2018-08-07 15:00:00,27252.800000000003,207.25,25.63,114.50876025732332,0.1735351896666666,41.22793149579037,30.233816430246268
2018-08-07 16:00:00,27024.800000000003,40.22,24.96,150.86544475017115,0.1813494833333333,31.155065549218453,22.84704806942686
2018-08-08 03:00:00,19270.4,1.75,17.06,104.65660949393792,0.1892327176666666,25.536469763135557,18.726744492966063
2018-08-08 04:00:00,19076.0,99.98,17.56,134.2929268862896,0.1845539153333333,25.536469763135557,18.726744492966063
2018-08-08 05:00:00,19370.4,308.94,19.99,124.8254936423626,0.173527772,64.61838687278649,47.38681704004343
2018-08-08 06:00:00,20532.800000000003,547.16,21.94,117.28387859360156,0.1616019093333333,96.07604982103464,70.45576986875874
2018-08-08 07:00:00,22260.800000000003,769.34,23.56,68.22221169847526,0.1506351073333333,119.90945860788014,87.9336029791121
2018-08-08 08:00:00,23716.0,884.04,25.04,98.88405858692126,0.144467972,136.11861323332286,99.82031637110342
2018-08-08 09:00:00,24864.0,971.12,26.42,38.14249024147289,0.1395845293333333,144.7035136973628,106.11591004473271
2018-08-08 10:00:00,25660.800000000003,1000.64,27.36,30.78266285816144,0.1375581973333333,145.66415999999998,106.82038399999998
2018-08-08 11:00:00,26432.0,919.09,27.98,58.74971717947727,0.1406295476666666,139.00055214123444,101.93373823690524
2018-08-08 12:00:00,26959.2,645.54,28.56,50.559613381771776,0.1521099139999999,124.71269012106612,91.45597275544849
2018-08-08 13:00:00,27575.2,633.71,28.74,168.16134308052744,0.1524847243333333,102.80057393949512,75.38708755562975
2018-08-08 14:00:00,28173.6,440.12,28.73,165.0868033479012,0.1609395553333333,73.26420359652126,53.72708263744892
2018-08-08 15:00:00,28763.2,207.36,28.38,155.93478149270155,0.17137054,36.10357909214478,26.47595800090616
2018-08-08 16:00:00,29200.0,42.85,27.23,153.16283933383303,0.1794518696666666,25.536469763135557,18.726744492966063
2018-08-09 04:00:00,18733.6,99.35,15.62,147.26564770911313,0.1861050803333333,66.81121541226392,48.99489130232688
2018-08-09 05:00:00,18865.6,317.88,18.49,94.98673130858364,0.17431579,92.46495301558704,67.80763221143049
2018-08-09 06:00:00,19884.0,559.95,20.6,126.55179455581305,0.1620962749999999,113.11405855009662,82.95030960340418
2018-08-09 07:00:00,21234.4,734.86,22.64,39.08814251255691,0.1528621526666666,128.75853201579275,94.422923478248
2018-08-09 08:00:00,22900.0,565.96,24.37,64.6349314634307,0.1588730806666666,139.39837341267534,102.2254738359619
2018-08-09 09:00:00,24330.4,815.05,25.87,35.77344679317014,0.1468263536666666,145.0335827407444,106.3579606765459
2018-08-09 10:00:00,25619.2,553.09,27.16,58.15887544437879,0.1572433756666666,145.66415999999998,106.82038399999998
2018-08-09 11:00:00,26957.6,675.14,28.01,89.62979291388291,0.1512503373333333,141.29010519044206,103.61274380632418
2018-08-09 12:00:00,28180.0,136.29,28.62,119.71504843572346,0.174283065,131.91141831207062,96.73504009551844
2018-08-09 13:00:00,29188.0,341.97,28.95,171.91039621421407,0.165049379,117.52809936488568,86.18727286758283
2018-08-09 14:00:00,30315.2,442.98,28.79,128.7074249462327,0.16076764,98.14014834888718,71.96944212251726
2018-08-09 15:00:00,31396.800000000003,170.44,28.14,96.48035298114206,0.1731699786666666,73.74756526407526,54.081547860321855
2018-08-09 16:00:00,32380.0,42.85,26.63,167.02165303990046,0.1799231096666666,66.81121541226392,48.99489130232688
2018-08-10 04:00:00,19384.8,98.67,16.75,178.85053781952394,0.185247249,57.40931077439463,42.10016123455605
2018-08-10 05:00:00,19504.0,326.66,18.47,178.75172475820062,0.1739483973333333,86.12183072011968,63.15600919475442
2018-08-10 06:00:00,20497.6,563.42,20.29,169.86297406638724,0.1621883413333333,109.23299930259503,80.10419948856969
2018-08-10 07:00:00,21886.4,674.82,22.0,147.94160372510362,0.155984554,126.7428165218208,92.94473211600192
2018-08-10 08:00:00,23585.6,739.78,23.58,125.8859732127788,0.1519092006666666,138.65128237779686,101.67760707705104
2018-08-10 09:00:00,25269.6,1012.98,24.84,68.13422431053681,0.1389989699999999,144.95839687052327,106.30282437171708
2018-08-10 10:00:00,26834.4,795.23,26.06,118.960936634387,0.1475419403333333,145.66415999999998,106.82038399999998
2018-08-10 11:00:00,28465.6,665.98,26.99,137.5910113190516,0.1524511266666667,140.76857176622707,103.23028596189984
2018-08-10 12:00:00,29871.2,640.76,27.7,173.06502156235555,0.1529939253333333,130.27163216920445,95.5325302574166
2018-08-10 13:00:00,30992.0,549.29,27.9,161.73503909235174,0.1568279863333333,114.17334120893224,83.7271168865503
2018-08-10 14:00:00,32045.6,424.7,27.86,177.5534451548968,0.1622956793333333,92.47369888541029,67.81404584930085
2018-08-10 15:00:00,32846.4,204.59,27.43,174.53813749411782,0.1722375343333333,65.17270519863874,47.7933171456684
2018-08-10 16:00:00,33348.0,41.1,26.55,178.88842161496476,0.1800622999999999,57.40931077439463,42.10016123455605
2018-08-11 04:00:00,20008.800000000003,98.32,13.68,177.9975523427912,0.1876736986666666,56.659978547093885,41.55065093453552
2018-08-11 05:00:00,20167.2,338.4,15.19,178.88385131388256,0.176012254,85.61628358464259,62.785274628737895
2018-08-11 06:00:00,21208.0,580.55,17.11,178.93867068123689,0.1639384743333333,108.9236787040322,79.87736438295694
2018-08-11 07:00:00,22606.4,799.13,19.02,178.88494236719126,0.1529009863333333,126.58216390526276,92.82692019719268
2018-08-11 08:00:00,24200.800000000003,962.17,21.04,178.94587163307423,0.1442004996666666,138.59173918833426,101.63394207144512
2018-08-11 09:00:00,25778.4,1067.0,22.89,178.93116665903628,0.1381734273333333,144.95240455324668,106.29843000571424
2018-08-11 10:00:00,27220.800000000003,1092.95,24.48,178.3626672711366,0.1357923563333333,145.66415999999998,106.82038399999998
2018-08-11 11:00:00,28629.6,1031.63,25.75,156.95816525062233,0.1374704943333333,140.72700552859425,103.19980405430243
2018-08-11 12:00:00,29979.2,905.0,26.66,177.578721223215,0.1422810693333333,130.1409411390294,95.43669016862157
2018-08-11 13:00:00,30965.6,703.01,27.13,170.25290439609824,0.1507254283333333,113.90596683130552,83.53104234295739
2018-08-11 14:00:00,31823.2,449.74,27.19,178.1489541735938,0.1617293186666666,92.02208260542253,67.48286057730984
2018-08-11 15:00:00,32245.6,204.78,26.84,174.21523420600414,0.17269263,64.4892884613805,47.29214487167904
2018-08-11 16:00:00,32412.800000000003,39.35,26.04,174.83537678384846,0.1805392123333333,56.659978547093885,41.55065093453552
2018-08-12 04:00:00,20202.4,97.96,13.66,174.83696487255307,0.1877051146666666,56.63743404828418,41.53411830207506
2018-08-12 05:00:00,20035.2,337.46,16.65,161.0552522669663,0.1749065853333333,85.60107363319679,62.77412066434431
2018-08-12 06:00:00,20305.6,580.4,18.76,132.18138717235527,0.1626491093333333,108.91437244759206,79.87053979490082
2018-08-12 07:00:00,20720.0,799.1,20.65,145.87283330087035,0.1516220933333333,126.57733049147004,92.8233756937447
2018-08-12 08:00:00,21655.2,962.19,22.36,129.2705175588471,0.1431628989999999,138.5899477648307,101.63262836087584
2018-08-12 09:00:00,23272.800000000003,1067.1,23.9,107.23474421673995,0.13737581,144.952224267674,106.29829779629428
2018-08-12 10:00:00,24816.800000000003,1087.42,25.22,101.02697214488715,0.1354524526666666,145.66415999999998,106.82038399999998
2018-08-12 11:00:00,26016.0,1026.1,26.2,122.99967654434496,0.1373583566666666,140.72575496180866,103.198886971993
2018-08-12 12:00:00,26870.4,894.21,26.89,93.28028756535132,0.142571231,130.13700915309997,95.43380671227332
2018-08-12 13:00:00,27574.4,691.66,27.25,102.76886905924496,0.1511264186666666,113.897922573874,83.52514322084093
2018-08-12 14:00:00,28245.6,446.46,27.28,105.3012765255984,0.16180175,92.00849522413064,67.47289649769579
2018-08-12 15:00:00,29047.2,202.77,26.88,143.68378031076097,0.172748917,64.46872710387002,47.27706654283801
2018-08-12 16:00:00,29711.2,37.6,26.03,150.76518907391718,0.1806234246666666,56.63743404828418,41.53411830207506
2018-08-13 04:00:00,20192.0,97.89,14.99,154.73844153972476,0.186663587,56.59456257291443,41.502679220137246
2018-08-13 05:00:00,19754.4,338.9,16.95,126.19046194560448,0.1746081333333333,85.57214981172321,62.75290986193035
2018-08-13 06:00:00,19677.6,580.36,19.07,148.7920919020409,0.1624073806666666,108.89667531681414,79.85756189899703
2018-08-13 07:00:00,19556.0,798.03,20.79,149.77471875747491,0.151558825,126.56813908818734,92.81663533133738
2018-08-13 08:00:00,20351.2,961.08,22.53,127.26256729516572,0.143077814,138.5865411258427,101.63013015895132
2018-08-13 09:00:00,21984.800000000003,1071.67,24.17,137.78212749028998,0.1369643476666666,144.95188142978026,106.29804638183884
2018-08-13 10:00:00,23617.6,1092.0,25.67,149.0863004881363,0.134899182,145.66415999999998,106.82038399999998
2018-08-13 11:00:00,25124.800000000003,1029.48,26.8,134.18511869657638,0.136739636,140.72337683650193,103.19714301343474
2018-08-13 12:00:00,26391.2,911.45,27.53,92.0191451072456,0.1413163363333333,130.12953193928604,95.4283234221431
2018-08-13 13:00:00,27519.2,693.44,27.84,108.42085251424464,0.1505853653333333,113.88262530835236,83.51392522612508
2018-08-13 14:00:00,28556.0,446.69,27.71,76.58575963452219,0.1614539923333333,91.98265694370085,67.45394842538062
2018-08-13 15:00:00,29415.2,200.11,27.16,58.19229198266088,0.1726450696666666,64.42962684533158,47.24839301990983
2018-08-13 16:00:00,30241.6,36.73,26.1,117.63896795432176,0.1806064076666666,56.59456257291443,41.502679220137246
2018-08-14 04:00:00,19466.4,97.49,14.09,75.69896968944155,0.1873879003333333,57.36288905453828,42.06611863999474
2018-08-14 05:00:00,19709.6,341.04,16.66,36.88914881452416,0.174742524,86.09051167812166,63.13304189728922
2018-08-14 06:00:00,20855.2,585.16,19.01,12.548828428176158,0.1622450646666666,109.21383664863578,80.09014687566624
2018-08-14 08:00:00,24006.4,971.18,23.02,0.0,0.1422522713333333,138.6475936304564,101.67490199566802
2018-08-14 09:00:00,25566.4,1069.54,24.68,0.0,0.1366567326666666,144.95802564176282,106.30255213729272
2018-08-14 10:00:00,26976.800000000003,1084.09,26.08,6.681896106226439,0.1349223076666666,145.66415999999998,106.82038399999998
2018-08-14 11:00:00,28264.0,1028.38,27.18,36.2662786034084,0.1364891806666666,140.76599670516794,103.2283975837898
2018-08-14 12:00:00,29269.6,895.18,27.9,54.25320766963745,0.1417356526666666,130.26353575726662,95.52659288866218
2018-08-14 13:00:00,30057.6,698.33,28.28,48.27662070178495,0.1500264223333333,114.15677715629612,83.71496991461714
2018-08-14 14:00:00,30798.4,444.3,28.23,47.0376205644382,0.161149868,92.44572090225628,67.7935286616546
2018-08-14 15:00:00,31149.6,200.18,27.8,34.4638767216767,0.1721393593333333,65.13036699514731,47.76226912977469
2018-08-14 16:00:00,31234.4,34.97,26.82,83.23467486611375,0.1801177143333333,57.36288905453828,42.06611863999474
2018-08-15 04:00:00,20748.800000000003,96.86,14.19,42.49287437553956,0.1873368493333333,57.31810675872104,42.03327828972874
2018-08-15 05:00:00,20976.800000000003,336.88,18.19,36.41522859496985,0.1737223766666666,86.06029869575462,63.11088571022004
2018-08-15 06:00:00,22202.4,577.15,20.95,20.63790372020056,0.1610708916666666,109.19535074072668,80.07659054319954
2018-08-15 08:00:00,25631.2,952.28,25.33,22.360745085451587,0.1412626673333333,138.64403515448635,101.67229244662332
2018-08-15 09:00:00,26948.0,1056.1,26.9,17.29441631627891,0.1354995766666666,144.95766752327395,106.30228951706756
2018-08-15 10:00:00,27965.6,1075.21,28.2,48.63669860068856,0.1336447236666667,145.66415999999998,106.82038399999998
2018-08-15 11:00:00,28926.4,1013.83,29.21,44.61876144048293,0.1355296836666666,140.76351258466457,103.22657589542068
2018-08-15 12:00:00,29596.800000000003,882.01,29.88,66.16465487769219,0.1407552116666666,130.2557252772676,95.52086520332956
2018-08-15 13:00:00,29908.0,687.77,30.19,60.97734496545607,0.1489870763333333,114.14079807780918,83.70325192372673
2018-08-15 14:00:00,30161.6,441.7,30.13,56.76490936875488,0.1597710546666667,92.41873098628918,67.77373605661205
2018-08-15 15:00:00,30266.4,197.67,29.72,41.97734562577696,0.170740911,65.08952400270776,47.73231760198568
2018-08-15 16:00:00,30342.4,34.11,28.82,80.56119420694714,0.1785844389999999,57.31810675872104,42.03327828972874
2018-08-16 04:00:00,20672.800000000003,95.8,15.26,50.87080300033552,0.1865427226666666,56.62780230508369,41.527055023728025
2018-08-16 05:00:00,20923.2,332.71,19.8,47.81847832535575,0.1726398336666666,85.59457544720232,62.76935532794835
2018-08-16 06:00:00,22085.6,573.07,23.57,47.89794943607915,0.1591911676666666,108.91039651213455,79.86762410889865
2018-08-16 07:00:00,23856.800000000003,789.48,25.92,176.17879072283642,0.1479027879999999,126.57526549988047,92.821861366579
2018-08-16 08:00:00,25512.800000000003,955.85,27.78,107.64961117596152,0.1391826663333333,138.58918241044003,101.63206710098936
2018-08-16 09:00:00,27012.800000000003,1059.8,29.16,137.7232954713228,0.1335631293333333,144.95214724381322,106.29824131212968
2018-08-16 10:00:00,28712.0,1084.71,30.22,26.33869665724562,0.131643699,145.66415999999998,106.82038399999998
2018-08-16 11:00:00,30574.4,1017.4,30.98,30.090428932945787,0.1339837546666666,140.72522067900042,103.1984951646003
2018-08-16 12:00:00,32333.6,889.8,31.49,33.2643151307354,0.1391508139999999,130.13532928081452,95.4325748059306
2018-08-16 13:00:00,33760.0,688.59,31.7,29.087702451002823,0.147765343,113.89448580544224,83.52262292399095
2018-08-16 14:00:00,35217.6,436.43,31.47,29.209209421147104,0.1589485663333333,92.00269025288353,67.46863951878125
2018-08-16 15:00:00,36180.8,193.52,30.86,35.546031884492194,0.1700266333333333,64.45994262313856,47.2706245903016
2018-08-16 16:00:00,37014.4,32.36,29.68,37.15995733785158,0.1779853533333333,56.62780230508369,41.527055023728025
2018-08-17 04:00:00,21370.4,94.2,16.69,84.03530796825137,0.185489414,56.44306112179862,41.39157815598566
2018-08-17 05:00:00,21432.800000000003,318.7,21.29,134.84970351252792,0.1720808906666666,85.46993730591905,62.67795402434064
2018-08-17 06:00:00,22484.800000000003,555.67,24.79,130.88762828172716,0.1589921996666666,108.83413627493805,79.81169993495456
2018-08-17 07:00:00,23987.2,769.71,27.57,15.844062484169209,0.147469509,126.53565802885566,92.79281588782747
2018-08-17 08:00:00,25672.800000000003,937.9,29.7,20.98928349967099,0.1384579166666666,138.57450256767186,101.62130188295936
2018-08-17 09:00:00,27304.0,1039.41,31.05,38.57897217902103,0.1329684069999999,144.95066989138667,106.2971579203502
2018-08-17 10:00:00,28863.2,857.89,32.0,30.208950660009368,0.1401425996666666,145.66415999999998,106.82038399999996
2018-08-17 11:00:00,30629.6,301.49,32.68,2.705007364313533,0.1638861143333333,140.7149728935119,103.19098012190874
2018-08-17 12:00:00,32305.6,86.22,32.96,9.82463879346026,0.17305915,130.10310857192246,95.40894628607646
2018-08-17 13:00:00,33950.4,165.03,33.07,16.30478702009569,0.169534013,113.8285670352316,83.47428249250316
2018-08-17 14:00:00,35506.4,349.74,32.86,12.134034963517747,0.161639434,91.89134828343924,67.38698874118877
2018-08-17 15:00:00,36508.0,124.88,32.38,30.960092371783286,0.1718278173333333,64.29145231654557,47.14706503213343
2018-08-17 16:00:00,37275.2,29.73,31.35,20.26026289373069,0.176788491,56.44306112179862,41.39157815598566
2018-08-18 04:00:00,23520.800000000003,90.37,19.62,66.32509426673472,0.1833553076666666,54.819125304846544,40.20069189022079
2018-08-18 05:00:00,23670.4,313.19,21.51,43.01304919397503,0.1721485223333333,84.37432701378455,61.87450647677532
2018-08-18 06:00:00,24884.800000000003,547.16,23.61,32.40945667915606,0.1602902913333333,108.16378368549088,79.32010803602662
2018-08-18 07:00:00,26772.800000000003,758.47,26.32,15.844062484169209,0.1489416976666666,126.18749531996563,92.53749656797478
2018-08-18 08:00:00,28448.0,925.27,27.97,20.98928349967099,0.1403677476666666,138.44546191720875,101.52667207261972
2018-08-18 09:00:00,29925.6,1025.66,29.14,38.57897217902103,0.1350684793333333,144.9376834772202,106.28763454996148
2018-08-18 10:00:00,31271.2,1049.43,29.8,30.208950660009368,0.133512951,145.66415999999998,106.82038399999996
2018-08-18 11:00:00,32669.6,965.18,30.3,33.40302134400972,0.1367963593333333,140.62489148554815,103.1249204227353
2018-08-18 12:00:00,33926.4,541.39,30.74,55.74653233323926,0.1549421536666666,129.8198779338647,95.20124381816744
2018-08-18 13:00:00,35176.8,323.93,29.25,50.35558035163987,0.1656009043333333,113.2491193449496,83.04935418629637
2018-08-18 14:00:00,36448.8,313.39,27.96,165.5552895158378,0.1670739656666666,90.9126157188028,66.66925152712204
2018-08-18 15:00:00,37568.0,74.17,27.31,161.8565339396815,0.1780224416666666,62.810367055424464,46.0609358406446
2018-08-18 16:00:00,38534.4,20.98,26.47,97.55603456099269,0.1810030346666666,54.819125304846544,40.20069189022079
2018-08-19 04:00:00,22564.0,93.03,17.62,178.73870485538362,0.184810043,61.78044733565407,45.305661379479645
2018-08-19 05:00:00,22328.800000000003,322.81,19.68,178.91438868371156,0.1731660516666666,89.07087720018914,65.3186432801387
2018-08-19 06:00:00,22502.4,562.57,21.81,176.77445733812223,0.1610316216666666,111.03738262986656,81.4274139285688
2018-08-19 07:00:00,22790.4,775.34,23.87,172.3071395656971,0.1501298333333333,127.6799636246864,93.63197332477002
2018-08-19 08:00:00,23838.4,884.99,25.39,167.2968409299808,0.1441516303333333,138.9986201846486,101.93232146874227
2018-08-19 09:00:00,26072.800000000003,903.34,26.59,168.89266399052687,0.1424084786666666,144.9933523097531,106.3284583604856
2018-08-19 10:00:00,28263.2,823.39,27.69,174.495089379683,0.1450330236666666,145.66415999999998,106.82038399999998
2018-08-19 11:00:00,30086.4,745.08,28.48,156.12222445113423,0.1478294839999999,141.01104325538924,103.40809838728543
2018-08-19 12:00:00,31560.800000000003,534.44,29.2,170.7199600719185,0.1564549213333333,131.03400207592085,96.09160152234196
2018-08-19 13:00:00,32644.800000000003,633.36,29.45,173.28285641684275,0.151942362,115.73303646159486,84.87089340516955
2018-08-19 14:00:00,33400.0,265.04,29.38,164.9932515880887,0.1680683693333333,95.10814641241116,69.74597403576817
2018-08-19 15:00:00,34083.200000000004,178.82,28.84,149.5361781357522,0.1722545513333333,69.1593319283699,50.71684341413792
2018-08-19 16:00:00,34758.4,27.11,27.85,167.03318183652917,0.1796517103333333,61.78044733565407,45.305661379479645
2018-08-20 04:00:00,20068.0,91.23,15.86,176.3040193970448,0.186270887,54.270014602959,39.79801070883661
2018-08-20 05:00:00,19599.2,278.19,18.59,174.42577112613768,0.175969057,84.00386204206026,61.60283216417753
2018-08-20 06:00:00,19532.8,591.58,20.54,147.7434320758024,0.1607632766666666,107.9371135319904,79.15388325679297
2018-08-20 07:00:00,19467.2,804.63,22.19,178.31629750551755,0.150171285,126.06976907274948,92.45116398668296
2018-08-20 08:00:00,20227.2,948.56,23.82,162.40597626312277,0.1426109373333333,138.40182866433744,101.49467435384746
2018-08-20 09:00:00,21960.800000000003,1039.54,25.27,92.28420438577682,0.1375023466666666,144.93329230675428,106.28441435828648
2018-08-20 10:00:00,23732.0,1063.45,26.5,106.1450122948366,0.1354930316666666,145.66415999999998,106.82038399999998
2018-08-20 11:00:00,25213.6,1006.59,27.44,153.84117142147355,0.137235747,140.5944317440746,103.10258327898804
2018-08-20 12:00:00,26596.800000000003,858.2,28.02,153.34725158863048,0.1432549653333333,129.7241075389781,95.1310121952506
2018-08-20 13:00:00,27819.2,669.73,28.25,169.8512028134682,0.1512978976666666,113.05318738471053,82.90567074878771
2018-08-20 14:00:00,28995.2,420.46,28.08,145.05744067202895,0.1623078966666666,90.58167128127177,66.4265589395993
2018-08-20 15:00:00,30056.0,184.34,27.66,142.37130379448158,0.1729404673333333,62.30955922866199,45.69367676768547
2018-08-20 16:00:00,31208.0,26.23,26.84,130.96161381887052,0.1804833616666666,54.270014602959,39.79801070883661
2018-08-21 04:00:00,20315.2,88.18,15.11,133.96261655849116,0.1869930186666666,55.4402669654246,40.65619577464472
2018-08-21 05:00:00,20528.0,311.19,19.43,128.59276736630406,0.173869421,84.7933886473164,62.18181834136537
2018-08-21 06:00:00,21804.0,549.49,22.61,92.88542931152952,0.1609740256666666,108.42018785875648,79.50813776308809
2018-08-21 07:00:00,23428.800000000003,766.1,24.87,64.90565209635281,0.1497476053333333,126.32066459974492,92.63515403981296
2018-08-21 08:00:00,25157.6,928.6,26.56,56.12366097079499,0.1413298626666666,138.49481887028168,101.56286717153988
2018-08-21 09:00:00,27049.6,1023.06,27.9,54.76340844240932,0.136155822,144.94265067036667,106.2912771582689
2018-08-21 10:00:00,29021.6,1002.68,29.08,68.97736606186226,0.1361182973333333,145.66415999999998,106.82038399999998
2018-08-21 11:00:00,31008.0,990.47,29.97,70.90214775638533,0.1359520543333333,140.6593468591816,103.15018769673316
2018-08-21 12:00:00,32962.4,853.86,30.27,44.77308183888603,0.141677184,129.92821124791152,95.28068824846844
2018-08-21 13:00:00,34904.0,657.54,30.21,53.06888142587054,0.150290404,113.47075316618978,83.21188565520583
2018-08-21 14:00:00,36690.4,420.6,29.73,55.325803993187,0.161005878,91.28697261401626,66.94377991694526
2018-08-21 15:00:00,36916.8,178.99,29.05,68.81285946854109,0.1720821996666666,63.37686959139113,46.47637103368683
2018-08-21 16:00:00,36337.6,23.61,27.98,95.0018242126874,0.179702325,55.4402669654246,40.65619577464472
2018-08-22 04:00:00,22867.2,87.79,17.61,136.45013324259958,0.1850465356666666,54.97371306102382,40.3140562447508
2018-08-22 05:00:00,23009.6,308.9,19.92,147.76558045796853,0.1735844953333333,84.47862173709674,61.95098927387095
2018-08-22 06:00:00,24289.6,549.31,22.19,131.3035862942574,0.1613117476666666,108.22759673867222,79.36690427502629
2018-08-22 07:00:00,26212.800000000003,766.17,24.56,130.647693536332,0.149988025,126.22063806575034,92.56180124821692
2018-08-22 08:00:00,28060.0,934.95,26.33,127.83007261227256,0.141233433,138.457745718331,101.53568019344272
2018-08-22 09:00:00,29911.2,1029.58,27.8,93.7128780794318,0.1359498726666666,144.93891969641422,106.28854111070372
2018-08-22 10:00:00,31767.2,1039.9,28.99,123.86977943520958,0.1345649506666666,145.66415999999998,106.82038399999996
2018-08-22 11:00:00,33834.4,965.77,29.85,80.33735249785477,0.1371240456666666,140.63346662908833,103.13120886133144
2018-08-22 12:00:00,35966.4,786.68,30.33,99.15085142793208,0.1445613473333333,129.84683958367924,95.22101569469812
2018-08-22 13:00:00,38081.6,648.29,30.49,108.49007378527364,0.1504741003333333,113.30427886377277,83.08980450010003
2018-08-22 14:00:00,39974.4,411.06,30.29,138.01442486252432,0.160982316,91.0057844693688,66.7375752775371
2018-08-22 15:00:00,41180.8,178.39,29.79,143.78424207486236,0.1715271836666666,62.95135640046747,46.16432802700947
2018-08-22 16:00:00,42005.600000000006,22.74,28.81,164.4742011607019,0.179088404,54.97371306102382,40.3140562447508
2018-08-23 04:00:00,24227.2,89.56,15.94,178.13803151769213,0.1862809226666666,56.24232413361656,41.24437103131881
2018-08-23 05:00:00,24202.4,323.68,18.41,178.7731700171234,0.1741255486666666,85.33450737822822,62.57863874403404
2018-08-23 06:00:00,25254.4,563.18,20.98,178.53894511737727,0.1616568873333333,108.75127304942076,79.75093356957524
2018-08-23 07:00:00,26976.0,789.33,23.78,176.17879072283642,0.1495900889999999,126.49262114719426,92.76125550794244
2018-08-23 08:00:00,28315.2,950.24,25.87,107.64961117596152,0.1409275633333333,138.55855167154863,101.60960455913563
2018-08-23 09:00:00,29475.2,1039.95,27.5,137.7232954713228,0.135733015,144.94906462248386,106.29598072315484
2018-08-23 10:00:00,30460.800000000003,1056.57,28.69,150.52416327521334,0.134073203,145.66415999999998,106.82038399999998
2018-08-23 11:00:00,31388.800000000003,987.32,29.58,121.36920647984076,0.1363958053333333,140.70383780409702,103.18281438967114
2018-08-23 12:00:00,32216.800000000003,844.65,30.08,137.18955219271237,0.142228273,130.06809803477492,95.38327189216828
2018-08-23 13:00:00,33036.0,653.35,30.25,116.2869104485658,0.1504418116666666,113.75694069203377,83.42175650749142
2018-08-23 14:00:00,33665.6,409.3,30.04,177.37323951674531,0.1612554606666666,91.77036577587342,67.2982682356405
2018-08-23 15:00:00,34118.4,175.62,29.48,123.10455101293876,0.171891522,64.10837328629405,47.01280707661565
2018-08-23 16:00:00,34386.4,21.86,28.26,136.73798947387502,0.1795587713333333,56.24232413361656,41.24437103131881
2018-08-24 04:00:00,19566.4,85.74,15.88,136.433694706082,0.186494726,54.99083874641301,40.32661508070287
2018-08-24 05:00:00,19724.0,308.85,19.2,128.68597968730995,0.174152165,84.49017581268052,61.95946226263237
2018-08-24 06:00:00,20883.2,548.81,22.15,113.57479437945682,0.1613649803333333,108.23466613601347,79.3720884997432
2018-08-24 07:00:00,22448.0,770.82,25.22,86.39754748689276,0.149266766,126.22430971641194,92.5644937920354
2018-08-24 08:00:00,23777.6,933.78,27.44,72.22907466759759,0.14041269,138.45910655387584,101.53667813950896
2018-08-24 09:00:00,24979.2,1027.31,29.02,78.56585773179553,0.1350907323333333,144.9390566484052,106.2886415421638
2018-08-24 10:00:00,26055.2,1050.24,30.26,41.35313584365439,0.1331163239999999,145.66415999999998,106.82038399999998
2018-08-24 11:00:00,27144.0,980.97,31.11,25.729482796710247,0.1354712149999999,140.63441660866027,103.13190551301751
2018-08-24 12:00:00,28145.6,844.25,31.62,19.85503357206921,0.1410362103333333,129.849826474386,95.22320608121638
2018-08-24 13:00:00,28968.800000000003,655.86,31.8,14.859229276488737,0.149114922,113.3103895971772,83.09428570459659
2018-08-24 14:00:00,29878.4,411.65,31.65,13.431919399469583,0.1598884283333333,91.0161059770338,66.74514438315809
2018-08-24 15:00:00,30642.4,174.12,31.14,40.028960811342685,0.170653208,62.96697561395592,46.175782116901
2018-08-24 16:00:00,31189.6,20.12,30.2,49.71155582915033,0.1781110173333333,54.99083874641301,40.32661508070287
2018-08-25 04:00:00,19029.6,85.39,16.78,37.9780594157426,0.1858031376666666,56.08080298295776,41.12592218750236
2018-08-25 05:00:00,19261.6,312.01,20.97,45.59157184684236,0.1726241256666666,85.22553494642897,62.49872562738125
2018-08-25 06:00:00,20260.800000000003,553.14,26.02,36.02574984010073,0.15813655,108.6845979256478,79.70203847880839
2018-08-25 07:00:00,21793.6,766.06,28.33,27.941917665365324,0.1470318666666666,126.4579919206144,92.73586074178388
2018-08-25 08:00:00,23128.800000000003,934.07,30.37,16.735286348667827,0.1380988143333333,138.54571693132863,101.60019241630764
2018-08-25 09:00:00,24361.6,1022.29,31.79,17.605718070876843,0.1331342136666666,144.94777295779048,106.29503350237968
2018-08-25 10:00:00,25415.2,1024.57,32.73,12.0090487456002,0.1322964536666666,145.66415999999998,106.82038399999998
2018-08-25 11:00:00,26445.6,981.16,33.36,9.961731157048815,0.1336957746666666,140.6948780579572,103.1762439091686
2018-08-25 12:00:00,27285.6,821.67,33.67,16.940227074538647,0.140411381,130.03992713166204,95.36261322988548
2018-08-25 13:00:00,28120.0,642.85,33.76,23.831836507185475,0.1481432076666666,113.69930722111458,83.3794919621507
2018-08-25 14:00:00,28849.6,404.81,33.5,26.984227439442115,0.1587338903333333,91.67301832631472,67.22688010596413
2018-08-25 15:00:00,29280.0,172.08,32.91,44.563096506814354,0.169352062,63.9610604472626,46.90477766132591
2018-08-25 16:00:00,29496.800000000003,17.49,31.65,29.74237686606683,0.177086943,56.08080298295776,41.12592218750236
2018-08-26 04:00:00,18200.8,83.62,17.89,0.0,0.1850085746666666,55.16562666841592,40.45479289017166
2018-08-26 05:00:00,18056.0,305.83,21.4,0.0,0.1725560576666666,84.60809885144114,62.04593915772349
2018-08-26 06:00:00,18260.8,544.93,25.32,3.51110615103821,0.1590445596666666,108.30681771669518,79.42499965890978
2018-08-26 07:00:00,18677.6,759.98,27.74,0.0,0.1477605433333333,126.26178326417816,92.59197439373062
2018-08-26 08:00:00,19382.4,926.75,30.03,0.0,0.1386852463333333,138.47299549388993,101.54686336218592
2018-08-26 09:00:00,20774.4,1013.64,31.73,0.0,0.133558766,144.94045440583054,106.28966656427572
2018-08-26 10:00:00,22105.6,1035.53,32.92,0.5235002579992258,0.1316690063333333,145.66415999999998,106.82038399999998
2018-08-26 11:00:00,23168.0,911.25,33.43,1.4294635707899197,0.1366912029999999,140.64411227639832,103.13901566935874
2018-08-26 12:00:00,23873.6,646.4,33.47,11.118718938673997,0.1482160753333333,129.88031123502546,95.245561572352
2018-08-26 13:00:00,24453.6,639.28,33.61,11.816297509750363,0.1484167886666667,113.3727568758815,83.14002170897976
2018-08-26 14:00:00,25033.6,310.54,33.06,10.334084163351053,0.1631927806666666,91.12144919896632,66.82239607924195
2018-08-26 15:00:00,25611.2,16.69,32.26,9.69140451559941,0.1766427556666666,63.12638820428007,46.2926846831387
2018-08-26 16:00:00,26106.4,2.62,30.58,16.64386517351064,0.1785761486666666,55.16562666841592,40.45479289017166
2018-08-27 04:00:00,17231.2,74.86,18.14,32.977977281980976,0.1851944526666666,53.115172389278726,38.9511264188044
2018-08-27 05:00:00,17011.2,293.39,21.73,42.6096382944947,0.1728396743333333,83.22473210238431,61.03147020841516
2018-08-27 06:00:00,17097.600000000002,534.19,24.43,19.83682510462865,0.1602121876666666,107.46040043762903,78.8042936542613
2018-08-27 07:00:00,17224.0,750.27,27.04,6.032770530680594,0.1487340029999999,125.82217739501304,92.26959675634288
2018-08-27 08:00:00,17718.4,921.03,29.06,0.0,0.139696667,138.31006297453618,101.42737951465986
2018-08-27 09:00:00,18960.8,1013.33,30.35,0.0,0.1346561443333333,144.92405717619852,106.27764192921222
2018-08-27 10:00:00,20153.6,1035.23,31.76,12.042109176205278,0.1325931603333333,145.66415999999998,106.82038399999996
2018-08-27 11:00:00,21144.0,970.93,32.26,32.85361235830864,0.1350060836666667,140.53037144594066,103.05560572702312
2018-08-27 12:00:00,21983.2,817.27,32.61,26.06760324777651,0.1414358916666666,129.52269151402055,94.98330711028171
2018-08-27 13:00:00,22674.4,616.18,32.77,31.71405263793796,0.1500844546666666,112.6411202042396,82.6034881497757
2018-08-27 14:00:00,23259.2,306.53,32.64,49.16468960379929,0.1636976183333333,89.8856575165978,65.91614884550505
2018-08-27 15:00:00,23821.6,168.1,31.97,61.11181122434466,0.1702639986666666,61.256303451095256,44.921289197469854
2018-08-27 16:00:00,24432.0,13.99,31.18,25.885236717932813,0.1776087976666666,53.115172389278726,38.9511264188044
2018-08-28 04:00:00,17584.0,76.33,17.96,131.79959125120152,0.1852716836666666,53.873536459147736,39.50726007004168
2018-08-28 05:00:00,17914.4,299.63,21.61,123.49349939467172,0.1726616503333333,83.73637269276979,61.40667330803117
2018-08-28 06:00:00,19175.2,541.19,24.61,96.46123530261116,0.1597653823333333,107.77344933566648,79.03386284615542
2018-08-28 07:00:00,20928.800000000003,755.41,26.8,70.36577382701924,0.1486982236666666,125.98476638783788,92.38882868441443
2018-08-28 08:00:00,22202.4,921.33,28.86,28.524934123677628,0.139840657,138.37032384928395,101.47157082280822
2018-08-28 09:00:00,23350.4,1013.6,30.35,60.26891192931004,0.1346443633333333,144.93012172000465,106.28208926133672
2018-08-28 10:00:00,24300.0,1035.54,31.75,100.97621998181144,0.132587488,145.66415999999998,106.82038399999996
2018-08-28 11:00:00,25067.2,970.03,32.6,84.20150569420112,0.1347783176666666,140.57243868927,103.086455038798
2018-08-28 12:00:00,25553.6,801.49,33.12,128.6822458604313,0.1417238716666666,129.65495778781465,95.08030237773076
2018-08-28 13:00:00,25941.6,643.04,33.35,173.46311054625238,0.1484569313333333,112.91171729563402,82.80192601679828
2018-08-28 14:00:00,26478.4,425.16,33.03,177.09125072770723,0.15821509,90.34271721272796,66.2513259560005
2018-08-28 15:00:00,26788.0,147.72,32.34,170.421435763847,0.1708626479999999,61.94795753909666,45.42850219533755
2018-08-28 16:00:00,27032.0,10.5,31.2,174.46649166018057,0.1777453699999999,53.873536459147736,39.50726007004168
2018-08-29 04:00:00,17980.8,72.77,18.93,71.69602845082336,0.1846651803333333,50.833690531330944,37.27803972297602
2018-08-29 05:00:00,18356.0,285.47,21.19,122.05855820589927,0.1736093663333333,81.6854994684387,59.90269961018838
2018-08-29 06:00:00,19645.6,494.8,23.27,102.19714500267784,0.1628419686666666,106.5186161286146,78.1136518276507
2018-08-29 07:00:00,21845.6,684.68,26.18,84.33323825841059,0.1522713573333333,125.33304051185874,91.91089637536308
2018-08-29 08:00:00,23215.2,877.27,28.02,35.579793922988834,0.1424228776666666,138.128772618171,101.2944332533254
2018-08-29 09:00:00,24144.0,988.74,29.55,40.18016564640876,0.136357408,144.90581244755143,106.26426246153773
2018-08-29 10:00:00,24864.800000000003,1023.17,30.6,65.26093542210519,0.1340304423333333,145.66415999999998,106.82038399999998
2018-08-29 11:00:00,25371.2,945.5,31.61,69.97771647215518,0.1366261893333333,140.4038152755167,102.96279786871226
2018-08-29 12:00:00,25604.800000000003,764.0,32.47,41.1759336328052,0.1438701953333333,129.12477827410163,94.69150406767451
2018-08-29 13:00:00,25658.4,485.63,31.96,26.951520085810536,0.1564169603333333,111.8270489957547,82.00650259688678
2018-08-29 14:00:00,25743.2,32.45,28.62,67.4205845255453,0.1788139503333333,88.51062744047587,64.90779345634897
2018-08-29 15:00:00,25539.2,134.56,23.33,76.19318653124125,0.1785133166666666,59.17551360826529,43.39537664606121
2018-08-29 16:00:00,25354.4,1.75,22.49,62.45532820725613,0.1849679956666666,50.833690531330944,37.27803972297602
2018-08-30 04:00:00,17468.8,65.52,17.5,52.036254021861865,0.1861046439999999,50.63899688237076,37.1352643804052
2018-08-30 05:00:00,17801.600000000002,273.83,19.14,27.035682725761344,0.1757273283333333,81.55414676139986,59.80637429169322
2018-08-30 06:00:00,19020.0,525.06,21.33,18.49582966714136,0.1630453,106.43824756332592,78.05471487977232
2018-08-30 07:00:00,20960.0,604.7,24.12,4.998162940684579,0.1573790753333333,125.291299288149,91.88028614464258
2018-08-30 08:00:00,22163.2,865.49,25.89,0.4103034298680445,0.1446097803333333,138.11330193586906,101.28308808630396
2018-08-30 09:00:00,23011.2,925.95,27.4,8.31153500025871,0.140785755,144.90425550648604,106.26312070475642
2018-08-30 10:00:00,23676.800000000003,1036.14,28.6,15.456668853401142,0.135035318,145.66415999999998,106.82038399999998
2018-08-30 11:00:00,24268.800000000003,951.79,29.6,27.14949777007935,0.1379303896666666,140.39301541641095,102.95487797203468
2018-08-30 12:00:00,24938.4,567.61,29.89,19.192585402180807,0.1544656776666667,129.09082175571885,94.66660262086046
2018-08-30 13:00:00,25493.6,47.28,29.52,23.406296925112414,0.177460008,111.75757901792376,81.9555579464774
2018-08-30 14:00:00,26187.2,31.52,27.41,27.88606785877501,0.1798048633333333,88.39328720302555,64.8217439488854
2018-08-30 15:00:00,26735.2,127.74,26.15,33.607921155381426,0.176596068,58.99794631102442,43.26516062808456
2018-08-30 16:00:00,27330.4,6.12,24.88,41.09961748456608,0.182900212,50.63899688237076,37.1352643804052
2018-08-31 04:00:00,18363.2,75.45,17.31,131.33213552250118,0.185820591,53.6197698119816,39.3211645287865
2018-08-31 05:00:00,18627.2,306.04,19.82,154.52864411127848,0.1737878266666666,83.56516558745605,61.28112143080109
2018-08-31 06:00:00,19897.6,549.26,22.23,125.2946344422839,0.1612825133333333,107.66869573194192,78.9570435367574
2018-08-31 07:00:00,21836.0,772.62,24.6,100.91514524215398,0.149675174,125.93036024543927,92.34893084665546
2018-08-31 08:00:00,23196.800000000003,936.6,26.26,102.83138641383306,0.141216416,138.35015912794807,101.45678336049528
2018-08-31 09:00:00,24418.4,1029.32,27.57,79.401646996102,0.1361418593333333,144.92809237946832,106.28060107827676
2018-08-31 10:00:00,25622.4,1048.86,28.57,93.12337591533996,0.134503864,145.66415999999998,106.82038399999998
2018-08-31 11:00:00,26869.6,863.82,29.36,81.86454224387742,0.14195731,140.55836198954313,103.07613212566494
2018-08-31 12:00:00,27976.800000000003,562.89,30.05,75.21443897646034,0.1545459629999999,129.61069834809769,95.04784545527164
2018-08-31 13:00:00,29056.0,578.57,30.32,99.15939195077608,0.1536497343333333,112.82116907566372,82.73552398882006
2018-08-31 14:00:00,30088.0,368.37,30.01,123.52264264082824,0.163064935,90.18977417224116,66.13916772631018
2018-08-31 15:00:00,30744.0,149.33,29.6,90.02693631824556,0.1729443943333333,61.7165136378301,45.25877666774208
2018-08-31 16:00:00,30955.2,4.37,28.51,131.50975900115566,0.1801255683333333,53.6197698119816,39.3211645287865
